Workbook

Sheet PO
Z1: CONFIDENTIAL
A10: TO | B10: ` | D10: : | E10: PT. JATIM AUTOCOMP | R10: REF | U10: : | X10: : | AA10: - | AD10: /
E11: INDONESIA | R11: DATE | U11: : | V11: =+'List Order'!C1 -> 46091
A12: ATTN | D12: : | E12: MR. AVIF | R12: PAGE | U12: : | V12: 1 | Z12: attached sheet : | AE12: 1 | AG12: / | AH12: 1
A13: CC | D13: : | E13: MR. WAHYUDI
A14: FROM | D14: : | E14: MRS. RARAS | R14: CC | U14: : | V14: MRS. DIANA , MR. NOBUHISA DAKIIWA
L16: PURCHASE ORDER
H18: Please find attached
H19: Order Number | M19: Requested ETA | T19: Shipment
M20: Surabaya on or about | T20: will be through
H21: JL60421 | M21: 46119 | T21: TRUCKING
H22: JL60422 | M22: 46120 | T22: TRUCKING
H23: JL60431 | M23: 46126 | T23: TRUCKING
H24: JL60432 | M24: 46127 | T24: TRUCKING
H25: JL60441 | M25: 46133 | T25: TRUCKING
H26: JL60442 | M26: 46134 | T26: TRUCKING
H27: JL60451 | M27: 46140 | T27: TRUCKING
H28: JL60452 | M28: 46141 | T28: TRUCKING
H34: We request that all products delivery to SAI is SoC free in accordance with
H35: EU End of Life Vehicle Directive for Substance of Concern materials as follows :
H43: Please sign below and send back this page to us by fax transmission
H44: on the following day after acceptance of this order
H45: With kind regards, | X45: Confirmation of Acceptance
H49: RARAS AYUSWANTI | X49: AVIF PRIMA
H50: Inventory Control Supervisor
Q53: NOBUHISA DAKIIWA
Q54: Senior Manager Logistic

Sheet List Order
A1: SEND DATE: | C1: 46091 | AD1: 27 | AE1: =+AD1+2 -> 29 | AF1: =+AE1+2 -> 31 | AG1: =+AF1+2 -> 33 | AH1: =+AG1+2 -> 35 | AI1: =+AH1+2 -> 37 | AJ1: =+AI1+2 -> 39 | AK1: =+AJ1+2 -> 41 | AL1: =+AK1+2 -> 43 | ... AY1: =+AX1+2 -> 69 | BF1: 69 | BG1: =+BF1+11 -> 80 | BH1: Remarks
B2: 1 | C2: =+B2+1 -> 2 | D2: =+C2+1 -> 3 | E2: =+D2+1 -> 4 | F2: =+E2+1 -> 5 | G2: =+F2+1 -> 6 | H2: =+G2+1 -> 7 | I2: =+H2+1 -> 8 | J2: =+I2+1 -> 9 | ... BG2: =+BF2+1 -> 58
A3: < ORDER SHEET >
E4: FIRM JAN W1 | G4: FIRM JAN W2 | I4: FIRM JAN W3 | K4: FIRM JAN W4 | M4: FIRM FEB W1 | O4: FIRM FEB W2 | Q4: FIRM FEB W3 | S4: FIRM FEB W4 | U4: FIRM MAR W1 | W4: FIRM MAR W2 | Y4: FIRM MAR W3 | AA4: FIRM APRIL W1 | AB4: FIRM APRIL W2 | AD4: FORECAST APRIL W3 | AF4: FORECAST APRIL W4 | AH4: FORECAST APRIL W5 | AJ4: FORECAST MAY W1 | AL4: FORECAST MAY W2 | AN4: FORECAST MAY W3 | AP4: FORECAST JUNE W1 | AR4: FORECAST JUNE W2 | AT4: FORECAST JUNE W3 | AV4: FORECAST JUNE W4 | AX4: FORECAST JUNE W5 | AZ4: TOTAL FORECAST JAN 2026 | BA4: TOTAL FORECAST FEB 2026 | BB4: TOTAL FORECAST MAR 2026 | BC4: TOTAL FORECAST APR 2026 | BD4: TOTAL FORECAST MAY 2026 | BE4: TOTAL FORECAST JUN 2026 | BF4: TOTAL FORECAST JUL 2026 | BG4: TOTAL FORECAST AUG 2026
A5: SHIP BY : | E5: TRUCK | F5: TRUCK | G5: TRUCK | H5: TRUCK | I5: TRUCK | J5: TRUCK | K5: TRUCK | L5: TRUCK | M5: TRUCK | N5: TRUCK | O5: TRUCK | P5: TRUCK | Q5: TRUCK | R5: TRUCK | S5: TRUCK | T5: TRUCK | U5: TRUCK | V5: TRUCK | W5: TRUCK | X5: TRUCK | Y5: TRUCK | Z5: TRUCK | AA5: TRUCK | AB5: TRUCK | AC5: TRUCK | AD5: TRUCK | AE5: TRUCK | AF5: TRUCK | AG5: TRUCK | AH5: TRUCK | AI5: TRUCK | AJ5: TRUCK | AK5: TRUCK | AL5: TRUCK | AM5: TRUCK | AN5: TRUCK | AO5: TRUCK | AP5: TRUCK | AQ5: TRUCK | AR5: TRUCK | AS5: TRUCK | AT5: TRUCK | AU5: TRUCK | AV5: TRUCK | AW5: TRUCK | AX5: TRUCK | AY5: TRUCK
A6: P/O #: | E6: JL60111 | F6: JL60112 | G6: JL60121 | H6: JL60122 | I6: JL60131 | J6: JL60132 | K6: JL60141 | L6: JL60142 | M6: JL60211 | N6: JL60212 | O6: JL60221 | P6: JL60222 | Q6: JL60231 | R6: JL60232 | S6: JL60241 | T6: JL60242 | U6: JL60311 | V6: JL60312 | W6: JL60321 | X6: JL60322 | Y6: JL60331 | Z6: JL60332 | AA6: JL60411 | AB6: JL60421 | AC6: JL60422 | AD6: JL60431 | AE6: JL60432 | AF6: JL60441 | AG6: JL60442 | AH6: JL60451 | AI6: JL60452 | AJ6: JL60511 | AK6: JL60512 | AL6: JL60521 | AM6: JL60522 | AN6: JL60531 | AO6: JL60532 | AP6: JL60611 | AQ6: JL60612 | AR6: JL60621 | AS6: JL60622 | AT6: JL60631 | AU6: JL60632 | AV6: JL60641 | AW6: JL60642 | AX6: JL60651 | AY6: JL60652
E7: JL60111A | H7: JL60122A | P7: JL60222A | T7: JL60242A | U7: JL60311A | X7: JL60322A | Y7: JL60331A
Y8: JL60331B
A9: ETD : JAI | E9: 46028 | F9: 46029 | G9: 46035 | H9: 46036 | I9: 46042 | J9: 46043 | K9: 46049 | L9: 46050 | M9: 46056 | N9: 46057 | O9: 46063 | P9: 46064 | Q9: 46071 | R9: 46072 | S9: 46077 | T9: 46078 | U9: 46084 | V9: 46085 | W9: 46091 | X9: 46092 | Y9: 46098 | Z9: 46099 | AA9: 46113 | AB9: 46119 | AC9: 46120 | AD9: 46126 | AE9: 46127 | AF9: 46133 | AG9: 46134 | AH9: 46140 | AI9: 46141 | AJ9: 46147 | AK9: 46148 | AL9: 46154 | AM9: 46155 | AN9: 46161 | AO9: 46162 | AP9: 46175 | AQ9: =+AP9+1 -> 46176 | AR9: =+AP9+7 -> 46182 | AS9: =+AR9+1 -> 46183 | AT9: =+AR9+8 -> 46190 | AU9: =+AS9+8 -> 46191 | AV9: =+AT9+6 -> 46196 | AW9: =+AU9+6 -> 46197 | AX9: =+AV9+6 -> 46202 | AY9: =+AW9+6 -> 46203
A10: ETA : SAI | E10: 46028 | F10: 46029 | G10: 46035 | H10: 46036 | I10: 46042 | J10: 46043 | K10: 46049 | L10: 46050 | M10: 46056 | N10: 46057 | O10: 46063 | P10: 46064 | Q10: 46071 | R10: 46072 | S10: 46077 | T10: 46078 | U10: 46084 | V10: 46085 | W10: 46091 | X10: 46092 | Y10: 46098 | Z10: 46099 | AA10: 46113 | AB10: 46119 | AC10: 46120 | AD10: 46126 | AE10: 46127 | AF10: 46133 | AG10: 46134 | AH10: 46140 | AI10: 46141 | AJ10: 46147 | AK10: 46148 | AL10: 46154 | AM10: 46155 | AN10: 46161 | AO10: 46162 | AP10: 46175 | AQ10: =+AP10+1 -> 46176 | AR10: =+AP10+7 -> 46182 | AS10: =+AR10+1 -> 46183 | AT10: =+AR10+8 -> 46190 | AU10: =+AS10+8 -> 46191 | AV10: =+AT10+6 -> 46196 | AW10: =+AU10+6 -> 46197 | AX10: =+AV10+6 -> 46202 | AY10: =+AW10+6 -> 46203 | AZ10: QTY | BA10: QTY | BB10: QTY | BC10: QTY | BD10: QTY | BE10: QTY | BF10: QTY | BG10: QTY
A11: No. | B11: PART NUMBER | C11: BUPPIN | D11: Last Cum | E11: QTY | F11: QTY | G11: QTY | H11: QTY | I11: QTY | J11: QTY | K11: QTY | L11: QTY | M11: QTY | N11: QTY | O11: QTY | P11: QTY | Q11: QTY | R11: QTY | S11: QTY | T11: QTY | U11: QTY | V11: QTY | W11: QTY | X11: QTY | Y11: QTY | Z11: QTY | AA11: QTY | AB11: QTY | AC11: QTY | AD11: QTY | AE11: QTY | AF11: QTY | AG11: QTY | AH11: QTY | AI11: QTY | AJ11: QTY | AK11: QTY | AL11: QTY | AM11: QTY | AN11: QTY | AO11: QTY | AP11: QTY | AQ11: QTY | AR11: QTY | AS11: QTY | AT11: QTY | AU11: QTY | AV11: QTY | AW11: QTY | AX11: QTY | AY11: QTY
A13: 1 | B13: JN111-62063-3 0002 | C13: JN111-62063-3 0002 | E13: 0 | F13: 0 | G13: 0 | H13: 0 | I13: 0 | J13: 0 | K13: 0 | L13: 0 | M13: 0 | N13: 0 | O13: 0 | P13: 0 | Q13: 0 | R13: 0 | S13: 0 | T13: 0 | U13: 0 | V13: 0 | W13: 0 | X13: 0 | Y13: 0 | Z13: 0 | AA13: 0 | AB13: 0 | AC13: 0 | AD13: 0 | AE13: 0 | AF13: 0 | AG13: 0 | AH13: 0 | AI13: 0 | AJ13: 0 | AK13: 0 | AL13: 0 | AM13: 0 | AN13: 0 | AO13: 0 | AP13: 0 | AQ13: 0 | AR13: 0 | AS13: 0 | AT13: 0 | AU13: 0 | AV13: 0 | AW13: 0 | AX13: 0 | AY13: 0 | AZ13: 0 | BA13: =+SUM(M13:T13) -> 0 | BB13: 0 | BC13: =SUM(AA13:AI13) -> 0 | BD13: =SUM(AJ13:AO13) -> 0 | BE13: =SUM(AP13:AY13) -> 0 | BF13: 0 | BG13: 0 | BH13: 766W(245D)
C14: CUM | D14: =E14 -> 610 | E14: 610 | F14: =+E14+F13 -> 610 | G14: =+F14+G13 -> 610 | H14: =+G14+H13 -> 610 | I14: =+H14+I13 -> 610 | J14: =+I14+J13 -> 610 | K14: =+J14+K13 -> 610 | L14: =+K14+L13 -> 610 | M14: =+L14+M13 -> 610 | ... AO14: =+AN14+AO13 -> 610 | AP14: =+AG14+AP13 -> 610 | AQ14: =+AP14+AQ13 -> 610 | AR14: =+AI14+AR13 -> 610 | AS14: =+AR14+AS13 -> 610 | AT14: =+AK14+AT13 -> 610 | AU14: =+AT14+AU13 -> 610 | AV14: =+AM14+AV13 -> 610 | AW14: =+AV14+AW13 -> 610 | AX14: =+AO14+AX13 -> 610 | AY14: =+AX14+AY13 -> 610 | AZ14: 610 | BA14: =+AZ14+BA13 -> 610 | BB14: =+BA14+BB13 -> 610 | BC14: =+BB14+BC13 -> 610 | BD14: =+BC14+BD13 -> 610 | BE14: =+BD14+BE13 -> 610 | BF14: =+BE14+BF13 -> 610 | BG14: =+BF14+BG13 -> 610
A15: =+A13+1 -> 2 | B15: JN111-62063-4 0002 | C15: JN111-62063-4 0002 | E15: 0 | F15: 0 | G15: 0 | H15: 0 | I15: 0 | J15: 0 | K15: 0 | L15: 0 | M15: 0 | N15: 0 | O15: 0 | P15: 0 | Q15: 0 | R15: 0 | S15: 0 | T15: 0 | U15: 0 | V15: 0 | W15: 0 | X15: 0 | Y15: 0 | Z15: 0 | AA15: 0 | AB15: 0 | AC15: 0 | AD15: 0 | AE15: 0 | AF15: 0 | AG15: 0 | AH15: 0 | AI15: 0 | AJ15: 0 | AK15: 0 | AL15: 0 | AM15: 0 | AN15: 0 | AO15: 0 | AP15: 0 | AQ15: 0 | AR15: 0 | AS15: 0 | AT15: 0 | AU15: 0 | AV15: 0 | AW15: 0 | AX15: 0 | AY15: 0 | AZ15: 0 | BA15: =+SUM(M15:T15) -> 0 | BB15: =SUM(U15:Z15) -> 0 | BC15: =SUM(AA15:AI15) -> 0 | BD15: =SUM(AJ15:AO15) -> 0 | BE15: =SUM(AP15:AY15) -> 0 | BF15: 0 | BG15: 0 | BH15: 766W(245D)
C16: CUM | D16: =E16 -> 510 | E16: 510 | F16: =+E16+F15 -> 510 | G16: =+F16+G15 -> 510 | H16: =+G16+H15 -> 510 | I16: =+H16+I15 -> 510 | J16: =+I16+J15 -> 510 | K16: =+J16+K15 -> 510 | L16: =+K16+L15 -> 510 | M16: =+L16+M15 -> 510 | ... AO16: =+AN16+AO15 -> 510 | AP16: =+AG16+AP15 -> 510 | AQ16: =+AP16+AQ15 -> 510 | AR16: =+AI16+AR15 -> 510 | AS16: =+AR16+AS15 -> 510 | AT16: =+AK16+AT15 -> 510 | AU16: =+AT16+AU15 -> 510 | AV16: =+AM16+AV15 -> 510 | AW16: =+AV16+AW15 -> 510 | AX16: =+AO16+AX15 -> 510 | AY16: =+AX16+AY15 -> 510 | AZ16: 510 | BA16: =+AZ16+BA15 -> 510 | BB16: =+BA16+BB15 -> 510 | BC16: =+BB16+BC15 -> 510 | BD16: =+BC16+BD15 -> 510 | BE16: =+BD16+BE15 -> 510 | BF16: =+BE16+BF15 -> 510 | BG16: =+BF16+BG15 -> 510
A17: =+A15+1 -> 3 | B17: JN111-62093-3 0002 | C17: JN111-62093-3 0002 | E17: 0 | F17: 0 | G17: 0 | H17: 0 | I17: 0 | J17: 0 | K17: 0 | L17: 0 | M17: 0 | N17: 0 | O17: 0 | P17: 0 | Q17: 0 | R17: 0 | S17: 0 | T17: 0 | U17: 0 | V17: 0 | W17: 0 | X17: 0 | Y17: 0 | Z17: 0 | AA17: 0 | AB17: 0 | AC17: 0 | AD17: 0 | AE17: 0 | AF17: 0 | AG17: 0 | AH17: 0 | AI17: 0 | AJ17: 0 | AK17: 0 | AL17: 0 | AM17: 0 | AN17: 0 | AO17: 0 | AP17: 0 | AQ17: 0 | AR17: 0 | AS17: 0 | AT17: 0 | AU17: 0 | AV17: 0 | AW17: 0 | AX17: 0 | AY17: 0 | AZ17: 0 | BA17: =+SUM(M17:T17) -> 0 | BB17: =SUM(U17:Z17) -> 0 | BC17: =SUM(AA17:AI17) -> 0 | BD17: =SUM(AJ17:AO17) -> 0 | BE17: =SUM(AP17:AY17) -> 0 | BF17: 0 | BG17: 0 | BH17: 766W(245D)
C18: CUM | D18: =E18 -> 830 | E18: 830 | F18: =+E18+F17 -> 830 | G18: =+F18+G17 -> 830 | H18: =+G18+H17 -> 830 | I18: =+H18+I17 -> 830 | J18: =+I18+J17 -> 830 | K18: =+J18+K17 -> 830 | L18: =+K18+L17 -> 830 | M18: =+L18+M17 -> 830 | ... AO18: =+AN18+AO17 -> 830 | AP18: =+AG18+AP17 -> 830 | AQ18: =+AP18+AQ17 -> 830 | AR18: =+AI18+AR17 -> 830 | AS18: =+AR18+AS17 -> 830 | AT18: =+AK18+AT17 -> 830 | AU18: =+AT18+AU17 -> 830 | AV18: =+AM18+AV17 -> 830 | AW18: =+AV18+AW17 -> 830 | AX18: =+AO18+AX17 -> 830 | AY18: =+AX18+AY17 -> 830 | AZ18: 830 | BA18: =+AZ18+BA17 -> 830 | BB18: =+BA18+BB17 -> 830 | BC18: =+BB18+BC17 -> 830 | BD18: =+BC18+BD17 -> 830 | BE18: =+BD18+BE17 -> 830 | BF18: =+BE18+BF17 -> 830 | BG18: =+BF18+BG17 -> 830
A19: =+A17+1 -> 4 | B19: JN111-62093-4 0002 | C19: JN111-62093-4 0002 | E19: 0 | F19: 0 | G19: 0 | H19: 0 | I19: 0 | J19: 0 | K19: 0 | L19: 0 | M19: 0 | N19: 0 | O19: 0 | P19: 0 | Q19: 0 | R19: 0 | S19: 0 | T19: 0 | U19: 0 | V19: 0 | W19: 0 | X19: 0 | Y19: 0 | Z19: 0 | AA19: 0 | AB19: 0 | AC19: 0 | AD19: 0 | AE19: 0 | AF19: 0 | AG19: 0 | AH19: 0 | AI19: 0 | AJ19: 0 | AK19: 0 | AL19: 0 | AM19: 0 | AN19: 0 | AO19: 0 | AP19: 0 | AQ19: 0 | AR19: 0 | AS19: 0 | AT19: 0 | AU19: 0 | AV19: 0 | AW19: 0 | AX19: 0 | AY19: 0 | AZ19: 0 | BA19: =+SUM(M19:T19) -> 0 | BB19: 0 | BC19: =SUM(AA19:AI19) -> 0 | BD19: =SUM(AJ19:AO19) -> 0 | BE19: =SUM(AP19:AY19) -> 0 | BF19: 0 | BG19: 0 | BH19: 766W(245D)
C20: CUM | D20: =E20 -> 880 | E20: 880 | F20: =+E20+F19 -> 880 | G20: =+F20+G19 -> 880 | H20: =+G20+H19 -> 880 | I20: =+H20+I19 -> 880 | J20: =+I20+J19 -> 880 | K20: =+J20+K19 -> 880 | L20: =+K20+L19 -> 880 | M20: =+L20+M19 -> 880 | ... AO20: =+AN20+AO19 -> 880 | AP20: =+AG20+AP19 -> 880 | AQ20: =+AP20+AQ19 -> 880 | AR20: =+AI20+AR19 -> 880 | AS20: =+AR20+AS19 -> 880 | AT20: =+AK20+AT19 -> 880 | AU20: =+AT20+AU19 -> 880 | AV20: =+AM20+AV19 -> 880 | AW20: =+AV20+AW19 -> 880 | AX20: =+AO20+AX19 -> 880 | AY20: =+AX20+AY19 -> 880 | AZ20: 880 | BA20: =+AZ20+BA19 -> 880 | BB20: =+BA20+BB19 -> 880 | BC20: =+BB20+BC19 -> 880 | BD20: =+BC20+BD19 -> 880 | BE20: =+BD20+BE19 -> 880 | BF20: =+BE20+BF19 -> 880 | BG20: =+BF20+BG19 -> 880
A21: =+A19+1 -> 5 | B21: BC121-6B220-1 B 0001 | C21: BC121-6B220-1 B 0001 | E21: 80 | F21: 80 | G21: 240 | H21: 240 | I21: 320 | J21: 240 | K21: 160 | L21: 160 | M21: 240 | N21: 240 | O21: 320 | P21: =160+560 -> 720 | Q21: 320 | R21: 160 | S21: 720 | T21: 800 | U21: 0 | V21: 160 | W21: 160 | X21: 320 | Y21: =240+80 -> 320 | Z21: 400 | AA21: 800 | AB21: 240 | AC21: 320 | AD21: 320 | AE21: 240 | AF21: 400 | AG21: 240 | AH21: 400 | AI21: 320 | AJ21: 400 | AK21: 320 | AL21: 400 | AM21: 400 | AN21: 320 | AO21: 320 | AP21: 560 | AQ21: 320 | AR21: 480 | AS21: 320 | AT21: 240 | AU21: 320 | AV21: 480 | AW21: 320 | AX21: 320 | AY21: 480 | AZ21: 1520 | BA21: =+SUM(M21:T21) -> 3520 | BB21: =SUM(U21:Z21) -> 1360 | BC21: =SUM(AA21:AI21) -> 3280 | BD21: =SUM(AJ21:AO21) -> 2160 | BE21: =SUM(AP21:AY21) -> 3840 | BF21: 3920 | BG21: 3440 | BH21: 940W(120D)
C22: CUM | D22: =E22 -> 128280 | E22: 128280 | F22: =+E22+F21 -> 128360 | G22: =+F22+G21 -> 128600 | H22: =+G22+H21 -> 128840 | I22: =+H22+I21 -> 129160 | J22: =+I22+J21 -> 129400 | K22: =+J22+K21 -> 129560 | L22: =+K22+L21 -> 129720 | M22: =+L22+M21 -> 129960 | ... AO22: =+AN22+AO21 -> 140040 | AP22: =+AG22+AP21 -> 137720 | AQ22: =+AP22+AQ21 -> 138040 | AR22: =+AI22+AR21 -> 138360 | AS22: =+AR22+AS21 -> 138680 | AT22: =+AK22+AT21 -> 138840 | AU22: =+AT22+AU21 -> 139160 | AV22: =+AM22+AV21 -> 139880 | AW22: =+AV22+AW21 -> 140200 | AX22: =+AO22+AX21 -> 140360 | AY22: =+AX22+AY21 -> 140840 | AZ22: 146760 | BA22: =+AZ22+BA21 -> 150280 | BB22: =+BA22+BB21 -> 151640 | BC22: =+BB22+BC21 -> 154920 | BD22: =+BC22+BD21 -> 157080 | BE22: =+BD22+BE21 -> 160920 | BF22: =+BE22+BF21 -> 164840 | BG22: =+BF22+BG21 -> 168280
A23: =+A21+1 -> 6 | B23: BC121-6B230-1 C 0001 | C23: BC121-6B230-1 B 0001 | E23: 0 | F23: 0 | G23: 0 | H23: 0 | I23: 0 | J23: 0 | K23: 0 | L23: 0 | M23: 0 | N23: 0 | O23: 0 | P23: 0 | Q23: 0 | R23: 0 | S23: 0 | T23: 0 | U23: 0 | V23: 0 | W23: 0 | X23: 0 | Y23: 0 | Z23: 0 | AA23: 0 | AB23: 0 | AC23: 0 | AD23: 0 | AE23: 0 | AF23: 0 | AG23: 0 | AH23: 0 | AI23: 0 | AJ23: 0 | AK23: 0 | AL23: 0 | AM23: 0 | AN23: 0 | AO23: 0 | AP23: 0 | AQ23: 0 | AR23: 0 | AS23: 0 | AT23: 0 | AU23: 0 | AV23: 0 | AW23: 0 | AX23: 0 | AY23: 0 | AZ23: 0 | BA23: =+SUM(M23:T23) -> 0 | BB23: =SUM(U23:Z23) -> 0 | BC23: =SUM(AA23:AI23) -> 0 | BD23: =SUM(AJ23:AO23) -> 0 | BE23: =SUM(AP23:AY23) -> 0 | BF23: 0 | BG23: 0 | BH23: 940W(120D)
C24: CUM | D24: =E24 -> 510 | E24: 510 | F24: =+E24+F23 -> 510 | G24: =+F24+G23 -> 510 | H24: =+G24+H23 -> 510 | I24: =+H24+I23 -> 510 | J24: =+I24+J23 -> 510 | K24: =+J24+K23 -> 510 | L24: =+K24+L23 -> 510 | M24: =+L24+M23 -> 510 | ... AO24: =+AN24+AO23 -> 510 | AP24: =+AG24+AP23 -> 510 | AQ24: =+AP24+AQ23 -> 510 | AR24: =+AI24+AR23 -> 510 | AS24: =+AR24+AS23 -> 510 | AT24: =+AK24+AT23 -> 510 | AU24: =+AT24+AU23 -> 510 | AV24: =+AM24+AV23 -> 510 | AW24: =+AV24+AW23 -> 510 | AX24: =+AO24+AX23 -> 510 | AY24: =+AX24+AY23 -> 510 | AZ24: 510 | BA24: =+AZ24+BA23 -> 510 | BB24: =+BA24+BB23 -> 510 | BC24: =+BB24+BC23 -> 510 | BD24: =+BC24+BD23 -> 510 | BE24: =+BD24+BE23 -> 510 | BF24: =+BE24+BF23 -> 510 | BG24: =+BF24+BG23 -> 510
A25: =+A23+1 -> 7 | B25: BC121-6B250-1 B 0001 | C25: BC121-6B250-1 B 0001 | E25: 0 | F25: 0 | G25: 0 | H25: 0 | I25: 0 | J25: 0 | K25: 0 | L25: 0 | M25: 0 | N25: 0 | O25: 0 | P25: 0 | Q25: 0 | R25: 0 | S25: 0 | T25: 0 | U25: 0 | V25: 0 | W25: 0 | X25: 0 | Y25: 0 | Z25: 0 | AA25: 60 | AB25: 0 | AC25: 30 | AD25: 0 | AE25: 30 | AF25: 0 | AG25: 0 | AH25: 30 | AI25: 0 | AJ25: 0 | AK25: 30 | AL25: 0 | AM25: 30 | AN25: 0 | AO25: 0 | AP25: 30 | AQ25: 0 | AR25: 30 | AS25: 0 | AT25: 0 | AU25: 30 | AV25: 0 | AW25: 30 | AX25: 0 | AY25: 30 | AZ25: 0 | BA25: =+SUM(M25:T25) -> 0 | BB25: =SUM(U25:Z25) -> 0 | BC25: =SUM(AA25:AI25) -> 150 | BD25: =SUM(AJ25:AO25) -> 60 | BE25: =SUM(AP25:AY25) -> 150 | BF25: 150 | BG25: 120 | BH25: 940W(120D)
C26: CUM | D26: =E26 -> 960 | E26: 960 | F26: =+E26+F25 -> 960 | G26: =+F26+G25 -> 960 | H26: =+G26+H25 -> 960 | I26: =+H26+I25 -> 960 | J26: =+I26+J25 -> 960 | K26: =+J26+K25 -> 960 | L26: =+K26+L25 -> 960 | M26: =+L26+M25 -> 960 | ... AO26: =+AN26+AO25 -> 1170 | AP26: =+AG26+AP25 -> 1110 | AQ26: =+AP26+AQ25 -> 1110 | AR26: =+AI26+AR25 -> 1140 | AS26: =+AR26+AS25 -> 1140 | AT26: =+AK26+AT25 -> 1140 | AU26: =+AT26+AU25 -> 1170 | AV26: =+AM26+AV25 -> 1170 | AW26: =+AV26+AW25 -> 1200 | AX26: =+AO26+AX25 -> 1170 | AY26: =+AX26+AY25 -> 1200 | AZ26: 960 | BA26: =+AZ26+BA25 -> 960 | BB26: =+BA26+BB25 -> 960 | BC26: =+BB26+BC25 -> 1110 | BD26: =+BC26+BD25 -> 1170 | BE26: =+BD26+BE25 -> 1320 | BF26: =+BE26+BF25 -> 1470 | BG26: =+BF26+BG25 -> 1590
A27: =+A25+1 -> 8 | B27: BC121-6B260-1 B 0001 | C27: BC121-6B260-1 B 0001 | E27: 180 | F27: 260 | G27: 580 | H27: =640+160 -> 800 | I27: 1060 | J27: 540 | K27: 660 | L27: 480 | M27: 480 | N27: 520 | O27: 560 | P27: 480 | Q27: 580 | R27: 400 | S27: 0 | T27: 340 | U27: 320 | V27: 380 | W27: 440 | X27: 400 | Y27: 560 | Z27: 560 | AA27: 0 | AB27: 0 | AC27: 0 | AD27: 80 | AE27: 180 | AF27: 260 | AG27: 180 | AH27: 280 | AI27: 160 | AJ27: 280 | AK27: 160 | AL27: 260 | AM27: 260 | AN27: 160 | AO27: 200 | AP27: 400 | AQ27: 200 | AR27: 300 | AS27: 180 | AT27: 200 | AU27: 200 | AV27: 280 | AW27: 220 | AX27: 240 | AY27: 360 | AZ27: 4560 | BA27: =+SUM(M27:T27) -> 3360 | BB27: =SUM(U27:Z27) -> 2660 | BC27: =SUM(AA27:AI27) -> 1140 | BD27: =SUM(AJ27:AO27) -> 1320 | BE27: =SUM(AP27:AY27) -> 2580 | BF27: 3120 | BG27: 2540 | BH27: 940W(120D)
C28: CUM | D28: =E28 -> 304840 | E28: 304840 | F28: =+E28+F27 -> 305100 | G28: =+F28+G27 -> 305680 | H28: =+G28+H27 -> 306480 | I28: =+H28+I27 -> 307540 | J28: =+I28+J27 -> 308080 | K28: =+J28+K27 -> 308740 | L28: =+K28+L27 -> 309220 | M28: =+L28+M27 -> 309700 | ... AO28: =+AN28+AO27 -> 317700 | AP28: =+AG28+AP27 -> 316340 | AQ28: =+AP28+AQ27 -> 316540 | AR28: =+AI28+AR27 -> 316680 | AS28: =+AR28+AS27 -> 316860 | AT28: =+AK28+AT27 -> 317020 | AU28: =+AT28+AU27 -> 317220 | AV28: =+AM28+AV27 -> 317620 | AW28: =+AV28+AW27 -> 317840 | AX28: =+AO28+AX27 -> 317940 | AY28: =+AX28+AY27 -> 318300 | AZ28: 352540 | BA28: =+AZ28+BA27 -> 355900 | BB28: =+BA28+BB27 -> 358560 | BC28: =+BB28+BC27 -> 359700 | BD28: =+BC28+BD27 -> 361020 | BE28: =+BD28+BE27 -> 363600 | BF28: =+BE28+BF27 -> 366720 | BG28: =+BF28+BG27 -> 369260
A29: =+A27+1 -> 9 | B29: BC121-6B370-1 B 0001 | C29: BC121-6B370-1 B 0001 | E29: 330 | F29: 60 | G29: 420 | H29: =120+210 -> 330 | I29: 570 | J29: 420 | K29: 210 | L29: 270 | M29: 390 | N29: 330 | O29: 300 | P29: =300+210 -> 510 | Q29: 420 | R29: 270 | S29: 630 | T29: 510 | U29: 510 | V29: 150 | W29: 390 | X29: =390+90 -> 480 | Y29: =360+150 -> 510 | Z29: 420 | AA29: 840 | AB29: 390 | AC29: 330 | AD29: 390 | AE29: 270 | AF29: 420 | AG29: 270 | AH29: 360 | AI29: 240 | AJ29: 330 | AK29: 240 | AL29: 360 | AM29: 330 | AN29: 240 | AO29: 240 | AP29: 540 | AQ29: 240 | AR29: 390 | AS29: 270 | AT29: 240 | AU29: 270 | AV29: 360 | AW29: 300 | AX29: 270 | AY29: 450 | AZ29: 2610 | BA29: =+SUM(M29:T29) -> 3360 | BB29: =SUM(U29:Z29) -> 2460 | BC29: =SUM(AA29:AI29) -> 3510 | BD29: =SUM(AJ29:AO29) -> 1740 | BE29: =SUM(AP29:AY29) -> 3330 | BF29: 2940 | BG29: 2400 | BH29: 940W(120D)
C30: CUM | D30: =E30 -> 113250 | E30: 113250 | F30: =+E30+F29 -> 113310 | G30: =+F30+G29 -> 113730 | H30: =+G30+H29 -> 114060 | I30: =+H30+I29 -> 114630 | J30: =+I30+J29 -> 115050 | K30: =+J30+K29 -> 115260 | L30: =+K30+L29 -> 115530 | M30: =+L30+M29 -> 115920 | ... AO30: =+AN30+AO29 -> 126600 | AP30: =+AG30+AP29 -> 124800 | AQ30: =+AP30+AQ29 -> 125040 | AR30: =+AI30+AR29 -> 125250 | AS30: =+AR30+AS29 -> 125520 | AT30: =+AK30+AT29 -> 125670 | AU30: =+AT30+AU29 -> 125940 | AV30: =+AM30+AV29 -> 126480 | AW30: =+AV30+AW29 -> 126780 | AX30: =+AO30+AX29 -> 126870 | AY30: =+AX30+AY29 -> 127320 | AZ30: 140220 | BA30: =+AZ30+BA29 -> 143580 | BB30: =+BA30+BB29 -> 146040 | BC30: =+BB30+BC29 -> 149550 | BD30: =+BC30+BD29 -> 151290 | BE30: =+BD30+BE29 -> 154620 | BF30: =+BE30+BF29 -> 157560 | BG30: =+BF30+BG29 -> 159960
A31: =+A29+1 -> 10 | B31: BC121-6B370-2 B 0001 | C31: BC121-6B370-2 B 0001 | E31: 330 | F31: 60 | G31: 420 | H31: =120+210 -> 330 | I31: 570 | J31: 420 | K31: 240 | L31: 270 | M31: 390 | N31: 330 | O31: 300 | P31: =300+210 -> 510 | Q31: 390 | R31: 270 | S31: 630 | T31: 510 | U31: 510 | V31: 150 | W31: 390 | X31: =390+90 -> 480 | Y31: =360+150 -> 510 | Z31: 420 | AA31: 840 | AB31: 390 | AC31: 330 | AD31: 390 | AE31: 270 | AF31: 420 | AG31: 270 | AH31: 360 | AI31: 240 | AJ31: 330 | AK31: 240 | AL31: 360 | AM31: 330 | AN31: 240 | AO31: 240 | AP31: 540 | AQ31: 240 | AR31: 390 | AS31: 270 | AT31: 240 | AU31: 270 | AV31: 360 | AW31: 300 | AX31: 270 | AY31: 450 | AZ31: 2640 | BA31: =+SUM(M31:T31) -> 3330 | BB31: =SUM(U31:Z31) -> 2460 | BC31: =SUM(AA31:AI31) -> 3510 | BD31: =SUM(AJ31:AO31) -> 1740 | BE31: =SUM(AP31:AY31) -> 3330 | BF31: 2940 | BG31: 2400 | BH31: 940W(120D)
C32: CUM | D32: =E32 -> 113040 | E32: 113040 | F32: =+E32+F31 -> 113100 | G32: =+F32+G31 -> 113520 | H32: =+G32+H31 -> 113850 | I32: =+H32+I31 -> 114420 | J32: =+I32+J31 -> 114840 | K32: =+J32+K31 -> 115080 | L32: =+K32+L31 -> 115350 | M32: =+L32+M31 -> 115740 | ... AO32: =+AN32+AO31 -> 126390 | AP32: =+AG32+AP31 -> 124590 | AQ32: =+AP32+AQ31 -> 124830 | AR32: =+AI32+AR31 -> 125040 | AS32: =+AR32+AS31 -> 125310 | AT32: =+AK32+AT31 -> 125460 | AU32: =+AT32+AU31 -> 125730 | AV32: =+AM32+AV31 -> 126270 | AW32: =+AV32+AW31 -> 126570 | AX32: =+AO32+AX31 -> 126660 | AY32: =+AX32+AY31 -> 127110 | AZ32: 140040 | BA32: =+AZ32+BA31 -> 143370 | BB32: =+BA32+BB31 -> 145830 | BC32: =+BB32+BC31 -> 149340 | BD32: =+BC32+BD31 -> 151080 | BE32: =+BD32+BE31 -> 154410 | BF32: =+BE32+BF31 -> 157350 | BG32: =+BF32+BG31 -> 159750
A33: =+A31+1 -> 11 | B33: BC121-6AM60-1 C 0001 | C33: BC121-6AM60-1 C 0001 | E33: 0 | F33: 0 | G33: 0 | H33: 0 | I33: 0 | J33: 0 | K33: 0 | L33: 0 | M33: 0 | N33: 0 | O33: 0 | P33: 0 | Q33: 0 | R33: 0 | S33: 0 | T33: 0 | U33: 0 | V33: 0 | W33: 0 | X33: 0 | Y33: 0 | Z33: 0 | AA33: 0 | AB33: 0 | AC33: 0 | AD33: 0 | AE33: 0 | AF33: 0 | AG33: 0 | AH33: 0 | AI33: 0 | AJ33: 0 | AK33: 0 | AL33: 0 | AM33: 0 | AN33: 0 | AO33: 0 | AP33: 0 | AQ33: 0 | AR33: 0 | AS33: 0 | AT33: 0 | AU33: 0 | AV33: 0 | AW33: 0 | AX33: 0 | AY33: 0 | AZ33: 0 | BA33: =+SUM(M33:T33) -> 0 | BB33: =SUM(U33:Z33) -> 0 | BC33: =SUM(AA33:AI33) -> 0 | BD33: =SUM(AJ33:AO33) -> 0 | BE33: =SUM(AP33:AY33) -> 0 | BF33: 2440 | BG33: 2020 | BH33: 940W(120D)
C34: CUM | D34: =E34 -> 43430 | E34: 43430 | F34: =+E34+F33 -> 43430 | G34: =+F34+G33 -> 43430 | H34: =+G34+H33 -> 43430 | I34: =+H34+I33 -> 43430 | J34: =+I34+J33 -> 43430 | K34: =+J34+K33 -> 43430 | L34: =+K34+L33 -> 43430 | M34: =+L34+M33 -> 43430 | ... AO34: =+AN34+AO33 -> 43430 | AP34: =+AG34+AP33 -> 43430 | AQ34: =+AP34+AQ33 -> 43430 | AR34: =+AI34+AR33 -> 43430 | AS34: =+AR34+AS33 -> 43430 | AT34: =+AK34+AT33 -> 43430 | AU34: =+AT34+AU33 -> 43430 | AV34: =+AM34+AV33 -> 43430 | AW34: =+AV34+AW33 -> 43430 | AX34: =+AO34+AX33 -> 43430 | AY34: =+AX34+AY33 -> 43430 | AZ34: 45590 | BA34: =+AZ34+BA33 -> 45590 | BB34: =+BA34+BB33 -> 45590 | BC34: =+BB34+BC33 -> 45590 | BD34: =+BC34+BD33 -> 45590 | BE34: =+BD34+BE33 -> 45590 | BF34: =+BE34+BF33 -> 48030 | BG34: =+BF34+BG33 -> 50050
A35: =+A33+1 -> 12 | B35: BC121-35G70-1 D 0001 | C35: BC121-35G70-1 D 0001 | E35: 450 | F35: 240 | G35: 600 | H35: 240 | I35: 240 | J35: 660 | K35: 270 | L35: 450 | M35: 840 | N35: 510 | O35: 30 | P35: =420+750 -> 1170 | Q35: 390 | R35: 420 | S35: 1320 | T35: 1170 | U35: 0 | V35: 360 | W35: 540 | X35: 540 | Y35: 780 | Z35: 600 | AA35: 810 | AB35: 420 | AC35: 450 | AD35: 510 | AE35: 330 | AF35: 540 | AG35: 360 | AH35: 570 | AI35: 390 | AJ35: 600 | AK35: 390 | AL35: 570 | AM35: 570 | AN35: 390 | AO35: 420 | AP35: 840 | AQ35: 390 | AR35: 630 | AS35: 420 | AT35: 390 | AU35: 420 | AV35: 600 | AW35: 360 | AX35: 360 | AY35: 510 | AZ35: 3150 | BA35: =+SUM(M35:T35) -> 5850 | BB35: =SUM(U35:Z35) -> 2820 | BC35: =SUM(AA35:AI35) -> 4380 | BD35: =SUM(AJ35:AO35) -> 2940 | BE35: =SUM(AP35:AY35) -> 4920 | BF35: 4290 | BG35: 3570 | BH35: 969W(930B)
C36: CUM | D36: =E36 -> 137940 | E36: 137940 | F36: =+E36+F35 -> 138180 | G36: =+F36+G35 -> 138780 | H36: =+G36+H35 -> 139020 | I36: =+H36+I35 -> 139260 | J36: =+I36+J35 -> 139920 | K36: =+J36+K35 -> 140190 | L36: =+K36+L35 -> 140640 | M36: =+L36+M35 -> 141480 | ... AO36: =+AN36+AO35 -> 156630 | AP36: =+AG36+AP35 -> 153570 | AQ36: =+AP36+AQ35 -> 153960 | AR36: =+AI36+AR35 -> 154320 | AS36: =+AR36+AS35 -> 154740 | AT36: =+AK36+AT35 -> 155070 | AU36: =+AT36+AU35 -> 155490 | AV36: =+AM36+AV35 -> 156420 | AW36: =+AV36+AW35 -> 156780 | AX36: =+AO36+AX35 -> 156990 | AY36: =+AX36+AY35 -> 157500 | AZ36: 177300 | BA36: =+AZ36+BA35 -> 183150 | BB36: =+BA36+BB35 -> 185970 | BC36: =+BB36+BC35 -> 190350 | BD36: =+BC36+BD35 -> 193290 | BE36: =+BD36+BE35 -> 198210 | BF36: =+BE36+BF35 -> 202500 | BG36: =+BF36+BG35 -> 206070
A37: =+A35+1 -> 13 | B37: BC121-35G90-1 D 0001 | C37: BC121-35G90-1 D 0001 | E37: 220 | F37: 100 | G37: 40 | H37: 220 | I37: 180 | J37: 120 | K37: 160 | L37: 140 | M37: 200 | N37: 140 | O37: 0 | P37: =120+140 -> 260 | Q37: 100 | R37: 120 | S37: 360 | T37: 200 | U37: 60 | V37: 140 | W37: 160 | X37: =160+300 -> 460 | Y37: 120 | Z37: 200 | AA37: 280 | AB37: 120 | AC37: 180 | AD37: 160 | AE37: 120 | AF37: 180 | AG37: 120 | AH37: 240 | AI37: 140 | AJ37: 220 | AK37: 160 | AL37: 220 | AM37: 220 | AN37: 140 | AO37: 140 | AP37: 320 | AQ37: 140 | AR37: 220 | AS37: 140 | AT37: 160 | AU37: 140 | AV37: 220 | AW37: 140 | AX37: 160 | AY37: 220 | AZ37: 1180 | BA37: =+SUM(M37:T37) -> 1380 | BB37: =SUM(U37:Z37) -> 1140 | BC37: =SUM(AA37:AI37) -> 1540 | BD37: =SUM(AJ37:AO37) -> 1100 | BE37: =SUM(AP37:AY37) -> 1860 | BF37: 1620 | BG37: 1320 | BH37: 969W(930B)
C38: CUM | D38: =E38 -> 48970 | E38: 48970 | F38: =+E38+F37 -> 49070 | G38: =+F38+G37 -> 49110 | H38: =+G38+H37 -> 49330 | I38: =+H38+I37 -> 49510 | J38: =+I38+J37 -> 49630 | K38: =+J38+K37 -> 49790 | L38: =+K38+L37 -> 49930 | M38: =+L38+M37 -> 50130 | ... AO38: =+AN38+AO37 -> 55090 | AP38: =+AG38+AP37 -> 53930 | AQ38: =+AP38+AQ37 -> 54070 | AR38: =+AI38+AR37 -> 54210 | AS38: =+AR38+AS37 -> 54350 | AT38: =+AK38+AT37 -> 54530 | AU38: =+AT38+AU37 -> 54670 | AV38: =+AM38+AV37 -> 55030 | AW38: =+AV38+AW37 -> 55170 | AX38: =+AO38+AX37 -> 55250 | AY38: =+AX38+AY37 -> 55470 | AZ38: 67550 | BA38: =+AZ38+BA37 -> 68930 | BB38: =+BA38+BB37 -> 70070 | BC38: =+BB38+BC37 -> 71610 | BD38: =+BC38+BD37 -> 72710 | BE38: =+BD38+BE37 -> 74570 | BF38: =+BE38+BF37 -> 76190 | BG38: =+BF38+BG37 -> 77510
A39: =+A37+1 -> 14 | B39: BC121-35K80-1 C 0001 | C39: BC121-35K80-1 C 0001 | E39: 180 | F39: 150 | G39: 240 | H39: 300 | I39: 240 | J39: 360 | K39: 180 | L39: 210 | M39: 330 | N39: 240 | O39: 120 | P39: =240+60 -> 300 | Q39: 90 | R39: 210 | S39: 330 | T39: 240 | U39: 240 | V39: 210 | W39: 0 | X39: 0 | Y39: 0 | Z39: 120 | AA39: 0 | AB39: 0 | AC39: 0 | AD39: 0 | AE39: 0 | AF39: 0 | AG39: 0 | AH39: 60 | AI39: 180 | AJ39: 300 | AK39: 210 | AL39: 300 | AM39: 270 | AN39: 210 | AO39: 240 | AP39: 450 | AQ39: 210 | AR39: 360 | AS39: 210 | AT39: 240 | AU39: 210 | AV39: 360 | AW39: 210 | AX39: 210 | AY39: 300 | AZ39: 1860 | BA39: =+SUM(M39:T39) -> 1860 | BB39: =SUM(U39:Z39) -> 570 | BC39: =SUM(AA39:AI39) -> 240 | BD39: =SUM(AJ39:AO39) -> 1530 | BE39: =SUM(AP39:AY39) -> 2760 | BF39: 2070 | BG39: 1710 | BH39: 969W(930B)
C40: CUM | D40: =E40 -> 43286 | E40: 43286 | F40: =+E40+F39 -> 43436 | G40: =+F40+G39 -> 43676 | H40: =+G40+H39 -> 43976 | I40: =+H40+I39 -> 44216 | J40: =+I40+J39 -> 44576 | K40: =+J40+K39 -> 44756 | L40: =+K40+L39 -> 44966 | M40: =+L40+M39 -> 45296 | ... AO40: =+AN40+AO39 -> 49166 | AP40: =+AG40+AP39 -> 47846 | AQ40: =+AP40+AQ39 -> 48056 | AR40: =+AI40+AR39 -> 47996 | AS40: =+AR40+AS39 -> 48206 | AT40: =+AK40+AT39 -> 48386 | AU40: =+AT40+AU39 -> 48596 | AV40: =+AM40+AV39 -> 49076 | AW40: =+AV40+AW39 -> 49286 | AX40: =+AO40+AX39 -> 49376 | AY40: =+AX40+AY39 -> 49676 | AZ40: 65816 | BA40: =+AZ40+BA39 -> 67676 | BB40: =+BA40+BB39 -> 68246 | BC40: =+BB40+BC39 -> 68486 | BD40: =+BC40+BD39 -> 70016 | BE40: =+BD40+BE39 -> 72776 | BF40: =+BE40+BF39 -> 74846 | BG40: =+BF40+BG39 -> 76556
A41: =+A39+1 -> 15 | B41: BC111-V1020-1 D 0101 | C41: BC111-V1020-1 D 0101 | E41: 240 | F41: 300 | G41: 480 | H41: 420 | I41: 480 | J41: 600 | K41: 840 | L41: 660 | M41: 540 | N41: 780 | O41: 1080 | P41: 720 | Q41: 840 | R41: 660 | S41: 0 | T41: 240 | U41: 420 | V41: 480 | W41: 660 | X41: =480+360 -> 840 | Y41: 540 | Z41: 120 | AA41: 0 | AB41: 0 | AC41: 0 | AD41: 0 | AE41: 0 | AF41: 0 | AG41: 0 | AH41: 0 | AI41: 0 | AJ41: 0 | AK41: 0 | AL41: 60 | AM41: 60 | AN41: 60 | AO41: 60 | AP41: 60 | AQ41: 60 | AR41: 60 | AS41: 60 | AT41: 60 | AU41: 0 | AV41: 60 | AW41: 60 | AX41: 0 | AY41: 60 | AZ41: 4020 | BA41: =+SUM(M41:T41) -> 4860 | BB41: =SUM(U41:Z41) -> 3060 | BC41: =SUM(AA41:AI41) -> 0 | BD41: =SUM(AJ41:AO41) -> 240 | BE41: =SUM(AP41:AY41) -> 480 | BF41: 360 | BG41: 300 | BH41: 841W
C42: CUM | D42: =E42 -> 219720 | E42: 219720 | F42: =+E42+F41 -> 220020 | G42: =+F42+G41 -> 220500 | H42: =+G42+H41 -> 220920 | I42: =+H42+I41 -> 221400 | J42: =+I42+J41 -> 222000 | K42: =+J42+K41 -> 222840 | L42: =+K42+L41 -> 223500 | M42: =+L42+M41 -> 224040 | ... AO42: =+AN42+AO41 -> 231660 | AP42: =+AG42+AP41 -> 231480 | AQ42: =+AP42+AQ41 -> 231540 | AR42: =+AI42+AR41 -> 231480 | AS42: =+AR42+AS41 -> 231540 | AT42: =+AK42+AT41 -> 231480 | AU42: =+AT42+AU41 -> 231480 | AV42: =+AM42+AV41 -> 231600 | AW42: =+AV42+AW41 -> 231660 | AX42: =+AO42+AX41 -> 231660 | AY42: =+AX42+AY41 -> 231720 | AZ42: 268140 | BA42: =+AZ42+BA41 -> 273000 | BB42: =+BA42+BB41 -> 276060 | BC42: =+BB42+BC41 -> 276060 | BD42: =+BC42+BD41 -> 276300 | BE42: =+BD42+BE41 -> 276780 | BF42: =+BE42+BF41 -> 277140 | BG42: =+BF42+BG41 -> 277440
A43: =+A41+1 -> 16 | B43: BC111-V1100-1 G 0201 | C43: BC111-V1100-1 G 0201 | E43: 300 | F43: 600 | G43: 1200 | H43: 1380 | I43: 1200 | J43: 1440 | K43: 1500 | L43: 1260 | M43: 1200 | N43: 1440 | O43: 1440 | P43: =1260+240 -> 1500 | Q43: 1200 | R43: 1680 | S43: 3360 | T43: 1500 | U43: 1380 | V43: 1380 | W43: 1440 | X43: 1440 | Y43: 1620 | Z43: 1320 | AA43: 2160 | AB43: 1800 | AC43: 1200 | AD43: 1560 | AE43: 1020 | AF43: 1560 | AG43: 1080 | AH43: 1500 | AI43: 1020 | AJ43: 1500 | AK43: 1020 | AL43: 1500 | AM43: 1500 | AN43: 1020 | AO43: 1080 | AP43: 2160 | AQ43: 1080 | AR43: 1680 | AS43: 1080 | AT43: 1080 | AU43: 1080 | AV43: 1620 | AW43: 1080 | AX43: 1080 | AY43: 1560 | AZ43: 8880 | BA43: =+SUM(M43:T43) -> 13320 | BB43: =SUM(U43:Z43) -> 8580 | BC43: =SUM(AA43:AI43) -> 12900 | BD43: =SUM(AJ43:AO43) -> 7620 | BE43: =SUM(AP43:AY43) -> 13500 | BF43: 11580 | BG43: 9060 | BH43: 841W
C44: CUM | D44: =E44 -> 567900 | E44: 567900 | F44: =+E44+F43 -> 568500 | G44: =+F44+G43 -> 569700 | H44: =+G44+H43 -> 571080 | I44: =+H44+I43 -> 572280 | J44: =+I44+J43 -> 573720 | K44: =+J44+K43 -> 575220 | L44: =+K44+L43 -> 576480 | M44: =+L44+M43 -> 577680 | ... AO44: =+AN44+AO43 -> 618900 | AP44: =+AG44+AP43 -> 610920 | AQ44: =+AP44+AQ43 -> 612000 | AR44: =+AI44+AR43 -> 612960 | AS44: =+AR44+AS43 -> 614040 | AT44: =+AK44+AT43 -> 614880 | AU44: =+AT44+AU43 -> 615960 | AV44: =+AM44+AV43 -> 618420 | AW44: =+AV44+AW43 -> 619500 | AX44: =+AO44+AX43 -> 619980 | AY44: =+AX44+AY43 -> 621540 | AZ44: 691860 | BA44: =+AZ44+BA43 -> 705180 | BB44: =+BA44+BB43 -> 713760 | BC44: =+BB44+BC43 -> 726660 | BD44: =+BC44+BD43 -> 734280 | BE44: =+BD44+BE43 -> 747780 | BF44: =+BE44+BF43 -> 759360 | BG44: =+BF44+BG43 -> 768420
A45: =+A43+1 -> 17 | B45: BC111-4EE80-1 C 0002 | C45: BC111-4EE80-1 C 0002 | E45: 100 | F45: 280 | G45: 140 | H45: 380 | I45: 0 | J45: 400 | K45: 720 | L45: 560 | M45: 540 | N45: 600 | O45: 540 | P45: 560 | Q45: 580 | R45: 580 | S45: 0 | T45: 340 | U45: 160 | V45: 320 | W45: 60 | X45: =340+440 -> 780 | Y45: 160 | Z45: 480 | AA45: 980 | AB45: 260 | AC45: 300 | AD45: 360 | AE45: 260 | AF45: 380 | AG45: 240 | AH45: 380 | AI45: 240 | AJ45: 360 | AK45: 260 | AL45: 360 | AM45: 340 | AN45: 220 | AO45: 360 | AP45: 700 | AQ45: 360 | AR45: 520 | AS45: 340 | AT45: 340 | AU45: 360 | AV45: 500 | AW45: 220 | AX45: 240 | AY45: 340 | AZ45: 2580 | BA45: =+SUM(M45:T45) -> 3740 | BB45: =SUM(U45:Z45) -> 1960 | BC45: =SUM(AA45:AI45) -> 3400 | BD45: =SUM(AJ45:AO45) -> 1900 | BE45: =SUM(AP45:AY45) -> 3920 | BF45: 2560 | BG45: 2580 | BH45: 885W
C46: CUM | D46: =E46 -> 289640 | E46: 289640 | F46: =+E46+F45 -> 289920 | G46: =+F46+G45 -> 290060 | H46: =+G46+H45 -> 290440 | I46: =+H46+I45 -> 290440 | J46: =+I46+J45 -> 290840 | K46: =+J46+K45 -> 291560 | L46: =+K46+L45 -> 292120 | M46: =+L46+M45 -> 292660 | ... AO46: =+AN46+AO45 -> 303120 | AP46: =+AG46+AP45 -> 301300 | AQ46: =+AP46+AQ45 -> 301660 | AR46: =+AI46+AR45 -> 301740 | AS46: =+AR46+AS45 -> 302080 | AT46: =+AK46+AT45 -> 302180 | AU46: =+AT46+AU45 -> 302540 | AV46: =+AM46+AV45 -> 303040 | AW46: =+AV46+AW45 -> 303260 | AX46: =+AO46+AX45 -> 303360 | AY46: =+AX46+AY45 -> 303700 | AZ46: 328380 | BA46: =+AZ46+BA45 -> 332120 | BB46: =+BA46+BB45 -> 334080 | BC46: =+BB46+BC45 -> 337480 | BD46: =+BC46+BD45 -> 339380 | BE46: =+BD46+BE45 -> 343300 | BF46: =+BE46+BF45 -> 345860 | BG46: =+BF46+BG45 -> 348440
A47: =+A45+1 -> 18 | B47: BC111-4EW40-1 C 0002 | C47: BC111-4EW40-1 C 0002 | E47: 300 | F47: 260 | G47: 0 | H47: 340 | I47: 340 | J47: 480 | K47: 480 | L47: 520 | M47: 460 | N47: 560 | O47: 560 | P47: 520 | Q47: 520 | R47: 440 | S47: 20 | T47: 620 | U47: 460 | V47: 480 | W47: 540 | X47: 500 | Y47: 160 | Z47: 0 | AA47: 620 | AB47: 320 | AC47: 220 | AD47: 280 | AE47: 200 | AF47: 280 | AG47: 200 | AH47: 420 | AI47: 280 | AJ47: 420 | AK47: 260 | AL47: 420 | AM47: 400 | AN47: 260 | AO47: 560 | AP47: 1140 | AQ47: 560 | AR47: 840 | AS47: 560 | AT47: 540 | AU47: 560 | AV47: 820 | AW47: 360 | AX47: 360 | AY47: 520 | AZ47: 2720 | BA47: =+SUM(M47:T47) -> 3700 | BB47: =SUM(U47:Z47) -> 2140 | BC47: =SUM(AA47:AI47) -> 2820 | BD47: =SUM(AJ47:AO47) -> 2320 | BE47: =SUM(AP47:AY47) -> 6260 | BF47: 3980 | BG47: 4000 | BH47: 885W
C48: CUM | D48: =E48 -> 302980 | E48: 302980 | F48: =+E48+F47 -> 303240 | G48: =+F48+G47 -> 303240 | H48: =+G48+H47 -> 303580 | I48: =+H48+I47 -> 303920 | J48: =+I48+J47 -> 304400 | K48: =+J48+K47 -> 304880 | L48: =+K48+L47 -> 305400 | M48: =+L48+M47 -> 305860 | ... AO48: =+AN48+AO47 -> 316380 | AP48: =+AG48+AP47 -> 314500 | AQ48: =+AP48+AQ47 -> 315060 | AR48: =+AI48+AR47 -> 314900 | AS48: =+AR48+AS47 -> 315460 | AT48: =+AK48+AT47 -> 315280 | AU48: =+AT48+AU47 -> 315840 | AV48: =+AM48+AV47 -> 316380 | AW48: =+AV48+AW47 -> 316740 | AX48: =+AO48+AX47 -> 316740 | AY48: =+AX48+AY47 -> 317260 | AZ48: 359600 | BA48: =+AZ48+BA47 -> 363300 | BB48: =+BA48+BB47 -> 365440 | BC48: =+BB48+BC47 -> 368260 | BD48: =+BC48+BD47 -> 370580 | BE48: =+BD48+BE47 -> 376840 | BF48: =+BE48+BF47 -> 380820 | BG48: =+BF48+BG47 -> 384820
A49: =+A47+1 -> 19 | B49: BC111-2FE72-2 F 0201 | C49: BC111-2FE72-2 F 0201 | E49: 380 | F49: 80 | G49: 40 | H49: 40 | I49: 140 | J49: 40 | K49: 60 | L49: 140 | M49: 260 | N49: 200 | O49: 140 | P49: =160+160 -> 320 | Q49: 200 | R49: 160 | S49: 220 | T49: =280+40 -> 320 | U49: 200 | V49: 0 | W49: 280 | X49: 180 | Y49: =80+20+240 -> 340 | Z49: 120 | AA49: 420 | AB49: 360 | AC49: 140 | AD49: 180 | AE49: 140 | AF49: 200 | AG49: 120 | AH49: 220 | AI49: 140 | AJ49: 220 | AK49: 140 | AL49: 200 | AM49: 220 | AN49: 140 | AO49: 120 | AP49: 280 | AQ49: 120 | AR49: 200 | AS49: 140 | AT49: 120 | AU49: 140 | AV49: 200 | AW49: 100 | AX49: 120 | AY49: 160 | AZ49: 920 | BA49: =+SUM(M49:T49) -> 1820 | BB49: =SUM(U49:Z49) -> 1120 | BC49: =SUM(AA49:AI49) -> 1920 | BD49: =SUM(AJ49:AO49) -> 1040 | BE49: =SUM(AP49:AY49) -> 1580 | BF49: 1340 | BG49: 1340 | BH49: 602W
C50: CUM | D50: =E50 -> 65540 | E50: 65540 | F50: =+E50+F49 -> 65620 | G50: =+F50+G49 -> 65660 | H50: =+G50+H49 -> 65700 | I50: =+H50+I49 -> 65840 | J50: =+I50+J49 -> 65880 | K50: =+J50+K49 -> 65940 | L50: =+K50+L49 -> 66080 | M50: =+L50+M49 -> 66340 | ... AO50: =+AN50+AO49 -> 71980 | AP50: =+AG50+AP49 -> 70860 | AQ50: =+AP50+AQ49 -> 70980 | AR50: =+AI50+AR49 -> 71140 | AS50: =+AR50+AS49 -> 71280 | AT50: =+AK50+AT49 -> 71420 | AU50: =+AT50+AU49 -> 71560 | AV50: =+AM50+AV49 -> 71920 | AW50: =+AV50+AW49 -> 72020 | AX50: =+AO50+AX49 -> 72100 | AY50: =+AX50+AY49 -> 72260 | AZ50: 78760 | BA50: =+AZ50+BA49 -> 80580 | BB50: =+BA50+BB49 -> 81700 | BC50: =+BB50+BC49 -> 83620 | BD50: =+BC50+BD49 -> 84660 | BE50: =+BD50+BE49 -> 86240 | BF50: =+BE50+BF49 -> 87580 | BG50: =+BF50+BG49 -> 88920
A51: =+A49+1 -> 20 | B51: BC111-2FE72-1 F 0201 | C51: BC111-2FE72-1 F 0201 | E51: 300 | F51: 120 | G51: 60 | H51: 120 | I51: 420 | J51: 240 | K51: 300 | L51: 360 | M51: 360 | N51: 420 | O51: 360 | P51: 360 | Q51: 180 | R51: 360 | S51: 0 | T51: 0 | U51: 0 | V51: 0 | W51: 120 | X51: 120 | Y51: =180+60+120 -> 360 | Z51: 180 | AA51: 360 | AB51: 360 | AC51: 120 | AD51: 240 | AE51: 120 | AF51: 180 | AG51: 180 | AH51: 240 | AI51: 180 | AJ51: 240 | AK51: 180 | AL51: 240 | AM51: 300 | AN51: 120 | AO51: 180 | AP51: 360 | AQ51: 120 | AR51: 240 | AS51: 180 | AT51: 180 | AU51: 120 | AV51: 240 | AW51: 180 | AX51: 120 | AY51: 180 | AZ51: 1920 | BA51: =+SUM(M51:T51) -> 2040 | BB51: =SUM(U51:Z51) -> 780 | BC51: =SUM(AA51:AI51) -> 1980 | BD51: =SUM(AJ51:AO51) -> 1260 | BE51: =SUM(AP51:AY51) -> 1920 | BF51: 1680 | BG51: 1620 | BH51: 602W
C52: CUM | D52: =E52 -> 111060 | E52: 111060 | F52: =+E52+F51 -> 111180 | G52: =+F52+G51 -> 111240 | H52: =+G52+H51 -> 111360 | I52: =+H52+I51 -> 111780 | J52: =+I52+J51 -> 112020 | K52: =+J52+K51 -> 112320 | L52: =+K52+L51 -> 112680 | M52: =+L52+M51 -> 113040 | ... AO52: =+AN52+AO51 -> 118740 | AP52: =+AG52+AP51 -> 117420 | AQ52: =+AP52+AQ51 -> 117540 | AR52: =+AI52+AR51 -> 117720 | AS52: =+AR52+AS51 -> 117900 | AT52: =+AK52+AT51 -> 118080 | AU52: =+AT52+AU51 -> 118200 | AV52: =+AM52+AV51 -> 118680 | AW52: =+AV52+AW51 -> 118860 | AX52: =+AO52+AX51 -> 118860 | AY52: =+AX52+AY51 -> 119040 | AZ52: 133440 | BA52: =+AZ52+BA51 -> 135480 | BB52: =+BA52+BB51 -> 136260 | BC52: =+BB52+BC51 -> 138240 | BD52: =+BC52+BD51 -> 139500 | BE52: =+BD52+BE51 -> 141420 | BF52: =+BE52+BF51 -> 143100 | BG52: =+BF52+BG51 -> 144720
A53: =+A51+1 -> 21 | B53: DC111-2FE72 F 0201 | C53: DC111-2FE72 F 0201 | E53: 0 | F53: 0 | G53: 0 | H53: 0 | I53: 40 | J53: 0 | K53: 0 | L53: 0 | M53: 40 | N53: 0 | O53: 40 | P53: 0 | Q53: 0 | R53: 0 | S53: 80 | T53: 0 | U53: 0 | V53: 40 | W53: 0 | X53: 0 | Y53: 40 | Z53: 0 | AA53: 40 | AB53: 80 | AC53: 0 | AD53: 40 | AE53: 0 | AF53: 0 | AG53: 0 | AH53: 40 | AI53: 0 | AJ53: 0 | AK53: 0 | AL53: 40 | AM53: 0 | AN53: 0 | AO53: 0 | AP53: 40 | AQ53: 0 | AR53: 0 | AS53: 40 | AT53: 0 | AU53: 0 | AV53: 0 | AW53: 40 | AX53: 0 | AY53: 0 | AZ53: 40 | BA53: =+SUM(M53:T53) -> 160 | BB53: =SUM(U53:Z53) -> 80 | BC53: =SUM(AA53:AI53) -> 200 | BD53: =SUM(AJ53:AO53) -> 40 | BE53: =SUM(AP53:AY53) -> 120 | BF53: 120 | BG53: 80 | BH53: 602W
C54: CUM | D54: =E54 -> 8140 | E54: 8140 | F54: =+E54+F53 -> 8140 | G54: =+F54+G53 -> 8140 | H54: =+G54+H53 -> 8140 | I54: =+H54+I53 -> 8180 | J54: =+I54+J53 -> 8180 | K54: =+J54+K53 -> 8180 | L54: =+K54+L53 -> 8180 | M54: =+L54+M53 -> 8220 | ... AO54: =+AN54+AO53 -> 8660 | AP54: =+AG54+AP53 -> 8620 | AQ54: =+AP54+AQ53 -> 8620 | AR54: =+AI54+AR53 -> 8620 | AS54: =+AR54+AS53 -> 8660 | AT54: =+AK54+AT53 -> 8620 | AU54: =+AT54+AU53 -> 8620 | AV54: =+AM54+AV53 -> 8660 | AW54: =+AV54+AW53 -> 8700 | AX54: =+AO54+AX53 -> 8660 | AY54: =+AX54+AY53 -> 8660 | AZ54: 9180 | BA54: =+AZ54+BA53 -> 9340 | BB54: =+BA54+BB53 -> 9420 | BC54: =+BB54+BC53 -> 9620 | BD54: =+BC54+BD53 -> 9660 | BE54: =+BD54+BE53 -> 9780 | BF54: =+BE54+BF53 -> 9900 | BG54: =+BF54+BG53 -> 9980
A55: =+A53+1 -> 22 | B55: DC111-2FK53 F 0201 | C55: DC111-2FK53 F 0201 | E55: 320 | F55: 80 | G55: 80 | H55: 40 | I55: 120 | J55: 80 | K55: 120 | L55: 80 | M55: 160 | N55: 200 | O55: 160 | P55: =160+200 -> 360 | Q55: 160 | R55: 160 | S55: 160 | T55: 320 | U55: 0 | V55: 120 | W55: 200 | X55: 160 | Y55: =160+80+160 -> 400 | Z55: 120 | AA55: 360 | AB55: 280 | AC55: 160 | AD55: 160 | AE55: 120 | AF55: 160 | AG55: 120 | AH55: 240 | AI55: 120 | AJ55: 200 | AK55: 120 | AL55: 200 | AM55: 200 | AN55: 120 | AO55: 120 | AP55: 280 | AQ55: 120 | AR55: 160 | AS55: 120 | AT55: 160 | AU55: 120 | AV55: 160 | AW55: 120 | AX55: 80 | AY55: 160 | AZ55: 920 | BA55: =+SUM(M55:T55) -> 1680 | BB55: =SUM(U55:Z55) -> 1000 | BC55: =SUM(AA55:AI55) -> 1720 | BD55: =SUM(AJ55:AO55) -> 960 | BE55: =SUM(AP55:AY55) -> 1480 | BF55: 1240 | BG55: 1200 | BH55: 602W
C56: CUM | D56: =E56 -> 59180 | E56: 59180 | F56: =+E56+F55 -> 59260 | G56: =+F56+G55 -> 59340 | H56: =+G56+H55 -> 59380 | I56: =+H56+I55 -> 59500 | J56: =+I56+J55 -> 59580 | K56: =+J56+K55 -> 59700 | L56: =+K56+L55 -> 59780 | M56: =+L56+M55 -> 59940 | ... AO56: =+AN56+AO55 -> 65140 | AP56: =+AG56+AP55 -> 64100 | AQ56: =+AP56+AQ55 -> 64220 | AR56: =+AI56+AR55 -> 64340 | AS56: =+AR56+AS55 -> 64460 | AT56: =+AK56+AT55 -> 64660 | AU56: =+AT56+AU55 -> 64780 | AV56: =+AM56+AV55 -> 65060 | AW56: =+AV56+AW55 -> 65180 | AX56: =+AO56+AX55 -> 65220 | AY56: =+AX56+AY55 -> 65380 | AZ56: 71220 | BA56: =+AZ56+BA55 -> 72900 | BB56: =+BA56+BB55 -> 73900 | BC56: =+BB56+BC55 -> 75620 | BD56: =+BC56+BD55 -> 76580 | BE56: =+BD56+BE55 -> 78060 | BF56: =+BE56+BF55 -> 79300 | BG56: =+BF56+BG55 -> 80500
A57: =+A55+1 -> 23 | B57: BC111-V3881-1 B 0201 | C57: BC111-V3881-1 B 0201 | E57: 1200 | F57: 400 | G57: 0 | H57: 0 | I57: 400 | J57: 640 | K57: 1040 | L57: 880 | M57: 880 | N57: 960 | O57: 1040 | P57: 880 | Q57: 800 | R57: 880 | S57: 560 | T57: =720+240 -> 960 | U57: 880 | V57: 800 | W57: 1600 | X57: 960 | Y57: =80+160 -> 240 | Z57: 480 | AA57: 1120 | AB57: 400 | AC57: 560 | AD57: 560 | AE57: 400 | AF57: 560 | AG57: 400 | AH57: 800 | AI57: 480 | AJ57: 800 | AK57: 480 | AL57: 800 | AM57: 720 | AN57: 480 | AO57: 480 | AP57: 960 | AQ57: 480 | AR57: 720 | AS57: 400 | AT57: 480 | AU57: 480 | AV57: 720 | AW57: 400 | AX57: 400 | AY57: 640 | AZ57: 4560 | BA57: =+SUM(M57:T57) -> 6960 | BB57: =SUM(U57:Z57) -> 4960 | BC57: =SUM(AA57:AI57) -> 5280 | BD57: =SUM(AJ57:AO57) -> 3760 | BE57: =SUM(AP57:AY57) -> 5680 | BF57: 4960 | BG57: 4880 | BH57: 602W
C58: CUM | D58: =E58 -> 178240 | E58: 178240 | F58: =+E58+F57 -> 178640 | G58: =+F58+G57 -> 178640 | H58: =+G58+H57 -> 178640 | I58: =+H58+I57 -> 179040 | J58: =+I58+J57 -> 179680 | K58: =+J58+K57 -> 180720 | L58: =+K58+L57 -> 181600 | M58: =+L58+M57 -> 182480 | ... AO58: =+AN58+AO57 -> 202560 | AP58: =+AG58+AP57 -> 198480 | AQ58: =+AP58+AQ57 -> 198960 | AR58: =+AI58+AR57 -> 199520 | AS58: =+AR58+AS57 -> 199920 | AT58: =+AK58+AT57 -> 200560 | AU58: =+AT58+AU57 -> 201040 | AV58: =+AM58+AV57 -> 202320 | AW58: =+AV58+AW57 -> 202720 | AX58: =+AO58+AX57 -> 202960 | AY58: =+AX58+AY57 -> 203600 | AZ58: 239360 | BA58: =+AZ58+BA57 -> 246320 | BB58: =+BA58+BB57 -> 251280 | BC58: =+BB58+BC57 -> 256560 | BD58: =+BC58+BD57 -> 260320 | BE58: =+BD58+BE57 -> 266000 | BF58: =+BE58+BF57 -> 270960 | BG58: =+BF58+BG57 -> 275840
A59: =A57+1 -> 24 | B59: BC111-V3650-2 C 0201 | C59: BC111-V3650-2 C 0201 | E59: 40 | F59: 80 | G59: 0 | H59: 100 | I59: 160 | J59: 220 | K59: 240 | L59: 200 | M59: 140 | N59: 220 | O59: 220 | P59: 220 | Q59: 0 | R59: 100 | S59: 0 | T59: 0 | U59: 0 | V59: 0 | W59: 0 | X59: 0 | Y59: 0 | Z59: 0 | AA59: 0 | AB59: 0 | AC59: 0 | AD59: 0 | AE59: 0 | AF59: 0 | AG59: 0 | AH59: 0 | AI59: 0 | AJ59: 0 | AK59: 0 | AL59: 0 | AM59: 0 | AN59: 0 | AO59: 0 | AP59: 0 | AQ59: 0 | AR59: 0 | AS59: 0 | AT59: 0 | AU59: 0 | AV59: 0 | AW59: 0 | AX59: 0 | AY59: 0 | AZ59: 1040 | BA59: =+SUM(M59:T59) -> 900 | BB59: =SUM(U59:Z59) -> 0 | BC59: =SUM(AA59:AI59) -> 0 | BD59: =SUM(AJ59:AO59) -> 0 | BE59: =SUM(AP59:AY59) -> 0 | BF59: 120 | BG59: 300 | BH59: 602W
C60: CUM | D60: =E60 -> 44780 | E60: 44780 | F60: =+E60+F59 -> 44860 | G60: =+F60+G59 -> 44860 | H60: =+G60+H59 -> 44960 | I60: =+H60+I59 -> 45120 | J60: =+I60+J59 -> 45340 | K60: =+J60+K59 -> 45580 | L60: =+K60+L59 -> 45780 | M60: =+L60+M59 -> 45920 | ... AO60: =+AN60+AO59 -> 46680 | AP60: =+AG60+AP59 -> 46680 | AQ60: =+AP60+AQ59 -> 46680 | AR60: =+AI60+AR59 -> 46680 | AS60: =+AR60+AS59 -> 46680 | AT60: =+AK60+AT59 -> 46680 | AU60: =+AT60+AU59 -> 46680 | AV60: =+AM60+AV59 -> 46680 | AW60: =+AV60+AW59 -> 46680 | AX60: =+AO60+AX59 -> 46680 | AY60: =+AX60+AY59 -> 46680 | AZ60: 54160 | BA60: =+AZ60+BA59 -> 55060 | BB60: =+BA60+BB59 -> 55060 | BC60: =+BB60+BC59 -> 55060 | BD60: =+BC60+BD59 -> 55060 | BE60: =+BD60+BE59 -> 55060 | BF60: =+BE60+BF59 -> 55180 | BG60: =+BF60+BG59 -> 55480
A61: =+A59+1 -> 25 | B61: DC111-V3650 C 0201 | C61: DC111-V3650 C 0201 | E61: 40 | F61: 80 | G61: 0 | H61: 80 | I61: 160 | J61: 200 | K61: 240 | L61: 200 | M61: 160 | N61: 240 | O61: 240 | P61: 240 | Q61: 0 | R61: 80 | S61: 0 | T61: 0 | U61: 0 | V61: 0 | W61: 0 | X61: 0 | Y61: 0 | Z61: 0 | AA61: 0 | AB61: 0 | AC61: 0 | AD61: 0 | AE61: 0 | AF61: 0 | AG61: 0 | AH61: 0 | AI61: 0 | AJ61: 0 | AK61: 0 | AL61: 0 | AM61: 0 | AN61: 0 | AO61: 0 | AP61: 0 | AQ61: 0 | AR61: 0 | AS61: 0 | AT61: 0 | AU61: 0 | AV61: 0 | AW61: 0 | AX61: 0 | AY61: 0 | AZ61: 1000 | BA61: =+SUM(M61:T61) -> 960 | BB61: =SUM(U61:Z61) -> 0 | BC61: =SUM(AA61:AI61) -> 0 | BD61: =SUM(AJ61:AO61) -> 0 | BE61: =SUM(AP61:AY61) -> 0 | BF61: 40 | BG61: 320 | BH61: 602W
C62: CUM | D62: =E62 -> 44800 | E62: 44800 | F62: =+E62+F61 -> 44880 | G62: =+F62+G61 -> 44880 | H62: =+G62+H61 -> 44960 | I62: =+H62+I61 -> 45120 | J62: =+I62+J61 -> 45320 | K62: =+J62+K61 -> 45560 | L62: =+K62+L61 -> 45760 | M62: =+L62+M61 -> 45920 | ... AO62: =+AN62+AO61 -> 46720 | AP62: =+AG62+AP61 -> 46720 | AQ62: =+AP62+AQ61 -> 46720 | AR62: =+AI62+AR61 -> 46720 | AS62: =+AR62+AS61 -> 46720 | AT62: =+AK62+AT61 -> 46720 | AU62: =+AT62+AU61 -> 46720 | AV62: =+AM62+AV61 -> 46720 | AW62: =+AV62+AW61 -> 46720 | AX62: =+AO62+AX61 -> 46720 | AY62: =+AX62+AY61 -> 46720 | AZ62: 54080 | BA62: =+AZ62+BA61 -> 55040 | BB62: =+BA62+BB61 -> 55040 | BC62: =+BB62+BC61 -> 55040 | BD62: =+BC62+BD61 -> 55040 | BE62: =+BD62+BE61 -> 55040 | BF62: =+BE62+BF61 -> 55080 | BG62: =+BF62+BG61 -> 55400
A63: =A61+1 -> 26 | B63: BC111-62062-2 B 1001 | C63: BC111-62062-2 B 1001 | E63: 0 | F63: 0 | G63: 0 | H63: 0 | I63: 0 | J63: 0 | K63: 0 | L63: 0 | M63: 0 | N63: 0 | O63: 0 | P63: 0 | Q63: 0 | R63: 0 | S63: 0 | T63: 0 | U63: 0 | V63: 0 | W63: 0 | X63: 0 | Y63: 0 | Z63: 0 | AA63: 0 | AB63: 0 | AC63: 0 | AD63: 0 | AE63: 0 | AF63: 0 | AG63: 0 | AH63: 0 | AI63: 0 | AJ63: 0 | AK63: 0 | AL63: 0 | AM63: 0 | AN63: 0 | AO63: 0 | AP63: 0 | AQ63: 0 | AR63: 0 | AS63: 0 | AT63: 0 | AU63: 0 | AV63: 0 | AW63: 0 | AX63: 0 | AY63: 0 | AZ63: 0 | BA63: =+SUM(M63:T63) -> 0 | BB63: =SUM(U63:Z63) -> 0 | BC63: =SUM(AA63:AI63) -> 0 | BD63: =SUM(AJ63:AO63) -> 0 | BE63: =SUM(AP63:AY63) -> 0 | BF63: 0 | BG63: 0 | BH63: 766W
C64: CUM | D64: =E64 -> 520 | E64: 520 | F64: =+E64+F63 -> 520 | G64: =+F64+G63 -> 520 | H64: =+G64+H63 -> 520 | I64: =+H64+I63 -> 520 | J64: =+I64+J63 -> 520 | K64: =+J64+K63 -> 520 | L64: =+K64+L63 -> 520 | M64: =+L64+M63 -> 520 | ... AO64: =+AN64+AO63 -> 520 | AP64: =+AG64+AP63 -> 520 | AQ64: =+AP64+AQ63 -> 520 | AR64: =+AI64+AR63 -> 520 | AS64: =+AR64+AS63 -> 520 | AT64: =+AK64+AT63 -> 520 | AU64: =+AT64+AU63 -> 520 | AV64: =+AM64+AV63 -> 520 | AW64: =+AV64+AW63 -> 520 | AX64: =+AO64+AX63 -> 520 | AY64: =+AX64+AY63 -> 520 | AZ64: 520 | BA64: =+AZ64+BA63 -> 520 | BB64: =+BA64+BB63 -> 520 | BC64: =+BB64+BC63 -> 520 | BD64: =+BC64+BD63 -> 520 | BE64: =+BD64+BE63 -> 520 | BF64: =+BE64+BF63 -> 520 | BG64: =+BF64+BG63 -> 520
A65: =+A63+1 -> 27 | B65: BC111-47V60-1 C 0002 | C65: BC111-47V60-1 C 0002 | E65: 80 | F65: 80 | G65: 0 | H65: 0 | I65: 0 | J65: 80 | K65: 160 | L65: 160 | M65: 80 | N65: 200 | O65: 280 | P65: 160 | Q65: 80 | R65: 160 | S65: 80 | T65: 120 | U65: 120 | V65: 120 | W65: 80 | X65: =120+80 -> 200 | Y65: 360 | Z65: 0 | AA65: 240 | AB65: 80 | AC65: 160 | AD65: 120 | AE65: 120 | AF65: 160 | AG65: 80 | AH65: 200 | AI65: 80 | AJ65: 160 | AK65: 120 | AL65: 120 | AM65: 160 | AN65: 120 | AO65: 120 | AP65: 280 | AQ65: 120 | AR65: 240 | AS65: 120 | AT65: 120 | AU65: 120 | AV65: 200 | AW65: 120 | AX65: 80 | AY65: 120 | AZ65: 560 | BA65: =+SUM(M65:T65) -> 1160 | BB65: =SUM(U65:Z65) -> 880 | BC65: =SUM(AA65:AI65) -> 1240 | BD65: =SUM(AJ65:AO65) -> 800 | BE65: =SUM(AP65:AY65) -> 1520 | BF65: 1040 | BG65: 1000 | BH65: 885W
C66: CUM | D66: =E66 -> 61200 | E66: 61200 | F66: =+E66+F65 -> 61280 | G66: =+F66+G65 -> 61280 | H66: =+G66+H65 -> 61280 | I66: =+H66+I65 -> 61280 | J66: =+I66+J65 -> 61360 | K66: =+J66+K65 -> 61520 | L66: =+K66+L65 -> 61680 | M66: =+L66+M65 -> 61760 | ... AO66: =+AN66+AO65 -> 65760 | AP66: =+AG66+AP65 -> 64960 | AQ66: =+AP66+AQ65 -> 65080 | AR66: =+AI66+AR65 -> 65200 | AS66: =+AR66+AS65 -> 65320 | AT66: =+AK66+AT65 -> 65360 | AU66: =+AT66+AU65 -> 65480 | AV66: =+AM66+AV65 -> 65720 | AW66: =+AV66+AW65 -> 65840 | AX66: =+AO66+AX65 -> 65840 | AY66: =+AX66+AY65 -> 65960 | AZ66: 69960 | BA66: =+AZ66+BA65 -> 71120 | BB66: =+BA66+BB65 -> 72000 | BC66: =+BB66+BC65 -> 73240 | BD66: =+BC66+BD65 -> 74040 | BE66: =+BD66+BE65 -> 75560 | BF66: =+BE66+BF65 -> 76600 | BG66: =+BF66+BG65 -> 77600
A67: =+A65+1 -> 28 | B67: BC111-4EB50-1 C 0002 | C67: BC111-4EB50-1 C 0002 | E67: 40 | F67: 40 | G67: 0 | H67: 40 | I67: 0 | J67: 80 | K67: 80 | L67: 80 | M67: 80 | N67: 40 | O67: 0 | P67: 80 | Q67: 80 | R67: 80 | S67: 0 | T67: 0 | U67: 0 | V67: 0 | W67: 0 | X67: 40 | Y67: 120 | Z67: 0 | AA67: 80 | AB67: 0 | AC67: 80 | AD67: 40 | AE67: 40 | AF67: 40 | AG67: 40 | AH67: 80 | AI67: 40 | AJ67: 80 | AK67: 40 | AL67: 40 | AM67: 80 | AN67: 40 | AO67: 80 | AP67: 120 | AQ67: 120 | AR67: 120 | AS67: 80 | AT67: 80 | AU67: 80 | AV67: 120 | AW67: 80 | AX67: 80 | AY67: 80 | AZ67: 360 | BA67: =+SUM(M67:T67) -> 360 | BB67: =SUM(U67:Z67) -> 160 | BC67: =SUM(AA67:AI67) -> 440 | BD67: =SUM(AJ67:AO67) -> 360 | BE67: =SUM(AP67:AY67) -> 960 | BF67: 640 | BG67: 680 | BH67: 885W
C68: CUM | D68: =E68 -> 22040 | E68: 22040 | F68: =+E68+F67 -> 22080 | G68: =+F68+G67 -> 22080 | H68: =+G68+H67 -> 22120 | I68: =+H68+I67 -> 22120 | J68: =+I68+J67 -> 22200 | K68: =+J68+K67 -> 22280 | L68: =+K68+L67 -> 22360 | M68: =+L68+M67 -> 22440 | ... AO68: =+AN68+AO67 -> 23680 | AP68: =+AG68+AP67 -> 23320 | AQ68: =+AP68+AQ67 -> 23440 | AR68: =+AI68+AR67 -> 23440 | AS68: =+AR68+AS67 -> 23520 | AT68: =+AK68+AT67 -> 23520 | AU68: =+AT68+AU67 -> 23600 | AV68: =+AM68+AV67 -> 23680 | AW68: =+AV68+AW67 -> 23760 | AX68: =+AO68+AX67 -> 23760 | AY68: =+AX68+AY67 -> 23840 | AZ68: 27680 | BA68: =+AZ68+BA67 -> 28040 | BB68: =+BA68+BB67 -> 28200 | BC68: =+BB68+BC67 -> 28640 | BD68: =+BC68+BD67 -> 29000 | BE68: =+BD68+BE67 -> 29960 | BF68: =+BE68+BF67 -> 30600 | BG68: =+BF68+BG67 -> 31280
A69: =+A67+1 -> 29 | B69: BC111-V3891-2 F 0001 | C69: BC111-V3891-2 F 0001 | E69: 0 | F69: 0 | G69: 0 | H69: 0 | I69: 0 | J69: 0 | K69: 0 | L69: 0 | M69: 0 | N69: 0 | O69: 0 | P69: 0 | Q69: 0 | R69: 0 | S69: 0 | T69: 0 | U69: 0 | V69: 0 | W69: 0 | X69: 0 | Y69: 0 | Z69: 0 | AA69: 0 | AB69: 0 | AC69: 0 | AD69: 0 | AE69: 0 | AF69: 0 | AG69: 0 | AH69: 0 | AI69: 0 | AJ69: 0 | AK69: 0 | AL69: 0 | AM69: 0 | AN69: 0 | AO69: 0 | AP69: 0 | AQ69: 0 | AR69: 0 | AS69: 0 | AT69: 0 | AU69: 0 | AV69: 0 | AW69: 0 | AX69: 0 | AY69: 0 | AZ69: 0 | BA69: =+SUM(M69:T69) -> 0 | BB69: =SUM(U69:Z69) -> 0 | BC69: =SUM(AA69:AI69) -> 0 | BD69: =SUM(AJ69:AO69) -> 0 | BE69: =SUM(AP69:AY69) -> 0 | BF69: 0 | BG69: 0 | BH69: 602W
C70: CUM | D70: =E70 -> 3400 | E70: 3400 | F70: =+E70+F69 -> 3400 | G70: =+F70+G69 -> 3400 | H70: =+G70+H69 -> 3400 | I70: =+H70+I69 -> 3400 | J70: =+I70+J69 -> 3400 | K70: =+J70+K69 -> 3400 | L70: =+K70+L69 -> 3400 | M70: =+L70+M69 -> 3400 | ... AO70: =+AN70+AO69 -> 3400 | AP70: =+AG70+AP69 -> 3400 | AQ70: =+AP70+AQ69 -> 3400 | AR70: =+AI70+AR69 -> 3400 | AS70: =+AR70+AS69 -> 3400 | AT70: =+AK70+AT69 -> 3400 | AU70: =+AT70+AU69 -> 3400 | AV70: =+AM70+AV69 -> 3400 | AW70: =+AV70+AW69 -> 3400 | AX70: =+AO70+AX69 -> 3400 | AY70: =+AX70+AY69 -> 3400 | AZ70: 3960 | BA70: =+AZ70+BA69 -> 3960 | BB70: =+BA70+BB69 -> 3960 | BC70: =+BB70+BC69 -> 3960 | BD70: =+BC70+BD69 -> 3960 | BE70: =+BD70+BE69 -> 3960 | BF70: =+BE70+BF69 -> 3960 | BG70: =+BF70+BG69 -> 3960
A71: =+A69+1 -> 30 | B71: BC111-V3891-1 F 0001 | C71: BC111-V3891-1 F 0001 | E71: 0 | F71: 0 | G71: 0 | H71: 0 | I71: 0 | J71: 0 | K71: 0 | L71: 0 | M71: 0 | N71: 0 | O71: 0 | P71: 0 | Q71: 0 | R71: 0 | S71: 0 | T71: 0 | U71: 0 | V71: 0 | W71: 0 | X71: 0 | Y71: 0 | Z71: 0 | AA71: 0 | AB71: 0 | AC71: 0 | AD71: 0 | AE71: 0 | AF71: 0 | AG71: 0 | AH71: 0 | AI71: 0 | AJ71: 0 | AK71: 0 | AL71: 0 | AM71: 0 | AN71: 0 | AO71: 0 | AP71: 0 | AQ71: 0 | AR71: 0 | AS71: 0 | AT71: 0 | AU71: 0 | AV71: 0 | AW71: 0 | AX71: 0 | AY71: 0 | AZ71: 0 | BA71: =+SUM(M71:T71) -> 0 | BB71: =SUM(U71:Z71) -> 0 | BC71: =SUM(AA71:AI71) -> 0 | BD71: =SUM(AJ71:AO71) -> 0 | BE71: =SUM(AP71:AY71) -> 0 | BF71: 0 | BG71: 0 | BH71: 602W
C72: CUM | D72: =E72 -> 3240 | E72: 3240 | F72: =+E72+F71 -> 3240 | G72: =+F72+G71 -> 3240 | H72: =+G72+H71 -> 3240 | I72: =+H72+I71 -> 3240 | J72: =+I72+J71 -> 3240 | K72: =+J72+K71 -> 3240 | L72: =+K72+L71 -> 3240 | M72: =+L72+M71 -> 3240 | ... AO72: =+AN72+AO71 -> 3240 | AP72: =+AG72+AP71 -> 3240 | AQ72: =+AP72+AQ71 -> 3240 | AR72: =+AI72+AR71 -> 3240 | AS72: =+AR72+AS71 -> 3240 | AT72: =+AK72+AT71 -> 3240 | AU72: =+AT72+AU71 -> 3240 | AV72: =+AM72+AV71 -> 3240 | AW72: =+AV72+AW71 -> 3240 | AX72: =+AO72+AX71 -> 3240 | AY72: =+AX72+AY71 -> 3240 | AZ72: 3840 | BA72: =+AZ72+BA71 -> 3840 | BB72: =+BA72+BB71 -> 3840 | BC72: =+BB72+BC71 -> 3840 | BD72: =+BC72+BD71 -> 3840 | BE72: =+BD72+BE71 -> 3840 | BF72: =+BE72+BF71 -> 3840 | BG72: =+BF72+BG71 -> 3840
A73: =+A71+1 -> 31 | B73: BC111-V3891-6 B 0201 | C73: BC111-V3891-6 B 0201 | E73: 0 | F73: 0 | G73: 0 | H73: 0 | I73: 0 | J73: 0 | K73: 0 | L73: 0 | M73: 0 | N73: 0 | O73: 0 | P73: 0 | Q73: 0 | R73: 0 | S73: 0 | T73: 0 | U73: 0 | V73: 0 | W73: 0 | X73: 0 | Y73: 0 | Z73: 0 | AA73: 0 | AB73: 0 | AC73: 0 | AD73: 20 | AE73: 0 | AF73: 0 | AG73: 0 | AH73: 0 | AI73: 0 | AJ73: 0 | AK73: 0 | AL73: 0 | AM73: 0 | AN73: 0 | AO73: 0 | AP73: 0 | AQ73: 0 | AR73: 0 | AS73: 0 | AT73: 0 | AU73: 0 | AV73: 0 | AW73: 0 | AX73: 0 | AY73: 0 | AZ73: 0 | BA73: =+SUM(M73:T73) -> 0 | BB73: =SUM(U73:Z73) -> 0 | BC73: =SUM(AA73:AI73) -> 20 | BD73: =SUM(AJ73:AO73) -> 0 | BE73: =SUM(AP73:AY73) -> 0 | BF73: 0 | BG73: 0 | BH73: 602W
C74: CUM | D74: =E74 -> 3340 | E74: 3340 | F74: =+E74+F73 -> 3340 | G74: =+F74+G73 -> 3340 | H74: =+G74+H73 -> 3340 | I74: =+H74+I73 -> 3340 | J74: =+I74+J73 -> 3340 | K74: =+J74+K73 -> 3340 | L74: =+K74+L73 -> 3340 | M74: =+L74+M73 -> 3340 | ... AO74: =+AN74+AO73 -> 3360 | AP74: =+AG74+AP73 -> 3360 | AQ74: =+AP74+AQ73 -> 3360 | AR74: =+AI74+AR73 -> 3360 | AS74: =+AR74+AS73 -> 3360 | AT74: =+AK74+AT73 -> 3360 | AU74: =+AT74+AU73 -> 3360 | AV74: =+AM74+AV73 -> 3360 | AW74: =+AV74+AW73 -> 3360 | AX74: =+AO74+AX73 -> 3360 | AY74: =+AX74+AY73 -> 3360 | AZ74: 3880 | BA74: =+AZ74+BA73 -> 3880 | BB74: =+BA74+BB73 -> 3880 | BC74: =+BB74+BC73 -> 3900 | BD74: =+BC74+BD73 -> 3900 | BE74: =+BD74+BE73 -> 3900 | BF74: =+BE74+BF73 -> 3900 | BG74: =+BF74+BG73 -> 3900
A75: =A73+1 -> 32 | B75: BC111-11730-3 B 0001 | C75: BC111-11730-3 B 0001 | E75: 0 | F75: 0 | G75: 0 | H75: 0 | I75: 0 | J75: 0 | K75: 0 | L75: 0 | M75: 0 | N75: 0 | O75: 0 | P75: 0 | Q75: 0 | R75: 0 | S75: 0 | T75: 0 | U75: 0 | V75: 0 | W75: 0 | X75: 0 | Y75: 0 | Z75: 0 | AA75: 0 | AB75: 0 | AC75: 0 | AD75: 0 | AE75: 0 | AF75: 0 | AG75: 0 | AH75: 0 | AI75: 0 | AJ75: 0 | AK75: 0 | AL75: 0 | AM75: 0 | AN75: 0 | AO75: 0 | AP75: 0 | AQ75: 0 | AR75: 0 | AS75: 0 | AT75: 0 | AU75: 0 | AV75: 0 | AW75: 0 | AX75: 0 | AY75: 0 | AZ75: 0 | BA75: =+SUM(M75:T75) -> 0 | BB75: =SUM(U75:Z75) -> 0 | BC75: =SUM(AA75:AI75) -> 0 | BD75: =SUM(AJ75:AO75) -> 0 | BE75: =SUM(AP75:AY75) -> 0 | BF75: 0 | BG75: 0 | BH75: 662W
C76: CUM | D76: =E76 -> 380 | E76: 380 | F76: =+E76+F75 -> 380 | G76: =+F76+G75 -> 380 | H76: =+G76+H75 -> 380 | I76: =+H76+I75 -> 380 | J76: =+I76+J75 -> 380 | K76: =+J76+K75 -> 380 | L76: =+K76+L75 -> 380 | M76: =+L76+M75 -> 380 | ... AO76: =+AN76+AO75 -> 380 | AP76: =+AG76+AP75 -> 380 | AQ76: =+AP76+AQ75 -> 380 | AR76: =+AI76+AR75 -> 380 | AS76: =+AR76+AS75 -> 380 | AT76: =+AK76+AT75 -> 380 | AU76: =+AT76+AU75 -> 380 | AV76: =+AM76+AV75 -> 380 | AW76: =+AV76+AW75 -> 380 | AX76: =+AO76+AX75 -> 380 | AY76: =+AX76+AY75 -> 380 | AZ76: 380 | BA76: =+AZ76+BA75 -> 380 | BB76: =+BA76+BB75 -> 380 | BC76: =+BB76+BC75 -> 380 | BD76: =+BC76+BD75 -> 380 | BE76: =+BD76+BE75 -> 380 | BF76: =+BE76+BF75 -> 380 | BG76: =+BF76+BG75 -> 380
A77: =+A75+1 -> 33 | B77: BC111-11810-3 2001 | C77: BC111-11810-3 2001 | E77: 0 | F77: 0 | G77: 0 | H77: 0 | I77: 0 | J77: 0 | K77: 0 | L77: 0 | M77: 0 | N77: 0 | O77: 0 | P77: 0 | Q77: 0 | R77: 0 | S77: 0 | T77: 0 | U77: 0 | V77: 0 | W77: 0 | X77: 0 | Y77: 0 | Z77: 0 | AA77: 0 | AB77: 0 | AC77: 0 | AD77: 20 | AE77: 0 | AF77: 0 | AG77: 0 | AH77: 0 | AI77: 0 | AJ77: 0 | AK77: 0 | AL77: 0 | AM77: 0 | AN77: 0 | AO77: 0 | AP77: 0 | AQ77: 0 | AR77: 0 | AS77: 0 | AT77: 0 | AU77: 0 | AV77: 0 | AW77: 0 | AX77: 0 | AY77: 0 | AZ77: 0 | BA77: =+SUM(M77:T77) -> 0 | BB77: =SUM(U77:Z77) -> 0 | BC77: =SUM(AA77:AI77) -> 20 | BD77: =SUM(AJ77:AO77) -> 0 | BE77: =SUM(AP77:AY77) -> 0 | BF77: 0 | BG77: 20 | BH77: 662W
C78: CUM | D78: =E78 -> 540 | E78: 540 | F78: =+E78+F77 -> 540 | G78: =+F78+G77 -> 540 | H78: =+G78+H77 -> 540 | I78: =+H78+I77 -> 540 | J78: =+I78+J77 -> 540 | K78: =+J78+K77 -> 540 | L78: =+K78+L77 -> 540 | M78: =+L78+M77 -> 540 | ... AO78: =+AN78+AO77 -> 560 | AP78: =+AG78+AP77 -> 560 | AQ78: =+AP78+AQ77 -> 560 | AR78: =+AI78+AR77 -> 560 | AS78: =+AR78+AS77 -> 560 | AT78: =+AK78+AT77 -> 560 | AU78: =+AT78+AU77 -> 560 | AV78: =+AM78+AV77 -> 560 | AW78: =+AV78+AW77 -> 560 | AX78: =+AO78+AX77 -> 560 | AY78: =+AX78+AY77 -> 560 | AZ78: 620 | BA78: =+AZ78+BA77 -> 620 | BB78: =+BA78+BB77 -> 620 | BC78: =+BB78+BC77 -> 640 | BD78: =+BC78+BD77 -> 640 | BE78: =+BD78+BE77 -> 640 | BF78: =+BE78+BF77 -> 640 | BG78: =+BF78+BG77 -> 660
A79: =+A77+1 -> 34 | B79: BC111-1HQ61-1 A 1001 | C79: BC111-1HQ61-1 A 1001 | E79: 320 | F79: 320 | G79: 560 | H79: 520 | I79: 840 | J79: 720 | K79: 1000 | L79: 560 | M79: 680 | N79: 640 | O79: 520 | P79: 600 | Q79: 680 | R79: 520 | S79: 280 | T79: 720 | U79: 640 | V79: 560 | W79: 360 | X79: 600 | Y79: 840 | Z79: 800 | AA79: 1240 | AB79: 560 | AC79: 600 | AD79: 720 | AE79: 480 | AF79: 760 | AG79: 480 | AH79: 880 | AI79: 560 | AJ79: 880 | AK79: 560 | AL79: 840 | AM79: 840 | AN79: 560 | AO79: 560 | AP79: 1080 | AQ79: 560 | AR79: 800 | AS79: 560 | AT79: 520 | AU79: 560 | AV79: 800 | AW79: 560 | AX79: 600 | AY79: 880 | AZ79: 4840 | BA79: =+SUM(M79:T79) -> 4640 | BB79: =SUM(U79:Z79) -> 3800 | BC79: =SUM(AA79:AI79) -> 6280 | BD79: =SUM(AJ79:AO79) -> 4240 | BE79: =SUM(AP79:AY79) -> 6920 | BF79: 6280 | BG79: 5200 | BH79: 891W-892W-899W
C80: CUM | D80: =E80 -> 291080 | E80: 291080 | F80: =+E80+F79 -> 291400 | G80: =+F80+G79 -> 291960 | H80: =+G80+H79 -> 292480 | I80: =+H80+I79 -> 293320 | J80: =+I80+J79 -> 294040 | K80: =+J80+K79 -> 295040 | L80: =+K80+L79 -> 295600 | M80: =+L80+M79 -> 296280 | ... AO80: =+AN80+AO79 -> 314560 | AP80: =+AG80+AP79 -> 309960 | AQ80: =+AP80+AQ79 -> 310520 | AR80: =+AI80+AR79 -> 311120 | AS80: =+AR80+AS79 -> 311680 | AT80: =+AK80+AT79 -> 312280 | AU80: =+AT80+AU79 -> 312840 | AV80: =+AM80+AV79 -> 314240 | AW80: =+AV80+AW79 -> 314800 | AX80: =+AO80+AX79 -> 315160 | AY80: =+AX80+AY79 -> 316040 | AZ80: 345920 | BA80: =+AZ80+BA79 -> 350560 | BB80: =+BA80+BB79 -> 354360 | BC80: =+BB80+BC79 -> 360640 | BD80: =+BC80+BD79 -> 364880 | BE80: =+BD80+BE79 -> 371800 | BF80: =+BE80+BF79 -> 378080 | BG80: =+BF80+BG79 -> 383280
A81: =+A79+1 -> 35 | B81: BC111-1HY10-1 A 1001 | C81: BC111-1HY10-1 A 1001 | E81: 0 | F81: 0 | G81: 0 | H81: 0 | I81: 0 | J81: 0 | K81: 0 | L81: 0 | M81: 0 | N81: 0 | O81: 0 | P81: 0 | Q81: 0 | R81: 0 | S81: 0 | T81: 0 | U81: 0 | V81: 0 | W81: 0 | X81: 0 | Y81: 60 | Z81: 0 | AA81: 60 | AB81: 0 | AC81: 0 | AD81: 0 | AE81: 0 | AF81: 0 | AG81: 0 | AH81: 0 | AI81: 0 | AJ81: 60 | AK81: 0 | AL81: 0 | AM81: 0 | AN81: 0 | AO81: 0 | AP81: 0 | AQ81: 0 | AR81: 60 | AS81: 0 | AT81: 0 | AU81: 0 | AV81: 0 | AW81: 0 | AX81: 0 | AY81: 0 | AZ81: 0 | BA81: =+SUM(M81:T81) -> 0 | BB81: =SUM(U81:Z81) -> 60 | BC81: =SUM(AA81:AI81) -> 60 | BD81: =SUM(AJ81:AO81) -> 60 | BE81: =SUM(AP81:AY81) -> 60 | BF81: 60 | BG81: 60 | BH81: 891W-892W-899W
C82: CUM | D82: =E82 -> 35460 | E82: 35460 | F82: =+E82+F81 -> 35460 | G82: =+F82+G81 -> 35460 | H82: =+G82+H81 -> 35460 | I82: =+H82+I81 -> 35460 | J82: =+I82+J81 -> 35460 | K82: =+J82+K81 -> 35460 | L82: =+K82+L81 -> 35460 | M82: =+L82+M81 -> 35460 | ... AO82: =+AN82+AO81 -> 35640 | AP82: =+AG82+AP81 -> 35580 | AQ82: =+AP82+AQ81 -> 35580 | AR82: =+AI82+AR81 -> 35640 | AS82: =+AR82+AS81 -> 35640 | AT82: =+AK82+AT81 -> 35640 | AU82: =+AT82+AU81 -> 35640 | AV82: =+AM82+AV81 -> 35640 | AW82: =+AV82+AW81 -> 35640 | AX82: =+AO82+AX81 -> 35640 | AY82: =+AX82+AY81 -> 35640 | AZ82: 35520 | BA82: =+AZ82+BA81 -> 35520 | BB82: =+BA82+BB81 -> 35580 | BC82: =+BB82+BC81 -> 35640 | BD82: =+BC82+BD81 -> 35700 | BE82: =+BD82+BE81 -> 35760 | BF82: =+BE82+BF81 -> 35820 | BG82: =+BF82+BG81 -> 35880
A83: =+A81+1 -> 36 | B83: BC111-1HR01-1 0002 | C83: BC111-1HR01-1 0002 | E83: 320 | F83: 400 | G83: 720 | H83: 720 | I83: 1240 | J83: 760 | K83: 800 | L83: 760 | M83: 800 | N83: 800 | O83: 960 | P83: =680+160 -> 840 | Q83: 800 | R83: 640 | S83: 1320 | T83: 840 | U83: 760 | V83: 760 | W83: 640 | X83: =960+80 -> 1040 | Y83: 1000 | Z83: 1120 | AA83: 1240 | AB83: 720 | AC83: 680 | AD83: 840 | AE83: 560 | AF83: 880 | AG83: 560 | AH83: 1080 | AI83: 720 | AJ83: 1120 | AK83: 720 | AL83: 1040 | AM83: 1040 | AN83: 720 | AO83: 680 | AP83: 1440 | AQ83: 680 | AR83: 1000 | AS83: 680 | AT83: 680 | AU83: 680 | AV83: 960 | AW83: 800 | AX83: 800 | AY83: 1200 | AZ83: 5720 | BA83: =+SUM(M83:T83) -> 7000 | BB83: =SUM(U83:Z83) -> 5320 | BC83: =SUM(AA83:AI83) -> 7280 | BD83: =SUM(AJ83:AO83) -> 5320 | BE83: =SUM(AP83:AY83) -> 8920 | BF83: 8440 | BG83: 7040 | BH83: 891W-892W-899W
C84: CUM | D84: =E84 -> 407520 | E84: 407520 | F84: =+E84+F83 -> 407920 | G84: =+F84+G83 -> 408640 | H84: =+G84+H83 -> 409360 | I84: =+H84+I83 -> 410600 | J84: =+I84+J83 -> 411360 | K84: =+J84+K83 -> 412160 | L84: =+K84+L83 -> 412920 | M84: =+L84+M83 -> 413720 | ... AO84: =+AN84+AO83 -> 437840 | AP84: =+AG84+AP83 -> 432160 | AQ84: =+AP84+AQ83 -> 432840 | AR84: =+AI84+AR83 -> 433520 | AS84: =+AR84+AS83 -> 434200 | AT84: =+AK84+AT83 -> 435040 | AU84: =+AT84+AU83 -> 435720 | AV84: =+AM84+AV83 -> 437400 | AW84: =+AV84+AW83 -> 438200 | AX84: =+AO84+AX83 -> 438640 | AY84: =+AX84+AY83 -> 439840 | AZ84: 480360 | BA84: =+AZ84+BA83 -> 487360 | BB84: =+BA84+BB83 -> 492680 | BC84: =+BB84+BC83 -> 499960 | BD84: =+BC84+BD83 -> 505280 | BE84: =+BD84+BE83 -> 514200 | BF84: =+BE84+BF83 -> 522640 | BG84: =+BF84+BG83 -> 529680
A85: =+A83+1 -> 37 | B85: BC111-5A843-2 0001 | C85: BC111-5A843-2 0001 | E85: 0 | F85: 0 | G85: 0 | H85: 0 | I85: 0 | J85: 0 | K85: 0 | L85: 0 | M85: 0 | N85: 0 | O85: 0 | P85: 0 | Q85: 0 | R85: 0 | S85: 0 | T85: 0 | U85: 0 | V85: 0 | W85: 0 | X85: 0 | Y85: 0 | Z85: 0 | AA85: 0 | AB85: 0 | AC85: 0 | AD85: 20 | AE85: 0 | AF85: 0 | AG85: 0 | AH85: 20 | AI85: 0 | AJ85: 0 | AK85: 0 | AL85: 0 | AM85: 0 | AN85: 0 | AO85: 0 | AP85: 0 | AQ85: 0 | AR85: 0 | AS85: 0 | AT85: 0 | AU85: 0 | AV85: 0 | AW85: 0 | AX85: 0 | AY85: 0 | AZ85: 0 | BA85: =+SUM(M85:T85) -> 0 | BB85: =SUM(U85:Z85) -> 0 | BC85: =SUM(AA85:AI85) -> 40 | BD85: =SUM(AJ85:AO85) -> 0 | BE85: =SUM(AP85:AY85) -> 0 | BF85: 0 | BG85: 0 | BH85: 819W(566D) 819W(566D)
C86: CUM | D86: =E86 -> 771 | E86: 771 | F86: =+E86+F85 -> 771 | G86: =+F86+G85 -> 771 | H86: =+G86+H85 -> 771 | I86: =+H86+I85 -> 771 | J86: =+I86+J85 -> 771 | K86: =+J86+K85 -> 771 | L86: =+K86+L85 -> 771 | M86: =+L86+M85 -> 771 | ... AO86: =+AN86+AO85 -> 811 | AP86: =+AG86+AP85 -> 791 | AQ86: =+AP86+AQ85 -> 791 | AR86: =+AI86+AR85 -> 811 | AS86: =+AR86+AS85 -> 811 | AT86: =+AK86+AT85 -> 811 | AU86: =+AT86+AU85 -> 811 | AV86: =+AM86+AV85 -> 811 | AW86: =+AV86+AW85 -> 811 | AX86: =+AO86+AX85 -> 811 | AY86: =+AX86+AY85 -> 811 | AZ86: 891 | BA86: =+AZ86+BA85 -> 891 | BB86: =+BA86+BB85 -> 891 | BC86: =+BB86+BC85 -> 931 | BD86: =+BC86+BD85 -> 931 | BE86: =+BD86+BE85 -> 931 | BF86: =+BE86+BF85 -> 931 | BG86: =+BF86+BG85 -> 931
A87: =+A85+1 -> 38 | B87: BC111-5A883-2 0001 | C87: BC111-5A883-2 0001 | E87: 20 | F87: 0 | G87: 0 | H87: 0 | I87: 20 | J87: 0 | K87: 0 | L87: 0 | M87: 20 | N87: 0 | O87: 0 | P87: 0 | Q87: 0 | R87: 0 | S87: 0 | T87: 0 | U87: 0 | V87: 20 | W87: 0 | X87: 0 | Y87: 0 | Z87: 20 | AA87: 0 | AB87: 0 | AC87: 20 | AD87: 20 | AE87: 0 | AF87: 0 | AG87: 0 | AH87: 20 | AI87: 0 | AJ87: 0 | AK87: 0 | AL87: 0 | AM87: 20 | AN87: 0 | AO87: 0 | AP87: 0 | AQ87: 0 | AR87: 0 | AS87: 0 | AT87: 0 | AU87: 0 | AV87: 0 | AW87: 0 | AX87: 0 | AY87: 0 | AZ87: 40 | BA87: =+SUM(M87:T87) -> 20 | BB87: =SUM(U87:Z87) -> 40 | BC87: =SUM(AA87:AI87) -> 60 | BD87: =SUM(AJ87:AO87) -> 20 | BE87: =SUM(AP87:AY87) -> 0 | BF87: 0 | BG87: 0 | BH87: 819W(566D) 819W(566D)
C88: CUM | D88: =E88 -> 1397 | E88: 1397 | F88: =+E88+F87 -> 1397 | G88: =+F88+G87 -> 1397 | H88: =+G88+H87 -> 1397 | I88: =+H88+I87 -> 1417 | J88: =+I88+J87 -> 1417 | K88: =+J88+K87 -> 1417 | L88: =+K88+L87 -> 1417 | M88: =+L88+M87 -> 1437 | ... AO88: =+AN88+AO87 -> 1557 | AP88: =+AG88+AP87 -> 1517 | AQ88: =+AP88+AQ87 -> 1517 | AR88: =+AI88+AR87 -> 1537 | AS88: =+AR88+AS87 -> 1537 | AT88: =+AK88+AT87 -> 1537 | AU88: =+AT88+AU87 -> 1537 | AV88: =+AM88+AV87 -> 1557 | AW88: =+AV88+AW87 -> 1557 | AX88: =+AO88+AX87 -> 1557 | AY88: =+AX88+AY87 -> 1557 | AZ88: 1797 | BA88: =+AZ88+BA87 -> 1817 | BB88: =+BA88+BB87 -> 1857 | BC88: =+BB88+BC87 -> 1917 | BD88: =+BC88+BD87 -> 1937 | BE88: =+BD88+BE87 -> 1937 | BF88: =+BE88+BF87 -> 1937 | BG88: =+BF88+BG87 -> 1937
A89: =+A87+1 -> 39 | B89: BC111-16P60-1 0001 | C89: BC111-16P60-1 0001 | E89: 40 | F89: 60 | G89: 300 | H89: 160 | I89: 280 | J89: 260 | K89: 340 | L89: 240 | M89: 300 | N89: 260 | O89: 260 | P89: 280 | Q89: 220 | R89: 220 | S89: 0 | T89: 200 | U89: =120+220 -> 340 | V89: 180 | W89: 200 | X89: 240 | Y89: =600+140 -> 740 | Z89: 360 | AA89: 420 | AB89: 60 | AC89: 160 | AD89: 220 | AE89: 140 | AF89: 240 | AG89: 140 | AH89: 280 | AI89: 200 | AJ89: 280 | AK89: 200 | AL89: 260 | AM89: 280 | AN89: 180 | AO89: 200 | AP89: 400 | AQ89: 200 | AR89: 300 | AS89: 200 | AT89: 180 | AU89: 200 | AV89: 300 | AW89: 140 | AX89: 160 | AY89: 220 | AZ89: 1680 | BA89: =+SUM(M89:T89) -> 1740 | BB89: =SUM(U89:Z89) -> 2060 | BC89: =SUM(AA89:AI89) -> 1860 | BD89: =SUM(AJ89:AO89) -> 1400 | BE89: =SUM(AP89:AY89) -> 2300 | BF89: 1560 | BG89: 1280 | BH89: 059J(567D) 060J(568D)
C90: CUM | D90: =E90 -> 23960 | E90: 23960 | F90: =+E90+F89 -> 24020 | G90: =+F90+G89 -> 24320 | H90: =+G90+H89 -> 24480 | I90: =+H90+I89 -> 24760 | J90: =+I90+J89 -> 25020 | K90: =+J90+K89 -> 25360 | L90: =+K90+L89 -> 25600 | M90: =+L90+M89 -> 25900 | ... AO90: =+AN90+AO89 -> 32660 | AP90: =+AG90+AP89 -> 31180 | AQ90: =+AP90+AQ89 -> 31380 | AR90: =+AI90+AR89 -> 31560 | AS90: =+AR90+AS89 -> 31760 | AT90: =+AK90+AT89 -> 31920 | AU90: =+AT90+AU89 -> 32120 | AV90: =+AM90+AV89 -> 32580 | AW90: =+AV90+AW89 -> 32720 | AX90: =+AO90+AX89 -> 32820 | AY90: =+AX90+AY89 -> 33040 | AZ90: 44400 | BA90: =+AZ90+BA89 -> 46140 | BB90: =+BA90+BB89 -> 48200 | BC90: =+BB90+BC89 -> 50060 | BD90: =+BC90+BD89 -> 51460 | BE90: =+BD90+BE89 -> 53760 | BF90: =+BE90+BF89 -> 55320 | BG90: =+BF90+BG89 -> 56600
A91: =+A89+1 -> 40 | B91: BC111-16J40-1 0001 | C91: BC111-16J40-1 0001 | E91: 80 | F91: 0 | G91: 800 | H91: 560 | I91: 760 | J91: 680 | K91: 760 | L91: 640 | M91: 800 | N91: 720 | O91: 600 | P91: 640 | Q91: 600 | R91: 560 | S91: 360 | T91: 920 | U91: 720 | V91: 720 | W91: 720 | X91: 760 | Y91: 880 | Z91: 720 | AA91: 400 | AB91: 320 | AC91: 440 | AD91: 600 | AE91: 440 | AF91: 600 | AG91: 360 | AH91: 760 | AI91: 520 | AJ91: 760 | AK91: 480 | AL91: 720 | AM91: 720 | AN91: 480 | AO91: 520 | AP91: 1000 | AQ91: 480 | AR91: 720 | AS91: 520 | AT91: 480 | AU91: 480 | AV91: 720 | AW91: 360 | AX91: 400 | AY91: 600 | AZ91: 4280 | BA91: =+SUM(M91:T91) -> 5200 | BB91: =SUM(U91:Z91) -> 4520 | BC91: =SUM(AA91:AI91) -> 4440 | BD91: =SUM(AJ91:AO91) -> 3680 | BE91: =SUM(AP91:AY91) -> 5760 | BF91: 3960 | BG91: 3200 | BH91: 059J(567D) 060J(568D)
C92: CUM | D92: =E92 -> 68250 | E92: 68250 | F92: =+E92+F91 -> 68250 | G92: =+F92+G91 -> 69050 | H92: =+G92+H91 -> 69610 | I92: =+H92+I91 -> 70370 | J92: =+I92+J91 -> 71050 | K92: =+J92+K91 -> 71810 | L92: =+K92+L91 -> 72450 | M92: =+L92+M91 -> 73250 | ... AO92: =+AN92+AO91 -> 90290 | AP92: =+AG92+AP91 -> 86330 | AQ92: =+AP92+AQ91 -> 86810 | AR92: =+AI92+AR91 -> 87330 | AS92: =+AR92+AS91 -> 87850 | AT92: =+AK92+AT91 -> 88330 | AU92: =+AT92+AU91 -> 88810 | AV92: =+AM92+AV91 -> 90010 | AW92: =+AV92+AW91 -> 90370 | AX92: =+AO92+AX91 -> 90690 | AY92: =+AX92+AY91 -> 91290 | AZ92: 123450 | BA92: =+AZ92+BA91 -> 128650 | BB92: =+BA92+BB91 -> 133170 | BC92: =+BB92+BC91 -> 137610 | BD92: =+BC92+BD91 -> 141290 | BE92: =+BD92+BE91 -> 147050 | BF92: =+BE92+BF91 -> 151010 | BG92: =+BF92+BG91 -> 154210
A93: =+A91+1 -> 41 | B93: BC111-16R30-1 0001 | C93: BC111-16R30-1 0001 | E93: 400 | F93: 280 | G93: 0 | H93: 0 | I93: 0 | J93: 200 | K93: 240 | L93: 280 | M93: 280 | N93: 320 | O93: 320 | P93: 320 | Q93: 360 | R93: 280 | S93: 280 | T93: 440 | U93: 440 | V93: 360 | W93: 320 | X93: 360 | Y93: 400 | Z93: 280 | AA93: 0 | AB93: 0 | AC93: 120 | AD93: 240 | AE93: 200 | AF93: 280 | AG93: 200 | AH93: 360 | AI93: 240 | AJ93: 320 | AK93: 240 | AL93: 360 | AM93: 320 | AN93: 240 | AO93: 240 | AP93: 480 | AQ93: 240 | AR93: 360 | AS93: 240 | AT93: 240 | AU93: 240 | AV93: 320 | AW93: 200 | AX93: 200 | AY93: 240 | AZ93: 1400 | BA93: =+SUM(M93:T93) -> 2600 | BB93: =SUM(U93:Z93) -> 2160 | BC93: =SUM(AA93:AI93) -> 1640 | BD93: =SUM(AJ93:AO93) -> 1720 | BE93: =SUM(AP93:AY93) -> 2760 | BF93: 1920 | BG93: 1560 | BH93: 060J(568D)
C94: CUM | D94: =E94 -> 48820 | E94: 48820 | F94: =+E94+F93 -> 49100 | G94: =+F94+G93 -> 49100 | H94: =+G94+H93 -> 49100 | I94: =+H94+I93 -> 49100 | J94: =+I94+J93 -> 49300 | K94: =+J94+K93 -> 49540 | L94: =+K94+L93 -> 49820 | M94: =+L94+M93 -> 50100 | ... AO94: =+AN94+AO93 -> 57940 | AP94: =+AG94+AP93 -> 56100 | AQ94: =+AP94+AQ93 -> 56340 | AR94: =+AI94+AR93 -> 56580 | AS94: =+AR94+AS93 -> 56820 | AT94: =+AK94+AT93 -> 57020 | AU94: =+AT94+AU93 -> 57260 | AV94: =+AM94+AV93 -> 57780 | AW94: =+AV94+AW93 -> 57980 | AX94: =+AO94+AX93 -> 58140 | AY94: =+AX94+AY93 -> 58380 | AZ94: 81740 | BA94: =+AZ94+BA93 -> 84340 | BB94: =+BA94+BB93 -> 86500 | BC94: =+BB94+BC93 -> 88140 | BD94: =+BC94+BD93 -> 89860 | BE94: =+BD94+BE93 -> 92620 | BF94: =+BE94+BF93 -> 94540 | BG94: =+BF94+BG93 -> 96100
A95: =+A93+1 -> 42 | B95: BC111-16R90-1 0001 | C95: BC111-16R90-1 0001 | E95: 240 | F95: 160 | G95: 0 | H95: 0 | I95: 0 | J95: 0 | K95: 0 | L95: 60 | M95: 200 | N95: 180 | O95: 100 | P95: =140+180 -> 320 | Q95: 200 | R95: 140 | S95: 260 | T95: 280 | U95: =20+500 -> 520 | V95: 100 | W95: 40 | X95: 120 | Y95: 940 | Z95: 200 | AA95: 0 | AB95: 0 | AC95: 0 | AD95: 140 | AE95: 120 | AF95: 200 | AG95: 120 | AH95: 240 | AI95: 160 | AJ95: 240 | AK95: 160 | AL95: 240 | AM95: 220 | AN95: 160 | AO95: 160 | AP95: 320 | AQ95: 160 | AR95: 240 | AS95: 140 | AT95: 160 | AU95: 140 | AV95: 220 | AW95: 140 | AX95: 120 | AY95: 180 | AZ95: 460 | BA95: =+SUM(M95:T95) -> 1680 | BB95: =SUM(U95:Z95) -> 1920 | BC95: =SUM(AA95:AI95) -> 980 | BD95: =SUM(AJ95:AO95) -> 1180 | BE95: =SUM(AP95:AY95) -> 1820 | BF95: 1220 | BG95: 980 | BH95: 060J(568D) 060J(568D)
C96: CUM | D96: =E96 -> 23430 | E96: 23430 | F96: =+E96+F95 -> 23590 | G96: =+F96+G95 -> 23590 | H96: =+G96+H95 -> 23590 | I96: =+H96+I95 -> 23590 | J96: =+I96+J95 -> 23590 | K96: =+J96+K95 -> 23590 | L96: =+K96+L95 -> 23650 | M96: =+L96+M95 -> 23850 | ... AO96: =+AN96+AO95 -> 29410 | AP96: =+AG96+AP95 -> 28150 | AQ96: =+AP96+AQ95 -> 28310 | AR96: =+AI96+AR95 -> 28470 | AS96: =+AR96+AS95 -> 28610 | AT96: =+AK96+AT95 -> 28790 | AU96: =+AT96+AU95 -> 28930 | AV96: =+AM96+AV95 -> 29310 | AW96: =+AV96+AW95 -> 29450 | AX96: =+AO96+AX95 -> 29530 | AY96: =+AX96+AY95 -> 29710 | AZ96: 37110 | BA96: =+AZ96+BA95 -> 38790 | BB96: =+BA96+BB95 -> 40710 | BC96: =+BB96+BC95 -> 41690 | BD96: =+BC96+BD95 -> 42870 | BE96: =+BD96+BE95 -> 44690 | BF96: =+BE96+BF95 -> 45910 | BG96: =+BF96+BG95 -> 46890
A97: =+A95+1 -> 43 | B97: BC111-5AC33-2 0001 | C97: BC111-5AC33-2 0001 | E97: 0 | F97: 0 | G97: 20 | H97: 0 | I97: 20 | J97: 0 | K97: 0 | L97: 0 | M97: 0 | N97: 0 | O97: 0 | P97: 0 | Q97: 0 | R97: 0 | S97: 40 | T97: 0 | U97: 0 | V97: 0 | W97: 0 | X97: 0 | Y97: 0 | Z97: 0 | AA97: 20 | AB97: 0 | AC97: 0 | AD97: 20 | AE97: 0 | AF97: 0 | AG97: 0 | AH97: 0 | AI97: 0 | AJ97: 0 | AK97: 0 | AL97: 0 | AM97: 0 | AN97: 0 | AO97: 20 | AP97: 0 | AQ97: 0 | AR97: 0 | AS97: 0 | AT97: 0 | AU97: 0 | AV97: 0 | AW97: 0 | AX97: 0 | AY97: 0 | AZ97: 40 | BA97: =+SUM(M97:T97) -> 40 | BB97: =SUM(U97:Z97) -> 0 | BC97: =SUM(AA97:AI97) -> 40 | BD97: =SUM(AJ97:AO97) -> 20 | BE97: =SUM(AP97:AY97) -> 0 | BF97: 0 | BG97: 0 | BH97: 819W(566D)
C98: CUM | D98: =E98 -> 1832 | E98: 1832 | F98: =+E98+F97 -> 1832 | G98: =+F98+G97 -> 1852 | H98: =+G98+H97 -> 1852 | I98: =+H98+I97 -> 1872 | J98: =+I98+J97 -> 1872 | K98: =+J98+K97 -> 1872 | L98: =+K98+L97 -> 1872 | M98: =+L98+M97 -> 1872 | ... AO98: =+AN98+AO97 -> 1972 | AP98: =+AG98+AP97 -> 1952 | AQ98: =+AP98+AQ97 -> 1952 | AR98: =+AI98+AR97 -> 1952 | AS98: =+AR98+AS97 -> 1952 | AT98: =+AK98+AT97 -> 1952 | AU98: =+AT98+AU97 -> 1952 | AV98: =+AM98+AV97 -> 1952 | AW98: =+AV98+AW97 -> 1952 | AX98: =+AO98+AX97 -> 1972 | AY98: =+AX98+AY97 -> 1972 | AZ98: 2172 | BA98: =+AZ98+BA97 -> 2212 | BB98: =+BA98+BB97 -> 2212 | BC98: =+BB98+BC97 -> 2252 | BD98: =+BC98+BD97 -> 2272 | BE98: =+BD98+BE97 -> 2272 | BF98: =+BE98+BF97 -> 2272 | BG98: =+BF98+BG97 -> 2272
A99: =+A97+1 -> 44 | B99: BC111-5AA03-2 0001 | C99: BC111-5AA03-2 0001 | E99: 0 | F99: 0 | G99: 0 | H99: 0 | I99: 0 | J99: 0 | K99: 0 | L99: 20 | M99: 0 | N99: 0 | O99: 20 | P99: 0 | Q99: 0 | R99: 0 | S99: 0 | T99: 0 | U99: 0 | V99: 20 | W99: 0 | X99: 0 | Y99: 0 | Z99: 0 | AA99: 0 | AB99: 0 | AC99: 20 | AD99: 20 | AE99: 0 | AF99: 0 | AG99: 0 | AH99: 20 | AI99: 0 | AJ99: 0 | AK99: 0 | AL99: 0 | AM99: 20 | AN99: 0 | AO99: 0 | AP99: 0 | AQ99: 0 | AR99: 0 | AS99: 0 | AT99: 0 | AU99: 0 | AV99: 0 | AW99: 0 | AX99: 0 | AY99: 0 | AZ99: 20 | BA99: =+SUM(M99:T99) -> 20 | BB99: =SUM(U99:Z99) -> 20 | BC99: =SUM(AA99:AI99) -> 60 | BD99: =SUM(AJ99:AO99) -> 20 | BE99: =SUM(AP99:AY99) -> 0 | BF99: 0 | BG99: 0 | BH99: 819W(566D)
C100: CUM | D100: =E100 -> 1442 | E100: 1442 | F100: =+E100+F99 -> 1442 | G100: =+F100+G99 -> 1442 | H100: =+G100+H99 -> 1442 | I100: =+H100+I99 -> 1442 | J100: =+I100+J99 -> 1442 | K100: =+J100+K99 -> 1442 | L100: =+K100+L99 -> 1462 | M100: =+L100+M99 -> 1462 | ... AO100: =+AN100+AO99 -> 1582 | AP100: =+AG100+AP99 -> 1542 | AQ100: =+AP100+AQ99 -> 1542 | AR100: =+AI100+AR99 -> 1562 | AS100: =+AR100+AS99 -> 1562 | AT100: =+AK100+AT99 -> 1562 | AU100: =+AT100+AU99 -> 1562 | AV100: =+AM100+AV99 -> 1582 | AW100: =+AV100+AW99 -> 1582 | AX100: =+AO100+AX99 -> 1582 | AY100: =+AX100+AY99 -> 1582 | AZ100: 1842 | BA100: =+AZ100+BA99 -> 1862 | BB100: =+BA100+BB99 -> 1882 | BC100: =+BB100+BC99 -> 1942 | BD100: =+BC100+BD99 -> 1962 | BE100: =+BD100+BE99 -> 1962 | BF100: =+BE100+BF99 -> 1962 | BG100: =+BF100+BG99 -> 1962
A101: =+A99+1 -> 45 | B101: JN111-62064-1 0001 | C101: JN111-62064-1 0001 | E101: 0 | F101: 0 | G101: 0 | H101: 0 | I101: 0 | J101: 0 | K101: 0 | L101: 0 | M101: 0 | N101: 0 | O101: 0 | P101: 0 | Q101: 0 | R101: 0 | S101: 0 | T101: 0 | U101: 0 | V101: 0 | W101: 0 | X101: 0 | Y101: 0 | Z101: 0 | AA101: 0 | AB101: 0 | AC101: 0 | AD101: 0 | AE101: 0 | AF101: 0 | AG101: 0 | AH101: 0 | AI101: 0 | AJ101: 0 | AK101: 0 | AL101: 0 | AM101: 0 | AN101: 0 | AO101: 0 | AP101: 0 | AQ101: 0 | AR101: 0 | AS101: 0 | AT101: 0 | AU101: 0 | AV101: 0 | AW101: 0 | AX101: 0 | AY101: 0 | AZ101: 0 | BA101: =+SUM(M101:T101) -> 0 | BB101: =SUM(U101:Z101) -> 0 | BC101: =SUM(AA101:AI101) -> 0 | BD101: =SUM(AJ101:AO101) -> 0 | BE101: =SUM(AP101:AY101) -> 0 | BF101: 0 | BG101: 0 | BH101: 077J (541D)
...

Sheet Sheet2
C4: PART NUMBER | D4: JL51121 | E4: JL51122
D5: 45972 | E5: 45973
D6: Req Advance 07-11-25
D7: QTY | E7: QTY
C8: BC121-35G90-1 D 0001 | D8: 200 | E8: 120
C9: BC111-1HR01-1 0002 | D9: 1360 | E9: 0

Sheet QTY PACKING
A1: No. | B1: PART NUMBER | C1: MOQ | D1: JL60321 | E1: JL60322
A3: 1 | B3: JN111-62063-3 0002 | C3: 40 | D3: =+VLOOKUP($B3,'List Order'!$B$13:$X$124,22,0)/$C3 -> 0 | E3: =+VLOOKUP($B3,'List Order'!$B$13:$X$124,23,0)/$C3 -> 0
A4: 2 | B4: JN111-62063-4 0002 | C4: 50 | D4: =+VLOOKUP($B4,'List Order'!$B$13:$X$124,22,0)/$C4 -> 0 | E4: =+VLOOKUP($B4,'List Order'!$B$13:$X$124,23,0)/$C4 -> 0
A5: 3 | B5: JN111-62093-3 0002 | C5: 50 | D5: =+VLOOKUP($B5,'List Order'!$B$13:$X$124,22,0)/$C5 -> 0 | E5: =+VLOOKUP($B5,'List Order'!$B$13:$X$124,23,0)/$C5 -> 0
A6: 4 | B6: JN111-62093-4 0002 | C6: 50 | D6: =+VLOOKUP($B6,'List Order'!$B$13:$X$124,22,0)/$C6 -> 0 | E6: =+VLOOKUP($B6,'List Order'!$B$13:$X$124,23,0)/$C6 -> 0
A7: 5 | B7: BC121-6B220-1 B 0001 | C7: 80 | D7: =+VLOOKUP($B7,'List Order'!$B$13:$X$124,22,0)/$C7 -> 2 | E7: =+VLOOKUP($B7,'List Order'!$B$13:$X$124,23,0)/$C7 -> 4
A8: 6 | B8: BC121-6B230-1 C 0001 | C8: 30 | D8: =+VLOOKUP($B8,'List Order'!$B$13:$X$124,22,0)/$C8 -> 0 | E8: =+VLOOKUP($B8,'List Order'!$B$13:$X$124,23,0)/$C8 -> 0
A9: 7 | B9: BC121-6B250-1 B 0001 | C9: 30 | D9: =+VLOOKUP($B9,'List Order'!$B$13:$X$124,22,0)/$C9 -> 0 | E9: =+VLOOKUP($B9,'List Order'!$B$13:$X$124,23,0)/$C9 -> 0
A10: 8 | B10: BC121-6B260-1 B 0001 | C10: 20 | D10: =+VLOOKUP($B10,'List Order'!$B$13:$X$124,22,0)/$C10 -> 22 | E10: =+VLOOKUP($B10,'List Order'!$B$13:$X$124,23,0)/$C10 -> 20
A11: 9 | B11: BC121-6B370-1 B 0001 | C11: 30 | D11: =+VLOOKUP($B11,'List Order'!$B$13:$X$124,22,0)/$C11 -> 13 | E11: =+VLOOKUP($B11,'List Order'!$B$13:$X$124,23,0)/$C11 -> 16
A12: 10 | B12: BC121-6B370-2 B 0001 | C12: 30 | D12: =+VLOOKUP($B12,'List Order'!$B$13:$X$124,22,0)/$C12 -> 13 | E12: =+VLOOKUP($B12,'List Order'!$B$13:$X$124,23,0)/$C12 -> 16
A13: 11 | B13: BC121-6AM60-1 C 0001 | C13: 20 | D13: =+VLOOKUP($B13,'List Order'!$B$13:$X$124,22,0)/$C13 -> 0 | E13: =+VLOOKUP($B13,'List Order'!$B$13:$X$124,23,0)/$C13 -> 0
A14: 12 | B14: BC121-35G70-1 D 0001 | C14: 30 | D14: =+VLOOKUP($B14,'List Order'!$B$13:$X$124,22,0)/$C14 -> 18 | E14: =+VLOOKUP($B14,'List Order'!$B$13:$X$124,23,0)/$C14 -> 18
... A58: 56 | B58: BC111-1KU50-2 0001 | C58: 60 | D58: =+VLOOKUP($B58,'List Order'!$B$13:$X$124,22,0)/$C58 -> 0 | E58: =+VLOOKUP($B58,'List Order'!$B$13:$X$124,23,0)/$C58 -> 0
B59: Total Box | D59: =+SUM(D3:D58) -> #N/A | E59: =+SUM(E3:E58) -> #N/A
B60: Total Pallet | D60: =+D59/20 -> #N/A | E60: =+E59/20 -> #N/A

Sheet Sheet1
C4: PART NUMBER | D4: QTY
C5: BC121-6B260-1 B 0001 | D5: 120
C6: BC111-2FE72-2 F 0201 | D6: 100
C7: DC111-2FK53 F 0201 | D7: 80
C8: BC111-V3891-6 B 0201 | D8: 20
C12: JN111-62063-3 0002 | D12: 14PL | F12: BC111-5DR50-1 B 0001
C13: JN111-62063-4 0002 | D13: 14PL | F13: BC111-5DR50-2 B 0001
C14: JN111-62093-3 0002 | D14: 14PL | F14: BC111-1HY10-2 A 1001
C15: JN111-62093-4 0002 | D15: 14PL
C16: BC111-62092-2 B 1001 | D16: 14PL
C17: BC111-62062-2 B 1001 | D17: 14PL
C18: BC111-11730-3 B 0001 | D18: 14PL
C19: BC111-11810-3 2001 | D19: 14PL
C20: BC111-5A843-2 0001 | D20: 14PL
C21: BC111-5A883-2 0001 | D21: 14PL
C22: BC111-5AC33-2 0001 | D22: 14PL
C23: BC111-5AA03-2 0001 | D23: 14PL
C24: JN111-62064-1 0001 | D24: 14PL
C25: JN111-62064-3 0001 | D25: 14PL
C26: JN111-62215-1 0001 | D26: 14PL
... C29: BC111-62215-2 0001 | D29: 14PL
