Workbook

Sheet Sheet1

Sheet XXXXXX

Sheet XXXXXXXX

Sheet XXXXXXXXXX

Sheet XXXXXXXXX0

Sheet QTY 
I1: SIX MONTH PRODUCTION PLAN ( QTY ) | AB1: CHECKED
A2: S/R NO : | I2: BC120D
A3: FAX NO : EMAIL | I3: 46082 | AG3: AS400
A4: DATE : | B4: =+NOW() -> 46094.693 | J4: ACT
D5: 1 | E5: 1 | F5: =+E5+1 -> 2 | G5: =+F5+1 -> 3 | H5: =+G5+1 -> 4 | I5: =+H5+1 -> 5 | J5: =+I5+1 -> 6 | K5: =+J5+1 -> 7 | L5: =+K5+1 -> 8 | M5: =+L5+1 -> 9 | ... Y5: =+X5+1 -> 21
A6: TYPE | D6: HARNESS No. | E6: HARNESS No. | G6: UMH | H6: UMH (Jan-Jun)2012 | I6: FEB | L6: MAR | O6: APR | R6: MAY | U6: JUN | X6: JUL | AA6: AUG | AD6: BAL
I7: =VLOOKUP(I6,[1]Calender!$A$386:$I$455,9,0) -> 01/FEB ~ 28/FEB | L7: =VLOOKUP(L6,[1]Calender!$A$386:$I$455,9,0) -> 01/MAR ~ 31/MAR | O7: =VLOOKUP(O6,[1]Calender!$A$386:$I$455,9,0) -> 01/APR ~ 29/APR | R7: =VLOOKUP(R6,[1]Calender!$A$386:$I$455,9,0) -> 02/MAY ~ 31/MAY | U7: =VLOOKUP(U6,[1]Calender!$A$386:$I$455,9,0) -> 01/JUN ~ 30/JUN | X7: =VLOOKUP(X6,[1]Calender!$A$386:$I$455,9,0) -> 01/JUL ~ 29/JUL | AA7: =VLOOKUP(AA6,[1]Calender!$A$386:$I$455,9,0) -> 01/AUG ~ 26/AUG | AG7: 5 | AH7: 4 | AI7: 4 | AJ7: 5 | AK7: 4
I8: BAL | J8: DEL | K8: PROD | L8: BAL | M8: DEL | N8: PROD | O8: BAL | P8: DEL | Q8: PROD | R8: BAL | S8: DEL | T8: PROD | U8: BAL | V8: DEL | W8: PROD | X8: BAL | Y8: DEL | Z8: PROD | AA8: BAL | AB8: DEL | AC8: PROD | AG8: =O6 -> APR | AH8: =R6 -> MAY | AI8: =U6:U6 -> JUN | AJ8: =X6 -> JUL | AK8: =AA6 -> AUG
B9: BC121-6B370-1 | C9: 1 | D9: GBEG67030 | E9: BC121-6B370-1 B 0001 | F9: 120D | G9: =VLOOKUP($E9,'[2]UMH Monthly'!$D$4:$V$510,19,0) -> 0.015695 | I9: 0 | J9: 3300 | K9: 3300 | L9: =I9+K9-J9 -> 0 | M9: =VLOOKUP($E9,[3]Sheet1!$B$8:$AF$147,13,0) -> 3360 | N9: =IF(L9>M9,0,M9-L9) -> 3360 | O9: =L9+N9-M9 -> 0 | P9: =VLOOKUP($E9,[3]Sheet1!$B$8:$AF$461,19,0) -> 2520 | Q9: =IF(O9>P9,0,P9-O9) -> 2520 | R9: =O9+Q9-P9 -> 0 | S9: =VLOOKUP($E9,[3]Sheet1!$B$8:$AF$461,25,0) -> 1950 | T9: =IF(R9>S9,0,S9-R9) -> 1950 | U9: =R9+T9-S9 -> 0 | V9: =VLOOKUP($E9,[3]Sheet1!$B$8:$BF$461,31,0) -> 2550 | W9: =IF(U9>V9,0,V9-U9) -> 2550 | X9: =U9+W9-V9 -> 0 | Y9: =VLOOKUP($E9,[3]Sheet1!$B$8:$BF$461,37,0) -> 2940 | Z9: =IF(X9>Y9,0,Y9-X9) -> 2940 | AA9: =X9+Z9-Y9 -> 0 | AB9: =+Y9 -> 2940 | AC9: =IF(AA9>AB9,0,AB9-AA9) -> 2940 | AD9: =+AA9+AC9-AB9 -> 0 | AE9: GBEG-67030A | AF9: =+AB9+Y9+V9+S9+P9+M9+J9 -> 19560 | AG9: =ROUNDUP((Q9/$AG$7),0) -> 504 | AH9: =ROUNDUP((T9/$AH$7),0) -> 488 | AI9: =ROUNDUP((W9/$AI$7),0) -> 638 | AJ9: =ROUNDUP((Z9/$AJ$7),0) -> 588 | AK9: =ROUNDUP((AC9/$AK$7),0) -> 735 | AL9: =+#REF!+1 -> #REF! | AM9: =AG9*AG$7 -> 2520 | AN9: =AH9*AH$7 -> 1952 | AO9: =AI9*AI$7 -> 2552 | AP9: =AJ9*AJ$7 -> 2940 | AQ9: =AK9*AK$7 -> 2940 | AR9: =VLOOKUP(E9,'[4]DATA SR'!$D$79:$D$238,1,2) -> #N/A | AS9: BC121-6B370-1 B 0001
B10: BC121-6B370-2 | C10: =C9+1 -> 2 | D10: GBEG67030 | E10: BC121-6B370-2 B 0001 | F10: 120D | G10: =VLOOKUP($E10,'[2]UMH Monthly'!$D$4:$V$510,19,0) -> 0.015746667 | I10: 0 | J10: 3270 | K10: 3270 | L10: =I10+K10-J10 -> 0 | M10: =VLOOKUP($E10,[3]Sheet1!$B$8:$AF$147,13,0) -> 3360 | N10: =IF(L10>M10,0,M10-L10) -> 3360 | O10: =L10+N10-M10 -> 0 | P10: =VLOOKUP($E10,[3]Sheet1!$B$8:$AF$461,19,0) -> 2520 | Q10: =IF(O10>P10,0,P10-O10) -> 2520 | R10: =O10+Q10-P10 -> 0 | S10: =VLOOKUP($E10,[3]Sheet1!$B$8:$AF$461,25,0) -> 1950 | T10: =IF(R10>S10,0,S10-R10) -> 1950 | U10: =R10+T10-S10 -> 0 | V10: =VLOOKUP($E10,[3]Sheet1!$B$8:$BF$461,31,0) -> 2550 | W10: =IF(U10>V10,0,V10-U10) -> 2550 | X10: =U10+W10-V10 -> 0 | Y10: =VLOOKUP($E10,[3]Sheet1!$B$8:$BF$461,37,0) -> 2940 | Z10: =IF(X10>Y10,0,Y10-X10) -> 2940 | AA10: =X10+Z10-Y10 -> 0 | AB10: =+Y10 -> 2940 | AC10: =IF(AA10>AB10,0,AB10-AA10) -> 2940 | AD10: =+AA10+AC10-AB10 -> 0 | AE10: GBEG-67030A | AF10: =+AB10+Y10+V10+S10+P10+M10+J10 -> 19530 | AG10: =ROUNDUP((Q10/$AG$7),0) -> 504 | AH10: =ROUNDUP((T10/$AH$7),0) -> 488 | AI10: =ROUNDUP((W10/$AI$7),0) -> 638 | AJ10: =ROUNDUP((Z10/$AJ$7),0) -> 588 | AK10: =ROUNDUP((AC10/$AK$7),0) -> 735 | AL10: =+#REF!+1 -> #REF! | AM10: =AG10*AG$7 -> 2520 | AN10: =AH10*AH$7 -> 1952 | AO10: =AI10*AI$7 -> 2552 | AP10: =AJ10*AJ$7 -> 2940 | AQ10: =AK10*AK$7 -> 2940 | AR10: =VLOOKUP(E10,'[4]DATA SR'!$D$79:$D$238,1,2) -> #N/A | AS10: BC121-6B370-2 B 0001
B11: BC121-6B220-1 | C11: =C10+1 -> 3 | D11: GBER67030 | E11: BC121-6B220-1 B 0001 | F11: 120D | G11: =VLOOKUP($E11,'[2]UMH Monthly'!$D$4:$V$510,19,0) -> 0.012176667 | I11: 0 | J11: 3200 | K11: 3200 | L11: =I11+K11-J11 -> 0 | M11: =VLOOKUP($E11,[3]Sheet1!$B$8:$AF$147,13,0) -> 2560 | N11: =IF(L11>M11,0,M11-L11) -> 2560 | O11: =L11+N11-M11 -> 0 | P11: =VLOOKUP($E11,[3]Sheet1!$B$8:$AF$461,19,0) -> 2640 | Q11: =IF(O11>P11,0,P11-O11) -> 2640 | R11: =O11+Q11-P11 -> 0 | S11: =VLOOKUP($E11,[3]Sheet1!$B$8:$AF$461,25,0) -> 2320 | T11: =IF(R11>S11,0,S11-R11) -> 2320 | U11: =R11+T11-S11 -> 0 | V11: =VLOOKUP($E11,[3]Sheet1!$B$8:$BF$461,31,0) -> 2960 | W11: =IF(U11>V11,0,V11-U11) -> 2960 | X11: =U11+W11-V11 -> 0 | Y11: =VLOOKUP($E11,[3]Sheet1!$B$8:$BF$461,37,0) -> 3920 | Z11: =IF(X11>Y11,0,Y11-X11) -> 3920 | AA11: =X11+Z11-Y11 -> 0 | AB11: =+Y11 -> 3920 | AC11: =IF(AA11>AB11,0,AB11-AA11) -> 3920 | AD11: =+AA11+AC11-AB11 -> 0 | AE11: GBER-67030A | AF11: =+AB11+Y11+V11+S11+P11+M11+J11 -> 21520 | AG11: =ROUNDUP((Q11/$AG$7),0) -> 528 | AH11: =ROUNDUP((T11/$AH$7),0) -> 580 | AI11: =ROUNDUP((W11/$AI$7),0) -> 740 | AJ11: =ROUNDUP((Z11/$AJ$7),0) -> 784 | AK11: =ROUNDUP((AC11/$AK$7),0) -> 980 | AL11: =+AL9+1 -> #REF! | AM11: =AG11*AG$7 -> 2640 | AN11: =AH11*AH$7 -> 2320 | AO11: =AI11*AI$7 -> 2960 | AP11: =AJ11*AJ$7 -> 3920 | AQ11: =AK11*AK$7 -> 3920 | AR11: =VLOOKUP(E11,'[4]DATA SR'!$D$79:$D$238,1,2) -> #N/A | AS11: BC121-6B220-1 B 0001
B12: BC121-6B250-1 | C12: =C11+1 -> 4 | D12: GBER67030 | E12: BC121-6B250-1 B 0001 | F12: 120D | G12: =VLOOKUP($E12,[5]Sheet1!$D$5:$W$460,20,0) -> 0.013471667 | I12: 0 | J12: 0 | K12: 0 | L12: =I12+K12-J12 -> 0 | M12: =VLOOKUP($E12,[3]Sheet1!$B$8:$AF$147,13,0) -> 90 | N12: =IF(L12>M12,0,M12-L12) -> 90 | O12: =L12+N12-M12 -> 0 | P12: =VLOOKUP($E12,[3]Sheet1!$B$8:$AF$461,19,0) -> 90 | Q12: =IF(O12>P12,0,P12-O12) -> 90 | R12: =O12+Q12-P12 -> 0 | S12: =VLOOKUP($E12,[3]Sheet1!$B$8:$AF$461,25,0) -> 60 | T12: =IF(R12>S12,0,S12-R12) -> 60 | U12: =R12+T12-S12 -> 0 | V12: =VLOOKUP($E12,[3]Sheet1!$B$8:$BF$461,31,0) -> 120 | W12: =IF(U12>V12,0,V12-U12) -> 120 | X12: =U12+W12-V12 -> 0 | Y12: =VLOOKUP($E12,[3]Sheet1!$B$8:$BF$461,37,0) -> 150 | Z12: =IF(X12>Y12,0,Y12-X12) -> 150 | AA12: =X12+Z12-Y12 -> 0 | AB12: =+Y12 -> 150 | AC12: =IF(AA12>AB12,0,AB12-AA12) -> 150 | AD12: =+AA12+AC12-AB12 -> 0 | AE12: GBER-67030A | AF12: =+AB12+Y12+V12+S12+P12+M12+J12 -> 660 | AG12: =ROUNDUP((Q12/$AG$7),0) -> 18 | AH12: =ROUNDUP((T12/$AH$7),0) -> 15 | AI12: =ROUNDUP((W12/$AI$7),0) -> 30 | AJ12: =ROUNDUP((Z12/$AJ$7),0) -> 30 | AK12: =ROUNDUP((AC12/$AK$7),0) -> 38 | AL12: =+AL10+1 -> #REF! | AM12: =AG12*AG$7 -> 90 | AN12: =AH12*AH$7 -> 60 | AO12: =AI12*AI$7 -> 120 | AP12: =AJ12*AJ$7 -> 150 | AQ12: =AK12*AK$7 -> 152 | AR12: =VLOOKUP(E12,'[4]DATA SR'!$D$79:$D$238,1,2) -> #N/A | AS12: BC121-6B250-1 B 0001
B13: BC121-6B260-1 | C13: =C12+1 -> 5 | D13: GNC967030 | E13: BC121-6B260-1 B 0001 | F13: 120D | G13: =VLOOKUP($E13,'[2]UMH Monthly'!$D$4:$V$510,19,0) -> 0.015718333 | H13: 0 | I13: 0 | J13: 3060 | K13: 3060 | L13: =I13+K13-J13 -> 0 | M13: =VLOOKUP($E13,[3]Sheet1!$B$8:$AF$147,13,0) -> 1960 | N13: =IF(L13>M13,0,M13-L13) -> 1960 | O13: =L13+N13-M13 -> 0 | P13: =VLOOKUP($E13,[3]Sheet1!$B$8:$AF$461,19,0) -> 1580 | Q13: =IF(O13>P13,0,P13-O13) -> 1580 | R13: =O13+Q13-P13 -> 0 | S13: =VLOOKUP($E13,[3]Sheet1!$B$8:$AF$461,25,0) -> 1480 | T13: =IF(R13>S13,0,S13-R13) -> 1480 | U13: =R13+T13-S13 -> 0 | V13: =VLOOKUP($E13,[3]Sheet1!$B$8:$BF$461,31,0) -> 1980 | W13: =IF(U13>V13,0,V13-U13) -> 1980 | X13: =U13+W13-V13 -> 0 | Y13: =VLOOKUP($E13,[3]Sheet1!$B$8:$BF$461,37,0) -> 3120 | Z13: =IF(X13>Y13,0,Y13-X13) -> 3120 | AA13: =X13+Z13-Y13 -> 0 | AB13: =+Y13 -> 3120 | AC13: =IF(AA13>AB13,0,AB13-AA13) -> 3120 | AD13: =+AA13+AC13-AB13 -> 0 | AE13: GNC9-67030A | AF13: =+AB13+Y13+V13+S13+P13+M13+J13 -> 16300 | AG13: =ROUNDUP((Q13/$AG$7),0) -> 316 | AH13: =ROUNDUP((T13/$AH$7),0) -> 370 | AI13: =ROUNDUP((W13/$AI$7),0) -> 495 | AJ13: =ROUNDUP((Z13/$AJ$7),0) -> 624 | AK13: =ROUNDUP((AC13/$AK$7),0) -> 780 | AL13: =+#REF!+1 -> #REF! | AM13: =AG13*AG$7 -> 1580 | AN13: =AH13*AH$7 -> 1480 | AO13: =AI13*AI$7 -> 1980 | AP13: =AJ13*AJ$7 -> 3120 | AQ13: =AK13*AK$7 -> 3120 | AR13: =VLOOKUP(E13,'[4]DATA SR'!$D$79:$D$238,1,2) -> #N/A | AS13: BC121-6B260-1 B 0001
B14: BC121-6B230-1 | C14: =C13+1 -> 6 | D14: GNC967030 | E14: BC121-6B230-1 B 0001 | F14: 120D | G14: 0.016306667 | H14: 0 | I14: 0 | J14: 0 | K14: 0 | L14: =I14+K14-J14 -> 0 | M14: =VLOOKUP($E14,[3]Sheet1!$B$8:$AF$147,13,0) -> 0 | N14: =IF(L14>M14,0,M14-L14) -> 0 | O14: =L14+N14-M14 -> 0 | P14: =VLOOKUP($E14,[3]Sheet1!$B$8:$AF$461,19,0) -> 0 | Q14: =IF(O14>P14,0,P14-O14) -> 0 | R14: =O14+Q14-P14 -> 0 | S14: =VLOOKUP($E14,[3]Sheet1!$B$8:$AF$461,25,0) -> 0 | T14: =IF(R14>S14,0,S14-R14) -> 0 | U14: =R14+T14-S14 -> 0 | V14: =VLOOKUP($E14,[3]Sheet1!$B$8:$BF$461,31,0) -> 0 | W14: =IF(U14>V14,0,V14-U14) -> 0 | X14: =U14+W14-V14 -> 0 | Y14: =VLOOKUP($E14,[3]Sheet1!$B$8:$BF$461,37,0) -> 0 | Z14: =IF(X14>Y14,0,Y14-X14) -> 0 | AA14: =X14+Z14-Y14 -> 0 | AB14: =+Y14 -> 0 | AC14: =IF(AA14>AB14,0,AB14-AA14) -> 0 | AD14: =+AA14+AC14-AB14 -> 0 | AE14: GNC9-67030A | AF14: =+AB14+Y14+V14+S14+P14+M14+J14 -> 0 | AG14: =ROUNDUP((Q14/$AG$7),0) -> 0 | AH14: =ROUNDUP((T14/$AH$7),0) -> 0 | AI14: =ROUNDUP((W14/$AI$7),0) -> 0 | AJ14: =ROUNDUP((Z14/$AJ$7),0) -> 0 | AK14: =ROUNDUP((AC14/$AK$7),0) -> 0 | AL14: =+#REF!+1 -> #REF! | AM14: =AG14*AG$7 -> 0 | AN14: =AH14*AH$7 -> 0 | AO14: =AI14*AI$7 -> 0 | AP14: =AJ14*AJ$7 -> 0 | AQ14: =AK14*AK$7 -> 0 | AR14: =VLOOKUP(E14,'[4]DATA SR'!$D$79:$D$238,1,2) -> #N/A | AS14: BC121-6B230-1 B 0001
B15: BC121-6AM60-1 | C15: =C14+1 -> 7 | D15: GND267030 | E15: BC121-6AM60-1 C 0001 | F15: 120D | G15: =VLOOKUP($E15,'[2]UMH Monthly'!$D$4:$V$510,19,0) -> 0.015331667 | H15: =VLOOKUP($E15,[6]MARET!$C$676:$E$776,3,0) -> #N/A | I15: 0 | J15: 0 | K15: 0 | L15: =I15+K15-J15 -> 0 | M15: =VLOOKUP($E15,[3]Sheet1!$B$8:$AF$147,13,0) -> 0 | N15: =IF(L15>M15,0,M15-L15) -> 0 | O15: =L15+N15-M15 -> 0 | P15: =VLOOKUP($E15,[3]Sheet1!$B$8:$AF$461,19,0) -> 0 | Q15: =IF(O15>P15,0,P15-O15) -> 0 | R15: =O15+Q15-P15 -> 0 | S15: =VLOOKUP($E15,[3]Sheet1!$B$8:$AF$461,25,0) -> 0 | T15: =IF(R15>S15,0,S15-R15) -> 0 | U15: =R15+T15-S15 -> 0 | V15: =VLOOKUP($E15,[3]Sheet1!$B$8:$BF$461,31,0) -> 0 | W15: =IF(U15>V15,0,V15-U15) -> 0 | X15: =U15+W15-V15 -> 0 | Y15: =VLOOKUP($E15,[3]Sheet1!$B$8:$BF$461,37,0) -> 2440 | Z15: =IF(X15>Y15,0,Y15-X15) -> 2440 | AA15: =X15+Z15-Y15 -> 0 | AB15: =+Y15 -> 2440 | AC15: =IF(AA15>AB15,0,AB15-AA15) -> 2440 | AD15: =+AA15+AC15-AB15 -> 0 | AE15: GND2-67030A | AF15: =+AB15+Y15+V15+S15+P15+M15+J15 -> 4880 | AG15: =ROUNDUP((Q15/$AG$7),0) -> 0 | AH15: =ROUNDUP((T15/$AH$7),0) -> 0 | AI15: =ROUNDUP((W15/$AI$7),0) -> 0 | AJ15: =ROUNDUP((Z15/$AJ$7),0) -> 488 | AK15: =ROUNDUP((AC15/$AK$7),0) -> 610 | AL15: =+#REF!+1 -> #REF! | AM15: =AG15*AG$7 -> 0 | AN15: =AH15*AH$7 -> 0 | AO15: =AI15*AI$7 -> 0 | AP15: =AJ15*AJ$7 -> 2440 | AQ15: =AK15*AK$7 -> 2440 | AR15: =VLOOKUP(E15,'[4]DATA SR'!$D$79:$D$238,1,2) -> #N/A | AS15: BC121-6AM60-1 C 0001
B16: BC121-35G90-1 | E16: BC121-35G70-1 D 0001 | F16: 930B | G16: =VLOOKUP($E16,'[2]UMH Monthly'!$D$4:$V$510,19,0) -> 0.015318333 | I16: 0 | J16: 4860 | K16: 4860 | L16: =I16+K16-J16 -> 0 | M16: =VLOOKUP($E16,[3]Sheet1!$B$8:$AF$147,13,0) -> 4140 | N16: =IF(L16>M16,0,M16-L16) -> 4140 | O16: =L16+N16-M16 -> 0 | P16: =VLOOKUP($E16,[3]Sheet1!$B$8:$AF$461,19,0) -> 3690 | Q16: =IF(O16>P16,0,P16-O16) -> 3690 | R16: =O16+Q16-P16 -> 0 | S16: =VLOOKUP($E16,[3]Sheet1!$B$8:$AF$461,25,0) -> 3180 | T16: =IF(R16>S16,0,S16-R16) -> 3180 | U16: =R16+T16-S16 -> 0 | V16: =VLOOKUP($E16,[3]Sheet1!$B$8:$BF$461,31,0) -> 3690 | W16: =IF(U16>V16,0,V16-U16) -> 3690 | X16: =U16+W16-V16 -> 0 | Y16: =VLOOKUP($E16,[3]Sheet1!$B$8:$BF$461,37,0) -> 4290 | Z16: =IF(X16>Y16,0,Y16-X16) -> 4290 | AA16: =X16+Z16-Y16 -> 0 | AB16: =+Y16 -> 4290 | AC16: =IF(AA16>AB16,0,AB16-AA16) -> 4290 | AD16: =+AA16+AC16-AB16 -> 0 | AE16: GND2-67030A | AF16: =+AB16+Y16+V16+S16+P16+M16+J16 -> 28140 | AG16: =ROUNDUP((Q16/$AG$7),0) -> 738 | AH16: =ROUNDUP((T16/$AH$7),0) -> 795 | AI16: =ROUNDUP((W16/$AI$7),0) -> 923 | AJ16: =ROUNDUP((Z16/$AJ$7),0) -> 858 | AK16: =ROUNDUP((AC16/$AK$7),0) -> 1073 | AL16: =+#REF!+1 -> #REF! | AM16: =AG16*AG$7 -> 3690 | AN16: =AH16*AH$7 -> 3180 | AO16: =AI16*AI$7 -> 3692 | AP16: =AJ16*AJ$7 -> 4290 | AQ16: =AK16*AK$7 -> 4292 | AR16: =VLOOKUP(E16,'[4]DATA SR'!$D$79:$D$238,1,2) -> #N/A | AS16: BC121-35G70-1 D 0001
B17: BC121-35J20-1 | E17: BC121-35G90-1 D 0001 | F17: 930B | G17: =VLOOKUP($E17,'[2]UMH Monthly'!$D$4:$V$510,19,0) -> 0.015331667 | I17: 0 | J17: 1240 | K17: 1240 | L17: =I17+K17-J17 -> 0 | M17: =VLOOKUP($E17,[3]Sheet1!$B$8:$AF$147,13,0) -> 1520 | N17: =IF(L17>M17,0,M17-L17) -> 1520 | O17: =L17+N17-M17 -> 0 | P17: =VLOOKUP($E17,[3]Sheet1!$B$8:$AF$461,19,0) -> 1340 | Q17: =IF(O17>P17,0,P17-O17) -> 1340 | R17: =O17+Q17-P17 -> 0 | S17: =VLOOKUP($E17,[3]Sheet1!$B$8:$AF$461,25,0) -> 1180 | T17: =IF(R17>S17,0,S17-R17) -> 1180 | U17: =R17+T17-S17 -> 0 | V17: =VLOOKUP($E17,[3]Sheet1!$B$8:$BF$461,31,0) -> 1400 | W17: =IF(U17>V17,0,V17-U17) -> 1400 | X17: =U17+W17-V17 -> 0 | Y17: =VLOOKUP($E17,[3]Sheet1!$B$8:$BF$461,37,0) -> 1620 | Z17: =IF(X17>Y17,0,Y17-X17) -> 1620 | AA17: =X17+Z17-Y17 -> 0 | AB17: =+Y17 -> 1620 | AC17: =IF(AA17>AB17,0,AB17-AA17) -> 1620 | AD17: =+AA17+AC17-AB17 -> 0 | AS17: BC121-35G90-1 D 0001
B18: BC139-930B2-1 | E18: BC121-35K80-1 C 0001 | F18: 930B | G18: =VLOOKUP($E18,'[2]UMH Monthly'!$D$4:$V$510,19,0) -> 0.015296667 | I18: 0 | J18: 1740 | K18: 1740 | L18: =I18+K18-J18 -> 0 | M18: =VLOOKUP($E18,[3]Sheet1!$B$8:$AF$147,13,0) -> 120 | N18: =IF(L18>M18,0,M18-L18) -> 120 | O18: =L18+N18-M18 -> 0 | P18: =VLOOKUP($E18,[3]Sheet1!$B$8:$AF$461,19,0) -> 750 | Q18: =IF(O18>P18,0,P18-O18) -> 750 | R18: =O18+Q18-P18 -> 0 | S18: =VLOOKUP($E18,[3]Sheet1!$B$8:$AF$461,25,0) -> 1680 | T18: =IF(R18>S18,0,S18-R18) -> 1680 | U18: =R18+T18-S18 -> 0 | V18: =VLOOKUP($E18,[3]Sheet1!$B$8:$BF$461,31,0) -> 2100 | W18: =IF(U18>V18,0,V18-U18) -> 2100 | X18: =U18+W18-V18 -> 0 | Y18: =VLOOKUP($E18,[3]Sheet1!$B$8:$BF$461,37,0) -> 2070 | Z18: =IF(X18>Y18,0,Y18-X18) -> 2070 | AA18: =X18+Z18-Y18 -> 0 | AB18: =+Y18 -> 2070 | AC18: =IF(AA18>AB18,0,AB18-AA18) -> 2070 | AD18: =+AA18+AC18-AB18 -> 0 | AS18: BC121-35K80-1 C 0001
B19: BC111-2FE72-1 | E19: BC111-2FE72-1 F 0201 | F19: BC 602W | G19: =VLOOKUP($E19,'[2]UMH Monthly'!$D$4:$V$510,19,0) -> 0.011176667 | I19: 0 | J19: 1260 | K19: 1260 | L19: =I19+K19-J19 -> 0 | M19: =VLOOKUP($E19,[3]Sheet1!$B$8:$AF$147,13,0) -> 1620 | N19: =IF(L19>M19,0,M19-L19) -> 1620 | O19: =L19+N19-M19 -> 0 | P19: =VLOOKUP($E19,[3]Sheet1!$B$8:$AF$461,19,0) -> 1560 | Q19: =IF(O19>P19,0,P19-O19) -> 1560 | R19: =O19+Q19-P19 -> 0 | S19: =VLOOKUP($E19,[3]Sheet1!$B$8:$AF$461,25,0) -> 1320 | T19: =IF(R19>S19,0,S19-R19) -> 1320 | U19: =R19+T19-S19 -> 0 | V19: =VLOOKUP($E19,[3]Sheet1!$B$8:$BF$461,31,0) -> 1440 | W19: =IF(U19>V19,0,V19-U19) -> 1440 | X19: =U19+W19-V19 -> 0 | Y19: =VLOOKUP($E19,[3]Sheet1!$B$8:$BF$461,37,0) -> 1680 | Z19: =IF(X19>Y19,0,Y19-X19) -> 1680 | AA19: =X19+Z19-Y19 -> 0 | AB19: =+Y19 -> 1680 | AC19: =IF(AA19>AB19,0,AB19-AA19) -> 1680 | AD19: =+AA19+AC19-AB19 -> 0 | AS19: BC111-2FE72-1 F 0201
B20: BC111-2FE72-2 | E20: BC111-2FE72-2 F 0201 | F20: BC 602W | G20: =VLOOKUP($E20,'[2]UMH Monthly'!$D$4:$V$510,19,0) -> 0.011361667 | I20: 0 | J20: 1560 | K20: 1560 | L20: =I20+K20-J20 -> 0 | M20: =VLOOKUP($E20,[3]Sheet1!$B$8:$AF$147,13,0) -> 1840 | N20: =IF(L20>M20,0,M20-L20) -> 1840 | O20: =L20+N20-M20 -> 0 | P20: =VLOOKUP($E20,[3]Sheet1!$B$8:$AF$461,19,0) -> 1360 | Q20: =IF(O20>P20,0,P20-O20) -> 1360 | R20: =O20+Q20-P20 -> 0 | S20: =VLOOKUP($E20,[3]Sheet1!$B$8:$AF$461,25,0) -> 1080 | T20: =IF(R20>S20,0,S20-R20) -> 1080 | U20: =R20+T20-S20 -> 0 | V20: =VLOOKUP($E20,[3]Sheet1!$B$8:$BF$461,31,0) -> 1180 | W20: =IF(U20>V20,0,V20-U20) -> 1180 | X20: =U20+W20-V20 -> 0 | Y20: =VLOOKUP($E20,[3]Sheet1!$B$8:$BF$461,37,0) -> 1340 | Z20: =IF(X20>Y20,0,Y20-X20) -> 1340 | AA20: =X20+Z20-Y20 -> 0 | AB20: =+Y20 -> 1340 | AC20: =IF(AA20>AB20,0,AB20-AA20) -> 1340 | AD20: =+AA20+AC20-AB20 -> 0 | AS20: BC111-2FE72-2 F 0201
B21: BC111-V3881-1 | E21: BC111-V3881-1 B 0201 | F21: BC 602W | G21: =VLOOKUP($E21,'[2]UMH Monthly'!$D$4:$V$510,19,0) -> 0.0081883333 | I21: 0 | J21: 6800 | K21: 6800 | L21: =I21+K21-J21 -> 0 | M21: =VLOOKUP($E21,[3]Sheet1!$B$8:$AF$147,13,0) -> 5360 | N21: =IF(L21>M21,0,M21-L21) -> 5360 | O21: =L21+N21-M21 -> 0 | P21: =VLOOKUP($E21,[3]Sheet1!$B$8:$AF$461,19,0) -> 4480 | Q21: =IF(O21>P21,0,P21-O21) -> 4480 | R21: =O21+Q21-P21 -> 0 | S21: =VLOOKUP($E21,[3]Sheet1!$B$8:$AF$461,25,0) -> 3920 | T21: =IF(R21>S21,0,S21-R21) -> 3920 | U21: =R21+T21-S21 -> 0 | V21: =VLOOKUP($E21,[3]Sheet1!$B$8:$BF$461,31,0) -> 4240 | W21: =IF(U21>V21,0,V21-U21) -> 4240 | X21: =U21+W21-V21 -> 0 | Y21: =VLOOKUP($E21,[3]Sheet1!$B$8:$BF$461,37,0) -> 4960 | Z21: =IF(X21>Y21,0,Y21-X21) -> 4960 | AA21: =X21+Z21-Y21 -> 0 | AB21: =+Y21 -> 4960 | AC21: =IF(AA21>AB21,0,AB21-AA21) -> 4960 | AD21: =+AA21+AC21-AB21 -> 0 | AS21: BC111-V3881-1 B 0201
B22: BC111-V3650-2 | E22: BC111-V3650-2 C 0201 | F22: BC 602W | G22: =VLOOKUP($E22,'[2]UMH Monthly'!$D$4:$V$510,19,0) -> 0.011546667 | I22: 0 | J22: 540 | K22: 540 | L22: =I22+K22-J22 -> 0 | M22: =VLOOKUP($E22,[3]Sheet1!$B$8:$AF$147,13,0) -> 0 | N22: =IF(L22>M22,0,M22-L22) -> 0 | O22: =L22+N22-M22 -> 0 | P22: =VLOOKUP($E22,[3]Sheet1!$B$8:$AF$461,19,0) -> 0 | Q22: =IF(O22>P22,0,P22-O22) -> 0 | R22: =O22+Q22-P22 -> 0 | S22: =VLOOKUP($E22,[3]Sheet1!$B$8:$AF$461,25,0) -> 0 | T22: =IF(R22>S22,0,S22-R22) -> 0 | U22: =R22+T22-S22 -> 0 | V22: =VLOOKUP($E22,[3]Sheet1!$B$8:$BF$461,31,0) -> 0 | W22: =IF(U22>V22,0,V22-U22) -> 0 | X22: =U22+W22-V22 -> 0 | Y22: =VLOOKUP($E22,[3]Sheet1!$B$8:$BF$461,37,0) -> 120 | Z22: =IF(X22>Y22,0,Y22-X22) -> 120 | AA22: =X22+Z22-Y22 -> 0 | AB22: =+Y22 -> 120 | AC22: =IF(AA22>AB22,0,AB22-AA22) -> 120 | AD22: =+AA22+AC22-AB22 -> 0 | AS22: BC111-V3650-2 C 0201
B23: BC111-V3891-6 | E23: BC111-V3891-6 B 0201 | F23: BC 602W | G23: =VLOOKUP($E23,'[2]UMH Monthly'!$D$4:$V$510,19,0) -> 0.014185 | I23: 0 | J23: 0 | K23: 0 | L23: =I23+K23-J23 -> 0 | M23: =VLOOKUP($E23,[3]Sheet1!$B$8:$AF$147,13,0) -> 0 | N23: =IF(L23>M23,0,M23-L23) -> 0 | O23: =L23+N23-M23 -> 0 | P23: =VLOOKUP($E23,[3]Sheet1!$B$8:$AF$461,19,0) -> 20 | Q23: =IF(O23>P23,0,P23-O23) -> 20 | R23: =O23+Q23-P23 -> 0 | S23: =VLOOKUP($E23,[3]Sheet1!$B$8:$AF$461,25,0) -> 0 | T23: =IF(R23>S23,0,S23-R23) -> 0 | U23: =R23+T23-S23 -> 0 | V23: =VLOOKUP($E23,[3]Sheet1!$B$8:$BF$461,31,0) -> 0 | W23: =IF(U23>V23,0,V23-U23) -> 0 | X23: =U23+W23-V23 -> 0 | Y23: =VLOOKUP($E23,[3]Sheet1!$B$8:$BF$461,37,0) -> 0 | Z23: =IF(X23>Y23,0,Y23-X23) -> 0 | AA23: =X23+Z23-Y23 -> 0 | AB23: =+Y23 -> 0 | AC23: =IF(AA23>AB23,0,AB23-AA23) -> 0 | AD23: =+AA23+AC23-AB23 -> 0 | AS23: BC111-V3891-6 B 0201
B24: BC111-V3891-1 | E24: BC111-V3891-1 F 0001 | F24: BC 602W | G24: =VLOOKUP($E24,'[2]UMH Monthly'!$D$4:$V$510,19,0) -> 0.013916667 | I24: 0 | J24: 0 | K24: 0 | L24: =I24+K24-J24 -> 0 | M24: =VLOOKUP($E24,[3]Sheet1!$B$8:$AF$147,13,0) -> 0 | N24: =IF(L24>M24,0,M24-L24) -> 0 | O24: =L24+N24-M24 -> 0 | P24: =VLOOKUP($E24,[3]Sheet1!$B$8:$AF$461,19,0) -> 0 | Q24: =IF(O24>P24,0,P24-O24) -> 0 | R24: =O24+Q24-P24 -> 0 | S24: =VLOOKUP($E24,[3]Sheet1!$B$8:$AF$461,25,0) -> 0 | T24: =IF(R24>S24,0,S24-R24) -> 0 | U24: =R24+T24-S24 -> 0 | V24: =VLOOKUP($E24,[3]Sheet1!$B$8:$BF$461,31,0) -> 0 | W24: =IF(U24>V24,0,V24-U24) -> 0 | X24: =U24+W24-V24 -> 0 | Y24: =VLOOKUP($E24,[3]Sheet1!$B$8:$BF$461,37,0) -> 0 | Z24: =IF(X24>Y24,0,Y24-X24) -> 0 | AA24: =X24+Z24-Y24 -> 0 | AB24: =+Y24 -> 0 | AC24: =IF(AA24>AB24,0,AB24-AA24) -> 0 | AD24: =+AA24+AC24-AB24 -> 0 | AS24: BC111-V3891-1 F 0001
B25: BC111-V3891-2 | E25: BC111-V3891-2 F 0001 | F25: BC 602W | G25: =VLOOKUP($E25,'[2]UMH Monthly'!$D$4:$V$510,19,0) -> 0.011736667 | I25: 0 | J25: 0 | K25: 0 | L25: =I25+K25-J25 -> 0 | M25: =VLOOKUP($E25,[3]Sheet1!$B$8:$AF$147,13,0) -> 0 | N25: =IF(L25>M25,0,M25-L25) -> 0 | O25: =L25+N25-M25 -> 0 | P25: =VLOOKUP($E25,[3]Sheet1!$B$8:$AF$461,19,0) -> 0 | Q25: =IF(O25>P25,0,P25-O25) -> 0 | R25: =O25+Q25-P25 -> 0 | S25: =VLOOKUP($E25,[3]Sheet1!$B$8:$AF$461,25,0) -> 0 | T25: =IF(R25>S25,0,S25-R25) -> 0 | U25: =R25+T25-S25 -> 0 | V25: =VLOOKUP($E25,[3]Sheet1!$B$8:$BF$461,31,0) -> 0 | W25: =IF(U25>V25,0,V25-U25) -> 0 | X25: =U25+W25-V25 -> 0 | Y25: =VLOOKUP($E25,[3]Sheet1!$B$8:$BF$461,37,0) -> 0 | Z25: =IF(X25>Y25,0,Y25-X25) -> 0 | AA25: =X25+Z25-Y25 -> 0 | AB25: =+Y25 -> 0 | AC25: =IF(AA25>AB25,0,AB25-AA25) -> 0 | AD25: =+AA25+AC25-AB25 -> 0 | AS25: BC111-V3891-2 F 0001
B26: DC111-2FE72 | E26: DC111-2FE72 F 0201 | F26: BC 602W | G26: =VLOOKUP($E26,'[2]UMH Monthly'!$D$4:$V$510,19,0) -> 0.015235 | I26: 0 | J26: 160 | K26: 160 | L26: =I26+K26-J26 -> 0 | M26: =VLOOKUP($E26,[3]Sheet1!$B$8:$AF$147,13,0) -> 160 | N26: =IF(L26>M26,0,M26-L26) -> 160 | O26: =L26+N26-M26 -> 0 | P26: =VLOOKUP($E26,[3]Sheet1!$B$8:$AF$461,19,0) -> 80 | Q26: =IF(O26>P26,0,P26-O26) -> 80 | R26: =O26+Q26-P26 -> 0 | S26: =VLOOKUP($E26,[3]Sheet1!$B$8:$AF$461,25,0) -> 80 | T26: =IF(R26>S26,0,S26-R26) -> 80 | U26: =R26+T26-S26 -> 0 | V26: =VLOOKUP($E26,[3]Sheet1!$B$8:$BF$461,31,0) -> 80 | W26: =IF(U26>V26,0,V26-U26) -> 80 | X26: =U26+W26-V26 -> 0 | Y26: =VLOOKUP($E26,[3]Sheet1!$B$8:$BF$461,37,0) -> 120 | Z26: =IF(X26>Y26,0,Y26-X26) -> 120 | AA26: =X26+Z26-Y26 -> 0 | AB26: =+Y26 -> 120 | AC26: =IF(AA26>AB26,0,AB26-AA26) -> 120 | AD26: =+AA26+AC26-AB26 -> 0 | AS26: DC111-2FE72 F 0201
B27: DC111-2FK53 | E27: DC111-2FK53 F 0201 | F27: BC 602W | G27: =VLOOKUP($E27,'[2]UMH Monthly'!$D$4:$V$510,19,0) -> 0.015235 | I27: 0 | J27: 1440 | K27: 1440 | L27: =I27+K27-J27 -> 0 | M27: =VLOOKUP($E27,[3]Sheet1!$B$8:$AF$147,13,0) -> 1680 | N27: =IF(L27>M27,0,M27-L27) -> 1680 | O27: =L27+N27-M27 -> 0 | P27: =VLOOKUP($E27,[3]Sheet1!$B$8:$AF$461,19,0) -> 1240 | Q27: =IF(O27>P27,0,P27-O27) -> 1240 | R27: =O27+Q27-P27 -> 0 | S27: =VLOOKUP($E27,[3]Sheet1!$B$8:$AF$461,25,0) -> 1040 | T27: =IF(R27>S27,0,S27-R27) -> 1040 | U27: =R27+T27-S27 -> 0 | V27: =VLOOKUP($E27,[3]Sheet1!$B$8:$BF$461,31,0) -> 1080 | W27: =IF(U27>V27,0,V27-U27) -> 1080 | X27: =U27+W27-V27 -> 0 | Y27: =VLOOKUP($E27,[3]Sheet1!$B$8:$BF$461,37,0) -> 1240 | Z27: =IF(X27>Y27,0,Y27-X27) -> 1240 | AA27: =X27+Z27-Y27 -> 0 | AB27: =+Y27 -> 1240 | AC27: =IF(AA27>AB27,0,AB27-AA27) -> 1240 | AD27: =+AA27+AC27-AB27 -> 0 | AS27: DC111-2FK53 F 0201
B28: DC111-V3A41 | E28: DC111-V3A41 B 0201 | F28: BC 602W | G28: =VLOOKUP($E28,'[2]UMH Monthly'!$D$4:$V$510,19,0) -> 0.015096667 | I28: 0 | J28: 0 | K28: 0 | L28: =I28+K28-J28 -> 0 | M28: =VLOOKUP($E28,[3]Sheet1!$B$8:$AF$147,13,0) -> 0 | N28: =IF(L28>M28,0,M28-L28) -> 0 | O28: =L28+N28-M28 -> 0 | P28: =VLOOKUP($E28,[3]Sheet1!$B$8:$AF$461,19,0) -> 0 | Q28: =IF(O28>P28,0,P28-O28) -> 0 | R28: =O28+Q28-P28 -> 0 | S28: =VLOOKUP($E28,[3]Sheet1!$B$8:$AF$461,25,0) -> 0 | T28: =IF(R28>S28,0,S28-R28) -> 0 | U28: =R28+T28-S28 -> 0 | V28: =VLOOKUP($E28,[3]Sheet1!$B$8:$BF$461,31,0) -> 0 | W28: =IF(U28>V28,0,V28-U28) -> 0 | X28: =U28+W28-V28 -> 0 | Y28: =VLOOKUP($E28,[3]Sheet1!$B$8:$BF$461,37,0) -> 0 | Z28: =IF(X28>Y28,0,Y28-X28) -> 0 | AA28: =X28+Z28-Y28 -> 0 | AB28: =+Y28 -> 0 | AC28: =IF(AA28>AB28,0,AB28-AA28) -> 0 | AD28: =+AA28+AC28-AB28 -> 0 | AS28: DC111-V3A41 B 0201
... B31: DC111-V3891 | E31: DC111-V3891 B 0201 | F31: BC 602W | G31: =VLOOKUP($E31,'[2]UMH Monthly'!$D$4:$V$510,19,0) -> 0.015805 | I31: 0 | J31: 0 | K31: 0 | L31: =I31+K31-J31 -> 0 | M31: =VLOOKUP($E31,[3]Sheet1!$B$8:$AF$147,13,0) -> 0 | N31: =IF(L31>M31,0,M31-L31) -> 0 | O31: =L31+N31-M31 -> 0 | P31: =VLOOKUP($E31,[3]Sheet1!$B$8:$AF$461,19,0) -> 0 | Q31: =IF(O31>P31,0,P31-O31) -> 0 | R31: =O31+Q31-P31 -> 0 | S31: =VLOOKUP($E31,[3]Sheet1!$B$8:$AF$461,25,0) -> 0 | T31: =IF(R31>S31,0,S31-R31) -> 0 | U31: =R31+T31-S31 -> 0 | V31: =VLOOKUP($E31,[3]Sheet1!$B$8:$BF$461,31,0) -> 0 | W31: =IF(U31>V31,0,V31-U31) -> 0 | X31: =U31+W31-V31 -> 0 | Y31: =VLOOKUP($E31,[3]Sheet1!$B$8:$BF$461,37,0) -> 0 | Z31: =IF(X31>Y31,0,Y31-X31) -> 0 | AA31: =X31+Z31-Y31 -> 0 | AB31: =+Y31 -> 0 | AC31: =IF(AA31>AB31,0,AB31-AA31) -> 0 | AD31: =+AA31+AC31-AB31 -> 0 | AS31: DC111-V3891 B 0201
B32: BC111-11730-3 | E32: BC111-11730-3 B 0001 | F32: BC 819W | G32: =VLOOKUP($E32,'[2]UMH Monthly'!$D$4:$V$510,19,0) -> 0.014606667 | I32: 0 | J32: 0 | K32: 0 | L32: =I32+K32-J32 -> 0 | M32: =VLOOKUP($E32,[3]Sheet1!$B$8:$AF$147,13,0) -> 0 | N32: =IF(L32>M32,0,M32-L32) -> 0 | O32: =L32+N32-M32 -> 0 | P32: =VLOOKUP($E32,[3]Sheet1!$B$8:$AF$461,19,0) -> 0 | Q32: =IF(O32>P32,0,P32-O32) -> 0 | R32: =O32+Q32-P32 -> 0 | S32: =VLOOKUP($E32,[3]Sheet1!$B$8:$AF$461,25,0) -> 0 | T32: =IF(R32>S32,0,S32-R32) -> 0 | U32: =R32+T32-S32 -> 0 | V32: =VLOOKUP($E32,[3]Sheet1!$B$8:$BF$461,31,0) -> 0 | W32: =IF(U32>V32,0,V32-U32) -> 0 | X32: =U32+W32-V32 -> 0 | Y32: =VLOOKUP($E32,[3]Sheet1!$B$8:$BF$461,37,0) -> 0 | Z32: =IF(X32>Y32,0,Y32-X32) -> 0 | AA32: =X32+Z32-Y32 -> 0 | AB32: =+Y32 -> 0 | AC32: =IF(AA32>AB32,0,AB32-AA32) -> 0 | AD32: =+AA32+AC32-AB32 -> 0 | AE32: BC111-11730-3 B 0001 | AS32: BC111-11730-3 B 0001
B33: BC111-11810-3 | E33: BC111-11810-3 2001 | F33: BC 819W | G33: =VLOOKUP($E33,'[2]UMH Monthly'!$D$4:$V$510,19,0) -> 0.014675 | I33: 0 | J33: 0 | K33: 0 | L33: =I33+K33-J33 -> 0 | M33: =VLOOKUP($E33,[3]Sheet1!$B$8:$AF$147,13,0) -> 0 | N33: =IF(L33>M33,0,M33-L33) -> 0 | O33: =L33+N33-M33 -> 0 | P33: =VLOOKUP($E33,[3]Sheet1!$B$8:$AF$461,19,0) -> 20 | Q33: =IF(O33>P33,0,P33-O33) -> 20 | R33: =O33+Q33-P33 -> 0 | S33: =VLOOKUP($E33,[3]Sheet1!$B$8:$AF$461,25,0) -> 0 | T33: =IF(R33>S33,0,S33-R33) -> 0 | U33: =R33+T33-S33 -> 0 | V33: =VLOOKUP($E33,[3]Sheet1!$B$8:$BF$461,31,0) -> 0 | W33: =IF(U33>V33,0,V33-U33) -> 0 | X33: =U33+W33-V33 -> 0 | Y33: =VLOOKUP($E33,[3]Sheet1!$B$8:$BF$461,37,0) -> 0 | Z33: =IF(X33>Y33,0,Y33-X33) -> 0 | AA33: =X33+Z33-Y33 -> 0 | AB33: =+Y33 -> 0 | AC33: =IF(AA33>AB33,0,AB33-AA33) -> 0 | AD33: =+AA33+AC33-AB33 -> 0 | AE33: BC111-11810-3 2001 | AS33: BC111-11810-3 2001
B34: BC111-5A851-2 | E34: BC111-5A843-2 0001 | F34: BC 819W | G34: =VLOOKUP($E34,'[2]UMH Monthly'!$D$4:$V$510,19,0) -> 0.016293333 | I34: 0 | J34: 0 | K34: 0 | L34: =I34+K34-J34 -> 0 | M34: =VLOOKUP($E34,[3]Sheet1!$B$8:$AF$147,13,0) -> 0 | N34: =IF(L34>M34,0,M34-L34) -> 0 | O34: =L34+N34-M34 -> 0 | P34: =VLOOKUP($E34,[3]Sheet1!$B$8:$AF$461,19,0) -> 40 | Q34: =IF(O34>P34,0,P34-O34) -> 40 | R34: =O34+Q34-P34 -> 0 | S34: =VLOOKUP($E34,[3]Sheet1!$B$8:$AF$461,25,0) -> 0 | T34: =IF(R34>S34,0,S34-R34) -> 0 | U34: =R34+T34-S34 -> 0 | V34: =VLOOKUP($E34,[3]Sheet1!$B$8:$BF$461,31,0) -> 0 | W34: =IF(U34>V34,0,V34-U34) -> 0 | X34: =U34+W34-V34 -> 0 | Y34: =VLOOKUP($E34,[3]Sheet1!$B$8:$BF$461,37,0) -> 0 | Z34: =IF(X34>Y34,0,Y34-X34) -> 0 | AA34: =X34+Z34-Y34 -> 0 | AB34: =+Y34 -> 0 | AC34: =IF(AA34>AB34,0,AB34-AA34) -> 0 | AD34: =+AA34+AC34-AB34 -> 0 | AE34: BC111-5A843-2 0001 | AS34: BC111-5A843-2 0001
B35: BC111-5A852-2 | E35: BC111-5A852-2 A 0002 | F35: BC 819W | G35: =VLOOKUP($E35,'[2]UMH Monthly'!$D$4:$V$510,19,0) -> 0.014731667 | I35: 0 | J35: 0 | K35: 0 | L35: =I35+K35-J35 -> 0 | M35: =VLOOKUP($E35,[3]Sheet1!$B$8:$AF$147,13,0) -> 0 | N35: =IF(L35>M35,0,M35-L35) -> 0 | O35: =L35+N35-M35 -> 0 | P35: =VLOOKUP($E35,[3]Sheet1!$B$8:$AF$461,19,0) -> 0 | Q35: =IF(O35>P35,0,P35-O35) -> 0 | R35: =O35+Q35-P35 -> 0 | S35: =VLOOKUP($E35,[3]Sheet1!$B$8:$AF$461,25,0) -> 0 | T35: =IF(R35>S35,0,S35-R35) -> 0 | U35: =R35+T35-S35 -> 0 | V35: =VLOOKUP($E35,[3]Sheet1!$B$8:$BF$461,31,0) -> 0 | W35: =IF(U35>V35,0,V35-U35) -> 0 | X35: =U35+W35-V35 -> 0 | Y35: =VLOOKUP($E35,[3]Sheet1!$B$8:$BF$461,37,0) -> 0 | Z35: =IF(X35>Y35,0,Y35-X35) -> 0 | AA35: =X35+Z35-Y35 -> 0 | AB35: =+Y35 -> 0 | AC35: =IF(AA35>AB35,0,AB35-AA35) -> 0 | AD35: =+AA35+AC35-AB35 -> 0 | AE35: BC111-5A883-2 0001 | AS35: BC111-5A852-2 A 0002
B36: BC111-5AA01-2 | E36: BC111-5A883-2 0001 | F36: BC 819W | G36: =VLOOKUP($E36,'[2]UMH Monthly'!$D$4:$V$510,19,0) -> 0.016293333 | I36: 0 | J36: 20 | K36: 20 | L36: =I36+K36-J36 -> 0 | M36: =VLOOKUP($E36,[3]Sheet1!$B$8:$AF$147,13,0) -> 40 | N36: =IF(L36>M36,0,M36-L36) -> 40 | O36: =L36+N36-M36 -> 0 | P36: =VLOOKUP($E36,[3]Sheet1!$B$8:$AF$461,19,0) -> 40 | Q36: =IF(O36>P36,0,P36-O36) -> 40 | R36: =O36+Q36-P36 -> 0 | S36: =VLOOKUP($E36,[3]Sheet1!$B$8:$AF$461,25,0) -> 20 | T36: =IF(R36>S36,0,S36-R36) -> 20 | U36: =R36+T36-S36 -> 0 | V36: =VLOOKUP($E36,[3]Sheet1!$B$8:$BF$461,31,0) -> 0 | W36: =IF(U36>V36,0,V36-U36) -> 0 | X36: =U36+W36-V36 -> 0 | Y36: =VLOOKUP($E36,[3]Sheet1!$B$8:$BF$461,37,0) -> 0 | Z36: =IF(X36>Y36,0,Y36-X36) -> 0 | AA36: =X36+Z36-Y36 -> 0 | AB36: =+Y36 -> 0 | AC36: =IF(AA36>AB36,0,AB36-AA36) -> 0 | AD36: =+AA36+AC36-AB36 -> 0 | AE36: BC111-5AC33-2 0001 | AS36: BC111-5A883-2 0001
B37: BC111-5AE91-2 | E37: BC111-5AC33-2 0001 | F37: BC 819W | G37: =VLOOKUP($E37,'[2]UMH Monthly'!$D$4:$V$510,19,0) -> 0.01628 | I37: 0 | J37: 40 | K37: 40 | L37: =I37+K37-J37 -> 0 | M37: =VLOOKUP($E37,[3]Sheet1!$B$8:$AF$147,13,0) -> 20 | N37: =IF(L37>M37,0,M37-L37) -> 20 | O37: =L37+N37-M37 -> 0 | P37: =VLOOKUP($E37,[3]Sheet1!$B$8:$AF$461,19,0) -> 20 | Q37: =IF(O37>P37,0,P37-O37) -> 20 | R37: =O37+Q37-P37 -> 0 | S37: =VLOOKUP($E37,[3]Sheet1!$B$8:$AF$461,25,0) -> 20 | T37: =IF(R37>S37,0,S37-R37) -> 20 | U37: =R37+T37-S37 -> 0 | V37: =VLOOKUP($E37,[3]Sheet1!$B$8:$BF$461,31,0) -> 0 | W37: =IF(U37>V37,0,V37-U37) -> 0 | X37: =U37+W37-V37 -> 0 | Y37: =VLOOKUP($E37,[3]Sheet1!$B$8:$BF$461,37,0) -> 0 | Z37: =IF(X37>Y37,0,Y37-X37) -> 0 | AA37: =X37+Z37-Y37 -> 0 | AB37: =+Y37 -> 0 | AC37: =IF(AA37>AB37,0,AB37-AA37) -> 0 | AD37: =+AA37+AC37-AB37 -> 0 | AE37: BC111-5AA03-2 0001 | AF37: =+AB37+Y37+V37+S37+P37+M37+J37 -> 100 | AG37: =ROUNDUP((Q37/$AG$7),0) -> 4 | AH37: =ROUNDUP((T37/$AH$7),0) -> 5 | AI37: =ROUNDUP((W37/$AI$7),0) -> 0 | AJ37: =ROUNDUP((Z37/$AJ$7),0) -> 0 | AK37: =ROUNDUP((AC37/$AK$7),0) -> 0 | AL37: =+#REF!+1 -> #REF! | AM37: =AG37*AG$7 -> 20 | AN37: =AH37*AH$7 -> 20 | AO37: =AI37*AI$7 -> 0 | AP37: =AJ37*AJ$7 -> 0 | AQ37: =AK37*AK$7 -> 0 | AR37: =VLOOKUP(E37,'[4]DATA SR'!$D$79:$D$238,1,2) -> #N/A | AS37: BC111-5AC33-2 0001
B38: BC111-5AA03-2 | E38: BC111-5AA03-2 0001 | F38: BC 819W | G38: =VLOOKUP($E38,'[2]UMH Monthly'!$D$4:$V$510,19,0) -> 0.016305 | I38: 0 | J38: 40 | K38: 40 | L38: =I38+K38-J38 -> 0 | M38: =VLOOKUP($E38,[3]Sheet1!$B$8:$AF$147,13,0) -> 20 | N38: =IF(L38>M38,0,M38-L38) -> 20 | O38: =L38+N38-M38 -> 0 | P38: =VLOOKUP($E38,[3]Sheet1!$B$8:$AF$461,19,0) -> 40 | Q38: =IF(O38>P38,0,P38-O38) -> 40 | R38: =O38+Q38-P38 -> 0 | S38: =VLOOKUP($E38,[3]Sheet1!$B$8:$AF$461,25,0) -> 20 | T38: =IF(R38>S38,0,S38-R38) -> 20 | U38: =R38+T38-S38 -> 0 | V38: =VLOOKUP($E38,[3]Sheet1!$B$8:$BF$461,31,0) -> 0 | W38: =IF(U38>V38,0,V38-U38) -> 0 | X38: =U38+W38-V38 -> 0 | Y38: =VLOOKUP($E38,[3]Sheet1!$B$8:$BF$461,37,0) -> 0 | Z38: =IF(X38>Y38,0,Y38-X38) -> 0 | AA38: =X38+Z38-Y38 -> 0 | AB38: =+Y38 -> 0 | AC38: =IF(AA38>AB38,0,AB38-AA38) -> 0 | AD38: =+AA38+AC38-AB38 -> 0 | AE38: BC111-62092-2 B 1001 | AS38: BC111-5AA03-2 0001
B39: BC111-5AA02-2 | E39: BC111-5AA02-2 A 0002 | F39: BC 819W | G39: =VLOOKUP($E39,'[2]UMH Monthly'!$D$4:$V$510,19,0) -> 0.014756667 | I39: 0 | J39: 0 | K39: 0 | L39: =I39+K39-J39 -> 0 | M39: =VLOOKUP($E39,[3]Sheet1!$B$8:$AF$147,13,0) -> 0 | N39: =IF(L39>M39,0,M39-L39) -> 0 | O39: =L39+N39-M39 -> 0 | P39: =VLOOKUP($E39,[3]Sheet1!$B$8:$AF$461,19,0) -> 0 | Q39: =IF(O39>P39,0,P39-O39) -> 0 | R39: =O39+Q39-P39 -> 0 | S39: =VLOOKUP($E39,[3]Sheet1!$B$8:$AF$461,25,0) -> 0 | T39: =IF(R39>S39,0,S39-R39) -> 0 | U39: =R39+T39-S39 -> 0 | V39: =VLOOKUP($E39,[3]Sheet1!$B$8:$BF$461,31,0) -> 0 | W39: =IF(U39>V39,0,V39-U39) -> 0 | X39: =U39+W39-V39 -> 0 | Y39: =VLOOKUP($E39,[3]Sheet1!$B$8:$BF$461,37,0) -> 0 | Z39: =IF(X39>Y39,0,Y39-X39) -> 0 | AA39: =X39+Z39-Y39 -> 0 | AB39: =+Y39 -> 0 | AC39: =IF(AA39>AB39,0,AB39-AA39) -> 0 | AD39: =+AA39+AC39-AB39 -> 0 | AE39: BC111-62062-2 B 1001 | AF39: =+AB39+Y39+V39+S39+P39+M39+J39 -> 0 | AG39: =ROUNDUP((Q39/$AG$7),0) -> 0 | AH39: =ROUNDUP((T39/$AH$7),0) -> 0 | AI39: =ROUNDUP((W39/$AI$7),0) -> 0 | AJ39: =ROUNDUP((Z39/$AJ$7),0) -> 0 | AK39: =ROUNDUP((AC39/$AK$7),0) -> 0 | AL39: =+#REF!+1 -> #REF! | AM39: =AG39*AG$7 -> 0 | AN39: =AH39*AH$7 -> 0 | AO39: =AI39*AI$7 -> 0 | AP39: =AJ39*AJ$7 -> 0 | AQ39: =AK39*AK$7 -> 0 | AR39: =VLOOKUP(E39,'[4]DATA SR'!$D$79:$D$238,1,2) -> #N/A | AS39: BC111-5AA02-2 A 0002
B40: BC111-5A841-2 | E40: BC111-5A841-2 A 0002 | F40: BC 819W | G40: =VLOOKUP($E40,'[2]UMH Monthly'!$D$4:$V$510,19,0) -> 0.014745 | I40: 0 | J40: 0 | K40: 0 | L40: =I40+K40-J40 -> 0 | M40: =VLOOKUP($E40,[3]Sheet1!$B$8:$AF$147,13,0) -> 0 | N40: =IF(L40>M40,0,M40-L40) -> 0 | O40: =L40+N40-M40 -> 0 | P40: =VLOOKUP($E40,[3]Sheet1!$B$8:$AF$461,19,0) -> 0 | Q40: =IF(O40>P40,0,P40-O40) -> 0 | R40: =O40+Q40-P40 -> 0 | S40: =VLOOKUP($E40,[3]Sheet1!$B$8:$AF$461,25,0) -> 0 | T40: =IF(R40>S40,0,S40-R40) -> 0 | U40: =R40+T40-S40 -> 0 | V40: =VLOOKUP($E40,[3]Sheet1!$B$8:$BF$461,31,0) -> 0 | W40: =IF(U40>V40,0,V40-U40) -> 0 | X40: =U40+W40-V40 -> 0 | Y40: =VLOOKUP($E40,[3]Sheet1!$B$8:$BF$461,37,0) -> 0 | Z40: =IF(X40>Y40,0,Y40-X40) -> 0 | AA40: =X40+Z40-Y40 -> 0 | AB40: =+Y40 -> 0 | AC40: =IF(AA40>AB40,0,AB40-AA40) -> 0 | AD40: =+AA40+AC40-AB40 -> 0 | AE40: GBER-67030A | AF40: =+AB40+Y40+V40+S40+P40+M40+J40 -> 0 | AG40: =ROUNDUP((Q40/$AG$7),0) -> 0 | AH40: =ROUNDUP((T40/$AH$7),0) -> 0 | AI40: =ROUNDUP((W40/$AI$7),0) -> 0 | AJ40: =ROUNDUP((Z40/$AJ$7),0) -> 0 | AK40: =ROUNDUP((AC40/$AK$7),0) -> 0 | AL40: =+AL37+1 -> #REF! | AM40: =AG40*AG$7 -> 0 | AN40: =AH40*AH$7 -> 0 | AO40: =AI40*AI$7 -> 0 | AP40: =AJ40*AJ$7 -> 0 | AQ40: =AK40*AK$7 -> 0 | AR40: =VLOOKUP(E40,'[4]DATA SR'!$D$79:$D$238,1,2) -> #N/A | AS40: BC111-5A841-2 A 0002
B41: BC111-5A881-2 | E41: BC111-5A881-2 A 0002 | F41: BC 819W | G41: =VLOOKUP($E41,'[2]UMH Monthly'!$D$4:$V$510,19,0) -> 0.014745 | I41: 0 | J41: 0 | K41: 0 | L41: =I41+K41-J41 -> 0 | M41: =VLOOKUP($E41,[3]Sheet1!$B$8:$AF$147,13,0) -> 0 | N41: =IF(L41>M41,0,M41-L41) -> 0 | O41: =L41+N41-M41 -> 0 | P41: =VLOOKUP($E41,[3]Sheet1!$B$8:$AF$461,19,0) -> 0 | Q41: =IF(O41>P41,0,P41-O41) -> 0 | R41: =O41+Q41-P41 -> 0 | S41: =VLOOKUP($E41,[3]Sheet1!$B$8:$AF$461,25,0) -> 0 | T41: =IF(R41>S41,0,S41-R41) -> 0 | U41: =R41+T41-S41 -> 0 | V41: =VLOOKUP($E41,[3]Sheet1!$B$8:$BF$461,31,0) -> 0 | W41: =IF(U41>V41,0,V41-U41) -> 0 | X41: =U41+W41-V41 -> 0 | Y41: =VLOOKUP($E41,[3]Sheet1!$B$8:$BF$461,37,0) -> 0 | Z41: =IF(X41>Y41,0,Y41-X41) -> 0 | AA41: =X41+Z41-Y41 -> 0 | AB41: =+Y41 -> 0 | AC41: =IF(AA41>AB41,0,AB41-AA41) -> 0 | AD41: =+AA41+AC41-AB41 -> 0 | AE41: GBER-67030A | AF41: =+AB41+Y41+V41+S41+P41+M41+J41 -> 0 | AG41: =ROUNDUP((Q41/$AG$7),0) -> 0 | AH41: =ROUNDUP((T41/$AH$7),0) -> 0 | AI41: =ROUNDUP((W41/$AI$7),0) -> 0 | AJ41: =ROUNDUP((Z41/$AJ$7),0) -> 0 | AK41: =ROUNDUP((AC41/$AK$7),0) -> 0 | AL41: =+AL39+1 -> #REF! | AM41: =AG41*AG$7 -> 0 | AN41: =AH41*AH$7 -> 0 | AO41: =AI41*AI$7 -> 0 | AP41: =AJ41*AJ$7 -> 0 | AQ41: =AK41*AK$7 -> 0 | AR41: =VLOOKUP(E41,'[4]DATA SR'!$D$79:$D$238,1,2) -> #N/A | AS41: BC111-5A881-2 A 0002
B42: BC111-1HQ61-1 | E42: BC111-1HQ61-1 A 1001 | F42: BC 891W | G42: =VLOOKUP($E42,'[2]UMH Monthly'!$D$4:$V$510,19,0) -> 0.012791667 | I42: 0 | J42: 4520 | K42: 4520 | L42: =I42+K42-J42 -> 0 | M42: =VLOOKUP($E42,[3]Sheet1!$B$8:$AF$147,13,0) -> 5000 | N42: =IF(L42>M42,0,M42-L42) -> 5000 | O42: =L42+N42-M42 -> 0 | P42: =VLOOKUP($E42,[3]Sheet1!$B$8:$AF$461,19,0) -> 5320 | Q42: =IF(O42>P42,0,P42-O42) -> 5320 | R42: =O42+Q42-P42 -> 0 | S42: =VLOOKUP($E42,[3]Sheet1!$B$8:$AF$461,25,0) -> 4440 | T42: =IF(R42>S42,0,S42-R42) -> 4440 | U42: =R42+T42-S42 -> 0 | V42: =VLOOKUP($E42,[3]Sheet1!$B$8:$BF$461,31,0) -> 5280 | W42: =IF(U42>V42,0,V42-U42) -> 5280 | X42: =U42+W42-V42 -> 0 | Y42: =VLOOKUP($E42,[3]Sheet1!$B$8:$BF$461,37,0) -> 6280 | Z42: =IF(X42>Y42,0,Y42-X42) -> 6280 | AA42: =X42+Z42-Y42 -> 0 | AB42: =+Y42 -> 6280 | AC42: =IF(AA42>AB42,0,AB42-AA42) -> 6280 | AD42: =+AA42+AC42-AB42 -> 0 | AE42: GNC9-67030A | AF42: =+AB42+Y42+V42+S42+P42+M42+J42 -> 37120 | AG42: =ROUNDUP((Q42/$AG$7),0) -> 1064 | AH42: =ROUNDUP((T42/$AH$7),0) -> 1110 | AI42: =ROUNDUP((W42/$AI$7),0) -> 1320 | AJ42: =ROUNDUP((Z42/$AJ$7),0) -> 1256 | AK42: =ROUNDUP((AC42/$AK$7),0) -> 1570 | AL42: =+#REF!+1 -> #REF! | AM42: =AG42*AG$7 -> 5320 | AN42: =AH42*AH$7 -> 4440 | AO42: =AI42*AI$7 -> 5280 | AP42: =AJ42*AJ$7 -> 6280 | AQ42: =AK42*AK$7 -> 6280 | AR42: =VLOOKUP(E42,'[4]DATA SR'!$D$79:$D$238,1,2) -> #N/A | AS42: BC111-1HQ61-1 A 1001
B43: BC111-1HY10-1 | E43: BC111-1HY10-1 A 1001 | F43: BC 891W | G43: =VLOOKUP($E43,'[2]UMH Monthly'!$D$4:$V$510,19,0) -> 0.01391 | I43: 0 | J43: 0 | K43: 0 | L43: =I43+K43-J43 -> 0 | M43: =VLOOKUP($E43,[3]Sheet1!$B$8:$AF$147,13,0) -> 120 | N43: =IF(L43>M43,0,M43-L43) -> 120 | O43: =L43+N43-M43 -> 0 | P43: =VLOOKUP($E43,[3]Sheet1!$B$8:$AF$461,19,0) -> 60 | Q43: =IF(O43>P43,0,P43-O43) -> 60 | R43: =O43+Q43-P43 -> 0 | S43: =VLOOKUP($E43,[3]Sheet1!$B$8:$AF$461,25,0) -> 0 | T43: =IF(R43>S43,0,S43-R43) -> 0 | U43: =R43+T43-S43 -> 0 | V43: =VLOOKUP($E43,[3]Sheet1!$B$8:$BF$461,31,0) -> 60 | W43: =IF(U43>V43,0,V43-U43) -> 60 | X43: =U43+W43-V43 -> 0 | Y43: =VLOOKUP($E43,[3]Sheet1!$B$8:$BF$461,37,0) -> 60 | Z43: =IF(X43>Y43,0,Y43-X43) -> 60 | AA43: =X43+Z43-Y43 -> 0 | AB43: =+Y43 -> 60 | AC43: =IF(AA43>AB43,0,AB43-AA43) -> 60 | AD43: =+AA43+AC43-AB43 -> 0 | AE43: GNC9-67030A | AF43: =+AB43+Y43+V43+S43+P43+M43+J43 -> 360 | AG43: =ROUNDUP((Q43/$AG$7),0) -> 12 | AH43: =ROUNDUP((T43/$AH$7),0) -> 0 | AI43: =ROUNDUP((W43/$AI$7),0) -> 15 | AJ43: =ROUNDUP((Z43/$AJ$7),0) -> 12 | AK43: =ROUNDUP((AC43/$AK$7),0) -> 15 | AL43: =+#REF!+1 -> #REF! | AM43: =AG43*AG$7 -> 60 | AN43: =AH43*AH$7 -> 0 | AO43: =AI43*AI$7 -> 60 | AP43: =AJ43*AJ$7 -> 60 | AQ43: =AK43*AK$7 -> 60 | AR43: =VLOOKUP(E43,'[4]DATA SR'!$D$79:$D$238,1,2) -> #N/A | AS43: BC111-1HY10-1 A 1001
B44: BC111-1HY10-2 | E44: BC111-1HY10-2 A 1001 | F44: BC 891W | G44: =VLOOKUP($E44,'[2]UMH Monthly'!$D$4:$V$510,19,0) -> 0.013613333 | I44: 0 | J44: 0 | K44: 0 | L44: =I44+K44-J44 -> 0 | M44: =VLOOKUP($E44,[3]Sheet1!$B$8:$AF$147,13,0) -> 0 | N44: =IF(L44>M44,0,M44-L44) -> 0 | O44: =L44+N44-M44 -> 0 | P44: =VLOOKUP($E44,[3]Sheet1!$B$8:$AF$461,19,0) -> 0 | Q44: =IF(O44>P44,0,P44-O44) -> 0 | R44: =O44+Q44-P44 -> 0 | S44: =VLOOKUP($E44,[3]Sheet1!$B$8:$AF$461,25,0) -> 0 | T44: =IF(R44>S44,0,S44-R44) -> 0 | U44: =R44+T44-S44 -> 0 | V44: =VLOOKUP($E44,[3]Sheet1!$B$8:$BF$461,31,0) -> 0 | W44: =IF(U44>V44,0,V44-U44) -> 0 | X44: =U44+W44-V44 -> 0 | Y44: =VLOOKUP($E44,[3]Sheet1!$B$8:$BF$461,37,0) -> 0 | Z44: =IF(X44>Y44,0,Y44-X44) -> 0 | AA44: =X44+Z44-Y44 -> 0 | AB44: =+Y44 -> 0 | AC44: =IF(AA44>AB44,0,AB44-AA44) -> 0 | AD44: =+AA44+AC44-AB44 -> 0 | AE44: GND2-67030A | AF44: =+AB44+Y44+V44+S44+P44+M44+J44 -> 0 | AG44: =ROUNDUP((Q44/$AG$7),0) -> 0 | AH44: =ROUNDUP((T44/$AH$7),0) -> 0 | AI44: =ROUNDUP((W44/$AI$7),0) -> 0 | AJ44: =ROUNDUP((Z44/$AJ$7),0) -> 0 | AK44: =ROUNDUP((AC44/$AK$7),0) -> 0 | AL44: =+#REF!+1 -> #REF! | AM44: =AG44*AG$7 -> 0 | AN44: =AH44*AH$7 -> 0 | AO44: =AI44*AI$7 -> 0 | AP44: =AJ44*AJ$7 -> 0 | AQ44: =AK44*AK$7 -> 0 | AR44: =VLOOKUP(E44,'[4]DATA SR'!$D$79:$D$238,1,2) -> #N/A | AS44: BC111-1HY10-2 A 1001
B45: BC111-1HR01-1 | E45: BC111-1HR01-1 0002 | F45: BC 891W | G45: =VLOOKUP($E45,'[2]UMH Monthly'!$D$4:$V$510,19,0) -> 0.012791667 | I45: 0 | J45: 6920 | K45: 6920 | L45: =I45+K45-J45 -> 0 | M45: =VLOOKUP($E45,[3]Sheet1!$B$8:$AF$147,13,0) -> 6440 | N45: =IF(L45>M45,0,M45-L45) -> 6440 | O45: =L45+N45-M45 -> 0 | P45: =VLOOKUP($E45,[3]Sheet1!$B$8:$AF$461,19,0) -> 6480 | Q45: =IF(O45>P45,0,P45-O45) -> 6480 | R45: =O45+Q45-P45 -> 0 | S45: =VLOOKUP($E45,[3]Sheet1!$B$8:$AF$461,25,0) -> 5600 | T45: =IF(R45>S45,0,S45-R45) -> 5600 | U45: =R45+T45-S45 -> 0 | V45: =VLOOKUP($E45,[3]Sheet1!$B$8:$BF$461,31,0) -> 6800 | W45: =IF(U45>V45,0,V45-U45) -> 6800 | X45: =U45+W45-V45 -> 0 | Y45: =VLOOKUP($E45,[3]Sheet1!$B$8:$BF$461,37,0) -> 8440 | Z45: =IF(X45>Y45,0,Y45-X45) -> 8440 | AA45: =X45+Z45-Y45 -> 0 | AB45: =+Y45 -> 8440 | AC45: =IF(AA45>AB45,0,AB45-AA45) -> 8440 | AD45: =+AA45+AC45-AB45 -> 0 | AS45: BC111-1HR01-1 0002
B46: BC111-62092-2 | E46: BC111-62092-2 B 1001 | F46: BC 766W | G46: =VLOOKUP($E46,'[2]UMH Monthly'!$D$4:$V$510,19,0) -> 0.014745 | I46: 0 | J46: 0 | K46: 0 | L46: =I46+K46-J46 -> 0 | M46: =VLOOKUP($E46,[3]Sheet1!$B$8:$AF$147,13,0) -> 0 | N46: =IF(L46>M46,0,M46-L46) -> 0 | O46: =L46+N46-M46 -> 0 | P46: =VLOOKUP($E46,[3]Sheet1!$B$8:$AF$461,19,0) -> 0 | Q46: =IF(O46>P46,0,P46-O46) -> 0 | R46: =O46+Q46-P46 -> 0 | S46: =VLOOKUP($E46,[3]Sheet1!$B$8:$AF$461,25,0) -> 0 | T46: =IF(R46>S46,0,S46-R46) -> 0 | U46: =R46+T46-S46 -> 0 | V46: =VLOOKUP($E46,[3]Sheet1!$B$8:$BF$461,31,0) -> 0 | W46: =IF(U46>V46,0,V46-U46) -> 0 | X46: =U46+W46-V46 -> 0 | Y46: =VLOOKUP($E46,[3]Sheet1!$B$8:$BF$461,37,0) -> 0 | Z46: =IF(X46>Y46,0,Y46-X46) -> 0 | AA46: =X46+Z46-Y46 -> 0 | AB46: =+Y46 -> 0 | AC46: =IF(AA46>AB46,0,AB46-AA46) -> 0 | AD46: =+AA46+AC46-AB46 -> 0 | AE46: GND2-67030A | AF46: =+AB46+Y46+V46+S46+P46+M46+J46 -> 0 | AG46: =ROUNDUP((Q46/$AG$7),0) -> 0 | AH46: =ROUNDUP((T46/$AH$7),0) -> 0 | AI46: =ROUNDUP((W46/$AI$7),0) -> 0 | AJ46: =ROUNDUP((Z46/$AJ$7),0) -> 0 | AK46: =ROUNDUP((AC46/$AK$7),0) -> 0 | AL46: =+#REF!+1 -> #REF! | AM46: =AG46*AG$7 -> 0 | AN46: =AH46*AH$7 -> 0 | AO46: =AI46*AI$7 -> 0 | AP46: =AJ46*AJ$7 -> 0 | AQ46: =AK46*AK$7 -> 0 | AR46: =VLOOKUP(E46,'[4]DATA SR'!$D$79:$D$238,1,2) -> #N/A | AS46: BC111-62092-2 B 1001
B47: BC111-62062-2 | E47: BC111-62062-2 B 1001 | F47: BC 766W | G47: =VLOOKUP($E47,'[2]UMH Monthly'!$D$4:$V$510,19,0) -> 0.014745 | I47: 0 | J47: 0 | K47: 0 | L47: =I47+K47-J47 -> 0 | M47: =VLOOKUP($E47,[3]Sheet1!$B$8:$AF$147,13,0) -> 0 | N47: =IF(L47>M47,0,M47-L47) -> 0 | O47: =L47+N47-M47 -> 0 | P47: =VLOOKUP($E47,[3]Sheet1!$B$8:$AF$461,19,0) -> 0 | Q47: =IF(O47>P47,0,P47-O47) -> 0 | R47: =O47+Q47-P47 -> 0 | S47: =VLOOKUP($E47,[3]Sheet1!$B$8:$AF$461,25,0) -> 0 | T47: =IF(R47>S47,0,S47-R47) -> 0 | U47: =R47+T47-S47 -> 0 | V47: =VLOOKUP($E47,[3]Sheet1!$B$8:$BF$461,31,0) -> 0 | W47: =IF(U47>V47,0,V47-U47) -> 0 | X47: =U47+W47-V47 -> 0 | Y47: =VLOOKUP($E47,[3]Sheet1!$B$8:$BF$461,37,0) -> 0 | Z47: =IF(X47>Y47,0,Y47-X47) -> 0 | AA47: =X47+Z47-Y47 -> 0 | AB47: =+Y47 -> 0 | AC47: =IF(AA47>AB47,0,AB47-AA47) -> 0 | AD47: =+AA47+AC47-AB47 -> 0 | AE47: GND2-67030A | AF47: =+AB47+Y47+V47+S47+P47+M47+J47 -> 0 | AG47: =ROUNDUP((Q47/$AG$7),0) -> 0 | AH47: =ROUNDUP((T47/$AH$7),0) -> 0 | AI47: =ROUNDUP((W47/$AI$7),0) -> 0 | AJ47: =ROUNDUP((Z47/$AJ$7),0) -> 0 | AK47: =ROUNDUP((AC47/$AK$7),0) -> 0 | AL47: =+#REF!+1 -> #REF! | AM47: =AG47*AG$7 -> 0 | AN47: =AH47*AH$7 -> 0 | AO47: =AI47*AI$7 -> 0 | AP47: =AJ47*AJ$7 -> 0 | AQ47: =AK47*AK$7 -> 0 | AR47: =VLOOKUP(E47,'[4]DATA SR'!$D$79:$D$238,1,2) -> #N/A | AS47: BC111-62062-2 B 1001
D48: BC111-16P60-1 0001 | E48: BC111-16P60-1 0001 | F48: BC 059J | G48: =VLOOKUP($E48,'[2]UMH Monthly'!$D$4:$V$510,19,0) -> 0.01233 | I48: 0 | J48: 1480 | K48: 1480 | L48: =I48+K48-J48 -> 0 | M48: =VLOOKUP($E48,[3]Sheet1!$B$8:$AF$147,13,0) -> 2180 | N48: =IF(L48>M48,0,M48-L48) -> 2180 | O48: =L48+N48-M48 -> 0 | P48: =VLOOKUP($E48,[3]Sheet1!$B$8:$AF$461,19,0) -> 1700 | Q48: =IF(O48>P48,0,P48-O48) -> 1700 | R48: =O48+Q48-P48 -> 0 | S48: =VLOOKUP($E48,[3]Sheet1!$B$8:$AF$461,25,0) -> 1520 | T48: =IF(R48>S48,0,S48-R48) -> 1520 | U48: =R48+T48-S48 -> 0 | V48: =VLOOKUP($E48,[3]Sheet1!$B$8:$BF$461,31,0) -> 1700 | W48: =IF(U48>V48,0,V48-U48) -> 1700 | X48: =U48+W48-V48 -> 0 | Y48: =VLOOKUP($E48,[3]Sheet1!$B$8:$BF$461,37,0) -> 1560 | Z48: =IF(X48>Y48,0,Y48-X48) -> 1560 | AA48: =X48+Z48-Y48 -> 0 | AB48: =+Y48 -> 1560 | AC48: =IF(AA48>AB48,0,AB48-AA48) -> 1560 | AD48: =+AA48+AC48-AB48 -> 0 | AS48: BC111-16P60-1 0001
D49: BC111-16J40-1 0001 | E49: BC111-16J40-1 0001 | F49: BC 059J | G49: =VLOOKUP($E49,'[2]UMH Monthly'!$D$4:$V$510,19,0) -> 0.012791667 | I49: 0 | J49: 5120 | K49: 5120 | L49: =I49+K49-J49 -> 0 | M49: =VLOOKUP($E49,[3]Sheet1!$B$8:$AF$147,13,0) -> 4240 | N49: =IF(L49>M49,0,M49-L49) -> 4240 | O49: =L49+N49-M49 -> 0 | P49: =VLOOKUP($E49,[3]Sheet1!$B$8:$AF$461,19,0) -> 4520 | Q49: =IF(O49>P49,0,P49-O49) -> 4520 | R49: =O49+Q49-P49 -> 0 | S49: =VLOOKUP($E49,[3]Sheet1!$B$8:$AF$461,25,0) -> 3920 | T49: =IF(R49>S49,0,S49-R49) -> 3920 | U49: =R49+T49-S49 -> 0 | V49: =VLOOKUP($E49,[3]Sheet1!$B$8:$BF$461,31,0) -> 4280 | W49: =IF(U49>V49,0,V49-U49) -> 4280 | X49: =U49+W49-V49 -> 0 | Y49: =VLOOKUP($E49,[3]Sheet1!$B$8:$BF$461,37,0) -> 3960 | Z49: =IF(X49>Y49,0,Y49-X49) -> 3960 | AA49: =X49+Z49-Y49 -> 0 | AB49: =+Y49 -> 3960 | AC49: =IF(AA49>AB49,0,AB49-AA49) -> 3960 | AD49: =+AA49+AC49-AB49 -> 0 | AS49: BC111-16J40-1 0001
D50: BC111-16R30-1 0001 | E50: BC111-16R30-1 0001 | F50: BC 059J | G50: =VLOOKUP($E50,'[2]UMH Monthly'!$D$4:$V$510,19,0) -> 0.012791667 | I50: 0 | J50: 2800 | K50: 2800 | L50: =I50+K50-J50 -> 0 | M50: =VLOOKUP($E50,[3]Sheet1!$B$8:$AF$147,13,0) -> 1480 | N50: =IF(L50>M50,0,M50-L50) -> 1480 | O50: =L50+N50-M50 -> 0 | P50: =VLOOKUP($E50,[3]Sheet1!$B$8:$AF$461,19,0) -> 2080 | Q50: =IF(O50>P50,0,P50-O50) -> 2080 | R50: =O50+Q50-P50 -> 0 | S50: =VLOOKUP($E50,[3]Sheet1!$B$8:$AF$461,25,0) -> 1880 | T50: =IF(R50>S50,0,S50-R50) -> 1880 | U50: =R50+T50-S50 -> 0 | V50: =VLOOKUP($E50,[3]Sheet1!$B$8:$BF$461,31,0) -> 2040 | W50: =IF(U50>V50,0,V50-U50) -> 2040 | X50: =U50+W50-V50 -> 0 | Y50: =VLOOKUP($E50,[3]Sheet1!$B$8:$BF$461,37,0) -> 1920 | Z50: =IF(X50>Y50,0,Y50-X50) -> 1920 | AA50: =X50+Z50-Y50 -> 0 | AB50: =+Y50 -> 1920 | AC50: =IF(AA50>AB50,0,AB50-AA50) -> 1920 | AD50: =+AA50+AC50-AB50 -> 0 | AS50: BC111-16R30-1 0001
D51: BC111-16R90-1 0001 | E51: BC111-16R90-1 0001 | F51: BC 059J | G51: =VLOOKUP($E51,'[2]UMH Monthly'!$D$4:$V$510,19,0) -> 0.012343333 | I51: 0 | J51: 1420 | K51: 1420 | L51: =I51+K51-J51 -> 0 | M51: =VLOOKUP($E51,[3]Sheet1!$B$8:$AF$147,13,0) -> 1300 | N51: =IF(L51>M51,0,M51-L51) -> 1300 | O51: =L51+N51-M51 -> 0 | P51: =VLOOKUP($E51,[3]Sheet1!$B$8:$AF$461,19,0) -> 1380 | Q51: =IF(O51>P51,0,P51-O51) -> 1380 | R51: =O51+Q51-P51 -> 0 | S51: =VLOOKUP($E51,[3]Sheet1!$B$8:$AF$461,25,0) -> 1260 | T51: =IF(R51>S51,0,S51-R51) -> 1260 | U51: =R51+T51-S51 -> 0 | V51: =VLOOKUP($E51,[3]Sheet1!$B$8:$BF$461,31,0) -> 1340 | W51: =IF(U51>V51,0,V51-U51) -> 1340 | X51: =U51+W51-V51 -> 0 | Y51: =VLOOKUP($E51,[3]Sheet1!$B$8:$BF$461,37,0) -> 1220 | Z51: =IF(X51>Y51,0,Y51-X51) -> 1220 | AA51: =X51+Z51-Y51 -> 0 | AB51: =+Y51 -> 1220 | AC51: =IF(AA51>AB51,0,AB51-AA51) -> 1220 | AD51: =+AA51+AC51-AB51 -> 0 | AS51: BC111-16R90-1 0001
E52: DC111-V3G90 B 0101 | F52: 559D | G52: =VLOOKUP($E52,'[2]UMH Monthly'!$D$4:$V$510,19,0) -> 0.015896667 | I52: 0 | J52: 0 | K52: 0 | L52: =I52+K52-J52 -> 0 | M52: =VLOOKUP($E52,[3]Sheet1!$B$8:$AF$147,13,0) -> 0 | N52: =IF(L52>M52,0,M52-L52) -> 0 | O52: =L52+N52-M52 -> 0 | P52: =VLOOKUP($E52,[3]Sheet1!$B$8:$AF$461,19,0) -> 40 | Q52: =IF(O52>P52,0,P52-O52) -> 40 | R52: =O52+Q52-P52 -> 0 | S52: =VLOOKUP($E52,[3]Sheet1!$B$8:$AF$461,25,0) -> 40 | T52: =IF(R52>S52,0,S52-R52) -> 40 | U52: =R52+T52-S52 -> 0 | V52: =VLOOKUP($E52,[3]Sheet1!$B$8:$BF$461,31,0) -> 0 | W52: =IF(U52>V52,0,V52-U52) -> 0 | X52: =U52+W52-V52 -> 0 | Y52: =VLOOKUP($E52,[3]Sheet1!$B$8:$BF$461,37,0) -> 0 | Z52: =IF(X52>Y52,0,Y52-X52) -> 0 | AA52: =X52+Z52-Y52 -> 0 | AB52: =+Y52 -> 0 | AC52: =IF(AA52>AB52,0,AB52-AA52) -> 0 | AD52: =+AA52+AC52-AB52 -> 0
E53: DC111-V3C10 B 0101 | F53: 559D | G53: =VLOOKUP($E53,'[2]UMH Monthly'!$D$4:$V$510,19,0) -> 0.015188333 | I53: 0 | J53: 600 | K53: 600 | L53: =I53+K53-J53 -> 0 | M53: =VLOOKUP($E53,[3]Sheet1!$B$8:$AF$147,13,0) -> 640 | N53: =IF(L53>M53,0,M53-L53) -> 640 | O53: =L53+N53-M53 -> 0 | P53: =VLOOKUP($E53,[3]Sheet1!$B$8:$AF$461,19,0) -> 360 | Q53: =IF(O53>P53,0,P53-O53) -> 360 | R53: =O53+Q53-P53 -> 0 | S53: =VLOOKUP($E53,[3]Sheet1!$B$8:$AF$461,25,0) -> 280 | T53: =IF(R53>S53,0,S53-R53) -> 280 | U53: =R53+T53-S53 -> 0 | V53: =VLOOKUP($E53,[3]Sheet1!$B$8:$BF$461,31,0) -> 360 | W53: =IF(U53>V53,0,V53-U53) -> 360 | X53: =U53+W53-V53 -> 0 | Y53: =VLOOKUP($E53,[3]Sheet1!$B$8:$BF$461,37,0) -> 600 | Z53: =IF(X53>Y53,0,Y53-X53) -> 600 | AA53: =X53+Z53-Y53 -> 0 | AB53: =+Y53 -> 600 | AC53: =IF(AA53>AB53,0,AB53-AA53) -> 600 | AD53: =+AA53+AC53-AB53 -> 0
E54: DC111-V3C50 B 0101 | F54: 559D | G54: =VLOOKUP($E54,'[2]UMH Monthly'!$D$4:$V$510,19,0) -> 0.014901667 | I54: 0 | J54: 6240 | K54: 6240 | L54: =I54+K54-J54 -> 0 | M54: =VLOOKUP($E54,[3]Sheet1!$B$8:$AF$147,13,0) -> 4680 | N54: =IF(L54>M54,0,M54-L54) -> 4680 | O54: =L54+N54-M54 -> 0 | P54: =VLOOKUP($E54,[3]Sheet1!$B$8:$AF$461,19,0) -> 4160 | Q54: =IF(O54>P54,0,P54-O54) -> 4160 | R54: =O54+Q54-P54 -> 0 | S54: =VLOOKUP($E54,[3]Sheet1!$B$8:$AF$461,25,0) -> 3600 | T54: =IF(R54>S54,0,S54-R54) -> 3600 | U54: =R54+T54-S54 -> 0 | V54: =VLOOKUP($E54,[3]Sheet1!$B$8:$BF$461,31,0) -> 3880 | W54: =IF(U54>V54,0,V54-U54) -> 3880 | X54: =U54+W54-V54 -> 0 | Y54: =VLOOKUP($E54,[3]Sheet1!$B$8:$BF$461,37,0) -> 4360 | Z54: =IF(X54>Y54,0,Y54-X54) -> 4360 | AA54: =X54+Z54-Y54 -> 0 | AB54: =+Y54 -> 4360 | AC54: =IF(AA54>AB54,0,AB54-AA54) -> 4360 | AD54: =+AA54+AC54-AB54 -> 0
E55: BC111-1KU50-2 0001 | F55: 559D | G55: 0.013601667 | I55: 0 | J55: 60 | K55: 60 | L55: =I55+K55-J55 -> 0 | M55: =VLOOKUP($E55,[3]Sheet1!$B$8:$AF$147,13,0) -> 120 | N55: =IF(L55>M55,0,M55-L55) -> 120 | O55: =L55+N55-M55 -> 0 | P55: =VLOOKUP($E55,[3]Sheet1!$B$8:$AF$461,19,0) -> 60 | Q55: =IF(O55>P55,0,P55-O55) -> 60 | R55: =O55+Q55-P55 -> 0 | S55: =VLOOKUP($E55,[3]Sheet1!$B$8:$AF$461,25,0) -> 0 | T55: =IF(R55>S55,0,S55-R55) -> 0 | U55: =R55+T55-S55 -> 0 | V55: =VLOOKUP($E55,[3]Sheet1!$B$8:$BF$461,31,0) -> 60 | W55: =IF(U55>V55,0,V55-U55) -> 60 | X55: =U55+W55-V55 -> 0 | Y55: =VLOOKUP($E55,[3]Sheet1!$B$8:$BF$461,37,0) -> 60 | Z55: =IF(X55>Y55,0,Y55-X55) -> 60 | AA55: =X55+Z55-Y55 -> 0 | AB55: =+Y55 -> 60 | AC55: =IF(AA55>AB55,0,AB55-AA55) -> 60
B56: JN111-62063-3 | E56: JN111-62063-3 0002 | G56: =VLOOKUP($B56,'[2]UMH Monthly'!$E$4:$V$512,18,0) -> 0.021368333 | I56: 0 | J56: 0 | K56: 0 | L56: =I56+K56-J56 -> 0 | M56: =VLOOKUP($E56,[3]Sheet1!$B$8:$AF$147,13,0) -> 0 | N56: =IF(L56>M56,0,M56-L56) -> 0 | O56: =L56+N56-M56 -> 0 | P56: =VLOOKUP($E56,[3]Sheet1!$B$8:$AF$461,19,0) -> 0 | Q56: =IF(O56>P56,0,P56-O56) -> 0 | R56: =O56+Q56-P56 -> 0 | S56: =VLOOKUP($E56,[3]Sheet1!$B$8:$AF$461,25,0) -> 0 | T56: =IF(R56>S56,0,S56-R56) -> 0 | U56: =R56+T56-S56 -> 0 | V56: =VLOOKUP($E56,[3]Sheet1!$B$8:$BF$461,31,0) -> 0 | W56: =IF(U56>V56,0,V56-U56) -> 0 | X56: =U56+W56-V56 -> 0 | Y56: =VLOOKUP($E56,[3]Sheet1!$B$8:$BF$461,37,0) -> 0 | Z56: =IF(X56>Y56,0,Y56-X56) -> 0 | AA56: =X56+Z56-Y56 -> 0 | AB56: =+Y56 -> 0 | AC56: =IF(AA56>AB56,0,AB56-AA56) -> 0
B57: JN111-62063-4 | E57: JN111-62063-4 0002 | G57: =VLOOKUP($B57,'[2]UMH Monthly'!$E$4:$V$512,18,0) -> 0.017923333 | I57: 0 | J57: 0 | K57: 0 | L57: =I57+K57-J57 -> 0 | M57: =VLOOKUP($E57,[3]Sheet1!$B$8:$AF$147,13,0) -> 0 | N57: =IF(L57>M57,0,M57-L57) -> 0 | O57: =L57+N57-M57 -> 0 | P57: =VLOOKUP($E57,[3]Sheet1!$B$8:$AF$461,19,0) -> 0 | Q57: =IF(O57>P57,0,P57-O57) -> 0 | R57: =O57+Q57-P57 -> 0 | S57: =VLOOKUP($E57,[3]Sheet1!$B$8:$AF$461,25,0) -> 0 | T57: =IF(R57>S57,0,S57-R57) -> 0 | U57: =R57+T57-S57 -> 0 | V57: =VLOOKUP($E57,[3]Sheet1!$B$8:$BF$461,31,0) -> 0 | W57: =IF(U57>V57,0,V57-U57) -> 0 | X57: =U57+W57-V57 -> 0 | Y57: =VLOOKUP($E57,[3]Sheet1!$B$8:$BF$461,37,0) -> 0 | Z57: =IF(X57>Y57,0,Y57-X57) -> 0 | AA57: =X57+Z57-Y57 -> 0 | AB57: =+Y57 -> 0 | AC57: =IF(AA57>AB57,0,AB57-AA57) -> 0
B58: JN111-62093-3 | E58: JN111-62093-3 0002 | G58: =VLOOKUP($B58,[7]Sheet1!$E$303:$V$362,18,0) -> 0.016306667 | I58: 0 | J58: 0 | K58: 0 | L58: =I58+K58-J58 -> 0 | M58: =VLOOKUP($E58,[3]Sheet1!$B$8:$AF$147,13,0) -> 0 | N58: =IF(L58>M58,0,M58-L58) -> 0 | O58: =L58+N58-M58 -> 0 | P58: =VLOOKUP($E58,[3]Sheet1!$B$8:$AF$461,19,0) -> 0 | Q58: =IF(O58>P58,0,P58-O58) -> 0 | R58: =O58+Q58-P58 -> 0 | S58: =VLOOKUP($E58,[3]Sheet1!$B$8:$AF$461,25,0) -> 0 | T58: =IF(R58>S58,0,S58-R58) -> 0 | U58: =R58+T58-S58 -> 0 | V58: =VLOOKUP($E58,[3]Sheet1!$B$8:$BF$461,31,0) -> 0 | W58: =IF(U58>V58,0,V58-U58) -> 0 | X58: =U58+W58-V58 -> 0 | Y58: =VLOOKUP($E58,[3]Sheet1!$B$8:$BF$461,37,0) -> 0 | Z58: =IF(X58>Y58,0,Y58-X58) -> 0 | AA58: =X58+Z58-Y58 -> 0 | AB58: =+Y58 -> 0 | AC58: =IF(AA58>AB58,0,AB58-AA58) -> 0
B59: JN111-62093-4 | E59: JN111-62093-4 0002 | G59: =VLOOKUP($B59,[7]Sheet1!$E$303:$V$362,18,0) -> 0.01875 | I59: 0 | J59: 0 | K59: 0 | L59: =I59+K59-J59 -> 0 | M59: =VLOOKUP($E59,[3]Sheet1!$B$8:$AF$147,13,0) -> 0 | N59: =IF(L59>M59,0,M59-L59) -> 0 | O59: =L59+N59-M59 -> 0 | P59: =VLOOKUP($E59,[3]Sheet1!$B$8:$AF$461,19,0) -> 0 | Q59: =IF(O59>P59,0,P59-O59) -> 0 | R59: =O59+Q59-P59 -> 0 | S59: =VLOOKUP($E59,[3]Sheet1!$B$8:$AF$461,25,0) -> 0 | T59: =IF(R59>S59,0,S59-R59) -> 0 | U59: =R59+T59-S59 -> 0 | V59: =VLOOKUP($E59,[3]Sheet1!$B$8:$BF$461,31,0) -> 0 | W59: =IF(U59>V59,0,V59-U59) -> 0 | X59: =U59+W59-V59 -> 0 | Y59: =VLOOKUP($E59,[3]Sheet1!$B$8:$BF$461,37,0) -> 0 | Z59: =IF(X59>Y59,0,Y59-X59) -> 0 | AA59: =X59+Z59-Y59 -> 0 | AB59: =+Y59 -> 0 | AC59: =IF(AA59>AB59,0,AB59-AA59) -> 0
B60: BC111-5DR50-1 | E60: BC111-5DR50-1 B 0001 | G60: =VLOOKUP($B60,'[2]UMH Monthly'!$E$4:$V$512,18,0) -> 0.01291 | I60: 0 | J60: 0 | K60: 0 | L60: =I60+K60-J60 -> 0 | M60: =VLOOKUP($E60,[3]Sheet1!$B$8:$AF$147,13,0) -> 0 | N60: =IF(L60>M60,0,M60-L60) -> 0 | O60: =L60+N60-M60 -> 0 | P60: =VLOOKUP($E60,[3]Sheet1!$B$8:$AF$461,19,0) -> 0 | Q60: =IF(O60>P60,0,P60-O60) -> 0 | R60: =O60+Q60-P60 -> 0 | S60: =VLOOKUP($E60,[3]Sheet1!$B$8:$AF$461,25,0) -> 0 | T60: =IF(R60>S60,0,S60-R60) -> 0 | U60: =R60+T60-S60 -> 0 | V60: =VLOOKUP($E60,[3]Sheet1!$B$8:$BF$461,31,0) -> 0 | W60: =IF(U60>V60,0,V60-U60) -> 0 | X60: =U60+W60-V60 -> 0 | Y60: =VLOOKUP($E60,[3]Sheet1!$B$8:$BF$461,37,0) -> 0 | Z60: =IF(X60>Y60,0,Y60-X60) -> 0 | AA60: =X60+Z60-Y60 -> 0 | AB60: =+Y60 -> 0 | AC60: =IF(AA60>AB60,0,AB60-AA60) -> 0
B61: BC111-5DR50-2 | E61: BC111-5DR50-2 B 0001 | G61: =VLOOKUP($B61,'[2]UMH Monthly'!$E$4:$V$512,18,0) -> 0.01351 | I61: 0 | J61: 0 | K61: 0 | L61: =I61+K61-J61 -> 0 | M61: =VLOOKUP($E61,[3]Sheet1!$B$8:$AF$147,13,0) -> 0 | N61: =IF(L61>M61,0,M61-L61) -> 0 | O61: =L61+N61-M61 -> 0 | P61: =VLOOKUP($E61,[3]Sheet1!$B$8:$AF$461,19,0) -> 0 | Q61: =IF(O61>P61,0,P61-O61) -> 0 | R61: =O61+Q61-P61 -> 0 | S61: =VLOOKUP($E61,[3]Sheet1!$B$8:$AF$461,25,0) -> 0 | T61: =IF(R61>S61,0,S61-R61) -> 0 | U61: =R61+T61-S61 -> 0 | V61: =VLOOKUP($E61,[3]Sheet1!$B$8:$BF$461,31,0) -> 0 | W61: =IF(U61>V61,0,V61-U61) -> 0 | X61: =U61+W61-V61 -> 0 | Y61: =VLOOKUP($E61,[3]Sheet1!$B$8:$BF$461,37,0) -> 0 | Z61: =IF(X61>Y61,0,Y61-X61) -> 0 | AA61: =X61+Z61-Y61 -> 0 | AB61: =+Y61 -> 0 | AC61: =IF(AA61>AB61,0,AB61-AA61) -> 0
B62: BC111-V1020-1 | E62: BC111-V1020-1 D 0101 | G62: =VLOOKUP($B62,'[2]UMH Monthly'!$E$4:$V$512,18,0) -> 0.011786667 | I62: 0 | J62: 4440 | K62: 4440 | L62: =I62+K62-J62 -> 0 | M62: =VLOOKUP($E62,[3]Sheet1!$B$8:$AF$147,13,0) -> 2160 | N62: =IF(L62>M62,0,M62-L62) -> 2160 | O62: =L62+N62-M62 -> 0 | P62: =VLOOKUP($E62,[3]Sheet1!$B$8:$AF$461,19,0) -> 0 | Q62: =IF(O62>P62,0,P62-O62) -> 0 | R62: =O62+Q62-P62 -> 0 | S62: =VLOOKUP($E62,[3]Sheet1!$B$8:$AF$461,25,0) -> 360 | T62: =IF(R62>S62,0,S62-R62) -> 360 | U62: =R62+T62-S62 -> 0 | V62: =VLOOKUP($E62,[3]Sheet1!$B$8:$BF$461,31,0) -> 360 | W62: =IF(U62>V62,0,V62-U62) -> 360 | X62: =U62+W62-V62 -> 0 | Y62: =VLOOKUP($E62,[3]Sheet1!$B$8:$BF$461,37,0) -> 360 | Z62: =IF(X62>Y62,0,Y62-X62) -> 360 | AA62: =X62+Z62-Y62 -> 0 | AB62: =+Y62 -> 360 | AC62: =IF(AA62>AB62,0,AB62-AA62) -> 360
B63: BC111-V1100-1 | E63: BC111-V1100-1 G 0201 | G63: =VLOOKUP($B63,'[2]UMH Monthly'!$E$4:$V$512,18,0) -> 0.011863333 | I63: 0 | J63: 13440 | K63: 13440 | L63: =I63+K63-J63 -> 0 | M63: =VLOOKUP($E63,[3]Sheet1!$B$8:$AF$147,13,0) -> 10980 | N63: =IF(L63>M63,0,M63-L63) -> 10980 | O63: =L63+N63-M63 -> 0 | P63: =VLOOKUP($E63,[3]Sheet1!$B$8:$AF$461,19,0) -> 10260 | Q63: =IF(O63>P63,0,P63-O63) -> 10260 | R63: =O63+Q63-P63 -> 0 | S63: =VLOOKUP($E63,[3]Sheet1!$B$8:$AF$461,25,0) -> 8340 | T63: =IF(R63>S63,0,S63-R63) -> 8340 | U63: =R63+T63-S63 -> 0 | V63: =VLOOKUP($E63,[3]Sheet1!$B$8:$BF$461,31,0) -> 10260 | W63: =IF(U63>V63,0,V63-U63) -> 10260 | X63: =U63+W63-V63 -> 0 | Y63: =VLOOKUP($E63,[3]Sheet1!$B$8:$BF$461,37,0) -> 11580 | Z63: =IF(X63>Y63,0,Y63-X63) -> 11580 | AA63: =X63+Z63-Y63 -> 0 | AB63: =+Y63 -> 11580 | AC63: =IF(AA63>AB63,0,AB63-AA63) -> 11580
B64: BC111-1S130-1 | E64: BC111-1S130-1 D 0001 | G64: 0 | I64: 0 | J64: 0 | K64: 0 | L64: =I64+K64-J64 -> 0 | M64: =VLOOKUP($E64,[3]Sheet1!$B$8:$AF$147,13,0) -> 0 | N64: =IF(L64>M64,0,M64-L64) -> 0 | O64: =L64+N64-M64 -> 0 | P64: =VLOOKUP($E64,[3]Sheet1!$B$8:$AF$461,19,0) -> 0 | Q64: =IF(O64>P64,0,P64-O64) -> 0 | R64: =O64+Q64-P64 -> 0 | S64: =VLOOKUP($E64,[3]Sheet1!$B$8:$AF$461,25,0) -> 0 | T64: =IF(R64>S64,0,S64-R64) -> 0 | U64: =R64+T64-S64 -> 0 | V64: =VLOOKUP($E64,[3]Sheet1!$B$8:$BF$461,31,0) -> 0 | W64: =IF(U64>V64,0,V64-U64) -> 0 | X64: =U64+W64-V64 -> 0 | Y64: =VLOOKUP($E64,[3]Sheet1!$B$8:$BF$461,37,0) -> 0 | Z64: =IF(X64>Y64,0,Y64-X64) -> 0 | AA64: =X64+Z64-Y64 -> 0 | AB64: =+Y64 -> 0 | AC64: =IF(AA64>AB64,0,AB64-AA64) -> 0
B65: BC111-1S130-2 | E65: BC111-1S130-2 D 0001 | G65: 0 | I65: 0 | J65: 0 | K65: 0 | L65: =I65+K65-J65 -> 0 | M65: =VLOOKUP($E65,[3]Sheet1!$B$8:$AF$147,13,0) -> 0 | N65: =IF(L65>M65,0,M65-L65) -> 0 | O65: =L65+N65-M65 -> 0 | P65: =VLOOKUP($E65,[3]Sheet1!$B$8:$AF$461,19,0) -> 0 | Q65: =IF(O65>P65,0,P65-O65) -> 0 | R65: =O65+Q65-P65 -> 0 | S65: =VLOOKUP($E65,[3]Sheet1!$B$8:$AF$461,25,0) -> 0 | T65: =IF(R65>S65,0,S65-R65) -> 0 | U65: =R65+T65-S65 -> 0 | V65: =VLOOKUP($E65,[3]Sheet1!$B$8:$BF$461,31,0) -> 0 | W65: =IF(U65>V65,0,V65-U65) -> 0 | X65: =U65+W65-V65 -> 0 | Y65: =VLOOKUP($E65,[3]Sheet1!$B$8:$BF$461,37,0) -> 0 | Z65: =IF(X65>Y65,0,Y65-X65) -> 0 | AA65: =X65+Z65-Y65 -> 0 | AB65: =+Y65 -> 0 | AC65: =IF(AA65>AB65,0,AB65-AA65) -> 0
B66: BC111-16N10-1 | E66: BC111-16N10-1 1001 | G66: 0 | I66: 0 | J66: 0 | K66: 0 | L66: =I66+K66-J66 -> 0 | M66: =VLOOKUP($E66,[3]Sheet1!$B$8:$AF$147,13,0) -> 0 | N66: =IF(L66>M66,0,M66-L66) -> 0 | O66: =L66+N66-M66 -> 0 | P66: =VLOOKUP($E66,[3]Sheet1!$B$8:$AF$461,19,0) -> 0 | Q66: =IF(O66>P66,0,P66-O66) -> 0 | R66: =O66+Q66-P66 -> 0 | S66: =VLOOKUP($E66,[3]Sheet1!$B$8:$AF$461,25,0) -> 0 | T66: =IF(R66>S66,0,S66-R66) -> 0 | U66: =R66+T66-S66 -> 0 | V66: =VLOOKUP($E66,[3]Sheet1!$B$8:$BF$461,31,0) -> 0 | W66: =IF(U66>V66,0,V66-U66) -> 0 | X66: =U66+W66-V66 -> 0 | Y66: =VLOOKUP($E66,[3]Sheet1!$B$8:$BF$461,37,0) -> 0 | Z66: =IF(X66>Y66,0,Y66-X66) -> 0 | AA66: =X66+Z66-Y66 -> 0 | AB66: =+Y66 -> 0 | AC66: =IF(AA66>AB66,0,AB66-AA66) -> 0
B67: BC111-16F01-1 | E67: BC111-16F01-1 A 0002 | G67: =VLOOKUP($B67,'[2]UMH Monthly'!$E$4:$V$512,18,0) -> 0.012346667 | I67: 0 | J67: 0 | K67: 0 | L67: =I67+K67-J67 -> 0 | M67: =VLOOKUP($E67,[3]Sheet1!$B$8:$AF$147,13,0) -> 0 | N67: =IF(L67>M67,0,M67-L67) -> 0 | O67: =L67+N67-M67 -> 0 | P67: =VLOOKUP($E67,[3]Sheet1!$B$8:$AF$461,19,0) -> 0 | Q67: =IF(O67>P67,0,P67-O67) -> 0 | R67: =O67+Q67-P67 -> 0 | S67: =VLOOKUP($E67,[3]Sheet1!$B$8:$AF$461,25,0) -> 0 | T67: =IF(R67>S67,0,S67-R67) -> 0 | U67: =R67+T67-S67 -> 0 | V67: =VLOOKUP($E67,[3]Sheet1!$B$8:$BF$461,31,0) -> 0 | W67: =IF(U67>V67,0,V67-U67) -> 0 | X67: =U67+W67-V67 -> 0 | Y67: =VLOOKUP($E67,[3]Sheet1!$B$8:$BF$461,37,0) -> 0 | Z67: =IF(X67>Y67,0,Y67-X67) -> 0 | AA67: =X67+Z67-Y67 -> 0 | AB67: =+Y67 -> 0 | AC67: =IF(AA67>AB67,0,AB67-AA67) -> 0
B68: BC111-16M20-1 | E68: BC111-16M20-1 1001 | G68: 0 | I68: 0 | J68: 0 | K68: 0 | L68: =I68+K68-J68 -> 0 | M68: =VLOOKUP($E68,[3]Sheet1!$B$8:$AF$147,13,0) -> 0 | N68: =IF(L68>M68,0,M68-L68) -> 0 | O68: =L68+N68-M68 -> 0 | P68: =VLOOKUP($E68,[3]Sheet1!$B$8:$AF$461,19,0) -> 0 | Q68: =IF(O68>P68,0,P68-O68) -> 0 | R68: =O68+Q68-P68 -> 0 | S68: =VLOOKUP($E68,[3]Sheet1!$B$8:$AF$461,25,0) -> 0 | T68: =IF(R68>S68,0,S68-R68) -> 0 | U68: =R68+T68-S68 -> 0 | V68: =VLOOKUP($E68,[3]Sheet1!$B$8:$BF$461,31,0) -> 0 | W68: =IF(U68>V68,0,V68-U68) -> 0 | X68: =U68+W68-V68 -> 0 | Y68: =VLOOKUP($E68,[3]Sheet1!$B$8:$BF$461,37,0) -> 0 | Z68: =IF(X68>Y68,0,Y68-X68) -> 0 | AA68: =X68+Z68-Y68 -> 0 | AB68: =+Y68 -> 0 | AC68: =IF(AA68>AB68,0,AB68-AA68) -> 0
B69: BC111-16B41-1 | E69: BC111-16B41-1 A 0002 | G69: =VLOOKUP($B69,'[2]UMH Monthly'!$E$4:$V$512,18,0) -> 0.012345 | I69: 0 | J69: 0 | K69: 0 | L69: =I69+K69-J69 -> 0 | M69: =VLOOKUP($E69,[3]Sheet1!$B$8:$AF$147,13,0) -> 0 | N69: =IF(L69>M69,0,M69-L69) -> 0 | O69: =L69+N69-M69 -> 0 | P69: =VLOOKUP($E69,[3]Sheet1!$B$8:$AF$461,19,0) -> 0 | Q69: =IF(O69>P69,0,P69-O69) -> 0 | R69: =O69+Q69-P69 -> 0 | S69: =VLOOKUP($E69,[3]Sheet1!$B$8:$AF$461,25,0) -> 0 | T69: =IF(R69>S69,0,S69-R69) -> 0 | U69: =R69+T69-S69 -> 0 | V69: =VLOOKUP($E69,[3]Sheet1!$B$8:$BF$461,31,0) -> 0 | W69: =IF(U69>V69,0,V69-U69) -> 0 | X69: =U69+W69-V69 -> 0 | Y69: =VLOOKUP($E69,[3]Sheet1!$B$8:$BF$461,37,0) -> 0 | Z69: =IF(X69>Y69,0,Y69-X69) -> 0 | AA69: =X69+Z69-Y69 -> 0 | AB69: =+Y69 -> 0 | AC69: =IF(AA69>AB69,0,AB69-AA69) -> 0
B70: BC111-16A40-1 | E70: BC111-16A40-1 1001 | G70: =VLOOKUP($B70,'[2]UMH Monthly'!$E$4:$V$512,18,0) -> 0.01393 | I70: 0 | J70: 0 | K70: 0 | L70: =I70+K70-J70 -> 0 | M70: =VLOOKUP($E70,[3]Sheet1!$B$8:$AF$147,13,0) -> 0 | N70: =IF(L70>M70,0,M70-L70) -> 0 | O70: =L70+N70-M70 -> 0 | P70: =VLOOKUP($E70,[3]Sheet1!$B$8:$AF$461,19,0) -> 0 | Q70: =IF(O70>P70,0,P70-O70) -> 0 | R70: =O70+Q70-P70 -> 0 | S70: =VLOOKUP($E70,[3]Sheet1!$B$8:$AF$461,25,0) -> 0 | T70: =IF(R70>S70,0,S70-R70) -> 0 | U70: =R70+T70-S70 -> 0 | V70: =VLOOKUP($E70,[3]Sheet1!$B$8:$BF$461,31,0) -> 0 | W70: =IF(U70>V70,0,V70-U70) -> 0 | X70: =U70+W70-V70 -> 0 | Y70: =VLOOKUP($E70,[3]Sheet1!$B$8:$BF$461,37,0) -> 0 | Z70: =IF(X70>Y70,0,Y70-X70) -> 0 | AA70: =X70+Z70-Y70 -> 0 | AB70: =+Y70 -> 0 | AC70: =IF(AA70>AB70,0,AB70-AA70) -> 0
B71: BC111-16A40-2 | E71: BC111-16A40-2 1001 | G71: =VLOOKUP($B71,'[2]UMH Monthly'!$E$4:$V$512,18,0) -> 0.013655 | I71: 0 | J71: 0 | K71: 0 | L71: =I71+K71-J71 -> 0 | M71: =VLOOKUP($E71,[3]Sheet1!$B$8:$AF$147,13,0) -> 0 | N71: =IF(L71>M71,0,M71-L71) -> 0 | O71: =L71+N71-M71 -> 0 | P71: =VLOOKUP($E71,[3]Sheet1!$B$8:$AF$461,19,0) -> 0 | Q71: =IF(O71>P71,0,P71-O71) -> 0 | R71: =O71+Q71-P71 -> 0 | S71: =VLOOKUP($E71,[3]Sheet1!$B$8:$AF$461,25,0) -> 0 | T71: =IF(R71>S71,0,S71-R71) -> 0 | U71: =R71+T71-S71 -> 0 | V71: =VLOOKUP($E71,[3]Sheet1!$B$8:$BF$461,31,0) -> 0 | W71: =IF(U71>V71,0,V71-U71) -> 0 | X71: =U71+W71-V71 -> 0 | Y71: =VLOOKUP($E71,[3]Sheet1!$B$8:$BF$461,37,0) -> 0 | Z71: =IF(X71>Y71,0,Y71-X71) -> 0 | AA71: =X71+Z71-Y71 -> 0 | AB71: =+Y71 -> 0 | AC71: =IF(AA71>AB71,0,AB71-AA71) -> 0
B72: BC111-16D11-1 | E72: BC111-16D11-1 A 0002 | G72: =VLOOKUP($B72,'[2]UMH Monthly'!$E$4:$V$512,18,0) -> 0.012791667 | I72: 0 | J72: 0 | K72: 0 | L72: =I72+K72-J72 -> 0 | M72: =VLOOKUP($E72,[3]Sheet1!$B$8:$AF$147,13,0) -> 0 | N72: =IF(L72>M72,0,M72-L72) -> 0 | O72: =L72+N72-M72 -> 0 | P72: =VLOOKUP($E72,[3]Sheet1!$B$8:$AF$461,19,0) -> 0 | Q72: =IF(O72>P72,0,P72-O72) -> 0 | R72: =O72+Q72-P72 -> 0 | S72: =VLOOKUP($E72,[3]Sheet1!$B$8:$AF$461,25,0) -> 0 | T72: =IF(R72>S72,0,S72-R72) -> 0 | U72: =R72+T72-S72 -> 0 | V72: =VLOOKUP($E72,[3]Sheet1!$B$8:$BF$461,31,0) -> 0 | W72: =IF(U72>V72,0,V72-U72) -> 0 | X72: =U72+W72-V72 -> 0 | Y72: =VLOOKUP($E72,[3]Sheet1!$B$8:$BF$461,37,0) -> 0 | Z72: =IF(X72>Y72,0,Y72-X72) -> 0 | AA72: =X72+Z72-Y72 -> 0 | AB72: =+Y72 -> 0 | AC72: =IF(AA72>AB72,0,AB72-AA72) -> 0
B73: BC111-4EW40-1 | E73: BC111-4EW40-1 C 0002 | G73: =VLOOKUP($B73,'[2]UMH Monthly'!$E$4:$V$512,18,0) -> 0.012325 | I73: 0 | J73: 3620 | K73: 3620 | L73: =I73+K73-J73 -> 0 | M73: =VLOOKUP($E73,[3]Sheet1!$B$8:$AF$147,13,0) -> 2360 | N73: =IF(L73>M73,0,M73-L73) -> 2360 | O73: =L73+N73-M73 -> 0 | P73: =VLOOKUP($E73,[3]Sheet1!$B$8:$AF$461,19,0) -> 2340 | Q73: =IF(O73>P73,0,P73-O73) -> 2340 | R73: =O73+Q73-P73 -> 0 | S73: =VLOOKUP($E73,[3]Sheet1!$B$8:$AF$461,25,0) -> 3340 | T73: =IF(R73>S73,0,S73-R73) -> 3340 | U73: =R73+T73-S73 -> 0 | V73: =VLOOKUP($E73,[3]Sheet1!$B$8:$BF$461,31,0) -> 4560 | W73: =IF(U73>V73,0,V73-U73) -> 4560 | X73: =U73+W73-V73 -> 0 | Y73: =VLOOKUP($E73,[3]Sheet1!$B$8:$BF$461,37,0) -> 3980 | Z73: =IF(X73>Y73,0,Y73-X73) -> 3980 | AA73: =X73+Z73-Y73 -> 0 | AB73: =+Y73 -> 3980 | AC73: =IF(AA73>AB73,0,AB73-AA73) -> 3980
B74: BC111-4EB50-1 | E74: BC111-4EB50-1 C 0002 | G74: =VLOOKUP($B74,'[2]UMH Monthly'!$E$4:$V$512,18,0) -> 0.012788333 | I74: 0 | J74: 240 | K74: 240 | L74: =I74+K74-J74 -> 0 | M74: =VLOOKUP($E74,[3]Sheet1!$B$8:$AF$147,13,0) -> 320 | N74: =IF(L74>M74,0,M74-L74) -> 320 | O74: =L74+N74-M74 -> 0 | P74: =VLOOKUP($E74,[3]Sheet1!$B$8:$AF$461,19,0) -> 400 | Q74: =IF(O74>P74,0,P74-O74) -> 400 | R74: =O74+Q74-P74 -> 0 | S74: =VLOOKUP($E74,[3]Sheet1!$B$8:$AF$461,25,0) -> 480 | T74: =IF(R74>S74,0,S74-R74) -> 480 | U74: =R74+T74-S74 -> 0 | V74: =VLOOKUP($E74,[3]Sheet1!$B$8:$BF$461,31,0) -> 720 | W74: =IF(U74>V74,0,V74-U74) -> 720 | X74: =U74+W74-V74 -> 0 | Y74: =VLOOKUP($E74,[3]Sheet1!$B$8:$BF$461,37,0) -> 640 | Z74: =IF(X74>Y74,0,Y74-X74) -> 640 | AA74: =X74+Z74-Y74 -> 0 | AB74: =+Y74 -> 640 | AC74: =IF(AA74>AB74,0,AB74-AA74) -> 640
B75: BC111-4EE80-1 | E75: BC111-4EE80-1 C 0002 | G75: =VLOOKUP($B75,'[2]UMH Monthly'!$E$4:$V$512,18,0) -> 0.012326667 | I75: 0 | J75: 3080 | K75: 3080 | L75: =I75+K75-J75 -> 0 | M75: =VLOOKUP($E75,[3]Sheet1!$B$8:$AF$147,13,0) -> 3020 | N75: =IF(L75>M75,0,M75-L75) -> 3020 | O75: =L75+N75-M75 -> 0 | P75: =VLOOKUP($E75,[3]Sheet1!$B$8:$AF$461,19,0) -> 2480 | Q75: =IF(O75>P75,0,P75-O75) -> 2480 | R75: =O75+Q75-P75 -> 0 | S75: =VLOOKUP($E75,[3]Sheet1!$B$8:$AF$461,25,0) -> 2340 | T75: =IF(R75>S75,0,S75-R75) -> 2340 | U75: =R75+T75-S75 -> 0 | V75: =VLOOKUP($E75,[3]Sheet1!$B$8:$BF$461,31,0) -> 2860 | W75: =IF(U75>V75,0,V75-U75) -> 2860 | X75: =U75+W75-V75 -> 0 | Y75: =VLOOKUP($E75,[3]Sheet1!$B$8:$BF$461,37,0) -> 2560 | Z75: =IF(X75>Y75,0,Y75-X75) -> 2560 | AA75: =X75+Z75-Y75 -> 0 | AB75: =+Y75 -> 2560 | AC75: =IF(AA75>AB75,0,AB75-AA75) -> 2560
B76: BC111-47V60-1 | E76: BC111-47V60-1 C 0002 | G76: =VLOOKUP($B76,'[2]UMH Monthly'!$E$4:$V$512,18,0) -> 0.012788333 | I76: 0 | J76: 1120 | K76: 1120 | L76: =I76+K76-J76 -> 0 | M76: =VLOOKUP($E76,[3]Sheet1!$B$8:$AF$147,13,0) -> 1120 | N76: =IF(L76>M76,0,M76-L76) -> 1120 | O76: =L76+N76-M76 -> 0 | P76: =VLOOKUP($E76,[3]Sheet1!$B$8:$AF$461,19,0) -> 1040 | Q76: =IF(O76>P76,0,P76-O76) -> 1040 | R76: =O76+Q76-P76 -> 0 | S76: =VLOOKUP($E76,[3]Sheet1!$B$8:$AF$461,25,0) -> 920 | T76: =IF(R76>S76,0,S76-R76) -> 920 | U76: =R76+T76-S76 -> 0 | V76: =VLOOKUP($E76,[3]Sheet1!$B$8:$BF$461,31,0) -> 1120 | W76: =IF(U76>V76,0,V76-U76) -> 1120 | X76: =U76+W76-V76 -> 0 | Y76: =VLOOKUP($E76,[3]Sheet1!$B$8:$BF$461,37,0) -> 1040 | Z76: =IF(X76>Y76,0,Y76-X76) -> 1040 | AA76: =X76+Z76-Y76 -> 0 | AB76: =+Y76 -> 1040 | AC76: =IF(AA76>AB76,0,AB76-AA76) -> 1040
B77: JN111-62064-1 | E77: JN111-62064-1 0001 | G77: =VLOOKUP($B77,'[2]UMH Monthly'!$E$4:$V$512,18,0) -> 0.021313333 | I77: 0 | J77: 0 | K77: 0 | L77: =I77+K77-J77 -> 0 | M77: =VLOOKUP($E77,[3]Sheet1!$B$8:$AF$147,13,0) -> 0 | N77: =IF(L77>M77,0,M77-L77) -> 0 | O77: =L77+N77-M77 -> 0 | P77: =VLOOKUP($E77,[3]Sheet1!$B$8:$AF$461,19,0) -> 0 | Q77: =IF(O77>P77,0,P77-O77) -> 0 | R77: =O77+Q77-P77 -> 0 | S77: =VLOOKUP($E77,[3]Sheet1!$B$8:$AF$461,25,0) -> 0 | T77: =IF(R77>S77,0,S77-R77) -> 0 | U77: =R77+T77-S77 -> 0 | V77: =VLOOKUP($E77,[3]Sheet1!$B$8:$BF$461,31,0) -> 0 | W77: =IF(U77>V77,0,V77-U77) -> 0 | X77: =U77+W77-V77 -> 0 | Y77: =VLOOKUP($E77,[3]Sheet1!$B$8:$BF$461,37,0) -> 0 | Z77: =IF(X77>Y77,0,Y77-X77) -> 0 | AA77: =X77+Z77-Y77 -> 0 | AB77: =+Y77 -> 0 | AC77: =IF(AA77>AB77,0,AB77-AA77) -> 0
B78: JN111-62064-3 | E78: JN111-62064-3 0001 | G78: =VLOOKUP($B78,'[2]UMH Monthly'!$E$4:$V$512,18,0) -> 0.017868333 | I78: 0 | J78: 0 | K78: 0 | L78: =I78+K78-J78 -> 0 | M78: =VLOOKUP($E78,[3]Sheet1!$B$8:$AF$147,13,0) -> 0 | N78: =IF(L78>M78,0,M78-L78) -> 0 | O78: =L78+N78-M78 -> 0 | P78: =VLOOKUP($E78,[3]Sheet1!$B$8:$AF$461,19,0) -> 0 | Q78: =IF(O78>P78,0,P78-O78) -> 0 | R78: =O78+Q78-P78 -> 0 | S78: =VLOOKUP($E78,[3]Sheet1!$B$8:$AF$461,25,0) -> 0 | T78: =IF(R78>S78,0,S78-R78) -> 0 | U78: =R78+T78-S78 -> 0 | V78: =VLOOKUP($E78,[3]Sheet1!$B$8:$BF$461,31,0) -> 0 | W78: =IF(U78>V78,0,V78-U78) -> 0 | X78: =U78+W78-V78 -> 0 | Y78: =VLOOKUP($E78,[3]Sheet1!$B$8:$BF$461,37,0) -> 0 | Z78: =IF(X78>Y78,0,Y78-X78) -> 0 | AA78: =X78+Z78-Y78 -> 0 | AB78: =+Y78 -> 0 | AC78: =IF(AA78>AB78,0,AB78-AA78) -> 0
B79: JN111-62215-1 | E79: JN111-62215-1 0001 | G79: =VLOOKUP($B79,'[2]UMH Monthly'!$E$4:$V$512,18,0) -> 0.01879 | I79: 0 | J79: 0 | K79: 0 | L79: =I79+K79-J79 -> 0 | M79: =VLOOKUP($E79,[3]Sheet1!$B$8:$AF$147,13,0) -> 50 | N79: =IF(L79>M79,0,M79-L79) -> 50 | O79: =L79+N79-M79 -> 0 | P79: =VLOOKUP($E79,[3]Sheet1!$B$8:$AF$461,19,0) -> 0 | Q79: =IF(O79>P79,0,P79-O79) -> 0 | R79: =O79+Q79-P79 -> 0 | S79: =VLOOKUP($E79,[3]Sheet1!$B$8:$AF$461,25,0) -> 0 | T79: =IF(R79>S79,0,S79-R79) -> 0 | U79: =R79+T79-S79 -> 0 | V79: =VLOOKUP($E79,[3]Sheet1!$B$8:$BF$461,31,0) -> 0 | W79: =IF(U79>V79,0,V79-U79) -> 0 | X79: =U79+W79-V79 -> 0 | Y79: =VLOOKUP($E79,[3]Sheet1!$B$8:$BF$461,37,0) -> 50 | Z79: =IF(X79>Y79,0,Y79-X79) -> 50 | AA79: =X79+Z79-Y79 -> 0 | AB79: =+Y79 -> 50 | AC79: =IF(AA79>AB79,0,AB79-AA79) -> 50
B80: JN111-62215-3 | E80: JN111-62215-3 0001 | G80: =VLOOKUP($B80,'[2]UMH Monthly'!$E$4:$V$512,18,0) -> 0.015343333 | I80: 0 | J80: 0 | K80: 0 | L80: =I80+K80-J80 -> 0 | M80: =VLOOKUP($E80,[3]Sheet1!$B$8:$AF$147,13,0) -> 0 | N80: =IF(L80>M80,0,M80-L80) -> 0 | O80: =L80+N80-M80 -> 0 | P80: =VLOOKUP($E80,[3]Sheet1!$B$8:$AF$461,19,0) -> 50 | Q80: =IF(O80>P80,0,P80-O80) -> 50 | R80: =O80+Q80-P80 -> 0 | S80: =VLOOKUP($E80,[3]Sheet1!$B$8:$AF$461,25,0) -> 0 | T80: =IF(R80>S80,0,S80-R80) -> 0 | U80: =R80+T80-S80 -> 0 | V80: =VLOOKUP($E80,[3]Sheet1!$B$8:$BF$461,31,0) -> 0 | W80: =IF(U80>V80,0,V80-U80) -> 0 | X80: =U80+W80-V80 -> 0 | Y80: =VLOOKUP($E80,[3]Sheet1!$B$8:$BF$461,37,0) -> 0 | Z80: =IF(X80>Y80,0,Y80-X80) -> 0 | AA80: =X80+Z80-Y80 -> 0 | AB80: =+Y80 -> 0 | AC80: =IF(AA80>AB80,0,AB80-AA80) -> 0
... B84: BC115-5CC80-2 | E84: BC115-5CC80-2 0001 | G84: =VLOOKUP($B84,'[2]UMH Monthly'!$E$4:$V$512,18,0) -> 0.013455 | I84: 0 | J84: 3420 | K84: 3420 | L84: =I84+K84-J84 -> 0 | M84: =VLOOKUP($E84,[3]Sheet1!$B$8:$AF$147,13,0) -> 2940 | N84: =IF(L84>M84,0,M84-L84) -> 2940 | O84: =L84+N84-M84 -> 0 | P84: =VLOOKUP($E84,[3]Sheet1!$B$8:$AF$461,19,0) -> 3060 | Q84: =IF(O84>P84,0,P84-O84) -> 3060 | R84: =O84+Q84-P84 -> 0 | S84: =VLOOKUP($E84,[3]Sheet1!$B$8:$AF$461,25,0) -> 2460 | T84: =IF(R84>S84,0,S84-R84) -> 2460 | U84: =R84+T84-S84 -> 0 | V84: =VLOOKUP($E84,[3]Sheet1!$B$8:$BF$461,31,0) -> 1860 | W84: =IF(U84>V84,0,V84-U84) -> 1860 | X84: =U84+W84-V84 -> 0 | Y84: =VLOOKUP($E84,[3]Sheet1!$B$8:$BF$461,37,0) -> 1440 | Z84: =IF(X84>Y84,0,Y84-X84) -> 1440 | AA84: =X84+Z84-Y84 -> 0 | AB84: =+Y84 -> 1440 | AC84: =IF(AA84>AB84,0,AB84-AA84) -> 1440
E85: TOTAL ALL | I85: =SUM(I9:I84) -> 0 | J85: =SUM(J9:J84) -> 95070 | K85: =SUM(K9:K84) -> 95070 | L85: =SUM(L9:L84) -> 0 | M85: =SUM(M9:M84) -> 79920 | N85: =SUM(N9:N84) -> 79920 | O85: =SUM(O9:O84) -> 0 | P85: =SUM(P9:P84) -> 72980 | ... AC85: =SUM(AC9:AC84) -> 84560 | AD85: =SUM(AD9:AD51) -> 0 | AG85: =SUM(AG9:AG16) -> 2608 | AH85: =SUM(AH9:AH16) -> 2736 | AI85: =SUM(AI9:AI16) -> 3464 | AJ85: =SUM(AJ9:AJ16) -> 3960 | AK85: =SUM(AK9:AK16) -> 4951
E86: Month | I86: =I6 -> FEB | L86: =L6 -> MAR | O86: =O6 -> APR | R86: =R6 -> MAY | U86: =U6 -> JUN | X86: =X6 -> JUL | AA86: =AA6 -> AUG | AG86: =+AG85*AG7 -> 13040 | AH86: =+AH85*AH7 -> 10944 | AI86: =+AI85*AI7 -> 13856 | AJ86: =+AJ85*AJ7 -> 19800 | AK86: =+AK85*AK7 -> 19804
E87: Working Days Normal | I87: 21 | M87: 21 | P87: 20 | S87: 19 | V87: 23 | Y87: 20 | AB87: 16
E88: Overtime | I88: =VLOOKUP(I86,[8]Calender!$A$224:$I$1258,3,0) -> 4 | L88: =VLOOKUP(L86,[8]Calender!$A$224:$I$1258,3,0) -> 5 | O88: =VLOOKUP(O86,[8]Calender!$A$224:$I$1258,3,0) -> 4 | R88: 4 | U88: =VLOOKUP(U86,[8]Calender!$A$224:$I$1258,3,0) -> 4 | X88: 5 | AA88: =VLOOKUP(AA86,[8]Calender!$A$224:$I$1258,3,0) -> 4
S89: 79760 | T89: 73960 | U89: 73230 | V89: 8210 | W89: 12290
E91: NIIMI | I91: =+SUM(I9:I16) -> 0 | J91: =+SUM(J9:J16) -> 17690 | K91: =+SUM(K9:K16) -> 17690 | L91: =+SUM(L9:L16) -> 0 | M91: =+SUM(M9:M16) -> 15470 | N91: =+SUM(N9:N16) -> 15470 | O91: =+SUM(O9:O16) -> 0 | P91: =+SUM(P9:P16) -> 13040 | ... AC91: =+SUM(AC9:AC16) -> 19800
E92: SAI | I92: =+SUM(I37:I47) -> 0 | J92: =+SUM(J37:J47) -> 11520 | K92: =+SUM(K37:K47) -> 11520 | L92: =+SUM(L37:L47) -> 0 | M92: =+SUM(M37:M47) -> 11600 | N92: =+SUM(N37:N47) -> 11600 | O92: =+SUM(O37:O47) -> 0 | P92: =+SUM(P37:P47) -> 11920 | ... AC92: =+SUM(AC37:AC47) -> 14780
E93: TOT | I93: =+I91+I92 -> 0 | J93: =+J91+J92 -> 29210 | K93: =+K91+K92 -> 29210 | L93: =+L91+L92 -> 0 | M93: =+M91+M92 -> 27070 | N93: =+N91+N92 -> 27070 | O93: =+O91+O92 -> 0 | P93: =+P91+P92 -> 24960 | ... AC93: =+AC91+AC92 -> 34580
E94: KET | I94: =+IF(I93=I85,"OK","N-OK") -> OK | J94: =+IF(J93=J85,"OK","N-OK") -> N-OK | K94: =+IF(K93=K85,"OK","N-OK") -> N-OK | L94: =+IF(L93=L85,"OK","N-OK") -> OK | M94: =+IF(M93=M85,"OK","N-OK") -> N-OK | N94: =+IF(N93=N85,"OK","N-OK") -> N-OK | O94: =+IF(O93=O85,"OK","N-OK") -> OK | P94: =+IF(P93=P85,"OK","N-OK") -> N-OK | ... AC94: =+IF(AC93=AC85,"OK","N-OK") -> N-OK
F95: 67030 | G95: LHD | I95: =SUM(I10,I12,I14,I16:I16,#REF!,#REF!) -> #REF! | J95: =SUM(J10,J12,J14,J16:J16,#REF!,#REF!) -> #REF! | K95: =SUM(K10,K12,K14,K16:K16,#REF!,#REF!) -> #REF! | L95: =SUM(L10,L12,L14,L16:L16,#REF!,#REF!) -> #REF! | M95: =SUM(M10,M12,M14,M16:M16,#REF!,#REF!) -> #REF! | N95: =SUM(N10,N12,N14,N16:N16,#REF!,#REF!) -> #REF! | O95: =SUM(O10,O12,O14,O16:O16,#REF!,#REF!) -> #REF! | P95: =SUM(P10,P12,P14,P16:P16,#REF!,#REF!) -> #REF! | ... AC95: =SUM(AC10,AC12,AC14,AC16:AC16,#REF!,#REF!) -> #REF!
F96: 67030 | G96: RHD | I96: =SUM(I9,I11,I13,I15,#REF!,#REF!) -> #REF! | J96: =SUM(J9,J11,J13,J15,#REF!,#REF!) -> #REF! | K96: =SUM(K9,K11,K13,K15,#REF!,#REF!) -> #REF! | L96: =SUM(L9,L11,L13,L15,#REF!,#REF!) -> #REF! | M96: =SUM(M9,M11,M13,M15,#REF!,#REF!) -> #REF! | N96: =SUM(N9,N11,N13,N15,#REF!,#REF!) -> #REF! | O96: =SUM(O9,O11,O13,O15,#REF!,#REF!) -> #REF! | P96: =SUM(P9,P11,P13,P15,#REF!,#REF!) -> #REF! | ... AC96: =SUM(AC9,AC11,AC13,AC15,#REF!,#REF!) -> #REF!
G97: TOT | I97: =SUM(I95:I96) -> #REF! | J97: =SUM(J95:J96) -> #REF! | K97: =SUM(K95:K96) -> #REF! | L97: =SUM(L95:L96) -> #REF! | M97: =SUM(M95:M96) -> #REF! | N97: =SUM(N95:N96) -> #REF! | O97: =SUM(O95:O96) -> #REF! | P97: =SUM(P95:P96) -> #REF! | ... AC97: =SUM(AC95:AC96) -> #REF!
F98: 67120 | G98: LHD | I98: =SUM(#REF!,#REF!,#REF!) -> #REF! | J98: =SUM(#REF!,#REF!,#REF!) -> #REF! | K98: =SUM(#REF!,#REF!,#REF!) -> #REF! | L98: =SUM(#REF!,#REF!,#REF!) -> #REF! | M98: =SUM(#REF!,#REF!,#REF!) -> #REF! | N98: =SUM(#REF!,#REF!,#REF!) -> #REF! | O98: =SUM(#REF!,#REF!,#REF!) -> #REF! | P98: =SUM(#REF!,#REF!,#REF!) -> #REF! | ... AC98: =SUM(#REF!,#REF!,#REF!) -> #REF!
F99: 67120 | G99: RHD | I99: =SUM(#REF!,#REF!) -> #REF! | J99: =SUM(#REF!,#REF!) -> #REF! | K99: =SUM(#REF!,#REF!) -> #REF! | L99: =SUM(#REF!,#REF!) -> #REF! | M99: =SUM(#REF!,#REF!) -> #REF! | N99: =SUM(#REF!,#REF!) -> #REF! | O99: =SUM(#REF!,#REF!) -> #REF! | P99: =SUM(#REF!,#REF!) -> #REF! | ... AC99: =SUM(#REF!,#REF!) -> #REF!
G100: TOT | I100: =SUM(I98:I99) -> #REF! | J100: =SUM(J98:J99) -> #REF! | K100: =SUM(K98:K99) -> #REF! | L100: =SUM(L98:L99) -> #REF! | M100: =SUM(M98:M99) -> #REF! | N100: =SUM(N98:N99) -> #REF! | O100: =SUM(O98:O99) -> #REF! | P100: =SUM(P98:P99) -> #REF! | ... AC100: =SUM(AC98:AC99) -> #REF!
F101: 67240 | G101: LHD | I101: =SUM(#REF!,#REF!,#REF!) -> #REF! | J101: =SUM(#REF!,#REF!,#REF!) -> #REF! | K101: =SUM(#REF!,#REF!,#REF!) -> #REF! | L101: =SUM(#REF!,#REF!,#REF!) -> #REF! | M101: =SUM(#REF!,#REF!,#REF!) -> #REF! | N101: =SUM(#REF!,#REF!,#REF!) -> #REF! | O101: =SUM(#REF!,#REF!,#REF!) -> #REF! | P101: =SUM(#REF!,#REF!,#REF!) -> #REF! | ... AC101: =SUM(#REF!,#REF!,#REF!) -> #REF!
F102: 67240 | G102: RHD | I102: =SUM(#REF!,#REF!) -> #REF! | J102: =SUM(#REF!,#REF!) -> #REF! | K102: =SUM(#REF!,#REF!) -> #REF! | L102: =SUM(#REF!,#REF!) -> #REF! | M102: =SUM(#REF!,#REF!) -> #REF! | N102: =SUM(#REF!,#REF!) -> #REF! | O102: =SUM(#REF!,#REF!) -> #REF! | P102: =SUM(#REF!,#REF!) -> #REF! | ... AC102: =SUM(#REF!,#REF!) -> #REF!
G103: TOT | I103: =SUM(I101:I102) -> #REF! | J103: =SUM(J101:J102) -> #REF! | K103: =SUM(K101:K102) -> #REF! | L103: =SUM(L101:L102) -> #REF! | M103: =SUM(M101:M102) -> #REF! | N103: =SUM(N101:N102) -> #REF! | O103: =SUM(O101:O102) -> #REF! | P103: =SUM(P101:P102) -> #REF! | ... AC103: =SUM(AC101:AC102) -> #REF!
F104: 67SJ0 | G104: LHD | I104: =SUM(#REF!,#REF!) -> #REF! | J104: =SUM(#REF!,#REF!) -> #REF! | K104: =SUM(#REF!,#REF!) -> #REF! | L104: =SUM(#REF!,#REF!) -> #REF! | M104: =SUM(#REF!,#REF!) -> #REF! | N104: =SUM(#REF!,#REF!) -> #REF! | O104: =SUM(#REF!,#REF!) -> #REF! | P104: =SUM(#REF!,#REF!) -> #REF! | ... AC104: =SUM(#REF!,#REF!) -> #REF!
F105: 67SJ0-KR9P | G105: LHD | I105: =#REF! -> #REF! | J105: =#REF! -> #REF! | K105: =#REF! -> #REF! | L105: =#REF! -> #REF! | M105: =#REF! -> #REF! | N105: =#REF! -> #REF! | O105: =#REF! -> #REF! | P105: =#REF! -> #REF! | ... AC105: =#REF! -> #REF!
F106: 67SJ0 | G106: RHD | I106: =SUM(#REF!) -> #REF! | J106: =SUM(#REF!) -> #REF! | K106: =SUM(#REF!) -> #REF! | L106: =SUM(#REF!) -> #REF! | M106: =SUM(#REF!) -> #REF! | N106: =SUM(#REF!) -> #REF! | O106: =SUM(#REF!) -> #REF! | P106: =SUM(#REF!) -> #REF! | ... AC106: =SUM(#REF!) -> #REF!
...

Sheet GUM UMH
L1: SIX MONTH PRODUCTION PLAN ( UMH ) | AE1: CHECKED
A2: S/R NO : | B2: ='QTY '!B2:C2 -> 0 | L2: ='QTY '!I2 -> BC120D
A3: FAX NO : EMAIL | L3: ='QTY '!I3 -> 46082 | AJ3: AS400
A4: DATE | B4: ='QTY '!B4 -> 46094.693 | AE4: ASE
A6: TYPE | C6: HARNESS No. | D6: LEVEL | E6: ASSY CODE | F6: CCT | G6: STD PACK | H6: UMH (Jul-Des) 2011 | I6: UMH (Jan-Jun) 2010 | J6: UMH (Jul-Dec) 2010 | K6: ='QTY '!G6:G8 -> UMH | L6: ='QTY '!I6 -> FEB | O6: ='QTY '!L6 -> MAR | R6: ='QTY '!O6 -> APR | U6: ='QTY '!R6 -> MAY | X6: ='QTY '!U6 -> JUN | AA6: ='QTY '!X6 -> JUL | AD6: ='QTY '!AA6 -> AUG | AG6: BAL
L7: =VLOOKUP(L6,[1]Calender!$A$386:$I$455,9,0) -> 01/FEB ~ 28/FEB | O7: =VLOOKUP(O6,[1]Calender!$A$386:$I$455,9,0) -> 01/MAR ~ 31/MAR | R7: =VLOOKUP(R6,[1]Calender!$A$386:$I$455,9,0) -> 01/APR ~ 29/APR | U7: =VLOOKUP(U6,[1]Calender!$A$386:$I$455,9,0) -> 02/MAY ~ 31/MAY | X7: =VLOOKUP(X6,[1]Calender!$A$386:$I$455,9,0) -> 01/JUN ~ 30/JUN | AA7: =VLOOKUP(AA6,[1]Calender!$A$386:$I$455,9,0) -> 01/JUL ~ 29/JUL | AD7: =VLOOKUP(AD6,[1]Calender!$A$386:$I$455,9,0) -> 01/AUG ~ 26/AUG | AJ7: 4 | AK7: 4 | AL7: 4 | AM7: 4 | AN7: 4
L8: BAL | M8: DEL | N8: PROD | O8: BAL | P8: DEL | Q8: PROD | R8: BAL | S8: DEL | T8: PROD | U8: BAL | V8: DEL | W8: PROD | X8: BAL | Y8: DEL | Z8: PROD | AA8: BAL | AB8: DEL | AC8: PROD | AD8: BAL | AE8: DEL | AF8: PROD | AJ8: =R6 -> APR | AK8: =U6 -> MAY | AL8: =X6:X6 -> JUN | AM8: =AA6 -> JUL | AN8: =AD6 -> AUG
A9: ='QTY '!C9 -> 1 | B9: =+'QTY '!F9 -> 120D | C9: =+'QTY '!E9 -> BC121-6B370-1 B 0001 | D9: =VLOOKUP(C9,'[9]1'!$B$6:$C$112,2,0) -> #N/A | G9: 32 | H9: =+'[10]QTY '!#REF! -> #REF! | K9: =VLOOKUP($C9,'QTY '!E9:G47,3,0) -> 0.015695 | L9: =$K9*'QTY '!I9 -> 0 | M9: =$K9*'QTY '!J9 -> 51.7935 | N9: =$K9*'QTY '!K9 -> 51.7935 | O9: =$K9*'QTY '!L9 -> 0 | P9: =$K9*'QTY '!M9 -> 52.7352 | Q9: =$K9*'QTY '!N9 -> 52.7352 | R9: =$K9*'QTY '!O9 -> 0 | S9: =$K9*'QTY '!P9 -> 39.5514 | ... AF9: =$K9*'QTY '!AC9 -> 46.1433 | AG9: =+AD9+AF9-AE9 -> 0 | AJ9: =ROUNDUP((T9/$AJ$7),0) -> 10 | AK9: =ROUNDUP((W9/$AK$7),0) -> 8 | AL9: =ROUNDUP((Z9/$AL$7),0) -> 11 | AM9: =ROUNDUP((AC9/$AM$7),0) -> 12 | AN9: =ROUNDUP((AF9/$AN$7),0) -> 12 | AO9: =+#REF!+1 -> #REF! | AP9: =AJ9*AJ$7 -> 40 | AQ9: =AK9*AK$7 -> 32 | AR9: =AL9*AL$7 -> 44 | AS9: =AM9*AM$7 -> 48 | AT9: =AN9*AN$7 -> 48
A10: ='QTY '!C10 -> 2 | B10: =+'QTY '!F10 -> 120D | C10: =+'QTY '!E10 -> BC121-6B370-2 B 0001 | D10: =VLOOKUP(C10,'[9]1'!$B$6:$C$112,2,0) -> #N/A | G10: 32 | H10: =+'[10]QTY '!#REF! -> #REF! | K10: =VLOOKUP($C10,'QTY '!E10:G85,3,0) -> 0.015746667 | L10: =$K10*'QTY '!I10 -> 0 | M10: =$K10*'QTY '!J10 -> 51.4916 | N10: =$K10*'QTY '!K10 -> 51.4916 | O10: =$K10*'QTY '!L10 -> 0 | P10: =$K10*'QTY '!M10 -> 52.9088 | Q10: =$K10*'QTY '!N10 -> 52.9088 | R10: =$K10*'QTY '!O10 -> 0 | S10: =$K10*'QTY '!P10 -> 39.6816 | ... AF10: =$K10*'QTY '!AC10 -> 46.2952 | AG10: =+AD10+AF10-AE10 -> 0 | AJ10: =ROUNDUP((T10/$AJ$7),0) -> 10 | AK10: =ROUNDUP((W10/$AK$7),0) -> 8 | AL10: =ROUNDUP((Z10/$AL$7),0) -> 11 | AM10: =ROUNDUP((AC10/$AM$7),0) -> 12 | AN10: =ROUNDUP((AF10/$AN$7),0) -> 12 | AO10: =+#REF!+1 -> #REF! | AP10: =AJ10*AJ$7 -> 40 | AQ10: =AK10*AK$7 -> 32 | AR10: =AL10*AL$7 -> 44 | AS10: =AM10*AM$7 -> 48 | AT10: =AN10*AN$7 -> 48
A11: ='QTY '!C11 -> 3 | B11: =+'QTY '!F11 -> 120D | C11: =+'QTY '!E11 -> BC121-6B220-1 B 0001 | D11: =VLOOKUP(C11,'[9]1'!$B$6:$C$112,2,0) -> #N/A | G11: 32 | H11: =+'[10]QTY '!#REF! -> #REF! | K11: =VLOOKUP($C11,'QTY '!E11:G86,3,0) -> 0.012176667 | L11: =$K11*'QTY '!I11 -> 0 | M11: =$K11*'QTY '!J11 -> 38.965333 | N11: =$K11*'QTY '!K11 -> 38.965333 | O11: =$K11*'QTY '!L11 -> 0 | P11: =$K11*'QTY '!M11 -> 31.172267 | Q11: =$K11*'QTY '!N11 -> 31.172267 | R11: =$K11*'QTY '!O11 -> 0 | S11: =$K11*'QTY '!P11 -> 32.1464 | ... AF11: =$K11*'QTY '!AC11 -> 47.732533 | AG11: =+AD11+AF11-AE11 -> 0 | AJ11: =ROUNDUP((T11/$AJ$7),0) -> 9 | AK11: =ROUNDUP((W11/$AK$7),0) -> 8 | AL11: =ROUNDUP((Z11/$AL$7),0) -> 10 | AM11: =ROUNDUP((AC11/$AM$7),0) -> 12 | AN11: =ROUNDUP((AF11/$AN$7),0) -> 12 | AO11: =+#REF!+1 -> #REF! | AP11: =AJ11*AJ$7 -> 36 | AQ11: =AK11*AK$7 -> 32 | AR11: =AL11*AL$7 -> 40 | AS11: =AM11*AM$7 -> 48 | AT11: =AN11*AN$7 -> 48
A12: ='QTY '!C12 -> 4 | B12: =+'QTY '!F12 -> 120D | C12: =+'QTY '!E12 -> BC121-6B250-1 B 0001 | D12: =VLOOKUP(C12,'[9]1'!$B$6:$C$112,2,0) -> #N/A | G12: 32 | H12: =+'[10]QTY '!#REF! -> #REF! | K12: =VLOOKUP($C12,'QTY '!E12:G87,3,0) -> 0.013471667 | L12: =$K12*'QTY '!I12 -> 0 | M12: =$K12*'QTY '!J12 -> 0 | N12: =$K12*'QTY '!K12 -> 0 | O12: =$K12*'QTY '!L12 -> 0 | P12: =$K12*'QTY '!M12 -> 1.21245 | Q12: =$K12*'QTY '!N12 -> 1.21245 | R12: =$K12*'QTY '!O12 -> 0 | S12: =$K12*'QTY '!P12 -> 1.21245 | ... AF12: =$K12*'QTY '!AC12 -> 2.02075 | AG12: =+AD12+AF12-AE12 -> 0 | AJ12: =ROUNDUP((T12/$AJ$7),0) -> 1 | AK12: =ROUNDUP((W12/$AK$7),0) -> 1 | AL12: =ROUNDUP((Z12/$AL$7),0) -> 1 | AM12: =ROUNDUP((AC12/$AM$7),0) -> 1 | AN12: =ROUNDUP((AF12/$AN$7),0) -> 1 | AO12: =+#REF!+1 -> #REF! | AP12: =AJ12*AJ$7 -> 4 | AQ12: =AK12*AK$7 -> 4 | AR12: =AL12*AL$7 -> 4 | AS12: =AM12*AM$7 -> 4 | AT12: =AN12*AN$7 -> 4
A13: ='QTY '!C13 -> 5 | B13: =+'QTY '!F13 -> 120D | C13: =+'QTY '!E13 -> BC121-6B260-1 B 0001 | D13: =VLOOKUP(C13,'[9]1'!$B$6:$C$112,2,0) -> #N/A | G13: 32 | H13: =+'[10]QTY '!#REF! -> #REF! | K13: =VLOOKUP($C13,'QTY '!E13:G88,3,0) -> 0.015718333 | L13: =$K13*'QTY '!I13 -> 0 | M13: =$K13*'QTY '!J13 -> 48.0981 | N13: =$K13*'QTY '!K13 -> 48.0981 | O13: =$K13*'QTY '!L13 -> 0 | P13: =$K13*'QTY '!M13 -> 30.807933 | Q13: =$K13*'QTY '!N13 -> 30.807933 | R13: =$K13*'QTY '!O13 -> 0 | S13: =$K13*'QTY '!P13 -> 24.834967 | ... AF13: =$K13*'QTY '!AC13 -> 49.0412 | AG13: =+AD13+AF13-AE13 -> 0 | AJ13: =ROUNDUP((T13/$AJ$7),0) -> 7 | AK13: =ROUNDUP((W13/$AK$7),0) -> 6 | AL13: =ROUNDUP((Z13/$AL$7),0) -> 8 | AM13: =ROUNDUP((AC13/$AM$7),0) -> 13 | AN13: =ROUNDUP((AF13/$AN$7),0) -> 13 | AO13: =+#REF!+1 -> #REF! | AP13: =AJ13*AJ$7 -> 28 | AQ13: =AK13*AK$7 -> 24 | AR13: =AL13*AL$7 -> 32 | AS13: =AM13*AM$7 -> 52 | AT13: =AN13*AN$7 -> 52
A14: ='QTY '!C14 -> 6 | B14: =+'QTY '!F14 -> 120D | C14: =+'QTY '!E14 -> BC121-6B230-1 B 0001 | D14: =VLOOKUP(C14,'[9]1'!$B$6:$C$112,2,0) -> #N/A | G14: 32 | H14: =+'[10]QTY '!#REF! -> #REF! | K14: =VLOOKUP($C14,'QTY '!E14:G89,3,0) -> 0.016306667 | L14: =$K14*'QTY '!I14 -> 0 | M14: =$K14*'QTY '!J14 -> 0 | N14: =$K14*'QTY '!K14 -> 0 | O14: =$K14*'QTY '!L14 -> 0 | P14: =$K14*'QTY '!M14 -> 0 | Q14: =$K14*'QTY '!N14 -> 0 | R14: =$K14*'QTY '!O14 -> 0 | S14: =$K14*'QTY '!P14 -> 0 | ... AF14: =$K14*'QTY '!AC14 -> 0 | AG14: =+AD14+AF14-AE14 -> 0 | AJ14: =ROUNDUP((T14/$AJ$7),0) -> 0 | AK14: =ROUNDUP((W14/$AK$7),0) -> 0 | AL14: =ROUNDUP((Z14/$AL$7),0) -> 0 | AM14: =ROUNDUP((AC14/$AM$7),0) -> 0 | AN14: =ROUNDUP((AF14/$AN$7),0) -> 0 | AO14: =+#REF!+1 -> #REF! | AP14: =AJ14*AJ$7 -> 0 | AQ14: =AK14*AK$7 -> 0 | AR14: =AL14*AL$7 -> 0 | AS14: =AM14*AM$7 -> 0 | AT14: =AN14*AN$7 -> 0
A15: ='QTY '!C15 -> 7 | B15: =+'QTY '!F15 -> 120D | C15: =+'QTY '!E15 -> BC121-6AM60-1 C 0001 | D15: =VLOOKUP(C15,'[9]1'!$B$6:$C$112,2,0) -> #N/A | G15: 32 | H15: =+'[10]QTY '!#REF! -> #REF! | K15: =VLOOKUP($C15,'QTY '!E15:G90,3,0) -> 0.015331667 | L15: =$K15*'QTY '!I15 -> 0 | M15: =$K15*'QTY '!J15 -> 0 | N15: =$K15*'QTY '!K15 -> 0 | O15: =$K15*'QTY '!L15 -> 0 | P15: =$K15*'QTY '!M15 -> 0 | Q15: =$K15*'QTY '!N15 -> 0 | R15: =$K15*'QTY '!O15 -> 0 | S15: =$K15*'QTY '!P15 -> 0 | ... AF15: =$K15*'QTY '!AC15 -> 37.409267 | AG15: =+AD15+AF15-AE15 -> 0 | AJ15: =ROUNDUP((T15/$AJ$7),0) -> 0 | AK15: =ROUNDUP((W15/$AK$7),0) -> 0 | AL15: =ROUNDUP((Z15/$AL$7),0) -> 0 | AM15: =ROUNDUP((AC15/$AM$7),0) -> 10 | AN15: =ROUNDUP((AF15/$AN$7),0) -> 10 | AO15: =+#REF!+1 -> #REF! | AP15: =AJ15*AJ$7 -> 0 | AQ15: =AK15*AK$7 -> 0 | AR15: =AL15*AL$7 -> 0 | AS15: =AM15*AM$7 -> 40 | AT15: =AN15*AN$7 -> 40
B16: =+'QTY '!F16 -> 930B | C16: =+'QTY '!E16 -> BC121-35G70-1 D 0001 | K16: =VLOOKUP($C16,'QTY '!E16:G91,3,0) -> 0.015318333 | L16: =$K16*'QTY '!I16 -> 0 | M16: =$K16*'QTY '!J16 -> 74.4471 | N16: =$K16*'QTY '!K16 -> 74.4471 | O16: =$K16*'QTY '!L16 -> 0 | P16: =$K16*'QTY '!M16 -> 63.4179 | Q16: =$K16*'QTY '!N16 -> 63.4179 | R16: =$K16*'QTY '!O16 -> 0 | S16: =$K16*'QTY '!P16 -> 56.52465 | ... AF16: =$K16*'QTY '!AC16 -> 65.71565 | AG16: =+AD16+AF16-AE16 -> 0
B17: =+'QTY '!F17 -> 930B | C17: =+'QTY '!E17 -> BC121-35G90-1 D 0001 | K17: =VLOOKUP($C17,'QTY '!E17:G92,3,0) -> 0.015331667 | L17: =$K17*'QTY '!I17 -> 0 | M17: =$K17*'QTY '!J17 -> 19.011267 | N17: =$K17*'QTY '!K17 -> 19.011267 | O17: =$K17*'QTY '!L17 -> 0 | P17: =$K17*'QTY '!M17 -> 23.304133 | Q17: =$K17*'QTY '!N17 -> 23.304133 | R17: =$K17*'QTY '!O17 -> 0 | S17: =$K17*'QTY '!P17 -> 20.544433 | ... AF17: =$K17*'QTY '!AC17 -> 24.8373 | AG17: =+AD17+AF17-AE17 -> 0
B18: =+'QTY '!F18 -> 930B | C18: =+'QTY '!E18 -> BC121-35K80-1 C 0001 | K18: =VLOOKUP($C18,'QTY '!E18:G93,3,0) -> 0.015296667 | L18: =$K18*'QTY '!I18 -> 0 | M18: =$K18*'QTY '!J18 -> 26.6162 | N18: =$K18*'QTY '!K18 -> 26.6162 | O18: =$K18*'QTY '!L18 -> 0 | P18: =$K18*'QTY '!M18 -> 1.8356 | Q18: =$K18*'QTY '!N18 -> 1.8356 | R18: =$K18*'QTY '!O18 -> 0 | S18: =$K18*'QTY '!P18 -> 11.4725 | ... AF18: =$K18*'QTY '!AC18 -> 31.6641 | AG18: =+AD18+AF18-AE18 -> 0
B19: =+'QTY '!F19 -> BC 602W | C19: =+'QTY '!E19 -> BC111-2FE72-1 F 0201 | K19: =VLOOKUP($C19,'QTY '!E19:G94,3,0) -> 0.011176667 | L19: =$K19*'QTY '!I19 -> 0 | M19: =$K19*'QTY '!J19 -> 14.0826 | N19: =$K19*'QTY '!K19 -> 14.0826 | O19: =$K19*'QTY '!L19 -> 0 | P19: =$K19*'QTY '!M19 -> 18.1062 | Q19: =$K19*'QTY '!N19 -> 18.1062 | R19: =$K19*'QTY '!O19 -> 0 | S19: =$K19*'QTY '!P19 -> 17.4356 | ... AF19: =$K19*'QTY '!AC19 -> 18.7768 | AG19: =+AD19+AF19-AE19 -> 0
B20: =+'QTY '!F20 -> BC 602W | C20: =+'QTY '!E20 -> BC111-2FE72-2 F 0201 | K20: =VLOOKUP($C20,'QTY '!E20:G95,3,0) -> 0.011361667 | L20: =$K20*'QTY '!I20 -> 0 | M20: =$K20*'QTY '!J20 -> 17.7242 | N20: =$K20*'QTY '!K20 -> 17.7242 | O20: =$K20*'QTY '!L20 -> 0 | P20: =$K20*'QTY '!M20 -> 20.905467 | Q20: =$K20*'QTY '!N20 -> 20.905467 | R20: =$K20*'QTY '!O20 -> 0 | S20: =$K20*'QTY '!P20 -> 15.451867 | ... AF20: =$K20*'QTY '!AC20 -> 15.224633 | AG20: =+AD20+AF20-AE20 -> 0
B21: =+'QTY '!F21 -> BC 602W | C21: =+'QTY '!E21 -> BC111-V3881-1 B 0201 | K21: =VLOOKUP($C21,'QTY '!E21:G96,3,0) -> 0.0081883333 | L21: =$K21*'QTY '!I21 -> 0 | M21: =$K21*'QTY '!J21 -> 55.680667 | N21: =$K21*'QTY '!K21 -> 55.680667 | O21: =$K21*'QTY '!L21 -> 0 | P21: =$K21*'QTY '!M21 -> 43.889467 | Q21: =$K21*'QTY '!N21 -> 43.889467 | R21: =$K21*'QTY '!O21 -> 0 | S21: =$K21*'QTY '!P21 -> 36.683733 | ... AF21: =$K21*'QTY '!AC21 -> 40.614133 | AG21: =+AD21+AF21-AE21 -> 0
B22: =+'QTY '!F22 -> BC 602W | C22: =+'QTY '!E22 -> BC111-V3650-2 C 0201 | K22: =VLOOKUP($C22,'QTY '!E22:G97,3,0) -> 0.011546667 | L22: =$K22*'QTY '!I22 -> 0 | M22: =$K22*'QTY '!J22 -> 6.2352 | N22: =$K22*'QTY '!K22 -> 6.2352 | O22: =$K22*'QTY '!L22 -> 0 | P22: =$K22*'QTY '!M22 -> 0 | Q22: =$K22*'QTY '!N22 -> 0 | R22: =$K22*'QTY '!O22 -> 0 | S22: =$K22*'QTY '!P22 -> 0 | ... AF22: =$K22*'QTY '!AC22 -> 1.3856 | AG22: =+AD22+AF22-AE22 -> 0
B23: =+'QTY '!F23 -> BC 602W | C23: =+'QTY '!E23 -> BC111-V3891-6 B 0201 | K23: =VLOOKUP($C23,'QTY '!E23:G98,3,0) -> 0.014185 | L23: =$K23*'QTY '!I23 -> 0 | M23: =$K23*'QTY '!J23 -> 0 | N23: =$K23*'QTY '!K23 -> 0 | O23: =$K23*'QTY '!L23 -> 0 | P23: =$K23*'QTY '!M23 -> 0 | Q23: =$K23*'QTY '!N23 -> 0 | R23: =$K23*'QTY '!O23 -> 0 | S23: =$K23*'QTY '!P23 -> 0.2837 | ... AF23: =$K23*'QTY '!AC23 -> 0 | AG23: =+AD23+AF23-AE23 -> 0
B24: =+'QTY '!F24 -> BC 602W | C24: =+'QTY '!E24 -> BC111-V3891-1 F 0001 | K24: =VLOOKUP($C24,'QTY '!E24:G99,3,0) -> 0.013916667 | L24: =$K24*'QTY '!I24 -> 0 | M24: =$K24*'QTY '!J24 -> 0 | N24: =$K24*'QTY '!K24 -> 0 | O24: =$K24*'QTY '!L24 -> 0 | P24: =$K24*'QTY '!M24 -> 0 | Q24: =$K24*'QTY '!N24 -> 0 | R24: =$K24*'QTY '!O24 -> 0 | S24: =$K24*'QTY '!P24 -> 0 | ... AF24: =$K24*'QTY '!AC24 -> 0 | AG24: =+AD24+AF24-AE24 -> 0
B25: =+'QTY '!F25 -> BC 602W | C25: =+'QTY '!E25 -> BC111-V3891-2 F 0001 | K25: =VLOOKUP($C25,'QTY '!E25:G100,3,0) -> 0.011736667 | L25: =$K25*'QTY '!I25 -> 0 | M25: =$K25*'QTY '!J25 -> 0 | N25: =$K25*'QTY '!K25 -> 0 | O25: =$K25*'QTY '!L25 -> 0 | P25: =$K25*'QTY '!M25 -> 0 | Q25: =$K25*'QTY '!N25 -> 0 | R25: =$K25*'QTY '!O25 -> 0 | S25: =$K25*'QTY '!P25 -> 0 | ... AF25: =$K25*'QTY '!AC25 -> 0 | AG25: =+AD25+AF25-AE25 -> 0
B26: =+'QTY '!F26 -> BC 602W | C26: =+'QTY '!E26 -> DC111-2FE72 F 0201 | K26: =VLOOKUP($C26,'QTY '!E26:G101,3,0) -> 0.015235 | L26: =$K26*'QTY '!I26 -> 0 | M26: =$K26*'QTY '!J26 -> 2.4376 | N26: =$K26*'QTY '!K26 -> 2.4376 | O26: =$K26*'QTY '!L26 -> 0 | P26: =$K26*'QTY '!M26 -> 2.4376 | Q26: =$K26*'QTY '!N26 -> 2.4376 | R26: =$K26*'QTY '!O26 -> 0 | S26: =$K26*'QTY '!P26 -> 1.2188 | ... AF26: =$K26*'QTY '!AC26 -> 1.8282 | AG26: =+AD26+AF26-AE26 -> 0
B27: =+'QTY '!F27 -> BC 602W | C27: =+'QTY '!E27 -> DC111-2FK53 F 0201 | K27: =VLOOKUP($C27,'QTY '!E27:G102,3,0) -> 0.015235 | L27: =$K27*'QTY '!I27 -> 0 | M27: =$K27*'QTY '!J27 -> 21.9384 | N27: =$K27*'QTY '!K27 -> 21.9384 | O27: =$K27*'QTY '!L27 -> 0 | P27: =$K27*'QTY '!M27 -> 25.5948 | Q27: =$K27*'QTY '!N27 -> 25.5948 | R27: =$K27*'QTY '!O27 -> 0 | S27: =$K27*'QTY '!P27 -> 18.8914 | ... AF27: =$K27*'QTY '!AC27 -> 18.8914 | AG27: =+AD27+AF27-AE27 -> 0
... B37: =+'QTY '!F37 -> BC 819W | C37: =+'QTY '!E37 -> BC111-5AC33-2 0001 | K37: =VLOOKUP($C37,'QTY '!E37:G112,3,0) -> 0.01628 | L37: =$K37*'QTY '!I37 -> 0 | M37: =$K37*'QTY '!J37 -> 0.6512 | N37: =$K37*'QTY '!K37 -> 0.6512 | O37: =$K37*'QTY '!L37 -> 0 | P37: =$K37*'QTY '!M37 -> 0.3256 | Q37: =$K37*'QTY '!N37 -> 0.3256 | R37: =$K37*'QTY '!O37 -> 0 | S37: =$K37*'QTY '!P37 -> 0.3256 | ... AF37: =$K37*'QTY '!AC37 -> 0 | AG37: =+AD37+AF37-AE37 -> 0
B38: =+'QTY '!F39 -> BC 819W | C38: =+'QTY '!E38 -> BC111-5AA03-2 0001 | K38: =VLOOKUP($C38,'QTY '!E38:G113,3,0) -> 0.016305 | L38: =$K38*'QTY '!I38 -> 0 | M38: =$K38*'QTY '!J38 -> 0.6522 | N38: =$K38*'QTY '!K38 -> 0.6522 | O38: =$K38*'QTY '!L38 -> 0 | P38: =$K38*'QTY '!M38 -> 0.3261 | Q38: =$K38*'QTY '!N38 -> 0.3261 | R38: =$K38*'QTY '!O38 -> 0 | S38: =$K38*'QTY '!P38 -> 0.6522 | ... AF38: =$K38*'QTY '!AC38 -> 0 | AG38: =+AD38+AF38-AE38 -> 0
B39: =+'QTY '!F40 -> BC 819W | C39: =+'QTY '!E39 -> BC111-5AA02-2 A 0002 | K39: =VLOOKUP($C39,'QTY '!E39:G114,3,0) -> 0.014756667 | L39: =$K39*'QTY '!I39 -> 0 | M39: =$K39*'QTY '!J39 -> 0 | N39: =$K39*'QTY '!K39 -> 0 | O39: =$K39*'QTY '!L39 -> 0 | P39: =$K39*'QTY '!M39 -> 0 | Q39: =$K39*'QTY '!N39 -> 0 | R39: =$K39*'QTY '!O39 -> 0 | S39: =$K39*'QTY '!P39 -> 0 | ... AF39: =$K39*'QTY '!AC39 -> 0 | AG39: =+AD39+AF39-AE39 -> 0
B40: =+'QTY '!F41 -> BC 819W | C40: =+'QTY '!E40 -> BC111-5A841-2 A 0002 | K40: =VLOOKUP($C40,'QTY '!E40:G115,3,0) -> 0.014745 | L40: =$K40*'QTY '!I40 -> 0 | M40: =$K40*'QTY '!J40 -> 0 | N40: =$K40*'QTY '!K40 -> 0 | O40: =$K40*'QTY '!L40 -> 0 | P40: =$K40*'QTY '!M40 -> 0 | Q40: =$K40*'QTY '!N40 -> 0 | R40: =$K40*'QTY '!O40 -> 0 | S40: =$K40*'QTY '!P40 -> 0 | ... AF40: =$K40*'QTY '!AC40 -> 0 | AG40: =+AD40+AF40-AE40 -> 0
B41: =+'QTY '!F42 -> BC 891W | C41: =+'QTY '!E41 -> BC111-5A881-2 A 0002 | K41: =VLOOKUP($C41,'QTY '!E41:G116,3,0) -> 0.014745 | L41: =$K41*'QTY '!I41 -> 0 | M41: =$K41*'QTY '!J41 -> 0 | N41: =$K41*'QTY '!K41 -> 0 | O41: =$K41*'QTY '!L41 -> 0 | P41: =$K41*'QTY '!M41 -> 0 | Q41: =$K41*'QTY '!N41 -> 0 | R41: =$K41*'QTY '!O41 -> 0 | S41: =$K41*'QTY '!P41 -> 0 | ... AF41: =$K41*'QTY '!AC41 -> 0 | AG41: =+AD41+AF41-AE41 -> 0
B42: =+'QTY '!F43 -> BC 891W | C42: =+'QTY '!E42 -> BC111-1HQ61-1 A 1001 | K42: =VLOOKUP($C42,'QTY '!E42:G117,3,0) -> 0.012791667 | L42: =$K42*'QTY '!I42 -> 0 | M42: =$K42*'QTY '!J42 -> 57.818333 | N42: =$K42*'QTY '!K42 -> 57.818333 | O42: =$K42*'QTY '!L42 -> 0 | P42: =$K42*'QTY '!M42 -> 63.958333 | Q42: =$K42*'QTY '!N42 -> 63.958333 | R42: =$K42*'QTY '!O42 -> 0 | S42: =$K42*'QTY '!P42 -> 68.051667 | ... AF42: =$K42*'QTY '!AC42 -> 80.331667 | AG42: =+AD42+AF42-AE42 -> 0
B43: =+'QTY '!F44 -> BC 891W | C43: =+'QTY '!E43 -> BC111-1HY10-1 A 1001 | K43: =VLOOKUP($C43,'QTY '!E43:G118,3,0) -> 0.01391 | L43: =$K43*'QTY '!I43 -> 0 | M43: =$K43*'QTY '!J43 -> 0 | N43: =$K43*'QTY '!K43 -> 0 | O43: =$K43*'QTY '!L43 -> 0 | P43: =$K43*'QTY '!M43 -> 1.6692 | Q43: =$K43*'QTY '!N43 -> 1.6692 | R43: =$K43*'QTY '!O43 -> 0 | S43: =$K43*'QTY '!P43 -> 0.8346 | ... AF43: =$K43*'QTY '!AC43 -> 0.8346 | AG43: =+AD43+AF43-AE43 -> 0
B44: =+'QTY '!F45 -> BC 891W | C44: =+'QTY '!E44 -> BC111-1HY10-2 A 1001 | K44: =VLOOKUP($C44,'QTY '!E44:G119,3,0) -> 0.013613333 | L44: =$K44*'QTY '!I44 -> 0 | M44: =$K44*'QTY '!J44 -> 0 | N44: =$K44*'QTY '!K44 -> 0 | O44: =$K44*'QTY '!L44 -> 0 | P44: =$K44*'QTY '!M44 -> 0 | Q44: =$K44*'QTY '!N44 -> 0 | R44: =$K44*'QTY '!O44 -> 0 | S44: =$K44*'QTY '!P44 -> 0 | ... AF44: =$K44*'QTY '!AC44 -> 0 | AG44: =+AD44+AF44-AE44 -> 0
B45: =+'QTY '!F46 -> BC 766W | C45: =+'QTY '!E45 -> BC111-1HR01-1 0002 | K45: =VLOOKUP($C45,'QTY '!E45:G120,3,0) -> 0.012791667 | L45: =$K45*'QTY '!I45 -> 0 | M45: =$K45*'QTY '!J45 -> 88.518333 | N45: =$K45*'QTY '!K45 -> 88.518333 | O45: =$K45*'QTY '!L45 -> 0 | P45: =$K45*'QTY '!M45 -> 82.378333 | Q45: =$K45*'QTY '!N45 -> 82.378333 | R45: =$K45*'QTY '!O45 -> 0 | S45: =$K45*'QTY '!P45 -> 82.89 | ... AF45: =$K45*'QTY '!AC45 -> 107.96167 | AG45: =+AD45+AF45-AE45 -> 0
B46: =+'QTY '!F47 -> BC 766W | C46: =+'QTY '!E46 -> BC111-62092-2 B 1001 | K46: =VLOOKUP($C46,'QTY '!E46:G121,3,0) -> 0.014745 | L46: =$K46*'QTY '!I46 -> 0 | M46: =$K46*'QTY '!J46 -> 0 | N46: =$K46*'QTY '!K46 -> 0 | O46: =$K46*'QTY '!L46 -> 0 | P46: =$K46*'QTY '!M46 -> 0 | Q46: =$K46*'QTY '!N46 -> 0 | R46: =$K46*'QTY '!O46 -> 0 | S46: =$K46*'QTY '!P46 -> 0 | ... AF46: =$K46*'QTY '!AC46 -> 0 | AG46: =+AD46+AF46-AE46 -> 0
C47: =+'QTY '!E47 -> BC111-62062-2 B 1001 | K47: =VLOOKUP($C47,'QTY '!E47:G122,3,0) -> 0.014745 | L47: =$K47*'QTY '!I47 -> 0 | M47: =$K47*'QTY '!J47 -> 0 | N47: =$K47*'QTY '!K47 -> 0 | O47: =$K47*'QTY '!L47 -> 0 | P47: =$K47*'QTY '!M47 -> 0 | Q47: =$K47*'QTY '!N47 -> 0 | R47: =$K47*'QTY '!O47 -> 0 | S47: =$K47*'QTY '!P47 -> 0 | ... AF47: =$K47*'QTY '!AC47 -> 0 | AG47: =+AD47+AF47-AE47 -> 0
C48: =+'QTY '!E48 -> BC111-16P60-1 0001 | K48: =VLOOKUP($C48,'QTY '!E48:G123,3,0) -> 0.01233 | L48: =$K48*'QTY '!I48 -> 0 | M48: =$K48*'QTY '!J48 -> 18.2484 | N48: =$K48*'QTY '!K48 -> 18.2484 | O48: =$K48*'QTY '!L48 -> 0 | P48: =$K48*'QTY '!M48 -> 26.8794 | Q48: =$K48*'QTY '!N48 -> 26.8794 | R48: =$K48*'QTY '!O48 -> 0 | S48: =$K48*'QTY '!P48 -> 20.961 | ... AF48: =$K48*'QTY '!AC48 -> 19.2348 | AG48: =+AD48+AF48-AE48 -> 0
C49: =+'QTY '!E49 -> BC111-16J40-1 0001 | K49: =VLOOKUP($C49,'QTY '!E49:G124,3,0) -> 0.012791667 | L49: =$K49*'QTY '!I49 -> 0 | M49: =$K49*'QTY '!J49 -> 65.493333 | N49: =$K49*'QTY '!K49 -> 65.493333 | O49: =$K49*'QTY '!L49 -> 0 | P49: =$K49*'QTY '!M49 -> 54.236667 | Q49: =$K49*'QTY '!N49 -> 54.236667 | R49: =$K49*'QTY '!O49 -> 0 | S49: =$K49*'QTY '!P49 -> 57.818333 | ... AF49: =$K49*'QTY '!AC49 -> 50.655 | AG49: =+AD49+AF49-AE49 -> 0
C50: =+'QTY '!E50 -> BC111-16R30-1 0001 | K50: =VLOOKUP($C50,'QTY '!E50:G125,3,0) -> 0.012791667 | L50: =$K50*'QTY '!I50 -> 0 | M50: =$K50*'QTY '!J50 -> 35.816667 | N50: =$K50*'QTY '!K50 -> 35.816667 | O50: =$K50*'QTY '!L50 -> 0 | P50: =$K50*'QTY '!M50 -> 18.931667 | Q50: =$K50*'QTY '!N50 -> 18.931667 | R50: =$K50*'QTY '!O50 -> 0 | S50: =$K50*'QTY '!P50 -> 26.606667 | ... AF50: =$K50*'QTY '!AC50 -> 24.56 | AG50: =+AD50+AF50-AE50 -> 0
C51: =+'QTY '!E51 -> BC111-16R90-1 0001 | K51: =VLOOKUP($C51,'QTY '!E51:G126,3,0) -> 0.012343333 | L51: =$K51*'QTY '!I51 -> 0 | M51: =$K51*'QTY '!J51 -> 17.527533 | N51: =$K51*'QTY '!K51 -> 17.527533 | O51: =$K51*'QTY '!L51 -> 0 | P51: =$K51*'QTY '!M51 -> 16.046333 | Q51: =$K51*'QTY '!N51 -> 16.046333 | R51: =$K51*'QTY '!O51 -> 0 | S51: =$K51*'QTY '!P51 -> 17.0338 | ... AF51: =$K51*'QTY '!AC51 -> 15.058867 | AG51: =+AD51+AF51-AE51 -> 0
C52: =+'QTY '!E52 -> DC111-V3G90 B 0101 | K52: =VLOOKUP($C52,'QTY '!E52:G127,3,0) -> 0.015896667 | L52: =$K52*'QTY '!I52 -> 0 | M52: =$K52*'QTY '!J52 -> 0 | N52: =$K52*'QTY '!K52 -> 0 | O52: =$K52*'QTY '!L52 -> 0 | P52: =$K52*'QTY '!M52 -> 0 | Q52: =$K52*'QTY '!N52 -> 0 | R52: =$K52*'QTY '!O52 -> 0 | S52: =$K52*'QTY '!P52 -> 0.63586667 | ... AF52: =$K52*'QTY '!AC52 -> 0 | AG52: =+AD52+AF52-AE52 -> 0
C53: =+'QTY '!E53 -> DC111-V3C10 B 0101 | K53: =VLOOKUP($C53,'QTY '!E53:G128,3,0) -> 0.015188333 | L53: =$K53*'QTY '!I53 -> 0 | M53: =$K53*'QTY '!J53 -> 9.113 | N53: =$K53*'QTY '!K53 -> 9.113 | O53: =$K53*'QTY '!L53 -> 0 | P53: =$K53*'QTY '!M53 -> 9.7205333 | Q53: =$K53*'QTY '!N53 -> 9.7205333 | R53: =$K53*'QTY '!O53 -> 0 | S53: =$K53*'QTY '!P53 -> 5.4678 | ... AF53: =$K53*'QTY '!AC53 -> 9.113 | AG53: =+AD53+AF53-AE53 -> 0
C54: =+'QTY '!E54 -> DC111-V3C50 B 0101 | K54: =VLOOKUP($C54,'QTY '!E54:G129,3,0) -> 0.014901667 | L54: =$K54*'QTY '!I54 -> 0 | M54: =$K54*'QTY '!J54 -> 92.9864 | N54: =$K54*'QTY '!K54 -> 92.9864 | O54: =$K54*'QTY '!L54 -> 0 | P54: =$K54*'QTY '!M54 -> 69.7398 | Q54: =$K54*'QTY '!N54 -> 69.7398 | R54: =$K54*'QTY '!O54 -> 0 | S54: =$K54*'QTY '!P54 -> 61.990933 | ... AF54: =$K54*'QTY '!AC54 -> 64.971267 | AG54: =+AD54+AF54-AE54 -> 0
C55: =+'QTY '!E55 -> BC111-1KU50-2 0001 | K55: =VLOOKUP($C55,'QTY '!E55:G130,3,0) -> 0.013601667 | L55: =$K55*'QTY '!I55 -> 0 | M55: =$K55*'QTY '!J55 -> 0.8161 | N55: =$K55*'QTY '!K55 -> 0.8161 | O55: =$K55*'QTY '!L55 -> 0 | P55: =$K55*'QTY '!M55 -> 1.6322 | Q55: =$K55*'QTY '!N55 -> 1.6322 | R55: =$K55*'QTY '!O55 -> 0 | S55: =$K55*'QTY '!P55 -> 0.8161 | ... AF55: =$K55*'QTY '!AC55 -> 0.8161 | AG55: =+AD55+AF55-AE55 -> 0
C56: =+'QTY '!E56 -> JN111-62063-3 0002 | K56: =VLOOKUP($C56,'QTY '!E56:G131,3,0) -> 0.021368333 | L56: =$K56*'QTY '!I56 -> 0 | M56: =$K56*'QTY '!J56 -> 0 | N56: =$K56*'QTY '!K56 -> 0 | O56: =$K56*'QTY '!L56 -> 0 | P56: =$K56*'QTY '!M56 -> 0 | Q56: =$K56*'QTY '!N56 -> 0 | R56: =$K56*'QTY '!O56 -> 0 | S56: =$K56*'QTY '!P56 -> 0 | ... AF56: =$K56*'QTY '!AC56 -> 0 | AG56: =+AD56+AF56-AE56 -> 0
C57: =+'QTY '!E57 -> JN111-62063-4 0002 | K57: =VLOOKUP($C57,'QTY '!E57:G132,3,0) -> 0.017923333 | L57: =$K57*'QTY '!I57 -> 0 | M57: =$K57*'QTY '!J57 -> 0 | N57: =$K57*'QTY '!K57 -> 0 | O57: =$K57*'QTY '!L57 -> 0 | P57: =$K57*'QTY '!M57 -> 0 | Q57: =$K57*'QTY '!N57 -> 0 | R57: =$K57*'QTY '!O57 -> 0 | S57: =$K57*'QTY '!P57 -> 0 | ... AF57: =$K57*'QTY '!AC57 -> 0 | AG57: =+AD57+AF57-AE57 -> 0
C58: =+'QTY '!E58 -> JN111-62093-3 0002 | K58: =VLOOKUP($C58,'QTY '!E58:G133,3,0) -> 0.016306667 | L58: =$K58*'QTY '!I58 -> 0 | M58: =$K58*'QTY '!J58 -> 0 | N58: =$K58*'QTY '!K58 -> 0 | O58: =$K58*'QTY '!L58 -> 0 | P58: =$K58*'QTY '!M58 -> 0 | Q58: =$K58*'QTY '!N58 -> 0 | R58: =$K58*'QTY '!O58 -> 0 | S58: =$K58*'QTY '!P58 -> 0 | ... AF58: =$K58*'QTY '!AC58 -> 0 | AG58: =+AD58+AF58-AE58 -> 0
... C84: =+'QTY '!E84 -> BC115-5CC80-2 0001 | K84: =VLOOKUP($C84,'QTY '!E84:G159,3,0) -> 0.013455 | L84: =$K84*'QTY '!I84 -> 0 | M84: =$K84*'QTY '!J84 -> 46.0161 | N84: =$K84*'QTY '!K84 -> 46.0161 | O84: =$K84*'QTY '!L84 -> 0 | P84: =$K84*'QTY '!M84 -> 39.5577 | Q84: =$K84*'QTY '!N84 -> 39.5577 | R84: =$K84*'QTY '!O84 -> 0 | S84: =$K84*'QTY '!P84 -> 41.1723 | ... AF84: =$K84*'QTY '!AC84 -> 19.3752 | AG84: =+AD84+AF84-AE84 -> 0
C85: TOTAL ALL | L85: =SUM(L9:L84) -> 0 | M85: =SUM(M9:M84) -> 1225.604 | N85: =SUM(N9:N84) -> 1225.604 | O85: =SUM(O9:O84) -> 0 | P85: =SUM(P9:P84) -> 1033.4424 | Q85: =SUM(Q9:Q84) -> 1033.4424 | R85: =SUM(R9:R84) -> 0 | S85: =SUM(S9:S84) -> 943.85747 | ... AF85: =SUM(AF9:AF84) -> 1104.4644 | AG85: =SUM(AG9:AG54) -> 0 | AJ85: =SUM(AJ9:AJ38) -> 37 | AK85: =SUM(AK9:AK38) -> 31 | AL85: =SUM(AL9:AL38) -> 41 | AM85: =SUM(AM9:AM38) -> 60 | AN85: =SUM(AN9:AN38) -> 60
C86: Month | L86: =L6 -> FEB | O86: =O6 -> MAR | R86: =R6 -> APR | U86: =U6 -> MAY | X86: =X6 -> JUN | AA86: =AA6 -> JUL | AD86: =AD6 -> AUG | AJ86: =+AJ85*AJ7 -> 148 | AK86: =+AK85*AK7 -> 124 | AL86: =+AL85*AL7 -> 164 | AM86: =+AM85*AM7 -> 240 | AN86: =+AN85*AN7 -> 240
C87: Working Days Normal | L87: =VLOOKUP(L6,[11]Calender!$A$324:$I$383,2,0) -> 19 | O87: =VLOOKUP(O6,[12]Calender!$A$386:$I$445,2,0) -> 22 | R87: =VLOOKUP(R6,[12]Calender!$A$386:$I$445,2,0) -> 19 | U87: =VLOOKUP(U6,[13]Calender!$A$449:$I$518,2,0) -> 21 | X87: =VLOOKUP(X6,[13]Calender!$A$449:$I$518,2,0) -> 21 | AA87: =VLOOKUP(AA6,[13]Calender!$A$449:$I$518,2,0) -> 22 | AD87: =VLOOKUP(AD6,[13]Calender!$A$449:$I$518,2,0) -> 19
C88: SR | K88: JAI/NIIM | L88: =SUM(L9:L38) -> 0 | M88: =SUM(M9:M38) -> 436.88317 | N88: =SUM(N9:N38) -> 436.88317 | O88: =SUM(O9:O38) -> 0 | P88: =SUM(P9:P38) -> 369.63125 | Q88: =SUM(Q9:Q38) -> 369.63125 | R88: =SUM(R9:R38) -> 0 | S88: =SUM(S9:S38) -> 318.50827 | ... AF88: =SUM(AF9:AF38) -> 448.06093
K89: SAI | L89: =SUM(L39:L51) -> 0 | M89: =SUM(M39:M54) -> 385.522 | N89: =SUM(N39:N51) -> 283.4226 | O89: =SUM(O39:O51) -> 0 | P89: =SUM(P39:P54) -> 343.56027 | Q89: =SUM(Q39:Q54) -> 343.56027 | R89: =SUM(R39:R51) -> 0 | S89: =SUM(S39:S51) -> 274.19607 | T89: =SUM(T39:T51) -> 274.19607 | U89: =SUM(U39:U51) -> 0 | V89: =SUM(V39:V51) -> 236.9142 | W89: =SUM(W39:W51) -> 236.9142 | X89: =SUM(X39:X51) -> 0 | Y89: =SUM(Y39:Y51) -> 273.70233 | ... AF89: =SUM(AF39:AF51) -> 298.6366
L90: =SUM(L88:L89) -> 0 | M90: =SUM(M88:M89) -> 822.40517 | N90: =SUM(N88:N89) -> 720.30577 | O90: =SUM(O88:O89) -> 0 | P90: =SUM(P88:P89) -> 713.19152 | Q90: =SUM(Q88:Q89) -> 713.19152 | R90: =SUM(R88:R89) -> 0 | S90: =SUM(S88:S89) -> 592.70433 | ... AF90: =SUM(AF88:AF89) -> 746.69753
K91: KET | L91: =+IF(L90=L85,"OK","N-OK") -> OK | M91: =+IF(M90=M85,"OK","N-OK") -> N-OK | N91: =+IF(N90=N85,"OK","N-OK") -> N-OK | O91: =+IF(O90=O85,"OK","N-OK") -> OK | P91: =+IF(P90=P85,"OK","N-OK") -> N-OK | Q91: =+IF(Q90=Q85,"OK","N-OK") -> N-OK | R91: =+IF(R90=R85,"OK","N-OK") -> OK | S91: =+IF(S90=S85,"OK","N-OK") -> N-OK | ... AF91: =+IF(AF90=AF85,"OK","N-OK") -> N-OK

Sheet AS400 JEMBATAN
A2: ='[14]Qty & UMH GUM'!A2 -> S/R NO : | B2: ='QTY '!B2 -> 0
A3: ='[14]Qty & UMH GUM'!A4 -> DATE : | B3: ='QTY '!B4 -> 46094.693
D4: 4 | M4: 5 | V4: 4 | AE4: 4 | AN4: 5
A5: Printed : | B5: =NOW() -> 46094.693 | D5: Q | M5: T | V5: W | AE5: Z | AN5: AC
A6: TYPE | B6: HARNESS No. | C6: LEVEL | D6: =+'QTY '!O6 -> APR | M6: =+'QTY '!R6 -> MAY | V6: =+'QTY '!U6 -> JUN | AE6: =+'QTY '!X6 -> JUL | AN6: =+'QTY '!AA6 -> AUG
D8: 1 | E8: 2 | F8: 3 | G8: 4 | H8: 5 | I8: SR | J8: SPP | K8: BAL | L8: VALUE | M8: 1 | N8: 2 | O8: 3 | P8: 4 | Q8: 5 | R8: SR | S8: SPP | T8: BAL | U8: VALUE | V8: 1 | W8: 2 | X8: 3 | Y8: 4 | Z8: 5 | AA8: SR | AB8: SPP | AC8: BAL | AD8: VALUE | AE8: 1 | AF8: 2 | AG8: 3 | AH8: 4 | AI8: =+AH8+1 -> 5 | AJ8: SR | AK8: SPP | AL8: BAL | AM8: VALUE | AN8: 1 | AO8: 2 | AP8: 3 | AQ8: 4 | AR8: 5 | AS8: SR | AT8: SPP | AU8: BAL | AV8: VALUE | AW8: =+J6 -> 0 | AX8: =+S6 -> 0 | AY8: =+AB6 -> 0 | AZ8: =+AK6 -> 0 | BA8: =+AT6 -> 0
A9: =+'QTY '!B9 -> BC121-6B370-1 | B9: =+'QTY '!E9 -> BC121-6B370-1 B 0001 | C9: ='QTY '!F9 -> 120D | D9: =VLOOKUP($B9,[3]Sheet1!$B$8:$CF$451,14,0) -> 660 | E9: =VLOOKUP($B9,[3]Sheet1!$B$8:$CF$451,15,0) -> 690 | F9: =VLOOKUP($B9,[3]Sheet1!$B$8:$CF$451,16,0) -> 600 | G9: =VLOOKUP($B9,[3]Sheet1!$B$8:$CF$451,17,0) -> 570 | H9: =VLOOKUP($B9,[3]Sheet1!$B$8:$CF$451,18,0) -> 0 | I9: =SUM(D9:H9) -> 2520 | J9: ='QTY '!Q9 -> 2520 | K9: =ROUNDUP((J9-I9)/$D$4,0) -> 0 | M9: =VLOOKUP($B9,[3]Sheet1!$B$8:$CF$451,20,0) -> 690 | N9: =VLOOKUP($B9,[3]Sheet1!$B$8:$CF$451,21,0) -> 480 | O9: =VLOOKUP($B9,[3]Sheet1!$B$8:$CF$451,22,0) -> 0 | P9: =VLOOKUP($B9,[3]Sheet1!$B$8:$CF$451,23,0) -> 780 | Q9: =VLOOKUP($B9,[3]Sheet1!$B$8:$CF$451,24,0) -> 0 | R9: =SUM(M9:Q9) -> 1950 | S9: ='QTY '!T9 -> 1950 | T9: =ROUNDUP((S9-R9)/$M$4,0) -> 0 | V9: =+VLOOKUP($B9,[3]Sheet1!$B$8:$CF$406,26,0) -> 660 | W9: =+VLOOKUP($B9,[3]Sheet1!$B$8:$CF$406,27,0) -> 510 | X9: =+VLOOKUP($B9,[3]Sheet1!$B$8:$CF$406,28,0) -> 660 | Y9: =+VLOOKUP($B9,[3]Sheet1!$B$8:$CF$406,29,0) -> 720 | Z9: =+VLOOKUP($B9,[3]Sheet1!$B$8:$CF$406,30,0) -> 0 | AA9: =SUM(V9:Z9) -> 2550 | AB9: ='QTY '!W9 -> 2550 | AC9: =ROUNDUP((AB9-AA9)/$V$4,0) -> 0 | AE9: =+VLOOKUP($B9,[3]Sheet1!$B$8:$CF$406,32,0) -> 735 | AF9: =+VLOOKUP($B9,[3]Sheet1!$B$8:$CF$406,33,0) -> 735 | AG9: =+VLOOKUP($B9,[3]Sheet1!$B$8:$CF$406,34,0) -> 735 | AH9: =+VLOOKUP($B9,[3]Sheet1!$B$8:$CF$406,35,0) -> 735 | AI9: =+VLOOKUP($B9,[3]Sheet1!$B$8:$CF$406,36,0) -> 0 | AJ9: =SUM(AE9:AI9) -> 2940 | AK9: ='QTY '!Z9 -> 2940 | AL9: =ROUNDUP((AK9-AJ9)/$AE$4,0) -> 0 | AN9: =+AE9 -> 735 | AO9: =+AF9 -> 735 | AP9: =+AG9 -> 735 | AQ9: =+AH9 -> 735 | AS9: =SUM(AN9:AR9) -> 2940 | AT9: ='QTY '!AC9 -> 2940 | AU9: =ROUNDUP((AT9-AS9)/$AN$4,0) -> 0 | AW9: =+D9*D$8 -> 660 | AX9: =+M9*M$8 -> 690 | AY9: =+V9*V$8 -> 660 | AZ9: =+AE9*AE$8 -> 735 | BA9: =+AN9*AN$8 -> 735 | BB9: =#REF!+1 -> #REF!
A10: =+'QTY '!B10 -> BC121-6B370-2 | B10: =+'QTY '!E10 -> BC121-6B370-2 B 0001 | C10: ='QTY '!F10 -> 120D | D10: =VLOOKUP($B10,[3]Sheet1!$B$8:$CF$451,14,0) -> 660 | E10: =VLOOKUP($B10,[3]Sheet1!$B$8:$CF$451,15,0) -> 690 | F10: =VLOOKUP($B10,[3]Sheet1!$B$8:$CF$451,16,0) -> 600 | G10: =VLOOKUP($B10,[3]Sheet1!$B$8:$CF$451,17,0) -> 570 | H10: =VLOOKUP($B10,[3]Sheet1!$B$8:$CF$451,18,0) -> 0 | I10: =SUM(D10:H10) -> 2520 | J10: ='QTY '!Q10 -> 2520 | K10: =ROUNDUP((J10-I10)/$D$4,0) -> 0 | M10: =VLOOKUP($B10,[3]Sheet1!$B$8:$CF$451,20,0) -> 690 | N10: =VLOOKUP($B10,[3]Sheet1!$B$8:$CF$451,21,0) -> 480 | O10: =VLOOKUP($B10,[3]Sheet1!$B$8:$CF$451,22,0) -> 0 | P10: =VLOOKUP($B10,[3]Sheet1!$B$8:$CF$451,23,0) -> 780 | Q10: =VLOOKUP($B10,[3]Sheet1!$B$8:$CF$451,24,0) -> 0 | R10: =SUM(M10:Q10) -> 1950 | S10: ='QTY '!T10 -> 1950 | T10: =ROUNDUP((S10-R10)/$M$4,0) -> 0 | V10: =+VLOOKUP($B10,[3]Sheet1!$B$8:$CF$406,26,0) -> 660 | W10: =+VLOOKUP($B10,[3]Sheet1!$B$8:$CF$406,27,0) -> 510 | X10: =+VLOOKUP($B10,[3]Sheet1!$B$8:$CF$406,28,0) -> 660 | Y10: =+VLOOKUP($B10,[3]Sheet1!$B$8:$CF$406,29,0) -> 720 | Z10: =+VLOOKUP($B10,[3]Sheet1!$B$8:$CF$406,30,0) -> 0 | AA10: =SUM(V10:Z10) -> 2550 | AB10: ='QTY '!W10 -> 2550 | AC10: =ROUNDUP((AB10-AA10)/$V$4,0) -> 0 | AE10: =+VLOOKUP($B10,[3]Sheet1!$B$8:$CF$406,32,0) -> 735 | AF10: =+VLOOKUP($B10,[3]Sheet1!$B$8:$CF$406,33,0) -> 735 | AG10: =+VLOOKUP($B10,[3]Sheet1!$B$8:$CF$406,34,0) -> 735 | AH10: =+VLOOKUP($B10,[3]Sheet1!$B$8:$CF$406,35,0) -> 735 | AI10: =+VLOOKUP($B10,[3]Sheet1!$B$8:$CF$406,36,0) -> 0 | AJ10: =SUM(AE10:AI10) -> 2940 | AK10: ='QTY '!Z10 -> 2940 | AL10: =ROUNDUP((AK10-AJ10)/$AE$4,0) -> 0 | AN10: =+AE10 -> 735 | AO10: =+AF10 -> 735 | AP10: =+AG10 -> 735 | AQ10: =+AH10 -> 735 | AS10: =SUM(AN10:AR10) -> 2940 | AT10: ='QTY '!AC10 -> 2940 | AU10: =ROUNDUP((AT10-AS10)/$AN$4,0) -> 0 | AW10: =+D10*D$8 -> 660 | AX10: =+M10*M$8 -> 690 | AY10: =+V10*V$8 -> 660 | AZ10: =+AE10*AE$8 -> 735 | BA10: =+AN10*AN$8 -> 735 | BB10: =#REF!+1 -> #REF!
A11: =+'QTY '!B11 -> BC121-6B220-1 | B11: =+'QTY '!E11 -> BC121-6B220-1 B 0001 | C11: ='QTY '!F11 -> 120D | D11: =VLOOKUP($B11,[3]Sheet1!$B$8:$CF$451,14,0) -> 560 | E11: =VLOOKUP($B11,[3]Sheet1!$B$8:$CF$451,15,0) -> 640 | F11: =VLOOKUP($B11,[3]Sheet1!$B$8:$CF$451,16,0) -> 720 | G11: =VLOOKUP($B11,[3]Sheet1!$B$8:$CF$451,17,0) -> 720 | H11: =VLOOKUP($B11,[3]Sheet1!$B$8:$CF$451,18,0) -> 0 | I11: =SUM(D11:H11) -> 2640 | J11: ='QTY '!Q11 -> 2640 | K11: =ROUNDUP((J11-I11)/$D$4,0) -> 0 | M11: =VLOOKUP($B11,[3]Sheet1!$B$8:$CF$451,20,0) -> 800 | N11: =VLOOKUP($B11,[3]Sheet1!$B$8:$CF$451,21,0) -> 640 | O11: =VLOOKUP($B11,[3]Sheet1!$B$8:$CF$451,22,0) -> 0 | P11: =VLOOKUP($B11,[3]Sheet1!$B$8:$CF$451,23,0) -> 880 | Q11: =VLOOKUP($B11,[3]Sheet1!$B$8:$CF$451,24,0) -> 0 | R11: =SUM(M11:Q11) -> 2320 | S11: ='QTY '!T11 -> 2320 | T11: =ROUNDUP((S11-R11)/$M$4,0) -> 0 | V11: =+VLOOKUP($B11,[3]Sheet1!$B$8:$CF$406,26,0) -> 800 | W11: =+VLOOKUP($B11,[3]Sheet1!$B$8:$CF$406,27,0) -> 560 | X11: =+VLOOKUP($B11,[3]Sheet1!$B$8:$CF$406,28,0) -> 800 | Y11: =+VLOOKUP($B11,[3]Sheet1!$B$8:$CF$406,29,0) -> 800 | Z11: =+VLOOKUP($B11,[3]Sheet1!$B$8:$CF$406,30,0) -> 0 | AA11: =SUM(V11:Z11) -> 2960 | AB11: ='QTY '!W11 -> 2960 | AC11: =ROUNDUP((AB11-AA11)/$V$4,0) -> 0 | AE11: =+VLOOKUP($B11,[3]Sheet1!$B$8:$CF$406,32,0) -> 980 | AF11: =+VLOOKUP($B11,[3]Sheet1!$B$8:$CF$406,33,0) -> 980 | AG11: =+VLOOKUP($B11,[3]Sheet1!$B$8:$CF$406,34,0) -> 980 | AH11: =+VLOOKUP($B11,[3]Sheet1!$B$8:$CF$406,35,0) -> 980 | AI11: =+VLOOKUP($B11,[3]Sheet1!$B$8:$CF$406,36,0) -> 0 | AJ11: =SUM(AE11:AI11) -> 3920 | AK11: ='QTY '!Z11 -> 3920 | AL11: =ROUNDUP((AK11-AJ11)/$AE$4,0) -> 0 | AN11: =+AE11 -> 980 | AO11: =+AF11 -> 980 | AP11: =+AG11 -> 980 | AQ11: =+AH11 -> 980 | AS11: =SUM(AN11:AR11) -> 3920 | AT11: ='QTY '!AC11 -> 3920 | AU11: =ROUNDUP((AT11-AS11)/$AN$4,0) -> 0 | AW11: =+D11*D$8 -> 560 | AX11: =+M11*M$8 -> 800 | AY11: =+V11*V$8 -> 800 | AZ11: =+AE11*AE$8 -> 980 | BA11: =+AN11*AN$8 -> 980 | BB11: =#REF!+1 -> #REF!
A12: =+'QTY '!B12 -> BC121-6B250-1 | B12: =+'QTY '!E12 -> BC121-6B250-1 B 0001 | C12: ='QTY '!F12 -> 120D | D12: =VLOOKUP($B12,[3]Sheet1!$B$8:$CF$451,14,0) -> 30 | E12: =VLOOKUP($B12,[3]Sheet1!$B$8:$CF$451,15,0) -> 0 | F12: =VLOOKUP($B12,[3]Sheet1!$B$8:$CF$451,16,0) -> 30 | G12: =VLOOKUP($B12,[3]Sheet1!$B$8:$CF$451,17,0) -> 30 | H12: =VLOOKUP($B12,[3]Sheet1!$B$8:$CF$451,18,0) -> 0 | I12: =SUM(D12:H12) -> 90 | J12: ='QTY '!Q12 -> 90 | K12: =ROUNDUP((J12-I12)/$D$4,0) -> 0 | M12: =VLOOKUP($B12,[3]Sheet1!$B$8:$CF$451,20,0) -> 30 | N12: =VLOOKUP($B12,[3]Sheet1!$B$8:$CF$451,21,0) -> 0 | O12: =VLOOKUP($B12,[3]Sheet1!$B$8:$CF$451,22,0) -> 0 | P12: =VLOOKUP($B12,[3]Sheet1!$B$8:$CF$451,23,0) -> 30 | Q12: =VLOOKUP($B12,[3]Sheet1!$B$8:$CF$451,24,0) -> 0 | R12: =SUM(M12:Q12) -> 60 | S12: ='QTY '!T12 -> 60 | T12: =ROUNDUP((S12-R12)/$M$4,0) -> 0 | V12: =+VLOOKUP($B12,[3]Sheet1!$B$8:$CF$406,26,0) -> 30 | W12: =+VLOOKUP($B12,[3]Sheet1!$B$8:$CF$406,27,0) -> 30 | X12: =+VLOOKUP($B12,[3]Sheet1!$B$8:$CF$406,28,0) -> 30 | Y12: =+VLOOKUP($B12,[3]Sheet1!$B$8:$CF$406,29,0) -> 30 | Z12: =+VLOOKUP($B12,[3]Sheet1!$B$8:$CF$406,30,0) -> 0 | AA12: =SUM(V12:Z12) -> 120 | AB12: ='QTY '!W12 -> 120 | AC12: =ROUNDUP((AB12-AA12)/$V$4,0) -> 0 | AE12: =+VLOOKUP($B12,[3]Sheet1!$B$8:$CF$406,32,0) -> 37.5 | AF12: =+VLOOKUP($B12,[3]Sheet1!$B$8:$CF$406,33,0) -> 37.5 | AG12: =+VLOOKUP($B12,[3]Sheet1!$B$8:$CF$406,34,0) -> 37.5 | AH12: =+VLOOKUP($B12,[3]Sheet1!$B$8:$CF$406,35,0) -> 37.5 | AI12: =+VLOOKUP($B12,[3]Sheet1!$B$8:$CF$406,36,0) -> 0 | AJ12: =SUM(AE12:AI12) -> 150 | AK12: ='QTY '!Z12 -> 150 | AL12: =ROUNDUP((AK12-AJ12)/$AE$4,0) -> 0 | AN12: =+AE12 -> 37.5 | AO12: =+AF12 -> 37.5 | AP12: =+AG12 -> 37.5 | AQ12: =+AH12 -> 37.5 | AS12: =SUM(AN12:AR12) -> 150 | AT12: ='QTY '!AC12 -> 150 | AU12: =ROUNDUP((AT12-AS12)/$AN$4,0) -> 0 | AW12: =+D12*D$8 -> 30 | AX12: =+M12*M$8 -> 30 | AY12: =+V12*V$8 -> 30 | AZ12: =+AE12*AE$8 -> 37.5 | BA12: =+AN12*AN$8 -> 37.5 | BB12: =#REF!+1 -> #REF!
A13: =+'QTY '!B13 -> BC121-6B260-1 | B13: =+'QTY '!E13 -> BC121-6B260-1 B 0001 | C13: ='QTY '!F13 -> 120D | D13: =VLOOKUP($B13,[3]Sheet1!$B$8:$CF$451,14,0) -> 260 | E13: =VLOOKUP($B13,[3]Sheet1!$B$8:$CF$451,15,0) -> 440 | F13: =VLOOKUP($B13,[3]Sheet1!$B$8:$CF$451,16,0) -> 440 | G13: =VLOOKUP($B13,[3]Sheet1!$B$8:$CF$451,17,0) -> 440 | H13: =VLOOKUP($B13,[3]Sheet1!$B$8:$CF$451,18,0) -> 0 | I13: =SUM(D13:H13) -> 1580 | J13: ='QTY '!Q13 -> 1580 | K13: =ROUNDUP((J13-I13)/$D$4,0) -> 0 | M13: =VLOOKUP($B13,[3]Sheet1!$B$8:$CF$451,20,0) -> 520 | N13: =VLOOKUP($B13,[3]Sheet1!$B$8:$CF$451,21,0) -> 360 | O13: =VLOOKUP($B13,[3]Sheet1!$B$8:$CF$451,22,0) -> 0 | P13: =VLOOKUP($B13,[3]Sheet1!$B$8:$CF$451,23,0) -> 600 | Q13: =VLOOKUP($B13,[3]Sheet1!$B$8:$CF$451,24,0) -> 0 | R13: =SUM(M13:Q13) -> 1480 | S13: ='QTY '!T13 -> 1480 | T13: =ROUNDUP((S13-R13)/$M$4,0) -> 0 | V13: =+VLOOKUP($B13,[3]Sheet1!$B$8:$CF$406,26,0) -> 480 | W13: =+VLOOKUP($B13,[3]Sheet1!$B$8:$CF$406,27,0) -> 400 | X13: =+VLOOKUP($B13,[3]Sheet1!$B$8:$CF$406,28,0) -> 500 | Y13: =+VLOOKUP($B13,[3]Sheet1!$B$8:$CF$406,29,0) -> 600 | Z13: =+VLOOKUP($B13,[3]Sheet1!$B$8:$CF$406,30,0) -> 0 | AA13: =SUM(V13:Z13) -> 1980 | AB13: ='QTY '!W13 -> 1980 | AC13: =ROUNDUP((AB13-AA13)/$V$4,0) -> 0 | AE13: =+VLOOKUP($B13,[3]Sheet1!$B$8:$CF$406,32,0) -> 780 | AF13: =+VLOOKUP($B13,[3]Sheet1!$B$8:$CF$406,33,0) -> 780 | AG13: =+VLOOKUP($B13,[3]Sheet1!$B$8:$CF$406,34,0) -> 780 | AH13: =+VLOOKUP($B13,[3]Sheet1!$B$8:$CF$406,35,0) -> 780 | AI13: =+VLOOKUP($B13,[3]Sheet1!$B$8:$CF$406,36,0) -> 0 | AJ13: =SUM(AE13:AI13) -> 3120 | AK13: ='QTY '!Z13 -> 3120 | AL13: =ROUNDUP((AK13-AJ13)/$AE$4,0) -> 0 | AN13: =+AE13 -> 780 | AO13: =+AF13 -> 780 | AP13: =+AG13 -> 780 | AQ13: =+AH13 -> 780 | AS13: =SUM(AN13:AR13) -> 3120 | AT13: ='QTY '!AC13 -> 3120 | AU13: =ROUNDUP((AT13-AS13)/$AN$4,0) -> 0 | AW13: =+D13*D$8 -> 260 | AX13: =+M13*M$8 -> 520 | AY13: =+V13*V$8 -> 480 | AZ13: =+AE13*AE$8 -> 780 | BA13: =+AN13*AN$8 -> 780 | BB13: =#REF!+1 -> #REF!
A14: =+'QTY '!B14 -> BC121-6B230-1 | B14: =+'QTY '!E14 -> BC121-6B230-1 B 0001 | C14: ='QTY '!F14 -> 120D | D14: =VLOOKUP($B14,[3]Sheet1!$B$8:$CF$451,14,0) -> 0 | E14: =VLOOKUP($B14,[3]Sheet1!$B$8:$CF$451,15,0) -> 0 | F14: =VLOOKUP($B14,[3]Sheet1!$B$8:$CF$451,16,0) -> 0 | G14: =VLOOKUP($B14,[3]Sheet1!$B$8:$CF$451,17,0) -> 0 | H14: =VLOOKUP($B14,[3]Sheet1!$B$8:$CF$451,18,0) -> 0 | I14: =SUM(D14:H14) -> 0 | J14: ='QTY '!Q14 -> 0 | K14: =ROUNDUP((J14-I14)/$D$4,0) -> 0 | M14: =VLOOKUP($B14,[3]Sheet1!$B$8:$CF$451,20,0) -> 0 | N14: =VLOOKUP($B14,[3]Sheet1!$B$8:$CF$451,21,0) -> 0 | O14: =VLOOKUP($B14,[3]Sheet1!$B$8:$CF$451,22,0) -> 0 | P14: =VLOOKUP($B14,[3]Sheet1!$B$8:$CF$451,23,0) -> 0 | Q14: =VLOOKUP($B14,[3]Sheet1!$B$8:$CF$451,24,0) -> 0 | R14: =SUM(M14:Q14) -> 0 | S14: ='QTY '!T14 -> 0 | T14: =ROUNDUP((S14-R14)/$M$4,0) -> 0 | V14: =+VLOOKUP($B14,[3]Sheet1!$B$8:$CF$406,26,0) -> 0 | W14: =+VLOOKUP($B14,[3]Sheet1!$B$8:$CF$406,27,0) -> 0 | X14: =+VLOOKUP($B14,[3]Sheet1!$B$8:$CF$406,28,0) -> 0 | Y14: =+VLOOKUP($B14,[3]Sheet1!$B$8:$CF$406,29,0) -> 0 | Z14: =+VLOOKUP($B14,[3]Sheet1!$B$8:$CF$406,30,0) -> 0 | AA14: =SUM(V14:Z14) -> 0 | AB14: ='QTY '!W14 -> 0 | AC14: =ROUNDUP((AB14-AA14)/$V$4,0) -> 0 | AE14: =+VLOOKUP($B14,[3]Sheet1!$B$8:$CF$406,32,0) -> 0 | AF14: =+VLOOKUP($B14,[3]Sheet1!$B$8:$CF$406,33,0) -> 0 | AG14: =+VLOOKUP($B14,[3]Sheet1!$B$8:$CF$406,34,0) -> 0 | AH14: =+VLOOKUP($B14,[3]Sheet1!$B$8:$CF$406,35,0) -> 0 | AI14: =+VLOOKUP($B14,[3]Sheet1!$B$8:$CF$406,36,0) -> 0 | AJ14: =SUM(AE14:AI14) -> 0 | AK14: ='QTY '!Z14 -> 0 | AL14: =ROUNDUP((AK14-AJ14)/$AE$4,0) -> 0 | AN14: =+AE14 -> 0 | AO14: =+AF14 -> 0 | AP14: =+AG14 -> 0 | AQ14: =+AH14 -> 0 | AS14: =SUM(AN14:AR14) -> 0 | AT14: ='QTY '!AC14 -> 0 | AU14: =ROUNDUP((AT14-AS14)/$AN$4,0) -> 0 | AW14: =+D14*D$8 -> 0 | AX14: =+M14*M$8 -> 0 | AY14: =+V14*V$8 -> 0 | AZ14: =+AE14*AE$8 -> 0 | BA14: =+AN14*AN$8 -> 0 | BB14: =#REF!+1 -> #REF!
A15: =+'QTY '!B15 -> BC121-6AM60-1 | B15: =+'QTY '!E15 -> BC121-6AM60-1 C 0001 | C15: ='QTY '!F15 -> 120D | D15: =VLOOKUP($B15,[3]Sheet1!$B$8:$CF$451,14,0) -> 0 | E15: =VLOOKUP($B15,[3]Sheet1!$B$8:$CF$451,15,0) -> 0 | F15: =VLOOKUP($B15,[3]Sheet1!$B$8:$CF$451,16,0) -> 0 | G15: =VLOOKUP($B15,[3]Sheet1!$B$8:$CF$451,17,0) -> 0 | H15: =VLOOKUP($B15,[3]Sheet1!$B$8:$CF$451,18,0) -> 0 | I15: =SUM(D15:H15) -> 0 | J15: ='QTY '!Q15 -> 0 | K15: =ROUNDUP((J15-I15)/$D$4,0) -> 0 | M15: =VLOOKUP($B15,[3]Sheet1!$B$8:$CF$451,20,0) -> 0 | N15: =VLOOKUP($B15,[3]Sheet1!$B$8:$CF$451,21,0) -> 0 | O15: =VLOOKUP($B15,[3]Sheet1!$B$8:$CF$451,22,0) -> 0 | P15: =VLOOKUP($B15,[3]Sheet1!$B$8:$CF$451,23,0) -> 0 | Q15: =VLOOKUP($B15,[3]Sheet1!$B$8:$CF$451,24,0) -> 0 | R15: =SUM(M15:Q15) -> 0 | S15: ='QTY '!T15 -> 0 | T15: =ROUNDUP((S15-R15)/$M$4,0) -> 0 | V15: =+VLOOKUP($B15,[3]Sheet1!$B$8:$CF$406,26,0) -> 0 | W15: =+VLOOKUP($B15,[3]Sheet1!$B$8:$CF$406,27,0) -> 0 | X15: =+VLOOKUP($B15,[3]Sheet1!$B$8:$CF$406,28,0) -> 0 | Y15: =+VLOOKUP($B15,[3]Sheet1!$B$8:$CF$406,29,0) -> 0 | Z15: =+VLOOKUP($B15,[3]Sheet1!$B$8:$CF$406,30,0) -> 0 | AA15: =SUM(V15:Z15) -> 0 | AB15: ='QTY '!W15 -> 0 | AC15: =ROUNDUP((AB15-AA15)/$V$4,0) -> 0 | AE15: =+VLOOKUP($B15,[3]Sheet1!$B$8:$CF$406,32,0) -> 610 | AF15: =+VLOOKUP($B15,[3]Sheet1!$B$8:$CF$406,33,0) -> 610 | AG15: =+VLOOKUP($B15,[3]Sheet1!$B$8:$CF$406,34,0) -> 610 | AH15: =+VLOOKUP($B15,[3]Sheet1!$B$8:$CF$406,35,0) -> 610 | AI15: =+VLOOKUP($B15,[3]Sheet1!$B$8:$CF$406,36,0) -> 0 | AJ15: =SUM(AE15:AI15) -> 2440 | AK15: ='QTY '!Z15 -> 2440 | AL15: =ROUNDUP((AK15-AJ15)/$AE$4,0) -> 0 | AN15: =+AE15 -> 610 | AO15: =+AF15 -> 610 | AP15: =+AG15 -> 610 | AQ15: =+AH15 -> 610 | AS15: =SUM(AN15:AR15) -> 2440 | AT15: ='QTY '!AC15 -> 2440 | AU15: =ROUNDUP((AT15-AS15)/$AN$4,0) -> 0 | AW15: =+D15*D$8 -> 0 | AX15: =+M15*M$8 -> 0 | AY15: =+V15*V$8 -> 0 | AZ15: =+AE15*AE$8 -> 610 | BA15: =+AN15*AN$8 -> 610 | BB15: =#REF!+1 -> #REF!
A16: =+'QTY '!B16 -> BC121-35G90-1 | B16: =+'QTY '!E16 -> BC121-35G70-1 D 0001 | C16: ='QTY '!F16 -> 930B | D16: =VLOOKUP($B16,[3]Sheet1!$B$8:$CF$451,14,0) -> 840 | E16: =VLOOKUP($B16,[3]Sheet1!$B$8:$CF$451,15,0) -> 900 | F16: =VLOOKUP($B16,[3]Sheet1!$B$8:$CF$451,16,0) -> 960 | G16: =VLOOKUP($B16,[3]Sheet1!$B$8:$CF$451,17,0) -> 990 | H16: =VLOOKUP($B16,[3]Sheet1!$B$8:$CF$451,18,0) -> 0 | I16: =SUM(D16:H16) -> 3690 | J16: ='QTY '!Q16 -> 3690 | K16: =ROUNDUP((J16-I16)/$D$4,0) -> 0 | M16: =VLOOKUP($B16,[3]Sheet1!$B$8:$CF$451,20,0) -> 1140 | N16: =VLOOKUP($B16,[3]Sheet1!$B$8:$CF$451,21,0) -> 810 | O16: =VLOOKUP($B16,[3]Sheet1!$B$8:$CF$451,22,0) -> 0 | P16: =VLOOKUP($B16,[3]Sheet1!$B$8:$CF$451,23,0) -> 1230 | Q16: =VLOOKUP($B16,[3]Sheet1!$B$8:$CF$451,24,0) -> 0 | R16: =SUM(M16:Q16) -> 3180 | S16: ='QTY '!T16 -> 3180 | T16: =ROUNDUP((S16-R16)/$M$4,0) -> 0 | V16: =+VLOOKUP($B16,[3]Sheet1!$B$8:$CF$406,26,0) -> 1050 | W16: =+VLOOKUP($B16,[3]Sheet1!$B$8:$CF$406,27,0) -> 810 | X16: =+VLOOKUP($B16,[3]Sheet1!$B$8:$CF$406,28,0) -> 960 | Y16: =+VLOOKUP($B16,[3]Sheet1!$B$8:$CF$406,29,0) -> 870 | Z16: =+VLOOKUP($B16,[3]Sheet1!$B$8:$CF$406,30,0) -> 0 | AA16: =SUM(V16:Z16) -> 3690 | AB16: ='QTY '!W16 -> 3690 | AC16: =ROUNDUP((AB16-AA16)/$V$4,0) -> 0 | AE16: =+VLOOKUP($B16,[3]Sheet1!$B$8:$CF$406,32,0) -> 1072.5 | AF16: =+VLOOKUP($B16,[3]Sheet1!$B$8:$CF$406,33,0) -> 1072.5 | AG16: =+VLOOKUP($B16,[3]Sheet1!$B$8:$CF$406,34,0) -> 1072.5 | AH16: =+VLOOKUP($B16,[3]Sheet1!$B$8:$CF$406,35,0) -> 1072.5 | AI16: =+VLOOKUP($B16,[3]Sheet1!$B$8:$CF$406,36,0) -> 0 | AJ16: =SUM(AE16:AI16) -> 4290 | AK16: ='QTY '!Z16 -> 4290 | AL16: =ROUNDUP((AK16-AJ16)/$AE$4,0) -> 0 | AN16: =+AE16 -> 1072.5 | AO16: =+AF16 -> 1072.5 | AP16: =+AG16 -> 1072.5 | AQ16: =+AH16 -> 1072.5 | AS16: =SUM(AN16:AR16) -> 4290 | AT16: ='QTY '!AC16 -> 4290 | AU16: =ROUNDUP((AT16-AS16)/$AN$4,0) -> 0
A17: =+'QTY '!B17 -> BC121-35J20-1 | B17: =+'QTY '!E17 -> BC121-35G90-1 D 0001 | C17: ='QTY '!F17 -> 930B | D17: =VLOOKUP($B17,[3]Sheet1!$B$8:$CF$451,14,0) -> 280 | E17: =VLOOKUP($B17,[3]Sheet1!$B$8:$CF$451,15,0) -> 300 | F17: =VLOOKUP($B17,[3]Sheet1!$B$8:$CF$451,16,0) -> 380 | G17: =VLOOKUP($B17,[3]Sheet1!$B$8:$CF$451,17,0) -> 380 | H17: =VLOOKUP($B17,[3]Sheet1!$B$8:$CF$451,18,0) -> 0 | I17: =SUM(D17:H17) -> 1340 | J17: ='QTY '!Q17 -> 1340 | K17: =ROUNDUP((J17-I17)/$D$4,0) -> 0 | M17: =VLOOKUP($B17,[3]Sheet1!$B$8:$CF$451,20,0) -> 440 | N17: =VLOOKUP($B17,[3]Sheet1!$B$8:$CF$451,21,0) -> 280 | O17: =VLOOKUP($B17,[3]Sheet1!$B$8:$CF$451,22,0) -> 0 | P17: =VLOOKUP($B17,[3]Sheet1!$B$8:$CF$451,23,0) -> 460 | Q17: =VLOOKUP($B17,[3]Sheet1!$B$8:$CF$451,24,0) -> 0 | R17: =SUM(M17:Q17) -> 1180 | S17: ='QTY '!T17 -> 1180 | T17: =ROUNDUP((S17-R17)/$M$4,0) -> 0 | V17: =+VLOOKUP($B17,[3]Sheet1!$B$8:$CF$406,26,0) -> 360 | W17: =+VLOOKUP($B17,[3]Sheet1!$B$8:$CF$406,27,0) -> 300 | X17: =+VLOOKUP($B17,[3]Sheet1!$B$8:$CF$406,28,0) -> 360 | Y17: =+VLOOKUP($B17,[3]Sheet1!$B$8:$CF$406,29,0) -> 380 | Z17: =+VLOOKUP($B17,[3]Sheet1!$B$8:$CF$406,30,0) -> 0 | AA17: =SUM(V17:Z17) -> 1400 | AB17: ='QTY '!W17 -> 1400 | AC17: =ROUNDUP((AB17-AA17)/$V$4,0) -> 0 | AE17: =+VLOOKUP($B17,[3]Sheet1!$B$8:$CF$406,32,0) -> 405 | AF17: =+VLOOKUP($B17,[3]Sheet1!$B$8:$CF$406,33,0) -> 405 | AG17: =+VLOOKUP($B17,[3]Sheet1!$B$8:$CF$406,34,0) -> 405 | AH17: =+VLOOKUP($B17,[3]Sheet1!$B$8:$CF$406,35,0) -> 405 | AI17: =+VLOOKUP($B17,[3]Sheet1!$B$8:$CF$406,36,0) -> 0 | AJ17: =SUM(AE17:AI17) -> 1620 | AK17: ='QTY '!Z17 -> 1620 | AL17: =ROUNDUP((AK17-AJ17)/$AE$4,0) -> 0 | AN17: =+AE17 -> 405 | AO17: =+AF17 -> 405 | AP17: =+AG17 -> 405 | AQ17: =+AH17 -> 405 | AS17: =SUM(AN17:AR17) -> 1620 | AT17: ='QTY '!AC17 -> 1620 | AU17: =ROUNDUP((AT17-AS17)/$AN$4,0) -> 0
A18: =+'QTY '!B18 -> BC139-930B2-1 | B18: =+'QTY '!E18 -> BC121-35K80-1 C 0001 | C18: ='QTY '!F18 -> 930B | D18: =VLOOKUP($B18,[3]Sheet1!$B$8:$CF$451,14,0) -> 0 | E18: =VLOOKUP($B18,[3]Sheet1!$B$8:$CF$451,15,0) -> 0 | F18: =VLOOKUP($B18,[3]Sheet1!$B$8:$CF$451,16,0) -> 240 | G18: =VLOOKUP($B18,[3]Sheet1!$B$8:$CF$451,17,0) -> 510 | H18: =VLOOKUP($B18,[3]Sheet1!$B$8:$CF$451,18,0) -> 0 | I18: =SUM(D18:H18) -> 750 | J18: ='QTY '!Q18 -> 750 | K18: =ROUNDUP((J18-I18)/$D$4,0) -> 0 | M18: =VLOOKUP($B18,[3]Sheet1!$B$8:$CF$451,20,0) -> 570 | N18: =VLOOKUP($B18,[3]Sheet1!$B$8:$CF$451,21,0) -> 450 | O18: =VLOOKUP($B18,[3]Sheet1!$B$8:$CF$451,22,0) -> 0 | P18: =VLOOKUP($B18,[3]Sheet1!$B$8:$CF$451,23,0) -> 660 | Q18: =VLOOKUP($B18,[3]Sheet1!$B$8:$CF$451,24,0) -> 0 | R18: =SUM(M18:Q18) -> 1680 | S18: ='QTY '!T18 -> 1680 | T18: =ROUNDUP((S18-R18)/$M$4,0) -> 0 | V18: =+VLOOKUP($B18,[3]Sheet1!$B$8:$CF$406,26,0) -> 570 | W18: =+VLOOKUP($B18,[3]Sheet1!$B$8:$CF$406,27,0) -> 450 | X18: =+VLOOKUP($B18,[3]Sheet1!$B$8:$CF$406,28,0) -> 570 | Y18: =+VLOOKUP($B18,[3]Sheet1!$B$8:$CF$406,29,0) -> 510 | Z18: =+VLOOKUP($B18,[3]Sheet1!$B$8:$CF$406,30,0) -> 0 | AA18: =SUM(V18:Z18) -> 2100 | AB18: ='QTY '!W18 -> 2100 | AC18: =ROUNDUP((AB18-AA18)/$V$4,0) -> 0 | AE18: =+VLOOKUP($B18,[3]Sheet1!$B$8:$CF$406,32,0) -> 517.5 | AF18: =+VLOOKUP($B18,[3]Sheet1!$B$8:$CF$406,33,0) -> 517.5 | AG18: =+VLOOKUP($B18,[3]Sheet1!$B$8:$CF$406,34,0) -> 517.5 | AH18: =+VLOOKUP($B18,[3]Sheet1!$B$8:$CF$406,35,0) -> 517.5 | AI18: =+VLOOKUP($B18,[3]Sheet1!$B$8:$CF$406,36,0) -> 0 | AJ18: =SUM(AE18:AI18) -> 2070 | AK18: ='QTY '!Z18 -> 2070 | AL18: =ROUNDUP((AK18-AJ18)/$AE$4,0) -> 0 | AN18: =+AE18 -> 517.5 | AO18: =+AF18 -> 517.5 | AP18: =+AG18 -> 517.5 | AQ18: =+AH18 -> 517.5 | AS18: =SUM(AN18:AR18) -> 2070 | AT18: ='QTY '!AC18 -> 2070 | AU18: =ROUNDUP((AT18-AS18)/$AN$4,0) -> 0
A19: =+'QTY '!B19 -> BC111-2FE72-1 | B19: =+'QTY '!E19 -> BC111-2FE72-1 F 0201 | C19: ='QTY '!F19 -> BC 602W | D19: =VLOOKUP($B19,[3]Sheet1!$B$8:$CF$451,14,0) -> 360 | E19: =VLOOKUP($B19,[3]Sheet1!$B$8:$CF$451,15,0) -> 360 | F19: =VLOOKUP($B19,[3]Sheet1!$B$8:$CF$451,16,0) -> 420 | G19: =VLOOKUP($B19,[3]Sheet1!$B$8:$CF$451,17,0) -> 420 | H19: =VLOOKUP($B19,[3]Sheet1!$B$8:$CF$451,18,0) -> 0 | I19: =SUM(D19:H19) -> 1560 | J19: ='QTY '!Q19 -> 1560 | K19: =ROUNDUP((J19-I19)/$D$4,0) -> 0 | M19: =VLOOKUP($B19,[3]Sheet1!$B$8:$CF$451,20,0) -> 540 | N19: =VLOOKUP($B19,[3]Sheet1!$B$8:$CF$451,21,0) -> 300 | O19: =VLOOKUP($B19,[3]Sheet1!$B$8:$CF$451,22,0) -> 0 | P19: =VLOOKUP($B19,[3]Sheet1!$B$8:$CF$451,23,0) -> 480 | Q19: =VLOOKUP($B19,[3]Sheet1!$B$8:$CF$451,24,0) -> 0 | R19: =SUM(M19:Q19) -> 1320 | S19: ='QTY '!T19 -> 1320 | T19: =ROUNDUP((S19-R19)/$M$4,0) -> 0 | V19: =+VLOOKUP($B19,[3]Sheet1!$B$8:$CF$406,26,0) -> 420 | W19: =+VLOOKUP($B19,[3]Sheet1!$B$8:$CF$406,27,0) -> 300 | X19: =+VLOOKUP($B19,[3]Sheet1!$B$8:$CF$406,28,0) -> 420 | Y19: =+VLOOKUP($B19,[3]Sheet1!$B$8:$CF$406,29,0) -> 300 | Z19: =+VLOOKUP($B19,[3]Sheet1!$B$8:$CF$406,30,0) -> 0 | AA19: =SUM(V19:Z19) -> 1440 | AB19: ='QTY '!W19 -> 1440 | AC19: =ROUNDUP((AB19-AA19)/$V$4,0) -> 0 | AE19: =+VLOOKUP($B19,[3]Sheet1!$B$8:$CF$406,32,0) -> 420 | AF19: =+VLOOKUP($B19,[3]Sheet1!$B$8:$CF$406,33,0) -> 420 | AG19: =+VLOOKUP($B19,[3]Sheet1!$B$8:$CF$406,34,0) -> 420 | AH19: =+VLOOKUP($B19,[3]Sheet1!$B$8:$CF$406,35,0) -> 420 | AI19: =+VLOOKUP($B19,[3]Sheet1!$B$8:$CF$406,36,0) -> 0 | AJ19: =SUM(AE19:AI19) -> 1680 | AK19: ='QTY '!Z19 -> 1680 | AL19: =ROUNDUP((AK19-AJ19)/$AE$4,0) -> 0 | AN19: =+AE19 -> 420 | AO19: =+AF19 -> 420 | AP19: =+AG19 -> 420 | AQ19: =+AH19 -> 420 | AS19: =SUM(AN19:AR19) -> 1680 | AT19: ='QTY '!AC19 -> 1680 | AU19: =ROUNDUP((AT19-AS19)/$AN$4,0) -> 0
A20: =+'QTY '!B20 -> BC111-2FE72-2 | B20: =+'QTY '!E20 -> BC111-2FE72-2 F 0201 | C20: ='QTY '!F20 -> BC 602W | D20: =VLOOKUP($B20,[3]Sheet1!$B$8:$CF$451,14,0) -> 320 | E20: =VLOOKUP($B20,[3]Sheet1!$B$8:$CF$451,15,0) -> 320 | F20: =VLOOKUP($B20,[3]Sheet1!$B$8:$CF$451,16,0) -> 360 | G20: =VLOOKUP($B20,[3]Sheet1!$B$8:$CF$451,17,0) -> 360 | H20: =VLOOKUP($B20,[3]Sheet1!$B$8:$CF$451,18,0) -> 0 | I20: =SUM(D20:H20) -> 1360 | J20: ='QTY '!Q20 -> 1360 | K20: =ROUNDUP((J20-I20)/$D$4,0) -> 0 | M20: =VLOOKUP($B20,[3]Sheet1!$B$8:$CF$451,20,0) -> 420 | N20: =VLOOKUP($B20,[3]Sheet1!$B$8:$CF$451,21,0) -> 260 | O20: =VLOOKUP($B20,[3]Sheet1!$B$8:$CF$451,22,0) -> 0 | P20: =VLOOKUP($B20,[3]Sheet1!$B$8:$CF$451,23,0) -> 400 | Q20: =VLOOKUP($B20,[3]Sheet1!$B$8:$CF$451,24,0) -> 0 | R20: =SUM(M20:Q20) -> 1080 | S20: ='QTY '!T20 -> 1080 | T20: =ROUNDUP((S20-R20)/$M$4,0) -> 0 | V20: =+VLOOKUP($B20,[3]Sheet1!$B$8:$CF$406,26,0) -> 340 | W20: =+VLOOKUP($B20,[3]Sheet1!$B$8:$CF$406,27,0) -> 260 | X20: =+VLOOKUP($B20,[3]Sheet1!$B$8:$CF$406,28,0) -> 300 | Y20: =+VLOOKUP($B20,[3]Sheet1!$B$8:$CF$406,29,0) -> 280 | Z20: =+VLOOKUP($B20,[3]Sheet1!$B$8:$CF$406,30,0) -> 0 | AA20: =SUM(V20:Z20) -> 1180 | AB20: ='QTY '!W20 -> 1180 | AC20: =ROUNDUP((AB20-AA20)/$V$4,0) -> 0 | AE20: =+VLOOKUP($B20,[3]Sheet1!$B$8:$CF$406,32,0) -> 335 | AF20: =+VLOOKUP($B20,[3]Sheet1!$B$8:$CF$406,33,0) -> 335 | AG20: =+VLOOKUP($B20,[3]Sheet1!$B$8:$CF$406,34,0) -> 335 | AH20: =+VLOOKUP($B20,[3]Sheet1!$B$8:$CF$406,35,0) -> 335 | AI20: =+VLOOKUP($B20,[3]Sheet1!$B$8:$CF$406,36,0) -> 0 | AJ20: =SUM(AE20:AI20) -> 1340 | AK20: ='QTY '!Z20 -> 1340 | AL20: =ROUNDUP((AK20-AJ20)/$AE$4,0) -> 0 | AN20: =+AE20 -> 335 | AO20: =+AF20 -> 335 | AP20: =+AG20 -> 335 | AQ20: =+AH20 -> 335 | AS20: =SUM(AN20:AR20) -> 1340 | AT20: ='QTY '!AC20 -> 1340 | AU20: =ROUNDUP((AT20-AS20)/$AN$4,0) -> 0
A21: =+'QTY '!B21 -> BC111-V3881-1 | B21: =+'QTY '!E21 -> BC111-V3881-1 B 0201 | C21: ='QTY '!F21 -> BC 602W | D21: =VLOOKUP($B21,[3]Sheet1!$B$8:$CF$451,14,0) -> 960 | E21: =VLOOKUP($B21,[3]Sheet1!$B$8:$CF$451,15,0) -> 960 | F21: =VLOOKUP($B21,[3]Sheet1!$B$8:$CF$451,16,0) -> 1280 | G21: =VLOOKUP($B21,[3]Sheet1!$B$8:$CF$451,17,0) -> 1280 | H21: =VLOOKUP($B21,[3]Sheet1!$B$8:$CF$451,18,0) -> 0 | I21: =SUM(D21:H21) -> 4480 | J21: ='QTY '!Q21 -> 4480 | K21: =ROUNDUP((J21-I21)/$D$4,0) -> 0 | M21: =VLOOKUP($B21,[3]Sheet1!$B$8:$CF$451,20,0) -> 1520 | N21: =VLOOKUP($B21,[3]Sheet1!$B$8:$CF$451,21,0) -> 960 | O21: =VLOOKUP($B21,[3]Sheet1!$B$8:$CF$451,22,0) -> 0 | P21: =VLOOKUP($B21,[3]Sheet1!$B$8:$CF$451,23,0) -> 1440 | Q21: =VLOOKUP($B21,[3]Sheet1!$B$8:$CF$451,24,0) -> 0 | R21: =SUM(M21:Q21) -> 3920 | S21: ='QTY '!T21 -> 3920 | T21: =ROUNDUP((S21-R21)/$M$4,0) -> 0 | V21: =+VLOOKUP($B21,[3]Sheet1!$B$8:$CF$406,26,0) -> 1120 | W21: =+VLOOKUP($B21,[3]Sheet1!$B$8:$CF$406,27,0) -> 960 | X21: =+VLOOKUP($B21,[3]Sheet1!$B$8:$CF$406,28,0) -> 1120 | Y21: =+VLOOKUP($B21,[3]Sheet1!$B$8:$CF$406,29,0) -> 1040 | Z21: =+VLOOKUP($B21,[3]Sheet1!$B$8:$CF$406,30,0) -> 0 | AA21: =SUM(V21:Z21) -> 4240 | AB21: ='QTY '!W21 -> 4240 | AC21: =ROUNDUP((AB21-AA21)/$V$4,0) -> 0 | AE21: =+VLOOKUP($B21,[3]Sheet1!$B$8:$CF$406,32,0) -> 1240 | AF21: =+VLOOKUP($B21,[3]Sheet1!$B$8:$CF$406,33,0) -> 1240 | AG21: =+VLOOKUP($B21,[3]Sheet1!$B$8:$CF$406,34,0) -> 1240 | AH21: =+VLOOKUP($B21,[3]Sheet1!$B$8:$CF$406,35,0) -> 1240 | AI21: =+VLOOKUP($B21,[3]Sheet1!$B$8:$CF$406,36,0) -> 0 | AJ21: =SUM(AE21:AI21) -> 4960 | AK21: ='QTY '!Z21 -> 4960 | AL21: =ROUNDUP((AK21-AJ21)/$AE$4,0) -> 0 | AN21: =+AE21 -> 1240 | AO21: =+AF21 -> 1240 | AP21: =+AG21 -> 1240 | AQ21: =+AH21 -> 1240 | AS21: =SUM(AN21:AR21) -> 4960 | AT21: ='QTY '!AC21 -> 4960 | AU21: =ROUNDUP((AT21-AS21)/$AN$4,0) -> 0
A22: =+'QTY '!B22 -> BC111-V3650-2 | B22: =+'QTY '!E22 -> BC111-V3650-2 C 0201 | C22: ='QTY '!F22 -> BC 602W | D22: =VLOOKUP($B22,[3]Sheet1!$B$8:$CF$451,14,0) -> 0 | E22: =VLOOKUP($B22,[3]Sheet1!$B$8:$CF$451,15,0) -> 0 | F22: =VLOOKUP($B22,[3]Sheet1!$B$8:$CF$451,16,0) -> 0 | G22: =VLOOKUP($B22,[3]Sheet1!$B$8:$CF$451,17,0) -> 0 | H22: =VLOOKUP($B22,[3]Sheet1!$B$8:$CF$451,18,0) -> 0 | I22: =SUM(D22:H22) -> 0 | J22: ='QTY '!Q22 -> 0 | K22: =ROUNDUP((J22-I22)/$D$4,0) -> 0 | M22: =VLOOKUP($B22,[3]Sheet1!$B$8:$CF$451,20,0) -> 0 | N22: =VLOOKUP($B22,[3]Sheet1!$B$8:$CF$451,21,0) -> 0 | O22: =VLOOKUP($B22,[3]Sheet1!$B$8:$CF$451,22,0) -> 0 | P22: =VLOOKUP($B22,[3]Sheet1!$B$8:$CF$451,23,0) -> 0 | Q22: =VLOOKUP($B22,[3]Sheet1!$B$8:$CF$451,24,0) -> 0 | R22: =SUM(M22:Q22) -> 0 | S22: ='QTY '!T22 -> 0 | T22: =ROUNDUP((S22-R22)/$M$4,0) -> 0 | V22: =+VLOOKUP($B22,[3]Sheet1!$B$8:$CF$406,26,0) -> 0 | W22: =+VLOOKUP($B22,[3]Sheet1!$B$8:$CF$406,27,0) -> 0 | X22: =+VLOOKUP($B22,[3]Sheet1!$B$8:$CF$406,28,0) -> 0 | Y22: =+VLOOKUP($B22,[3]Sheet1!$B$8:$CF$406,29,0) -> 0 | Z22: =+VLOOKUP($B22,[3]Sheet1!$B$8:$CF$406,30,0) -> 0 | AA22: =SUM(V22:Z22) -> 0 | AB22: ='QTY '!W22 -> 0 | AC22: =ROUNDUP((AB22-AA22)/$V$4,0) -> 0 | AE22: =+VLOOKUP($B22,[3]Sheet1!$B$8:$CF$406,32,0) -> 30 | AF22: =+VLOOKUP($B22,[3]Sheet1!$B$8:$CF$406,33,0) -> 30 | AG22: =+VLOOKUP($B22,[3]Sheet1!$B$8:$CF$406,34,0) -> 30 | AH22: =+VLOOKUP($B22,[3]Sheet1!$B$8:$CF$406,35,0) -> 30 | AI22: =+VLOOKUP($B22,[3]Sheet1!$B$8:$CF$406,36,0) -> 0 | AJ22: =SUM(AE22:AI22) -> 120 | AK22: ='QTY '!Z22 -> 120 | AL22: =ROUNDUP((AK22-AJ22)/$AE$4,0) -> 0 | AN22: =+AE22 -> 30 | AO22: =+AF22 -> 30 | AP22: =+AG22 -> 30 | AQ22: =+AH22 -> 30 | AS22: =SUM(AN22:AR22) -> 120 | AT22: ='QTY '!AC22 -> 120 | AU22: =ROUNDUP((AT22-AS22)/$AN$4,0) -> 0
A23: =+'QTY '!B23 -> BC111-V3891-6 | B23: =+'QTY '!E23 -> BC111-V3891-6 B 0201 | C23: ='QTY '!F23 -> BC 602W | D23: =VLOOKUP($B23,[3]Sheet1!$B$8:$CF$451,14,0) -> 20 | E23: =VLOOKUP($B23,[3]Sheet1!$B$8:$CF$451,15,0) -> 0 | F23: =VLOOKUP($B23,[3]Sheet1!$B$8:$CF$451,16,0) -> 0 | G23: =VLOOKUP($B23,[3]Sheet1!$B$8:$CF$451,17,0) -> 0 | H23: =VLOOKUP($B23,[3]Sheet1!$B$8:$CF$451,18,0) -> 0 | I23: =SUM(D23:H23) -> 20 | J23: ='QTY '!Q23 -> 20 | K23: =ROUNDUP((J23-I23)/$D$4,0) -> 0 | M23: =VLOOKUP($B23,[3]Sheet1!$B$8:$CF$451,20,0) -> 0 | N23: =VLOOKUP($B23,[3]Sheet1!$B$8:$CF$451,21,0) -> 0 | O23: =VLOOKUP($B23,[3]Sheet1!$B$8:$CF$451,22,0) -> 0 | P23: =VLOOKUP($B23,[3]Sheet1!$B$8:$CF$451,23,0) -> 0 | Q23: =VLOOKUP($B23,[3]Sheet1!$B$8:$CF$451,24,0) -> 0 | R23: =SUM(M23:Q23) -> 0 | S23: ='QTY '!T23 -> 0 | T23: =ROUNDUP((S23-R23)/$M$4,0) -> 0 | V23: =+VLOOKUP($B23,[3]Sheet1!$B$8:$CF$406,26,0) -> 0 | W23: =+VLOOKUP($B23,[3]Sheet1!$B$8:$CF$406,27,0) -> 0 | X23: =+VLOOKUP($B23,[3]Sheet1!$B$8:$CF$406,28,0) -> 0 | Y23: =+VLOOKUP($B23,[3]Sheet1!$B$8:$CF$406,29,0) -> 0 | Z23: =+VLOOKUP($B23,[3]Sheet1!$B$8:$CF$406,30,0) -> 0 | AA23: =SUM(V23:Z23) -> 0 | AB23: ='QTY '!W23 -> 0 | AC23: =ROUNDUP((AB23-AA23)/$V$4,0) -> 0 | AE23: =+VLOOKUP($B23,[3]Sheet1!$B$8:$CF$406,32,0) -> 0 | AF23: =+VLOOKUP($B23,[3]Sheet1!$B$8:$CF$406,33,0) -> 0 | AG23: =+VLOOKUP($B23,[3]Sheet1!$B$8:$CF$406,34,0) -> 0 | AH23: =+VLOOKUP($B23,[3]Sheet1!$B$8:$CF$406,35,0) -> 0 | AI23: =+VLOOKUP($B23,[3]Sheet1!$B$8:$CF$406,36,0) -> 0 | AJ23: =SUM(AE23:AI23) -> 0 | AK23: ='QTY '!Z23 -> 0 | AL23: =ROUNDUP((AK23-AJ23)/$AE$4,0) -> 0 | AN23: =+AE23 -> 0 | AO23: =+AF23 -> 0 | AP23: =+AG23 -> 0 | AQ23: =+AH23 -> 0 | AS23: =SUM(AN23:AR23) -> 0 | AT23: ='QTY '!AC23 -> 0 | AU23: =ROUNDUP((AT23-AS23)/$AN$4,0) -> 0
A24: =+'QTY '!B24 -> BC111-V3891-1 | B24: =+'QTY '!E24 -> BC111-V3891-1 F 0001 | C24: ='QTY '!F24 -> BC 602W | D24: =VLOOKUP($B24,[3]Sheet1!$B$8:$CF$451,14,0) -> 0 | E24: =VLOOKUP($B24,[3]Sheet1!$B$8:$CF$451,15,0) -> 0 | F24: =VLOOKUP($B24,[3]Sheet1!$B$8:$CF$451,16,0) -> 0 | G24: =VLOOKUP($B24,[3]Sheet1!$B$8:$CF$451,17,0) -> 0 | H24: =VLOOKUP($B24,[3]Sheet1!$B$8:$CF$451,18,0) -> 0 | I24: =SUM(D24:H24) -> 0 | J24: ='QTY '!Q24 -> 0 | K24: =ROUNDUP((J24-I24)/$D$4,0) -> 0 | M24: =VLOOKUP($B24,[3]Sheet1!$B$8:$CF$451,20,0) -> 0 | N24: =VLOOKUP($B24,[3]Sheet1!$B$8:$CF$451,21,0) -> 0 | O24: =VLOOKUP($B24,[3]Sheet1!$B$8:$CF$451,22,0) -> 0 | P24: =VLOOKUP($B24,[3]Sheet1!$B$8:$CF$451,23,0) -> 0 | Q24: =VLOOKUP($B24,[3]Sheet1!$B$8:$CF$451,24,0) -> 0 | R24: =SUM(M24:Q24) -> 0 | S24: ='QTY '!T24 -> 0 | T24: =ROUNDUP((S24-R24)/$M$4,0) -> 0 | V24: =+VLOOKUP($B24,[3]Sheet1!$B$8:$CF$406,26,0) -> 0 | W24: =+VLOOKUP($B24,[3]Sheet1!$B$8:$CF$406,27,0) -> 0 | X24: =+VLOOKUP($B24,[3]Sheet1!$B$8:$CF$406,28,0) -> 0 | Y24: =+VLOOKUP($B24,[3]Sheet1!$B$8:$CF$406,29,0) -> 0 | Z24: =+VLOOKUP($B24,[3]Sheet1!$B$8:$CF$406,30,0) -> 0 | AA24: =SUM(V24:Z24) -> 0 | AB24: ='QTY '!W24 -> 0 | AC24: =ROUNDUP((AB24-AA24)/$V$4,0) -> 0 | AE24: =+VLOOKUP($B24,[3]Sheet1!$B$8:$CF$406,32,0) -> 0 | AF24: =+VLOOKUP($B24,[3]Sheet1!$B$8:$CF$406,33,0) -> 0 | AG24: =+VLOOKUP($B24,[3]Sheet1!$B$8:$CF$406,34,0) -> 0 | AH24: =+VLOOKUP($B24,[3]Sheet1!$B$8:$CF$406,35,0) -> 0 | AI24: =+VLOOKUP($B24,[3]Sheet1!$B$8:$CF$406,36,0) -> 0 | AJ24: =SUM(AE24:AI24) -> 0 | AK24: ='QTY '!Z24 -> 0 | AL24: =ROUNDUP((AK24-AJ24)/$AE$4,0) -> 0 | AN24: =+AE24 -> 0 | AO24: =+AF24 -> 0 | AP24: =+AG24 -> 0 | AQ24: =+AH24 -> 0 | AS24: =SUM(AN24:AR24) -> 0 | AT24: ='QTY '!AC24 -> 0 | AU24: =ROUNDUP((AT24-AS24)/$AN$4,0) -> 0
A25: =+'QTY '!B25 -> BC111-V3891-2 | B25: =+'QTY '!E25 -> BC111-V3891-2 F 0001 | C25: ='QTY '!F25 -> BC 602W | D25: =VLOOKUP($B25,[3]Sheet1!$B$8:$CF$451,14,0) -> 0 | E25: =VLOOKUP($B25,[3]Sheet1!$B$8:$CF$451,15,0) -> 0 | F25: =VLOOKUP($B25,[3]Sheet1!$B$8:$CF$451,16,0) -> 0 | G25: =VLOOKUP($B25,[3]Sheet1!$B$8:$CF$451,17,0) -> 0 | H25: =VLOOKUP($B25,[3]Sheet1!$B$8:$CF$451,18,0) -> 0 | I25: =SUM(D25:H25) -> 0 | J25: ='QTY '!Q25 -> 0 | K25: =ROUNDUP((J25-I25)/$D$4,0) -> 0 | M25: =VLOOKUP($B25,[3]Sheet1!$B$8:$CF$451,20,0) -> 0 | N25: =VLOOKUP($B25,[3]Sheet1!$B$8:$CF$451,21,0) -> 0 | O25: =VLOOKUP($B25,[3]Sheet1!$B$8:$CF$451,22,0) -> 0 | P25: =VLOOKUP($B25,[3]Sheet1!$B$8:$CF$451,23,0) -> 0 | Q25: =VLOOKUP($B25,[3]Sheet1!$B$8:$CF$451,24,0) -> 0 | R25: =SUM(M25:Q25) -> 0 | S25: ='QTY '!T25 -> 0 | T25: =ROUNDUP((S25-R25)/$M$4,0) -> 0 | V25: =+VLOOKUP($B25,[3]Sheet1!$B$8:$CF$406,26,0) -> 0 | W25: =+VLOOKUP($B25,[3]Sheet1!$B$8:$CF$406,27,0) -> 0 | X25: =+VLOOKUP($B25,[3]Sheet1!$B$8:$CF$406,28,0) -> 0 | Y25: =+VLOOKUP($B25,[3]Sheet1!$B$8:$CF$406,29,0) -> 0 | Z25: =+VLOOKUP($B25,[3]Sheet1!$B$8:$CF$406,30,0) -> 0 | AA25: =SUM(V25:Z25) -> 0 | AB25: ='QTY '!W25 -> 0 | AC25: =ROUNDUP((AB25-AA25)/$V$4,0) -> 0 | AE25: =+VLOOKUP($B25,[3]Sheet1!$B$8:$CF$406,32,0) -> 0 | AF25: =+VLOOKUP($B25,[3]Sheet1!$B$8:$CF$406,33,0) -> 0 | AG25: =+VLOOKUP($B25,[3]Sheet1!$B$8:$CF$406,34,0) -> 0 | AH25: =+VLOOKUP($B25,[3]Sheet1!$B$8:$CF$406,35,0) -> 0 | AI25: =+VLOOKUP($B25,[3]Sheet1!$B$8:$CF$406,36,0) -> 0 | AJ25: =SUM(AE25:AI25) -> 0 | AK25: ='QTY '!Z25 -> 0 | AL25: =ROUNDUP((AK25-AJ25)/$AE$4,0) -> 0 | AN25: =+AE25 -> 0 | AO25: =+AF25 -> 0 | AP25: =+AG25 -> 0 | AQ25: =+AH25 -> 0 | AS25: =SUM(AN25:AR25) -> 0 | AT25: ='QTY '!AC25 -> 0 | AU25: =ROUNDUP((AT25-AS25)/$AN$4,0) -> 0
A26: =+'QTY '!B26 -> DC111-2FE72 | B26: =+'QTY '!E26 -> DC111-2FE72 F 0201 | C26: ='QTY '!F26 -> BC 602W | D26: =VLOOKUP($B26,[3]Sheet1!$B$8:$CF$451,14,0) -> 40 | E26: =VLOOKUP($B26,[3]Sheet1!$B$8:$CF$451,15,0) -> 0 | F26: =VLOOKUP($B26,[3]Sheet1!$B$8:$CF$451,16,0) -> 40 | G26: =VLOOKUP($B26,[3]Sheet1!$B$8:$CF$451,17,0) -> 0 | H26: =VLOOKUP($B26,[3]Sheet1!$B$8:$CF$451,18,0) -> 0 | I26: =SUM(D26:H26) -> 80 | J26: ='QTY '!Q26 -> 80 | K26: =ROUNDUP((J26-I26)/$D$4,0) -> 0 | M26: =VLOOKUP($B26,[3]Sheet1!$B$8:$CF$451,20,0) -> 40 | N26: =VLOOKUP($B26,[3]Sheet1!$B$8:$CF$451,21,0) -> 0 | O26: =VLOOKUP($B26,[3]Sheet1!$B$8:$CF$451,22,0) -> 0 | P26: =VLOOKUP($B26,[3]Sheet1!$B$8:$CF$451,23,0) -> 40 | Q26: =VLOOKUP($B26,[3]Sheet1!$B$8:$CF$451,24,0) -> 0 | R26: =SUM(M26:Q26) -> 80 | S26: ='QTY '!T26 -> 80 | T26: =ROUNDUP((S26-R26)/$M$4,0) -> 0 | V26: =+VLOOKUP($B26,[3]Sheet1!$B$8:$CF$406,26,0) -> 40 | W26: =+VLOOKUP($B26,[3]Sheet1!$B$8:$CF$406,27,0) -> 0 | X26: =+VLOOKUP($B26,[3]Sheet1!$B$8:$CF$406,28,0) -> 40 | Y26: =+VLOOKUP($B26,[3]Sheet1!$B$8:$CF$406,29,0) -> 0 | Z26: =+VLOOKUP($B26,[3]Sheet1!$B$8:$CF$406,30,0) -> 0 | AA26: =SUM(V26:Z26) -> 80 | AB26: ='QTY '!W26 -> 80 | AC26: =ROUNDUP((AB26-AA26)/$V$4,0) -> 0 | AE26: =+VLOOKUP($B26,[3]Sheet1!$B$8:$CF$406,32,0) -> 30 | AF26: =+VLOOKUP($B26,[3]Sheet1!$B$8:$CF$406,33,0) -> 30 | AG26: =+VLOOKUP($B26,[3]Sheet1!$B$8:$CF$406,34,0) -> 30 | AH26: =+VLOOKUP($B26,[3]Sheet1!$B$8:$CF$406,35,0) -> 30 | AI26: =+VLOOKUP($B26,[3]Sheet1!$B$8:$CF$406,36,0) -> 0 | AJ26: =SUM(AE26:AI26) -> 120 | AK26: ='QTY '!Z26 -> 120 | AL26: =ROUNDUP((AK26-AJ26)/$AE$4,0) -> 0 | AN26: =+AE26 -> 30 | AO26: =+AF26 -> 30 | AP26: =+AG26 -> 30 | AQ26: =+AH26 -> 30 | AS26: =SUM(AN26:AR26) -> 120 | AT26: ='QTY '!AC26 -> 120 | AU26: =ROUNDUP((AT26-AS26)/$AN$4,0) -> 0
A27: =+'QTY '!B27 -> DC111-2FK53 | B27: =+'QTY '!E27 -> DC111-2FK53 F 0201 | C27: ='QTY '!F27 -> BC 602W | D27: =VLOOKUP($B27,[3]Sheet1!$B$8:$CF$451,14,0) -> 280 | E27: =VLOOKUP($B27,[3]Sheet1!$B$8:$CF$451,15,0) -> 280 | F27: =VLOOKUP($B27,[3]Sheet1!$B$8:$CF$451,16,0) -> 360 | G27: =VLOOKUP($B27,[3]Sheet1!$B$8:$CF$451,17,0) -> 320 | H27: =VLOOKUP($B27,[3]Sheet1!$B$8:$CF$451,18,0) -> 0 | I27: =SUM(D27:H27) -> 1240 | J27: ='QTY '!Q27 -> 1240 | K27: =ROUNDUP((J27-I27)/$D$4,0) -> 0 | M27: =VLOOKUP($B27,[3]Sheet1!$B$8:$CF$451,20,0) -> 400 | N27: =VLOOKUP($B27,[3]Sheet1!$B$8:$CF$451,21,0) -> 240 | O27: =VLOOKUP($B27,[3]Sheet1!$B$8:$CF$451,22,0) -> 0 | P27: =VLOOKUP($B27,[3]Sheet1!$B$8:$CF$451,23,0) -> 400 | Q27: =VLOOKUP($B27,[3]Sheet1!$B$8:$CF$451,24,0) -> 0 | R27: =SUM(M27:Q27) -> 1040 | S27: ='QTY '!T27 -> 1040 | T27: =ROUNDUP((S27-R27)/$M$4,0) -> 0 | V27: =+VLOOKUP($B27,[3]Sheet1!$B$8:$CF$406,26,0) -> 280 | W27: =+VLOOKUP($B27,[3]Sheet1!$B$8:$CF$406,27,0) -> 280 | X27: =+VLOOKUP($B27,[3]Sheet1!$B$8:$CF$406,28,0) -> 280 | Y27: =+VLOOKUP($B27,[3]Sheet1!$B$8:$CF$406,29,0) -> 240 | Z27: =+VLOOKUP($B27,[3]Sheet1!$B$8:$CF$406,30,0) -> 0 | AA27: =SUM(V27:Z27) -> 1080 | AB27: ='QTY '!W27 -> 1080 | AC27: =ROUNDUP((AB27-AA27)/$V$4,0) -> 0 | AE27: =+VLOOKUP($B27,[3]Sheet1!$B$8:$CF$406,32,0) -> 310 | AF27: =+VLOOKUP($B27,[3]Sheet1!$B$8:$CF$406,33,0) -> 310 | AG27: =+VLOOKUP($B27,[3]Sheet1!$B$8:$CF$406,34,0) -> 310 | AH27: =+VLOOKUP($B27,[3]Sheet1!$B$8:$CF$406,35,0) -> 310 | AI27: =+VLOOKUP($B27,[3]Sheet1!$B$8:$CF$406,36,0) -> 0 | AJ27: =SUM(AE27:AI27) -> 1240 | AK27: ='QTY '!Z27 -> 1240 | AL27: =ROUNDUP((AK27-AJ27)/$AE$4,0) -> 0 | AN27: =+AE27 -> 310 | AO27: =+AF27 -> 310 | AP27: =+AG27 -> 310 | AQ27: =+AH27 -> 310 | AS27: =SUM(AN27:AR27) -> 1240 | AT27: ='QTY '!AC27 -> 1240 | AU27: =ROUNDUP((AT27-AS27)/$AN$4,0) -> 0
... A84: =+'QTY '!B84 -> BC115-5CC80-2 | B84: =+'QTY '!E84 -> BC115-5CC80-2 0001 | C84: ='QTY '!F84 -> 0 | D84: =VLOOKUP($B84,[3]Sheet1!$B$8:$CF$451,14,0) -> 480 | E84: =VLOOKUP($B84,[3]Sheet1!$B$8:$CF$451,15,0) -> 780 | F84: =VLOOKUP($B84,[3]Sheet1!$B$8:$CF$451,16,0) -> 900 | G84: =VLOOKUP($B84,[3]Sheet1!$B$8:$CF$451,17,0) -> 900 | H84: =VLOOKUP($B84,[3]Sheet1!$B$8:$CF$451,18,0) -> 0 | I84: =SUM(D84:H84) -> 3060 | J84: ='QTY '!Q84 -> 3060 | K84: =ROUNDUP((J84-I84)/$D$4,0) -> 0 | M84: =VLOOKUP($B84,[3]Sheet1!$B$8:$CF$451,20,0) -> 1080 | N84: =VLOOKUP($B84,[3]Sheet1!$B$8:$CF$451,21,0) -> 600 | O84: =VLOOKUP($B84,[3]Sheet1!$B$8:$CF$451,22,0) -> 0 | P84: =VLOOKUP($B84,[3]Sheet1!$B$8:$CF$451,23,0) -> 780 | Q84: =VLOOKUP($B84,[3]Sheet1!$B$8:$CF$451,24,0) -> 0 | R84: =SUM(M84:Q84) -> 2460 | S84: ='QTY '!T84 -> 2460 | T84: =ROUNDUP((S84-R84)/$M$4,0) -> 0 | V84: =+VLOOKUP($B84,[3]Sheet1!$B$8:$CF$406,26,0) -> 540 | W84: =+VLOOKUP($B84,[3]Sheet1!$B$8:$CF$406,27,0) -> 480 | X84: =+VLOOKUP($B84,[3]Sheet1!$B$8:$CF$406,28,0) -> 480 | Y84: =+VLOOKUP($B84,[3]Sheet1!$B$8:$CF$406,29,0) -> 360 | Z84: =+VLOOKUP($B84,[3]Sheet1!$B$8:$CF$406,30,0) -> 0 | AA84: =SUM(V84:Z84) -> 1860 | AB84: ='QTY '!W84 -> 1860 | AC84: =ROUNDUP((AB84-AA84)/$V$4,0) -> 0 | AE84: =+VLOOKUP($B84,[3]Sheet1!$B$8:$CF$406,32,0) -> 360 | AF84: =+VLOOKUP($B84,[3]Sheet1!$B$8:$CF$406,33,0) -> 360 | AG84: =+VLOOKUP($B84,[3]Sheet1!$B$8:$CF$406,34,0) -> 360 | AH84: =+VLOOKUP($B84,[3]Sheet1!$B$8:$CF$406,35,0) -> 360 | AI84: =+VLOOKUP($B84,[3]Sheet1!$B$8:$CF$406,36,0) -> 0 | AJ84: =SUM(AE84:AI84) -> 1440 | AK84: ='QTY '!Z84 -> 1440 | AL84: =ROUNDUP((AK84-AJ84)/$AE$4,0) -> 0 | AN84: =+AE84 -> 360 | AO84: =+AF84 -> 360 | AP84: =+AG84 -> 360 | AQ84: =+AH84 -> 360 | AS84: =SUM(AN84:AR84) -> 1440 | AT84: ='QTY '!AC84 -> 1440 | AU84: =ROUNDUP((AT84-AS84)/$AN$4,0) -> 0

Sheet AS400 TRANSFER
B1: 1 | C1: =+B1+1 -> 2 | D1: =+C1+1 -> 3 | E1: =+D1+1 -> 4 | F1: =+E1+1 -> 5 | G1: =+F1+1 -> 6 | H1: =+G1+1 -> 7 | I1: =+H1+1 -> 8 | J1: =+I1+1 -> 9 | ... AR1: =+AQ1+1 -> 43
A2: ='[14]Qty & UMH GUM'!A2 -> S/R NO : | B2: ='QTY '!B2 -> 0
A3: ='[14]Qty & UMH GUM'!A4 -> DATE : | B3: ='QTY '!B4 -> 46094.693
D4: ='AS400 JEMBATAN'!D4 -> 4 | M4: ='AS400 JEMBATAN'!M4 -> 5 | V4: ='AS400 JEMBATAN'!V4 -> 4 | AE4: =+'AS400 JEMBATAN'!AE4 -> 4 | AN4: =+'AS400 JEMBATAN'!AN4 -> 5
A5: Printed : | B5: =NOW() -> 46094.693 | D5: Q | M5: T | V5: W | AE5: Z | AN5: AC
A6: TYPE | B6: HARNESS No. | C6: LEVEL | D6: ='AS400 JEMBATAN'!D6:L7 -> APR | M6: ='AS400 JEMBATAN'!M6:U7 -> MAY | V6: ='AS400 JEMBATAN'!V6:AD7 -> JUN | AE6: ='AS400 JEMBATAN'!AE6:AM7 -> JUL | AN6: ='AS400 JEMBATAN'!AN6:AV7 -> AUG
D8: 1 | E8: 2 | F8: 3 | G8: 4 | H8: 5 | I8: SR | J8: SPP | K8: BAL | M8: 1 | N8: 2 | O8: 3 | P8: 4 | Q8: 5 | R8: SR | S8: SPP | T8: BAL | U8: VALUE | V8: 1 | W8: 2 | X8: 3 | Y8: 4 | Z8: 5 | AA8: SR | AB8: SPP | AC8: BAL | AD8: VALUE | AE8: 1 | AF8: 2 | AG8: 3 | AH8: 4 | AI8: 5 | AJ8: SR | AK8: SPP | AL8: BAL | AM8: VALUE | AN8: 1 | AO8: 2 | AP8: 3 | AQ8: 4 | AR8: 5 | AS8: SR | AT8: SPP | AU8: BAL | AV8: VALUE | AW8: =+J6 -> 0 | AX8: =+S6 -> 0 | AY8: =+AB6 -> 0 | AZ8: =+AK6 -> 0 | BA8: =+AT6 -> 0
A9: =+'AS400 JEMBATAN'!A9 -> BC121-6B370-1 | B9: =+'AS400 JEMBATAN'!B9 -> BC121-6B370-1 B 0001 | C9: ='AS400 JEMBATAN'!C9 -> 120D | D9: =ROUNDUP(IF('AS400 JEMBATAN'!$J9>='AS400 JEMBATAN'!$I9,'AS400 JEMBATAN'!D9,$J9/$D$4)+$L9,0) -> 660 | E9: =ROUNDUP(IF('AS400 JEMBATAN'!$J9>='AS400 JEMBATAN'!$I9,'AS400 JEMBATAN'!E9,$J9/$D$4)+$L9,0) -> 690 | F9: =ROUNDUP(IF('AS400 JEMBATAN'!$J9>='AS400 JEMBATAN'!$I9,'AS400 JEMBATAN'!F9,$J9/$D$4)+$L9,0) -> 600 | G9: =ROUNDUP(IF('AS400 JEMBATAN'!$J9>='AS400 JEMBATAN'!$I9,'AS400 JEMBATAN'!G9,$J9/$D$4)+$L9,0) -> 570 | I9: =SUM(D9:H9) -> 2520 | J9: ='QTY '!Q9 -> 2520 | K9: =ROUNDUP((J9-I9)/$D$4,0) -> 0 | M9: =ROUNDUP(IF('AS400 JEMBATAN'!$S9>='AS400 JEMBATAN'!$R9,'AS400 JEMBATAN'!M9,$S9/$M$4)+$U9,0) -> 690 | N9: =ROUNDUP(IF('AS400 JEMBATAN'!$S9>='AS400 JEMBATAN'!$R9,'AS400 JEMBATAN'!N9,$S9/$M$4)+$U9,0) -> 480 | O9: =ROUNDUP(IF('AS400 JEMBATAN'!$S9>='AS400 JEMBATAN'!$R9,'AS400 JEMBATAN'!O9,$S9/$M$4)+$U9,0) -> 0 | P9: =ROUNDUP(IF('AS400 JEMBATAN'!$S9>='AS400 JEMBATAN'!$R9,'AS400 JEMBATAN'!P9,$S9/$M$4)+$U9,0) -> 780 | Q9: =ROUNDUP(IF('AS400 JEMBATAN'!$S9>='AS400 JEMBATAN'!$R9,'AS400 JEMBATAN'!Q9,$S9/$M$4)+$U9,0) -> 0 | R9: =SUM(M9:Q9) -> 1950 | S9: ='QTY '!T9 -> 1950 | T9: =ROUNDUP((S9-R9)/$M$4,0) -> 0 | V9: =ROUNDUP(IF('AS400 JEMBATAN'!$AB9>='AS400 JEMBATAN'!$AA9,'AS400 JEMBATAN'!V9,$AB9/$V$4)+$AD9,0) -> 660 | W9: =ROUNDUP(IF('AS400 JEMBATAN'!$AB9>='AS400 JEMBATAN'!$AA9,'AS400 JEMBATAN'!W9,$AB9/$V$4)+$AD9,0) -> 510 | X9: =ROUNDUP(IF('AS400 JEMBATAN'!$AB9>='AS400 JEMBATAN'!$AA9,'AS400 JEMBATAN'!X9,$AB9/$V$4)+$AD9,0) -> 660 | Y9: =ROUNDUP(IF('AS400 JEMBATAN'!$AB9>='AS400 JEMBATAN'!$AA9,'AS400 JEMBATAN'!Y9,$AB9/$V$4)+$AD9,0) -> 720 | Z9: =ROUNDUP(IF('AS400 JEMBATAN'!$AB9>='AS400 JEMBATAN'!$AA9,'AS400 JEMBATAN'!Z9,$AB9/$V$4)+$AD9,0) -> 0 | AA9: =SUM(V9:Z9) -> 2550 | AB9: ='QTY '!W9 -> 2550 | AC9: =ROUNDUP((AB9-AA9)/$V$4,0) -> 0 | AE9: =ROUNDUP(IF('AS400 JEMBATAN'!$AK9>='AS400 JEMBATAN'!$AJ9,'AS400 JEMBATAN'!AE9,$AK9/$AE$4)+$AM9,0) -> 735 | AF9: =ROUNDUP(IF('AS400 JEMBATAN'!$AK9>='AS400 JEMBATAN'!$AJ9,'AS400 JEMBATAN'!AF9,$AK9/$AE$4)+$AM9,0) -> 735 | AG9: =ROUNDUP(IF('AS400 JEMBATAN'!$AK9>='AS400 JEMBATAN'!$AJ9,'AS400 JEMBATAN'!AG9,$AK9/$AE$4)+$AM9,0) -> 735 | AH9: =ROUNDUP(IF('AS400 JEMBATAN'!$AK9>='AS400 JEMBATAN'!$AJ9,'AS400 JEMBATAN'!AH9,$AK9/$AE$4)+$AM9,0) -> 735 | AJ9: =SUM(AE9:AI9) -> 2940 | AK9: ='QTY '!Z9 -> 2940 | AL9: =ROUNDUP((AK9-AJ9)/$AE$4,0) -> 0 | AN9: =+'AS400 JEMBATAN'!AN9 -> 735 | AO9: =+'AS400 JEMBATAN'!AO9 -> 735 | AP9: =+'AS400 JEMBATAN'!AP9 -> 735 | AQ9: =+'AS400 JEMBATAN'!AQ9 -> 735 | AS9: =SUM(AN9:AR9) -> 2940 | AT9: ='QTY '!AC9 -> 2940 | AU9: =ROUNDUP((AT9-AS9)/$AN$4,0) -> 0 | AV9: 0 | AW9: =+D9*D$8 -> 660 | AX9: =+M9*M$8 -> 690 | AY9: =+V9*V$8 -> 660 | AZ9: =+AE9*AE$8 -> 735 | BA9: =+AN9*AN$8 -> 735 | BB9: =#REF!+1 -> #REF!
A10: =+'AS400 JEMBATAN'!A10 -> BC121-6B370-2 | B10: =+'AS400 JEMBATAN'!B10 -> BC121-6B370-2 B 0001 | C10: ='AS400 JEMBATAN'!C10 -> 120D | D10: =ROUNDUP(IF('AS400 JEMBATAN'!$J10>='AS400 JEMBATAN'!$I10,'AS400 JEMBATAN'!D10,$J10/$D$4)+$L10,0) -> 660 | E10: =ROUNDUP(IF('AS400 JEMBATAN'!$J10>='AS400 JEMBATAN'!$I10,'AS400 JEMBATAN'!E10,$J10/$D$4)+$L10,0) -> 690 | F10: =ROUNDUP(IF('AS400 JEMBATAN'!$J10>='AS400 JEMBATAN'!$I10,'AS400 JEMBATAN'!F10,$J10/$D$4)+$L10,0) -> 600 | G10: =ROUNDUP(IF('AS400 JEMBATAN'!$J10>='AS400 JEMBATAN'!$I10,'AS400 JEMBATAN'!G10,$J10/$D$4)+$L10,0) -> 570 | I10: =SUM(D10:H10) -> 2520 | J10: ='QTY '!Q10 -> 2520 | K10: =ROUNDUP((J10-I10)/$D$4,0) -> 0 | M10: =ROUNDUP(IF('AS400 JEMBATAN'!$S10>='AS400 JEMBATAN'!$R10,'AS400 JEMBATAN'!M10,$S10/$M$4)+$U10,0) -> 690 | N10: =ROUNDUP(IF('AS400 JEMBATAN'!$S10>='AS400 JEMBATAN'!$R10,'AS400 JEMBATAN'!N10,$S10/$M$4)+$U10,0) -> 480 | O10: =ROUNDUP(IF('AS400 JEMBATAN'!$S10>='AS400 JEMBATAN'!$R10,'AS400 JEMBATAN'!O10,$S10/$M$4)+$U10,0) -> 0 | P10: =ROUNDUP(IF('AS400 JEMBATAN'!$S10>='AS400 JEMBATAN'!$R10,'AS400 JEMBATAN'!P10,$S10/$M$4)+$U10,0) -> 780 | Q10: =ROUNDUP(IF('AS400 JEMBATAN'!$S10>='AS400 JEMBATAN'!$R10,'AS400 JEMBATAN'!Q10,$S10/$M$4)+$U10,0) -> 0 | R10: =SUM(M10:Q10) -> 1950 | S10: ='QTY '!T10 -> 1950 | T10: =ROUNDUP((S10-R10)/$M$4,0) -> 0 | V10: =ROUNDUP(IF('AS400 JEMBATAN'!$AB10>='AS400 JEMBATAN'!$AA10,'AS400 JEMBATAN'!V10,$AB10/$V$4)+$AD10,0) -> 660 | W10: =ROUNDUP(IF('AS400 JEMBATAN'!$AB10>='AS400 JEMBATAN'!$AA10,'AS400 JEMBATAN'!W10,$AB10/$V$4)+$AD10,0) -> 510 | X10: =ROUNDUP(IF('AS400 JEMBATAN'!$AB10>='AS400 JEMBATAN'!$AA10,'AS400 JEMBATAN'!X10,$AB10/$V$4)+$AD10,0) -> 660 | Y10: =ROUNDUP(IF('AS400 JEMBATAN'!$AB10>='AS400 JEMBATAN'!$AA10,'AS400 JEMBATAN'!Y10,$AB10/$V$4)+$AD10,0) -> 720 | Z10: =ROUNDUP(IF('AS400 JEMBATAN'!$AB10>='AS400 JEMBATAN'!$AA10,'AS400 JEMBATAN'!Z10,$AB10/$V$4)+$AD10,0) -> 0 | AA10: =SUM(V10:Z10) -> 2550 | AB10: ='QTY '!W10 -> 2550 | AC10: =ROUNDUP((AB10-AA10)/$V$4,0) -> 0 | AE10: =ROUNDUP(IF('AS400 JEMBATAN'!$AK10>='AS400 JEMBATAN'!$AJ10,'AS400 JEMBATAN'!AE10,$AK10/$AE$4)+$AM10,0) -> 735 | AF10: =ROUNDUP(IF('AS400 JEMBATAN'!$AK10>='AS400 JEMBATAN'!$AJ10,'AS400 JEMBATAN'!AF10,$AK10/$AE$4)+$AM10,0) -> 735 | AG10: =ROUNDUP(IF('AS400 JEMBATAN'!$AK10>='AS400 JEMBATAN'!$AJ10,'AS400 JEMBATAN'!AG10,$AK10/$AE$4)+$AM10,0) -> 735 | AH10: =ROUNDUP(IF('AS400 JEMBATAN'!$AK10>='AS400 JEMBATAN'!$AJ10,'AS400 JEMBATAN'!AH10,$AK10/$AE$4)+$AM10,0) -> 735 | AJ10: =SUM(AE10:AI10) -> 2940 | AK10: ='QTY '!Z10 -> 2940 | AL10: =ROUNDUP((AK10-AJ10)/$AE$4,0) -> 0 | AN10: =+'AS400 JEMBATAN'!AN10 -> 735 | AO10: =+'AS400 JEMBATAN'!AO10 -> 735 | AP10: =+'AS400 JEMBATAN'!AP10 -> 735 | AQ10: =+'AS400 JEMBATAN'!AQ10 -> 735 | AS10: =SUM(AN10:AR10) -> 2940 | AT10: ='QTY '!AC10 -> 2940 | AU10: =ROUNDUP((AT10-AS10)/$AN$4,0) -> 0 | AV10: 0 | AW10: =+D10*D$8 -> 660 | AX10: =+M10*M$8 -> 690 | AY10: =+V10*V$8 -> 660 | AZ10: =+AE10*AE$8 -> 735 | BA10: =+AN10*AN$8 -> 735 | BB10: =#REF!+1 -> #REF!
A11: =+'AS400 JEMBATAN'!A11 -> BC121-6B220-1 | B11: =+'AS400 JEMBATAN'!B11 -> BC121-6B220-1 B 0001 | C11: ='AS400 JEMBATAN'!C11 -> 120D | D11: =ROUNDUP(IF('AS400 JEMBATAN'!$J11>='AS400 JEMBATAN'!$I11,'AS400 JEMBATAN'!D11,$J11/$D$4)+$L11,0) -> 560 | E11: =ROUNDUP(IF('AS400 JEMBATAN'!$J11>='AS400 JEMBATAN'!$I11,'AS400 JEMBATAN'!E11,$J11/$D$4)+$L11,0) -> 640 | F11: =ROUNDUP(IF('AS400 JEMBATAN'!$J11>='AS400 JEMBATAN'!$I11,'AS400 JEMBATAN'!F11,$J11/$D$4)+$L11,0) -> 720 | G11: =ROUNDUP(IF('AS400 JEMBATAN'!$J11>='AS400 JEMBATAN'!$I11,'AS400 JEMBATAN'!G11,$J11/$D$4)+$L11,0) -> 720 | I11: =SUM(D11:H11) -> 2640 | J11: ='QTY '!Q11 -> 2640 | K11: =ROUNDUP((J11-I11)/$D$4,0) -> 0 | M11: =ROUNDUP(IF('AS400 JEMBATAN'!$S11>='AS400 JEMBATAN'!$R11,'AS400 JEMBATAN'!M11,$S11/$M$4)+$U11,0) -> 800 | N11: =ROUNDUP(IF('AS400 JEMBATAN'!$S11>='AS400 JEMBATAN'!$R11,'AS400 JEMBATAN'!N11,$S11/$M$4)+$U11,0) -> 640 | O11: =ROUNDUP(IF('AS400 JEMBATAN'!$S11>='AS400 JEMBATAN'!$R11,'AS400 JEMBATAN'!O11,$S11/$M$4)+$U11,0) -> 0 | P11: =ROUNDUP(IF('AS400 JEMBATAN'!$S11>='AS400 JEMBATAN'!$R11,'AS400 JEMBATAN'!P11,$S11/$M$4)+$U11,0) -> 880 | Q11: =ROUNDUP(IF('AS400 JEMBATAN'!$S11>='AS400 JEMBATAN'!$R11,'AS400 JEMBATAN'!Q11,$S11/$M$4)+$U11,0) -> 0 | R11: =SUM(M11:Q11) -> 2320 | S11: ='QTY '!T11 -> 2320 | T11: =ROUNDUP((S11-R11)/$M$4,0) -> 0 | V11: =ROUNDUP(IF('AS400 JEMBATAN'!$AB11>='AS400 JEMBATAN'!$AA11,'AS400 JEMBATAN'!V11,$AB11/$V$4)+$AD11,0) -> 800 | W11: =ROUNDUP(IF('AS400 JEMBATAN'!$AB11>='AS400 JEMBATAN'!$AA11,'AS400 JEMBATAN'!W11,$AB11/$V$4)+$AD11,0) -> 560 | X11: =ROUNDUP(IF('AS400 JEMBATAN'!$AB11>='AS400 JEMBATAN'!$AA11,'AS400 JEMBATAN'!X11,$AB11/$V$4)+$AD11,0) -> 800 | Y11: =ROUNDUP(IF('AS400 JEMBATAN'!$AB11>='AS400 JEMBATAN'!$AA11,'AS400 JEMBATAN'!Y11,$AB11/$V$4)+$AD11,0) -> 800 | Z11: =ROUNDUP(IF('AS400 JEMBATAN'!$AB11>='AS400 JEMBATAN'!$AA11,'AS400 JEMBATAN'!Z11,$AB11/$V$4)+$AD11,0) -> 0 | AA11: =SUM(V11:Z11) -> 2960 | AB11: ='QTY '!W11 -> 2960 | AC11: =ROUNDUP((AB11-AA11)/$V$4,0) -> 0 | AE11: =ROUNDUP(IF('AS400 JEMBATAN'!$AK11>='AS400 JEMBATAN'!$AJ11,'AS400 JEMBATAN'!AE11,$AK11/$AE$4)+$AM11,0) -> 980 | AF11: =ROUNDUP(IF('AS400 JEMBATAN'!$AK11>='AS400 JEMBATAN'!$AJ11,'AS400 JEMBATAN'!AF11,$AK11/$AE$4)+$AM11,0) -> 980 | AG11: =ROUNDUP(IF('AS400 JEMBATAN'!$AK11>='AS400 JEMBATAN'!$AJ11,'AS400 JEMBATAN'!AG11,$AK11/$AE$4)+$AM11,0) -> 980 | AH11: =ROUNDUP(IF('AS400 JEMBATAN'!$AK11>='AS400 JEMBATAN'!$AJ11,'AS400 JEMBATAN'!AH11,$AK11/$AE$4)+$AM11,0) -> 980 | AJ11: =SUM(AE11:AI11) -> 3920 | AK11: ='QTY '!Z11 -> 3920 | AL11: =ROUNDUP((AK11-AJ11)/$AE$4,0) -> 0 | AN11: =+'AS400 JEMBATAN'!AN11 -> 980 | AO11: =+'AS400 JEMBATAN'!AO11 -> 980 | AP11: =+'AS400 JEMBATAN'!AP11 -> 980 | AQ11: =+'AS400 JEMBATAN'!AQ11 -> 980 | AS11: =SUM(AN11:AR11) -> 3920 | AT11: ='QTY '!AC11 -> 3920 | AU11: =ROUNDUP((AT11-AS11)/$AN$4,0) -> 0 | AV11: 0 | AW11: =+D11*D$8 -> 560 | AX11: =+M11*M$8 -> 800 | AY11: =+V11*V$8 -> 800 | AZ11: =+AE11*AE$8 -> 980 | BA11: =+AN11*AN$8 -> 980 | BB11: =#REF!+1 -> #REF!
A12: =+'AS400 JEMBATAN'!A12 -> BC121-6B250-1 | B12: =+'AS400 JEMBATAN'!B12 -> BC121-6B250-1 B 0001 | C12: ='AS400 JEMBATAN'!C12 -> 120D | D12: =ROUNDUP(IF('AS400 JEMBATAN'!$J12>='AS400 JEMBATAN'!$I12,'AS400 JEMBATAN'!D12,$J12/$D$4)+$L12,0) -> 30 | E12: =ROUNDUP(IF('AS400 JEMBATAN'!$J12>='AS400 JEMBATAN'!$I12,'AS400 JEMBATAN'!E12,$J12/$D$4)+$L12,0) -> 0 | F12: =ROUNDUP(IF('AS400 JEMBATAN'!$J12>='AS400 JEMBATAN'!$I12,'AS400 JEMBATAN'!F12,$J12/$D$4)+$L12,0) -> 30 | G12: =ROUNDUP(IF('AS400 JEMBATAN'!$J12>='AS400 JEMBATAN'!$I12,'AS400 JEMBATAN'!G12,$J12/$D$4)+$L12,0) -> 30 | I12: =SUM(D12:H12) -> 90 | J12: ='QTY '!Q12 -> 90 | K12: =ROUNDUP((J12-I12)/$D$4,0) -> 0 | M12: =ROUNDUP(IF('AS400 JEMBATAN'!$S12>='AS400 JEMBATAN'!$R12,'AS400 JEMBATAN'!M12,$S12/$M$4)+$U12,0) -> 30 | N12: =ROUNDUP(IF('AS400 JEMBATAN'!$S12>='AS400 JEMBATAN'!$R12,'AS400 JEMBATAN'!N12,$S12/$M$4)+$U12,0) -> 0 | O12: =ROUNDUP(IF('AS400 JEMBATAN'!$S12>='AS400 JEMBATAN'!$R12,'AS400 JEMBATAN'!O12,$S12/$M$4)+$U12,0) -> 0 | P12: =ROUNDUP(IF('AS400 JEMBATAN'!$S12>='AS400 JEMBATAN'!$R12,'AS400 JEMBATAN'!P12,$S12/$M$4)+$U12,0) -> 30 | Q12: =ROUNDUP(IF('AS400 JEMBATAN'!$S12>='AS400 JEMBATAN'!$R12,'AS400 JEMBATAN'!Q12,$S12/$M$4)+$U12,0) -> 0 | R12: =SUM(M12:Q12) -> 60 | S12: ='QTY '!T12 -> 60 | T12: =ROUNDUP((S12-R12)/$M$4,0) -> 0 | V12: =ROUNDUP(IF('AS400 JEMBATAN'!$AB12>='AS400 JEMBATAN'!$AA12,'AS400 JEMBATAN'!V12,$AB12/$V$4)+$AD12,0) -> 30 | W12: =ROUNDUP(IF('AS400 JEMBATAN'!$AB12>='AS400 JEMBATAN'!$AA12,'AS400 JEMBATAN'!W12,$AB12/$V$4)+$AD12,0) -> 30 | X12: =ROUNDUP(IF('AS400 JEMBATAN'!$AB12>='AS400 JEMBATAN'!$AA12,'AS400 JEMBATAN'!X12,$AB12/$V$4)+$AD12,0) -> 30 | Y12: =ROUNDUP(IF('AS400 JEMBATAN'!$AB12>='AS400 JEMBATAN'!$AA12,'AS400 JEMBATAN'!Y12,$AB12/$V$4)+$AD12,0) -> 30 | Z12: =ROUNDUP(IF('AS400 JEMBATAN'!$AB12>='AS400 JEMBATAN'!$AA12,'AS400 JEMBATAN'!Z12,$AB12/$V$4)+$AD12,0) -> 0 | AA12: =SUM(V12:Z12) -> 120 | AB12: ='QTY '!W12 -> 120 | AC12: =ROUNDUP((AB12-AA12)/$V$4,0) -> 0 | AE12: =ROUNDUP(IF('AS400 JEMBATAN'!$AK12>='AS400 JEMBATAN'!$AJ12,'AS400 JEMBATAN'!AE12,$AK12/$AE$4)+$AM12,0) -> 38 | AF12: =ROUNDUP(IF('AS400 JEMBATAN'!$AK12>='AS400 JEMBATAN'!$AJ12,'AS400 JEMBATAN'!AF12,$AK12/$AE$4)+$AM12,0) -> 38 | AG12: =ROUNDUP(IF('AS400 JEMBATAN'!$AK12>='AS400 JEMBATAN'!$AJ12,'AS400 JEMBATAN'!AG12,$AK12/$AE$4)+$AM12,0) -> 38 | AH12: =ROUNDUP(IF('AS400 JEMBATAN'!$AK12>='AS400 JEMBATAN'!$AJ12,'AS400 JEMBATAN'!AH12,$AK12/$AE$4)+$AM12,0) -> 38 | AJ12: =SUM(AE12:AI12) -> 152 | AK12: ='QTY '!Z12 -> 150 | AL12: =ROUNDUP((AK12-AJ12)/$AE$4,0) -> -1 | AN12: =+'AS400 JEMBATAN'!AN12 -> 37.5 | AO12: =+'AS400 JEMBATAN'!AO12 -> 37.5 | AP12: =+'AS400 JEMBATAN'!AP12 -> 37.5 | AQ12: =+'AS400 JEMBATAN'!AQ12 -> 37.5 | AS12: =SUM(AN12:AR12) -> 150 | AT12: ='QTY '!AC12 -> 150 | AU12: =ROUNDUP((AT12-AS12)/$AN$4,0) -> 0 | AV12: 0 | AW12: =+D12*D$8 -> 30 | AX12: =+M12*M$8 -> 30 | AY12: =+V12*V$8 -> 30 | AZ12: =+AE12*AE$8 -> 38 | BA12: =+AN12*AN$8 -> 37.5 | BB12: =#REF!+1 -> #REF!
A13: =+'AS400 JEMBATAN'!A13 -> BC121-6B260-1 | B13: =+'AS400 JEMBATAN'!B13 -> BC121-6B260-1 B 0001 | C13: ='AS400 JEMBATAN'!C13 -> 120D | D13: =ROUNDUP(IF('AS400 JEMBATAN'!$J13>='AS400 JEMBATAN'!$I13,'AS400 JEMBATAN'!D13,$J13/$D$4)+$L13,0) -> 260 | E13: =ROUNDUP(IF('AS400 JEMBATAN'!$J13>='AS400 JEMBATAN'!$I13,'AS400 JEMBATAN'!E13,$J13/$D$4)+$L13,0) -> 440 | F13: =ROUNDUP(IF('AS400 JEMBATAN'!$J13>='AS400 JEMBATAN'!$I13,'AS400 JEMBATAN'!F13,$J13/$D$4)+$L13,0) -> 440 | G13: =ROUNDUP(IF('AS400 JEMBATAN'!$J13>='AS400 JEMBATAN'!$I13,'AS400 JEMBATAN'!G13,$J13/$D$4)+$L13,0) -> 440 | I13: =SUM(D13:H13) -> 1580 | J13: ='QTY '!Q13 -> 1580 | K13: =ROUNDUP((J13-I13)/$D$4,0) -> 0 | M13: =ROUNDUP(IF('AS400 JEMBATAN'!$S13>='AS400 JEMBATAN'!$R13,'AS400 JEMBATAN'!M13,$S13/$M$4)+$U13,0) -> 520 | N13: =ROUNDUP(IF('AS400 JEMBATAN'!$S13>='AS400 JEMBATAN'!$R13,'AS400 JEMBATAN'!N13,$S13/$M$4)+$U13,0) -> 360 | O13: =ROUNDUP(IF('AS400 JEMBATAN'!$S13>='AS400 JEMBATAN'!$R13,'AS400 JEMBATAN'!O13,$S13/$M$4)+$U13,0) -> 0 | P13: =ROUNDUP(IF('AS400 JEMBATAN'!$S13>='AS400 JEMBATAN'!$R13,'AS400 JEMBATAN'!P13,$S13/$M$4)+$U13,0) -> 600 | Q13: =ROUNDUP(IF('AS400 JEMBATAN'!$S13>='AS400 JEMBATAN'!$R13,'AS400 JEMBATAN'!Q13,$S13/$M$4)+$U13,0) -> 0 | R13: =SUM(M13:Q13) -> 1480 | S13: ='QTY '!T13 -> 1480 | T13: =ROUNDUP((S13-R13)/$M$4,0) -> 0 | V13: =ROUNDUP(IF('AS400 JEMBATAN'!$AB13>='AS400 JEMBATAN'!$AA13,'AS400 JEMBATAN'!V13,$AB13/$V$4)+$AD13,0) -> 480 | W13: =ROUNDUP(IF('AS400 JEMBATAN'!$AB13>='AS400 JEMBATAN'!$AA13,'AS400 JEMBATAN'!W13,$AB13/$V$4)+$AD13,0) -> 400 | X13: =ROUNDUP(IF('AS400 JEMBATAN'!$AB13>='AS400 JEMBATAN'!$AA13,'AS400 JEMBATAN'!X13,$AB13/$V$4)+$AD13,0) -> 500 | Y13: =ROUNDUP(IF('AS400 JEMBATAN'!$AB13>='AS400 JEMBATAN'!$AA13,'AS400 JEMBATAN'!Y13,$AB13/$V$4)+$AD13,0) -> 600 | Z13: =ROUNDUP(IF('AS400 JEMBATAN'!$AB13>='AS400 JEMBATAN'!$AA13,'AS400 JEMBATAN'!Z13,$AB13/$V$4)+$AD13,0) -> 0 | AA13: =SUM(V13:Z13) -> 1980 | AB13: ='QTY '!W13 -> 1980 | AC13: =ROUNDUP((AB13-AA13)/$V$4,0) -> 0 | AE13: =ROUNDUP(IF('AS400 JEMBATAN'!$AK13>='AS400 JEMBATAN'!$AJ13,'AS400 JEMBATAN'!AE13,$AK13/$AE$4)+$AM13,0) -> 780 | AF13: =ROUNDUP(IF('AS400 JEMBATAN'!$AK13>='AS400 JEMBATAN'!$AJ13,'AS400 JEMBATAN'!AF13,$AK13/$AE$4)+$AM13,0) -> 780 | AG13: =ROUNDUP(IF('AS400 JEMBATAN'!$AK13>='AS400 JEMBATAN'!$AJ13,'AS400 JEMBATAN'!AG13,$AK13/$AE$4)+$AM13,0) -> 780 | AH13: =ROUNDUP(IF('AS400 JEMBATAN'!$AK13>='AS400 JEMBATAN'!$AJ13,'AS400 JEMBATAN'!AH13,$AK13/$AE$4)+$AM13,0) -> 780 | AJ13: =SUM(AE13:AI13) -> 3120 | AK13: ='QTY '!Z13 -> 3120 | AL13: =ROUNDUP((AK13-AJ13)/$AE$4,0) -> 0 | AN13: =+'AS400 JEMBATAN'!AN13 -> 780 | AO13: =+'AS400 JEMBATAN'!AO13 -> 780 | AP13: =+'AS400 JEMBATAN'!AP13 -> 780 | AQ13: =+'AS400 JEMBATAN'!AQ13 -> 780 | AS13: =SUM(AN13:AR13) -> 3120 | AT13: ='QTY '!AC13 -> 3120 | AU13: =ROUNDUP((AT13-AS13)/$AN$4,0) -> 0 | AV13: 0 | AW13: =+D13*D$8 -> 260 | AX13: =+M13*M$8 -> 520 | AY13: =+V13*V$8 -> 480 | AZ13: =+AE13*AE$8 -> 780 | BA13: =+AN13*AN$8 -> 780 | BB13: =#REF!+1 -> #REF!
A14: =+'AS400 JEMBATAN'!A14 -> BC121-6B230-1 | B14: =+'AS400 JEMBATAN'!B14 -> BC121-6B230-1 B 0001 | C14: ='AS400 JEMBATAN'!C14 -> 120D | D14: =ROUNDUP(IF('AS400 JEMBATAN'!$J14>='AS400 JEMBATAN'!$I14,'AS400 JEMBATAN'!D14,$J14/$D$4)+$L14,0) -> 0 | E14: =ROUNDUP(IF('AS400 JEMBATAN'!$J14>='AS400 JEMBATAN'!$I14,'AS400 JEMBATAN'!E14,$J14/$D$4)+$L14,0) -> 0 | F14: =ROUNDUP(IF('AS400 JEMBATAN'!$J14>='AS400 JEMBATAN'!$I14,'AS400 JEMBATAN'!F14,$J14/$D$4)+$L14,0) -> 0 | G14: =ROUNDUP(IF('AS400 JEMBATAN'!$J14>='AS400 JEMBATAN'!$I14,'AS400 JEMBATAN'!G14,$J14/$D$4)+$L14,0) -> 0 | I14: =SUM(D14:H14) -> 0 | J14: ='QTY '!Q14 -> 0 | K14: =ROUNDUP((J14-I14)/$D$4,0) -> 0 | M14: =ROUNDUP(IF('AS400 JEMBATAN'!$S14>='AS400 JEMBATAN'!$R14,'AS400 JEMBATAN'!M14,$S14/$M$4)+$U14,0) -> 0 | N14: =ROUNDUP(IF('AS400 JEMBATAN'!$S14>='AS400 JEMBATAN'!$R14,'AS400 JEMBATAN'!N14,$S14/$M$4)+$U14,0) -> 0 | O14: =ROUNDUP(IF('AS400 JEMBATAN'!$S14>='AS400 JEMBATAN'!$R14,'AS400 JEMBATAN'!O14,$S14/$M$4)+$U14,0) -> 0 | P14: =ROUNDUP(IF('AS400 JEMBATAN'!$S14>='AS400 JEMBATAN'!$R14,'AS400 JEMBATAN'!P14,$S14/$M$4)+$U14,0) -> 0 | Q14: =ROUNDUP(IF('AS400 JEMBATAN'!$S14>='AS400 JEMBATAN'!$R14,'AS400 JEMBATAN'!Q14,$S14/$M$4)+$U14,0) -> 0 | R14: =SUM(M14:Q14) -> 0 | S14: ='QTY '!T14 -> 0 | T14: =ROUNDUP((S14-R14)/$M$4,0) -> 0 | V14: =ROUNDUP(IF('AS400 JEMBATAN'!$AB14>='AS400 JEMBATAN'!$AA14,'AS400 JEMBATAN'!V14,$AB14/$V$4)+$AD14,0) -> 0 | W14: =ROUNDUP(IF('AS400 JEMBATAN'!$AB14>='AS400 JEMBATAN'!$AA14,'AS400 JEMBATAN'!W14,$AB14/$V$4)+$AD14,0) -> 0 | X14: =ROUNDUP(IF('AS400 JEMBATAN'!$AB14>='AS400 JEMBATAN'!$AA14,'AS400 JEMBATAN'!X14,$AB14/$V$4)+$AD14,0) -> 0 | Y14: =ROUNDUP(IF('AS400 JEMBATAN'!$AB14>='AS400 JEMBATAN'!$AA14,'AS400 JEMBATAN'!Y14,$AB14/$V$4)+$AD14,0) -> 0 | Z14: =ROUNDUP(IF('AS400 JEMBATAN'!$AB14>='AS400 JEMBATAN'!$AA14,'AS400 JEMBATAN'!Z14,$AB14/$V$4)+$AD14,0) -> 0 | AA14: =SUM(V14:Z14) -> 0 | AB14: ='QTY '!W14 -> 0 | AC14: =ROUNDUP((AB14-AA14)/$V$4,0) -> 0 | AE14: =ROUNDUP(IF('AS400 JEMBATAN'!$AK14>='AS400 JEMBATAN'!$AJ14,'AS400 JEMBATAN'!AE14,$AK14/$AE$4)+$AM14,0) -> 0 | AF14: =ROUNDUP(IF('AS400 JEMBATAN'!$AK14>='AS400 JEMBATAN'!$AJ14,'AS400 JEMBATAN'!AF14,$AK14/$AE$4)+$AM14,0) -> 0 | AG14: =ROUNDUP(IF('AS400 JEMBATAN'!$AK14>='AS400 JEMBATAN'!$AJ14,'AS400 JEMBATAN'!AG14,$AK14/$AE$4)+$AM14,0) -> 0 | AH14: =ROUNDUP(IF('AS400 JEMBATAN'!$AK14>='AS400 JEMBATAN'!$AJ14,'AS400 JEMBATAN'!AH14,$AK14/$AE$4)+$AM14,0) -> 0 | AJ14: =SUM(AE14:AI14) -> 0 | AK14: ='QTY '!Z14 -> 0 | AL14: =ROUNDUP((AK14-AJ14)/$AE$4,0) -> 0 | AN14: =+'AS400 JEMBATAN'!AN14 -> 0 | AO14: =+'AS400 JEMBATAN'!AO14 -> 0 | AP14: =+'AS400 JEMBATAN'!AP14 -> 0 | AQ14: =+'AS400 JEMBATAN'!AQ14 -> 0 | AS14: =SUM(AN14:AR14) -> 0 | AT14: ='QTY '!AC14 -> 0 | AU14: =ROUNDUP((AT14-AS14)/$AN$4,0) -> 0 | AV14: 0 | AW14: =+D14*D$8 -> 0 | AX14: =+M14*M$8 -> 0 | AY14: =+V14*V$8 -> 0 | AZ14: =+AE14*AE$8 -> 0 | BA14: =+AN14*AN$8 -> 0 | BB14: =#REF!+1 -> #REF!
A15: =+'AS400 JEMBATAN'!A15 -> BC121-6AM60-1 | B15: =+'AS400 JEMBATAN'!B15 -> BC121-6AM60-1 C 0001 | C15: ='AS400 JEMBATAN'!C15 -> 120D | D15: =ROUNDUP(IF('AS400 JEMBATAN'!$J15>='AS400 JEMBATAN'!$I15,'AS400 JEMBATAN'!D15,$J15/$D$4)+$L15,0) -> 0 | E15: =ROUNDUP(IF('AS400 JEMBATAN'!$J15>='AS400 JEMBATAN'!$I15,'AS400 JEMBATAN'!E15,$J15/$D$4)+$L15,0) -> 0 | F15: =ROUNDUP(IF('AS400 JEMBATAN'!$J15>='AS400 JEMBATAN'!$I15,'AS400 JEMBATAN'!F15,$J15/$D$4)+$L15,0) -> 0 | G15: =ROUNDUP(IF('AS400 JEMBATAN'!$J15>='AS400 JEMBATAN'!$I15,'AS400 JEMBATAN'!G15,$J15/$D$4)+$L15,0) -> 0 | I15: =SUM(D15:H15) -> 0 | J15: ='QTY '!Q15 -> 0 | K15: =ROUNDUP((J15-I15)/$D$4,0) -> 0 | M15: =ROUNDUP(IF('AS400 JEMBATAN'!$S15>='AS400 JEMBATAN'!$R15,'AS400 JEMBATAN'!M15,$S15/$M$4)+$U15,0) -> 0 | N15: =ROUNDUP(IF('AS400 JEMBATAN'!$S15>='AS400 JEMBATAN'!$R15,'AS400 JEMBATAN'!N15,$S15/$M$4)+$U15,0) -> 0 | O15: =ROUNDUP(IF('AS400 JEMBATAN'!$S15>='AS400 JEMBATAN'!$R15,'AS400 JEMBATAN'!O15,$S15/$M$4)+$U15,0) -> 0 | P15: =ROUNDUP(IF('AS400 JEMBATAN'!$S15>='AS400 JEMBATAN'!$R15,'AS400 JEMBATAN'!P15,$S15/$M$4)+$U15,0) -> 0 | Q15: =ROUNDUP(IF('AS400 JEMBATAN'!$S15>='AS400 JEMBATAN'!$R15,'AS400 JEMBATAN'!Q15,$S15/$M$4)+$U15,0) -> 0 | R15: =SUM(M15:Q15) -> 0 | S15: ='QTY '!T15 -> 0 | T15: =ROUNDUP((S15-R15)/$M$4,0) -> 0 | V15: =ROUNDUP(IF('AS400 JEMBATAN'!$AB15>='AS400 JEMBATAN'!$AA15,'AS400 JEMBATAN'!V15,$AB15/$V$4)+$AD15,0) -> 0 | W15: =ROUNDUP(IF('AS400 JEMBATAN'!$AB15>='AS400 JEMBATAN'!$AA15,'AS400 JEMBATAN'!W15,$AB15/$V$4)+$AD15,0) -> 0 | X15: =ROUNDUP(IF('AS400 JEMBATAN'!$AB15>='AS400 JEMBATAN'!$AA15,'AS400 JEMBATAN'!X15,$AB15/$V$4)+$AD15,0) -> 0 | Y15: =ROUNDUP(IF('AS400 JEMBATAN'!$AB15>='AS400 JEMBATAN'!$AA15,'AS400 JEMBATAN'!Y15,$AB15/$V$4)+$AD15,0) -> 0 | Z15: =ROUNDUP(IF('AS400 JEMBATAN'!$AB15>='AS400 JEMBATAN'!$AA15,'AS400 JEMBATAN'!Z15,$AB15/$V$4)+$AD15,0) -> 0 | AA15: =SUM(V15:Z15) -> 0 | AB15: ='QTY '!W15 -> 0 | AC15: =ROUNDUP((AB15-AA15)/$V$4,0) -> 0 | AE15: =ROUNDUP(IF('AS400 JEMBATAN'!$AK15>='AS400 JEMBATAN'!$AJ15,'AS400 JEMBATAN'!AE15,$AK15/$AE$4)+$AM15,0) -> 610 | AF15: =ROUNDUP(IF('AS400 JEMBATAN'!$AK15>='AS400 JEMBATAN'!$AJ15,'AS400 JEMBATAN'!AF15,$AK15/$AE$4)+$AM15,0) -> 610 | AG15: =ROUNDUP(IF('AS400 JEMBATAN'!$AK15>='AS400 JEMBATAN'!$AJ15,'AS400 JEMBATAN'!AG15,$AK15/$AE$4)+$AM15,0) -> 610 | AH15: =ROUNDUP(IF('AS400 JEMBATAN'!$AK15>='AS400 JEMBATAN'!$AJ15,'AS400 JEMBATAN'!AH15,$AK15/$AE$4)+$AM15,0) -> 610 | AJ15: =SUM(AE15:AI15) -> 2440 | AK15: ='QTY '!Z15 -> 2440 | AL15: =ROUNDUP((AK15-AJ15)/$AE$4,0) -> 0 | AN15: =+'AS400 JEMBATAN'!AN15 -> 610 | AO15: =+'AS400 JEMBATAN'!AO15 -> 610 | AP15: =+'AS400 JEMBATAN'!AP15 -> 610 | AQ15: =+'AS400 JEMBATAN'!AQ15 -> 610 | AS15: =SUM(AN15:AR15) -> 2440 | AT15: ='QTY '!AC15 -> 2440 | AU15: =ROUNDUP((AT15-AS15)/$AN$4,0) -> 0 | AV15: 0 | AW15: =+D15*D$8 -> 0 | AX15: =+M15*M$8 -> 0 | AY15: =+V15*V$8 -> 0 | AZ15: =+AE15*AE$8 -> 610 | BA15: =+AN15*AN$8 -> 610 | BB15: =#REF!+1 -> #REF!
A16: =+'AS400 JEMBATAN'!A16 -> BC121-35G90-1 | B16: =+'AS400 JEMBATAN'!B16 -> BC121-35G70-1 D 0001 | C16: ='AS400 JEMBATAN'!C16 -> 930B | D16: =ROUNDUP(IF('AS400 JEMBATAN'!$J16>='AS400 JEMBATAN'!$I16,'AS400 JEMBATAN'!D16,$J16/$D$4)+$L16,0) -> 840 | E16: =ROUNDUP(IF('AS400 JEMBATAN'!$J16>='AS400 JEMBATAN'!$I16,'AS400 JEMBATAN'!E16,$J16/$D$4)+$L16,0) -> 900 | F16: =ROUNDUP(IF('AS400 JEMBATAN'!$J16>='AS400 JEMBATAN'!$I16,'AS400 JEMBATAN'!F16,$J16/$D$4)+$L16,0) -> 960 | G16: =ROUNDUP(IF('AS400 JEMBATAN'!$J16>='AS400 JEMBATAN'!$I16,'AS400 JEMBATAN'!G16,$J16/$D$4)+$L16,0) -> 990 | I16: =SUM(D16:H16) -> 3690 | J16: ='QTY '!Q16 -> 3690 | K16: =ROUNDUP((J16-I16)/$D$4,0) -> 0 | M16: =ROUNDUP(IF('AS400 JEMBATAN'!$S16>='AS400 JEMBATAN'!$R16,'AS400 JEMBATAN'!M16,$S16/$M$4)+$U16,0) -> 1140 | N16: =ROUNDUP(IF('AS400 JEMBATAN'!$S16>='AS400 JEMBATAN'!$R16,'AS400 JEMBATAN'!N16,$S16/$M$4)+$U16,0) -> 810 | O16: =ROUNDUP(IF('AS400 JEMBATAN'!$S16>='AS400 JEMBATAN'!$R16,'AS400 JEMBATAN'!O16,$S16/$M$4)+$U16,0) -> 0 | P16: =ROUNDUP(IF('AS400 JEMBATAN'!$S16>='AS400 JEMBATAN'!$R16,'AS400 JEMBATAN'!P16,$S16/$M$4)+$U16,0) -> 1230 | Q16: =ROUNDUP(IF('AS400 JEMBATAN'!$S16>='AS400 JEMBATAN'!$R16,'AS400 JEMBATAN'!Q16,$S16/$M$4)+$U16,0) -> 0 | R16: =SUM(M16:Q16) -> 3180 | S16: ='QTY '!T16 -> 3180 | T16: =ROUNDUP((S16-R16)/$M$4,0) -> 0 | V16: =ROUNDUP(IF('AS400 JEMBATAN'!$AB16>='AS400 JEMBATAN'!$AA16,'AS400 JEMBATAN'!V16,$AB16/$V$4)+$AD16,0) -> 1050 | W16: =ROUNDUP(IF('AS400 JEMBATAN'!$AB16>='AS400 JEMBATAN'!$AA16,'AS400 JEMBATAN'!W16,$AB16/$V$4)+$AD16,0) -> 810 | X16: =ROUNDUP(IF('AS400 JEMBATAN'!$AB16>='AS400 JEMBATAN'!$AA16,'AS400 JEMBATAN'!X16,$AB16/$V$4)+$AD16,0) -> 960 | Y16: =ROUNDUP(IF('AS400 JEMBATAN'!$AB16>='AS400 JEMBATAN'!$AA16,'AS400 JEMBATAN'!Y16,$AB16/$V$4)+$AD16,0) -> 870 | Z16: =ROUNDUP(IF('AS400 JEMBATAN'!$AB16>='AS400 JEMBATAN'!$AA16,'AS400 JEMBATAN'!Z16,$AB16/$V$4)+$AD16,0) -> 0 | AA16: =SUM(V16:Z16) -> 3690 | AB16: ='QTY '!W16 -> 3690 | AC16: =ROUNDUP((AB16-AA16)/$V$4,0) -> 0 | AE16: =ROUNDUP(IF('AS400 JEMBATAN'!$AK16>='AS400 JEMBATAN'!$AJ16,'AS400 JEMBATAN'!AE16,$AK16/$AE$4)+$AM16,0) -> 1073 | AF16: =ROUNDUP(IF('AS400 JEMBATAN'!$AK16>='AS400 JEMBATAN'!$AJ16,'AS400 JEMBATAN'!AF16,$AK16/$AE$4)+$AM16,0) -> 1073 | AG16: =ROUNDUP(IF('AS400 JEMBATAN'!$AK16>='AS400 JEMBATAN'!$AJ16,'AS400 JEMBATAN'!AG16,$AK16/$AE$4)+$AM16,0) -> 1073 | AH16: =ROUNDUP(IF('AS400 JEMBATAN'!$AK16>='AS400 JEMBATAN'!$AJ16,'AS400 JEMBATAN'!AH16,$AK16/$AE$4)+$AM16,0) -> 1073 | AJ16: =SUM(AE16:AI16) -> 4292 | AK16: ='QTY '!Z16 -> 4290 | AL16: =ROUNDUP((AK16-AJ16)/$AE$4,0) -> -1 | AN16: =+'AS400 JEMBATAN'!AN16 -> 1072.5 | AO16: =+'AS400 JEMBATAN'!AO16 -> 1072.5 | AP16: =+'AS400 JEMBATAN'!AP16 -> 1072.5 | AQ16: =+'AS400 JEMBATAN'!AQ16 -> 1072.5 | AS16: =SUM(AN16:AR16) -> 4290 | AT16: ='QTY '!AC16 -> 4290 | AU16: =ROUNDUP((AT16-AS16)/$AN$4,0) -> 0 | AV16: 0 | AW16: =+D16*D$8 -> 840 | AX16: =+M16*M$8 -> 1140 | AY16: =+V16*V$8 -> 1050 | AZ16: =+AE16*AE$8 -> 1073 | BA16: =+AN16*AN$8 -> 1072.5 | BB16: =#REF!+1 -> #REF!
A17: =+'AS400 JEMBATAN'!A17 -> BC121-35J20-1 | B17: =+'AS400 JEMBATAN'!B17 -> BC121-35G90-1 D 0001 | C17: ='AS400 JEMBATAN'!C17 -> 930B | D17: =ROUNDUP(IF('AS400 JEMBATAN'!$J17>='AS400 JEMBATAN'!$I17,'AS400 JEMBATAN'!D17,$J17/$D$4)+$L17,0) -> 280 | E17: =ROUNDUP(IF('AS400 JEMBATAN'!$J17>='AS400 JEMBATAN'!$I17,'AS400 JEMBATAN'!E17,$J17/$D$4)+$L17,0) -> 300 | F17: =ROUNDUP(IF('AS400 JEMBATAN'!$J17>='AS400 JEMBATAN'!$I17,'AS400 JEMBATAN'!F17,$J17/$D$4)+$L17,0) -> 380 | G17: =ROUNDUP(IF('AS400 JEMBATAN'!$J17>='AS400 JEMBATAN'!$I17,'AS400 JEMBATAN'!G17,$J17/$D$4)+$L17,0) -> 380 | I17: =SUM(D17:H17) -> 1340 | J17: ='QTY '!Q17 -> 1340 | K17: =ROUNDUP((J17-I17)/$D$4,0) -> 0 | M17: =ROUNDUP(IF('AS400 JEMBATAN'!$S17>='AS400 JEMBATAN'!$R17,'AS400 JEMBATAN'!M17,$S17/$M$4)+$U17,0) -> 440 | N17: =ROUNDUP(IF('AS400 JEMBATAN'!$S17>='AS400 JEMBATAN'!$R17,'AS400 JEMBATAN'!N17,$S17/$M$4)+$U17,0) -> 280 | O17: =ROUNDUP(IF('AS400 JEMBATAN'!$S17>='AS400 JEMBATAN'!$R17,'AS400 JEMBATAN'!O17,$S17/$M$4)+$U17,0) -> 0 | P17: =ROUNDUP(IF('AS400 JEMBATAN'!$S17>='AS400 JEMBATAN'!$R17,'AS400 JEMBATAN'!P17,$S17/$M$4)+$U17,0) -> 460 | Q17: =ROUNDUP(IF('AS400 JEMBATAN'!$S17>='AS400 JEMBATAN'!$R17,'AS400 JEMBATAN'!Q17,$S17/$M$4)+$U17,0) -> 0 | R17: =SUM(M17:Q17) -> 1180 | S17: ='QTY '!T17 -> 1180 | T17: =ROUNDUP((S17-R17)/$M$4,0) -> 0 | V17: =ROUNDUP(IF('AS400 JEMBATAN'!$AB17>='AS400 JEMBATAN'!$AA17,'AS400 JEMBATAN'!V17,$AB17/$V$4)+$AD17,0) -> 360 | W17: =ROUNDUP(IF('AS400 JEMBATAN'!$AB17>='AS400 JEMBATAN'!$AA17,'AS400 JEMBATAN'!W17,$AB17/$V$4)+$AD17,0) -> 300 | X17: =ROUNDUP(IF('AS400 JEMBATAN'!$AB17>='AS400 JEMBATAN'!$AA17,'AS400 JEMBATAN'!X17,$AB17/$V$4)+$AD17,0) -> 360 | Y17: =ROUNDUP(IF('AS400 JEMBATAN'!$AB17>='AS400 JEMBATAN'!$AA17,'AS400 JEMBATAN'!Y17,$AB17/$V$4)+$AD17,0) -> 380 | Z17: =ROUNDUP(IF('AS400 JEMBATAN'!$AB17>='AS400 JEMBATAN'!$AA17,'AS400 JEMBATAN'!Z17,$AB17/$V$4)+$AD17,0) -> 0 | AA17: =SUM(V17:Z17) -> 1400 | AB17: ='QTY '!W17 -> 1400 | AC17: =ROUNDUP((AB17-AA17)/$V$4,0) -> 0 | AE17: =ROUNDUP(IF('AS400 JEMBATAN'!$AK17>='AS400 JEMBATAN'!$AJ17,'AS400 JEMBATAN'!AE17,$AK17/$AE$4)+$AM17,0) -> 405 | AF17: =ROUNDUP(IF('AS400 JEMBATAN'!$AK17>='AS400 JEMBATAN'!$AJ17,'AS400 JEMBATAN'!AF17,$AK17/$AE$4)+$AM17,0) -> 405 | AG17: =ROUNDUP(IF('AS400 JEMBATAN'!$AK17>='AS400 JEMBATAN'!$AJ17,'AS400 JEMBATAN'!AG17,$AK17/$AE$4)+$AM17,0) -> 405 | AH17: =ROUNDUP(IF('AS400 JEMBATAN'!$AK17>='AS400 JEMBATAN'!$AJ17,'AS400 JEMBATAN'!AH17,$AK17/$AE$4)+$AM17,0) -> 405 | AJ17: =SUM(AE17:AI17) -> 1620 | AK17: ='QTY '!Z17 -> 1620 | AL17: =ROUNDUP((AK17-AJ17)/$AE$4,0) -> 0 | AN17: =+'AS400 JEMBATAN'!AN17 -> 405 | AO17: =+'AS400 JEMBATAN'!AO17 -> 405 | AP17: =+'AS400 JEMBATAN'!AP17 -> 405 | AQ17: =+'AS400 JEMBATAN'!AQ17 -> 405 | AS17: =SUM(AN17:AR17) -> 1620 | AT17: ='QTY '!AC17 -> 1620 | AU17: =ROUNDUP((AT17-AS17)/$AN$4,0) -> 0 | AV17: 0 | AW17: =+D17*D$8 -> 280 | AX17: =+M17*M$8 -> 440 | AY17: =+V17*V$8 -> 360 | AZ17: =+AE17*AE$8 -> 405 | BA17: =+AN17*AN$8 -> 405 | BB17: =#REF!+1 -> #REF!
A18: =+'AS400 JEMBATAN'!A18 -> BC139-930B2-1 | B18: =+'AS400 JEMBATAN'!B18 -> BC121-35K80-1 C 0001 | C18: ='AS400 JEMBATAN'!C18 -> 930B | D18: =ROUNDUP(IF('AS400 JEMBATAN'!$J18>='AS400 JEMBATAN'!$I18,'AS400 JEMBATAN'!D18,$J18/$D$4)+$L18,0) -> 0 | E18: =ROUNDUP(IF('AS400 JEMBATAN'!$J18>='AS400 JEMBATAN'!$I18,'AS400 JEMBATAN'!E18,$J18/$D$4)+$L18,0) -> 0 | F18: =ROUNDUP(IF('AS400 JEMBATAN'!$J18>='AS400 JEMBATAN'!$I18,'AS400 JEMBATAN'!F18,$J18/$D$4)+$L18,0) -> 240 | G18: =ROUNDUP(IF('AS400 JEMBATAN'!$J18>='AS400 JEMBATAN'!$I18,'AS400 JEMBATAN'!G18,$J18/$D$4)+$L18,0) -> 510 | I18: =SUM(D18:H18) -> 750 | J18: ='QTY '!Q18 -> 750 | K18: =ROUNDUP((J18-I18)/$D$4,0) -> 0 | M18: =ROUNDUP(IF('AS400 JEMBATAN'!$S18>='AS400 JEMBATAN'!$R18,'AS400 JEMBATAN'!M18,$S18/$M$4)+$U18,0) -> 570 | N18: =ROUNDUP(IF('AS400 JEMBATAN'!$S18>='AS400 JEMBATAN'!$R18,'AS400 JEMBATAN'!N18,$S18/$M$4)+$U18,0) -> 450 | O18: =ROUNDUP(IF('AS400 JEMBATAN'!$S18>='AS400 JEMBATAN'!$R18,'AS400 JEMBATAN'!O18,$S18/$M$4)+$U18,0) -> 0 | P18: =ROUNDUP(IF('AS400 JEMBATAN'!$S18>='AS400 JEMBATAN'!$R18,'AS400 JEMBATAN'!P18,$S18/$M$4)+$U18,0) -> 660 | Q18: =ROUNDUP(IF('AS400 JEMBATAN'!$S18>='AS400 JEMBATAN'!$R18,'AS400 JEMBATAN'!Q18,$S18/$M$4)+$U18,0) -> 0 | R18: =SUM(M18:Q18) -> 1680 | S18: ='QTY '!T18 -> 1680 | T18: =ROUNDUP((S18-R18)/$M$4,0) -> 0 | V18: =ROUNDUP(IF('AS400 JEMBATAN'!$AB18>='AS400 JEMBATAN'!$AA18,'AS400 JEMBATAN'!V18,$AB18/$V$4)+$AD18,0) -> 570 | W18: =ROUNDUP(IF('AS400 JEMBATAN'!$AB18>='AS400 JEMBATAN'!$AA18,'AS400 JEMBATAN'!W18,$AB18/$V$4)+$AD18,0) -> 450 | X18: =ROUNDUP(IF('AS400 JEMBATAN'!$AB18>='AS400 JEMBATAN'!$AA18,'AS400 JEMBATAN'!X18,$AB18/$V$4)+$AD18,0) -> 570 | Y18: =ROUNDUP(IF('AS400 JEMBATAN'!$AB18>='AS400 JEMBATAN'!$AA18,'AS400 JEMBATAN'!Y18,$AB18/$V$4)+$AD18,0) -> 510 | Z18: =ROUNDUP(IF('AS400 JEMBATAN'!$AB18>='AS400 JEMBATAN'!$AA18,'AS400 JEMBATAN'!Z18,$AB18/$V$4)+$AD18,0) -> 0 | AA18: =SUM(V18:Z18) -> 2100 | AB18: ='QTY '!W18 -> 2100 | AC18: =ROUNDUP((AB18-AA18)/$V$4,0) -> 0 | AE18: =ROUNDUP(IF('AS400 JEMBATAN'!$AK18>='AS400 JEMBATAN'!$AJ18,'AS400 JEMBATAN'!AE18,$AK18/$AE$4)+$AM18,0) -> 518 | AF18: =ROUNDUP(IF('AS400 JEMBATAN'!$AK18>='AS400 JEMBATAN'!$AJ18,'AS400 JEMBATAN'!AF18,$AK18/$AE$4)+$AM18,0) -> 518 | AG18: =ROUNDUP(IF('AS400 JEMBATAN'!$AK18>='AS400 JEMBATAN'!$AJ18,'AS400 JEMBATAN'!AG18,$AK18/$AE$4)+$AM18,0) -> 518 | AH18: =ROUNDUP(IF('AS400 JEMBATAN'!$AK18>='AS400 JEMBATAN'!$AJ18,'AS400 JEMBATAN'!AH18,$AK18/$AE$4)+$AM18,0) -> 518 | AJ18: =SUM(AE18:AI18) -> 2072 | AK18: ='QTY '!Z18 -> 2070 | AL18: =ROUNDUP((AK18-AJ18)/$AE$4,0) -> -1 | AN18: =+'AS400 JEMBATAN'!AN18 -> 517.5 | AO18: =+'AS400 JEMBATAN'!AO18 -> 517.5 | AP18: =+'AS400 JEMBATAN'!AP18 -> 517.5 | AQ18: =+'AS400 JEMBATAN'!AQ18 -> 517.5 | AS18: =SUM(AN18:AR18) -> 2070 | AT18: ='QTY '!AC18 -> 2070 | AU18: =ROUNDUP((AT18-AS18)/$AN$4,0) -> 0 | AV18: 0 | AW18: =+D18*D$8 -> 0 | AX18: =+M18*M$8 -> 570 | AY18: =+V18*V$8 -> 570 | AZ18: =+AE18*AE$8 -> 518 | BA18: =+AN18*AN$8 -> 517.5 | BB18: =#REF!+1 -> #REF!
A19: =+'AS400 JEMBATAN'!A19 -> BC111-2FE72-1 | B19: =+'AS400 JEMBATAN'!B19 -> BC111-2FE72-1 F 0201 | C19: ='AS400 JEMBATAN'!C19 -> BC 602W | D19: =ROUNDUP(IF('AS400 JEMBATAN'!$J19>='AS400 JEMBATAN'!$I19,'AS400 JEMBATAN'!D19,$J19/$D$4)+$L19,0) -> 360 | E19: =ROUNDUP(IF('AS400 JEMBATAN'!$J19>='AS400 JEMBATAN'!$I19,'AS400 JEMBATAN'!E19,$J19/$D$4)+$L19,0) -> 360 | F19: =ROUNDUP(IF('AS400 JEMBATAN'!$J19>='AS400 JEMBATAN'!$I19,'AS400 JEMBATAN'!F19,$J19/$D$4)+$L19,0) -> 420 | G19: =ROUNDUP(IF('AS400 JEMBATAN'!$J19>='AS400 JEMBATAN'!$I19,'AS400 JEMBATAN'!G19,$J19/$D$4)+$L19,0) -> 420 | I19: =SUM(D19:H19) -> 1560 | J19: ='QTY '!Q19 -> 1560 | K19: =ROUNDUP((J19-I19)/$D$4,0) -> 0 | M19: =ROUNDUP(IF('AS400 JEMBATAN'!$S19>='AS400 JEMBATAN'!$R19,'AS400 JEMBATAN'!M19,$S19/$M$4)+$U19,0) -> 540 | N19: =ROUNDUP(IF('AS400 JEMBATAN'!$S19>='AS400 JEMBATAN'!$R19,'AS400 JEMBATAN'!N19,$S19/$M$4)+$U19,0) -> 300 | O19: =ROUNDUP(IF('AS400 JEMBATAN'!$S19>='AS400 JEMBATAN'!$R19,'AS400 JEMBATAN'!O19,$S19/$M$4)+$U19,0) -> 0 | P19: =ROUNDUP(IF('AS400 JEMBATAN'!$S19>='AS400 JEMBATAN'!$R19,'AS400 JEMBATAN'!P19,$S19/$M$4)+$U19,0) -> 480 | Q19: =ROUNDUP(IF('AS400 JEMBATAN'!$S19>='AS400 JEMBATAN'!$R19,'AS400 JEMBATAN'!Q19,$S19/$M$4)+$U19,0) -> 0 | R19: =SUM(M19:Q19) -> 1320 | S19: ='QTY '!T19 -> 1320 | T19: =ROUNDUP((S19-R19)/$M$4,0) -> 0 | V19: =ROUNDUP(IF('AS400 JEMBATAN'!$AB19>='AS400 JEMBATAN'!$AA19,'AS400 JEMBATAN'!V19,$AB19/$V$4)+$AD19,0) -> 420 | W19: =ROUNDUP(IF('AS400 JEMBATAN'!$AB19>='AS400 JEMBATAN'!$AA19,'AS400 JEMBATAN'!W19,$AB19/$V$4)+$AD19,0) -> 300 | X19: =ROUNDUP(IF('AS400 JEMBATAN'!$AB19>='AS400 JEMBATAN'!$AA19,'AS400 JEMBATAN'!X19,$AB19/$V$4)+$AD19,0) -> 420 | Y19: =ROUNDUP(IF('AS400 JEMBATAN'!$AB19>='AS400 JEMBATAN'!$AA19,'AS400 JEMBATAN'!Y19,$AB19/$V$4)+$AD19,0) -> 300 | Z19: =ROUNDUP(IF('AS400 JEMBATAN'!$AB19>='AS400 JEMBATAN'!$AA19,'AS400 JEMBATAN'!Z19,$AB19/$V$4)+$AD19,0) -> 0 | AA19: =SUM(V19:Z19) -> 1440 | AB19: ='QTY '!W19 -> 1440 | AC19: =ROUNDUP((AB19-AA19)/$V$4,0) -> 0 | AE19: =ROUNDUP(IF('AS400 JEMBATAN'!$AK19>='AS400 JEMBATAN'!$AJ19,'AS400 JEMBATAN'!AE19,$AK19/$AE$4)+$AM19,0) -> 420 | AF19: =ROUNDUP(IF('AS400 JEMBATAN'!$AK19>='AS400 JEMBATAN'!$AJ19,'AS400 JEMBATAN'!AF19,$AK19/$AE$4)+$AM19,0) -> 420 | AG19: =ROUNDUP(IF('AS400 JEMBATAN'!$AK19>='AS400 JEMBATAN'!$AJ19,'AS400 JEMBATAN'!AG19,$AK19/$AE$4)+$AM19,0) -> 420 | AH19: =ROUNDUP(IF('AS400 JEMBATAN'!$AK19>='AS400 JEMBATAN'!$AJ19,'AS400 JEMBATAN'!AH19,$AK19/$AE$4)+$AM19,0) -> 420 | AJ19: =SUM(AE19:AI19) -> 1680 | AK19: ='QTY '!Z19 -> 1680 | AL19: =ROUNDUP((AK19-AJ19)/$AE$4,0) -> 0 | AN19: =+'AS400 JEMBATAN'!AN19 -> 420 | AO19: =+'AS400 JEMBATAN'!AO19 -> 420 | AP19: =+'AS400 JEMBATAN'!AP19 -> 420 | AQ19: =+'AS400 JEMBATAN'!AQ19 -> 420 | AS19: =SUM(AN19:AR19) -> 1680 | AT19: ='QTY '!AC19 -> 1680 | AU19: =ROUNDUP((AT19-AS19)/$AN$4,0) -> 0 | AV19: 0 | AW19: =+D19*D$8 -> 360 | AX19: =+M19*M$8 -> 540 | AY19: =+V19*V$8 -> 420 | AZ19: =+AE19*AE$8 -> 420 | BA19: =+AN19*AN$8 -> 420 | BB19: =#REF!+1 -> #REF!
A20: =+'AS400 JEMBATAN'!A20 -> BC111-2FE72-2 | B20: =+'AS400 JEMBATAN'!B20 -> BC111-2FE72-2 F 0201 | C20: ='AS400 JEMBATAN'!C20 -> BC 602W | D20: =ROUNDUP(IF('AS400 JEMBATAN'!$J20>='AS400 JEMBATAN'!$I20,'AS400 JEMBATAN'!D20,$J20/$D$4)+$L20,0) -> 320 | E20: =ROUNDUP(IF('AS400 JEMBATAN'!$J20>='AS400 JEMBATAN'!$I20,'AS400 JEMBATAN'!E20,$J20/$D$4)+$L20,0) -> 320 | F20: =ROUNDUP(IF('AS400 JEMBATAN'!$J20>='AS400 JEMBATAN'!$I20,'AS400 JEMBATAN'!F20,$J20/$D$4)+$L20,0) -> 360 | G20: =ROUNDUP(IF('AS400 JEMBATAN'!$J20>='AS400 JEMBATAN'!$I20,'AS400 JEMBATAN'!G20,$J20/$D$4)+$L20,0) -> 360 | I20: =SUM(D20:H20) -> 1360 | J20: ='QTY '!Q20 -> 1360 | K20: =ROUNDUP((J20-I20)/$D$4,0) -> 0 | M20: =ROUNDUP(IF('AS400 JEMBATAN'!$S20>='AS400 JEMBATAN'!$R20,'AS400 JEMBATAN'!M20,$S20/$M$4)+$U20,0) -> 420 | N20: =ROUNDUP(IF('AS400 JEMBATAN'!$S20>='AS400 JEMBATAN'!$R20,'AS400 JEMBATAN'!N20,$S20/$M$4)+$U20,0) -> 260 | O20: =ROUNDUP(IF('AS400 JEMBATAN'!$S20>='AS400 JEMBATAN'!$R20,'AS400 JEMBATAN'!O20,$S20/$M$4)+$U20,0) -> 0 | P20: =ROUNDUP(IF('AS400 JEMBATAN'!$S20>='AS400 JEMBATAN'!$R20,'AS400 JEMBATAN'!P20,$S20/$M$4)+$U20,0) -> 400 | Q20: =ROUNDUP(IF('AS400 JEMBATAN'!$S20>='AS400 JEMBATAN'!$R20,'AS400 JEMBATAN'!Q20,$S20/$M$4)+$U20,0) -> 0 | R20: =SUM(M20:Q20) -> 1080 | S20: ='QTY '!T20 -> 1080 | T20: =ROUNDUP((S20-R20)/$M$4,0) -> 0 | V20: =ROUNDUP(IF('AS400 JEMBATAN'!$AB20>='AS400 JEMBATAN'!$AA20,'AS400 JEMBATAN'!V20,$AB20/$V$4)+$AD20,0) -> 340 | W20: =ROUNDUP(IF('AS400 JEMBATAN'!$AB20>='AS400 JEMBATAN'!$AA20,'AS400 JEMBATAN'!W20,$AB20/$V$4)+$AD20,0) -> 260 | X20: =ROUNDUP(IF('AS400 JEMBATAN'!$AB20>='AS400 JEMBATAN'!$AA20,'AS400 JEMBATAN'!X20,$AB20/$V$4)+$AD20,0) -> 300 | Y20: =ROUNDUP(IF('AS400 JEMBATAN'!$AB20>='AS400 JEMBATAN'!$AA20,'AS400 JEMBATAN'!Y20,$AB20/$V$4)+$AD20,0) -> 280 | Z20: =ROUNDUP(IF('AS400 JEMBATAN'!$AB20>='AS400 JEMBATAN'!$AA20,'AS400 JEMBATAN'!Z20,$AB20/$V$4)+$AD20,0) -> 0 | AA20: =SUM(V20:Z20) -> 1180 | AB20: ='QTY '!W20 -> 1180 | AC20: =ROUNDUP((AB20-AA20)/$V$4,0) -> 0 | AE20: =ROUNDUP(IF('AS400 JEMBATAN'!$AK20>='AS400 JEMBATAN'!$AJ20,'AS400 JEMBATAN'!AE20,$AK20/$AE$4)+$AM20,0) -> 335 | AF20: =ROUNDUP(IF('AS400 JEMBATAN'!$AK20>='AS400 JEMBATAN'!$AJ20,'AS400 JEMBATAN'!AF20,$AK20/$AE$4)+$AM20,0) -> 335 | AG20: =ROUNDUP(IF('AS400 JEMBATAN'!$AK20>='AS400 JEMBATAN'!$AJ20,'AS400 JEMBATAN'!AG20,$AK20/$AE$4)+$AM20,0) -> 335 | AH20: =ROUNDUP(IF('AS400 JEMBATAN'!$AK20>='AS400 JEMBATAN'!$AJ20,'AS400 JEMBATAN'!AH20,$AK20/$AE$4)+$AM20,0) -> 335 | AJ20: =SUM(AE20:AI20) -> 1340 | AK20: ='QTY '!Z20 -> 1340 | AL20: =ROUNDUP((AK20-AJ20)/$AE$4,0) -> 0 | AN20: =+'AS400 JEMBATAN'!AN20 -> 335 | AO20: =+'AS400 JEMBATAN'!AO20 -> 335 | AP20: =+'AS400 JEMBATAN'!AP20 -> 335 | AQ20: =+'AS400 JEMBATAN'!AQ20 -> 335 | AS20: =SUM(AN20:AR20) -> 1340 | AT20: ='QTY '!AC20 -> 1340 | AU20: =ROUNDUP((AT20-AS20)/$AN$4,0) -> 0 | AV20: 0 | AW20: =+D20*D$8 -> 320 | AX20: =+M20*M$8 -> 420 | AY20: =+V20*V$8 -> 340 | AZ20: =+AE20*AE$8 -> 335 | BA20: =+AN20*AN$8 -> 335 | BB20: =#REF!+1 -> #REF!
... A25: =+'AS400 JEMBATAN'!A25 -> BC111-V3891-2 | B25: =+'AS400 JEMBATAN'!B25 -> BC111-V3891-2 F 0001 | C25: ='AS400 JEMBATAN'!C25 -> BC 602W | D25: =ROUNDUP(IF('AS400 JEMBATAN'!$J25>='AS400 JEMBATAN'!$I25,'AS400 JEMBATAN'!D25,$J25/$D$4)+$L25,0) -> 0 | E25: =ROUNDUP(IF('AS400 JEMBATAN'!$J25>='AS400 JEMBATAN'!$I25,'AS400 JEMBATAN'!E25,$J25/$D$4)+$L25,0) -> 0 | F25: =ROUNDUP(IF('AS400 JEMBATAN'!$J25>='AS400 JEMBATAN'!$I25,'AS400 JEMBATAN'!F25,$J25/$D$4)+$L25,0) -> 0 | G25: =ROUNDUP(IF('AS400 JEMBATAN'!$J25>='AS400 JEMBATAN'!$I25,'AS400 JEMBATAN'!G25,$J25/$D$4)+$L25,0) -> 0 | I25: =SUM(D25:H25) -> 0 | J25: ='QTY '!Q25 -> 0 | K25: =ROUNDUP((J25-I25)/$D$4,0) -> 0 | M25: =ROUNDUP(IF('AS400 JEMBATAN'!$S25>='AS400 JEMBATAN'!$R25,'AS400 JEMBATAN'!M25,$S25/$M$4)+$U25,0) -> 0 | N25: =ROUNDUP(IF('AS400 JEMBATAN'!$S25>='AS400 JEMBATAN'!$R25,'AS400 JEMBATAN'!N25,$S25/$M$4)+$U25,0) -> 0 | O25: =ROUNDUP(IF('AS400 JEMBATAN'!$S25>='AS400 JEMBATAN'!$R25,'AS400 JEMBATAN'!O25,$S25/$M$4)+$U25,0) -> 0 | P25: =ROUNDUP(IF('AS400 JEMBATAN'!$S25>='AS400 JEMBATAN'!$R25,'AS400 JEMBATAN'!P25,$S25/$M$4)+$U25,0) -> 0 | Q25: =ROUNDUP(IF('AS400 JEMBATAN'!$S25>='AS400 JEMBATAN'!$R25,'AS400 JEMBATAN'!Q25,$S25/$M$4)+$U25,0) -> 0 | R25: =SUM(M25:Q25) -> 0 | S25: ='QTY '!T25 -> 0 | T25: =ROUNDUP((S25-R25)/$M$4,0) -> 0 | V25: =ROUNDUP(IF('AS400 JEMBATAN'!$AB25>='AS400 JEMBATAN'!$AA25,'AS400 JEMBATAN'!V25,$AB25/$V$4)+$AD25,0) -> 0 | W25: =ROUNDUP(IF('AS400 JEMBATAN'!$AB25>='AS400 JEMBATAN'!$AA25,'AS400 JEMBATAN'!W25,$AB25/$V$4)+$AD25,0) -> 0 | X25: =ROUNDUP(IF('AS400 JEMBATAN'!$AB25>='AS400 JEMBATAN'!$AA25,'AS400 JEMBATAN'!X25,$AB25/$V$4)+$AD25,0) -> 0 | Y25: =ROUNDUP(IF('AS400 JEMBATAN'!$AB25>='AS400 JEMBATAN'!$AA25,'AS400 JEMBATAN'!Y25,$AB25/$V$4)+$AD25,0) -> 0 | Z25: =ROUNDUP(IF('AS400 JEMBATAN'!$AB25>='AS400 JEMBATAN'!$AA25,'AS400 JEMBATAN'!Z25,$AB25/$V$4)+$AD25,0) -> 0 | AA25: =SUM(V25:Z25) -> 0 | AB25: ='QTY '!W25 -> 0 | AC25: =ROUNDUP((AB25-AA25)/$V$4,0) -> 0 | AE25: =ROUNDUP(IF('AS400 JEMBATAN'!$AK25>='AS400 JEMBATAN'!$AJ25,'AS400 JEMBATAN'!AE25,$AK25/$AE$4)+$AM25,0) -> 0 | AF25: =ROUNDUP(IF('AS400 JEMBATAN'!$AK25>='AS400 JEMBATAN'!$AJ25,'AS400 JEMBATAN'!AF25,$AK25/$AE$4)+$AM25,0) -> 0 | AG25: =ROUNDUP(IF('AS400 JEMBATAN'!$AK25>='AS400 JEMBATAN'!$AJ25,'AS400 JEMBATAN'!AG25,$AK25/$AE$4)+$AM25,0) -> 0 | AH25: =ROUNDUP(IF('AS400 JEMBATAN'!$AK25>='AS400 JEMBATAN'!$AJ25,'AS400 JEMBATAN'!AH25,$AK25/$AE$4)+$AM25,0) -> 0 | AJ25: =SUM(AE25:AI25) -> 0 | AK25: ='QTY '!Z25 -> 0 | AL25: =ROUNDUP((AK25-AJ25)/$AE$4,0) -> 0 | AN25: =+'AS400 JEMBATAN'!AN25 -> 0 | AO25: =+'AS400 JEMBATAN'!AO25 -> 0 | AP25: =+'AS400 JEMBATAN'!AP25 -> 0 | AQ25: =+'AS400 JEMBATAN'!AQ25 -> 0 | AS25: =SUM(AN25:AR25) -> 0 | AT25: ='QTY '!AC25 -> 0 | AU25: =ROUNDUP((AT25-AS25)/$AN$4,0) -> 0 | AV25: 0 | AW25: =+D25*D$8 -> 0 | AX25: =+M25*M$8 -> 0 | AY25: =+V25*V$8 -> 0 | AZ25: =+AE25*AE$8 -> 0 | BA25: =+AN25*AN$8 -> 0 | BB25: =#REF!+1 -> #REF!
A26: =+'AS400 JEMBATAN'!A26 -> DC111-2FE72 | B26: =+'AS400 JEMBATAN'!B26 -> DC111-2FE72 F 0201 | C26: ='AS400 JEMBATAN'!C26 -> BC 602W | D26: =ROUNDUP(IF('AS400 JEMBATAN'!$J26>='AS400 JEMBATAN'!$I26,'AS400 JEMBATAN'!D26,$J26/$D$4)+$L26,0) -> 40 | E26: =ROUNDUP(IF('AS400 JEMBATAN'!$J26>='AS400 JEMBATAN'!$I26,'AS400 JEMBATAN'!E26,$J26/$D$4)+$L26,0) -> 0 | F26: =ROUNDUP(IF('AS400 JEMBATAN'!$J26>='AS400 JEMBATAN'!$I26,'AS400 JEMBATAN'!F26,$J26/$D$4)+$L26,0) -> 40 | G26: =ROUNDUP(IF('AS400 JEMBATAN'!$J26>='AS400 JEMBATAN'!$I26,'AS400 JEMBATAN'!G26,$J26/$D$4)+$L26,0) -> 0 | I26: =SUM(D26:H26) -> 80 | J26: ='QTY '!Q26 -> 80 | K26: =ROUNDUP((J26-I26)/$D$4,0) -> 0 | M26: =ROUNDUP(IF('AS400 JEMBATAN'!$S26>='AS400 JEMBATAN'!$R26,'AS400 JEMBATAN'!M26,$S26/$M$4)+$U26,0) -> 40 | N26: =ROUNDUP(IF('AS400 JEMBATAN'!$S26>='AS400 JEMBATAN'!$R26,'AS400 JEMBATAN'!N26,$S26/$M$4)+$U26,0) -> 0 | O26: =ROUNDUP(IF('AS400 JEMBATAN'!$S26>='AS400 JEMBATAN'!$R26,'AS400 JEMBATAN'!O26,$S26/$M$4)+$U26,0) -> 0 | P26: =ROUNDUP(IF('AS400 JEMBATAN'!$S26>='AS400 JEMBATAN'!$R26,'AS400 JEMBATAN'!P26,$S26/$M$4)+$U26,0) -> 40 | Q26: =ROUNDUP(IF('AS400 JEMBATAN'!$S26>='AS400 JEMBATAN'!$R26,'AS400 JEMBATAN'!Q26,$S26/$M$4)+$U26,0) -> 0 | R26: =SUM(M26:Q26) -> 80 | S26: ='QTY '!T26 -> 80 | T26: =ROUNDUP((S26-R26)/$M$4,0) -> 0 | V26: =ROUNDUP(IF('AS400 JEMBATAN'!$AB26>='AS400 JEMBATAN'!$AA26,'AS400 JEMBATAN'!V26,$AB26/$V$4)+$AD26,0) -> 40 | W26: =ROUNDUP(IF('AS400 JEMBATAN'!$AB26>='AS400 JEMBATAN'!$AA26,'AS400 JEMBATAN'!W26,$AB26/$V$4)+$AD26,0) -> 0 | X26: =ROUNDUP(IF('AS400 JEMBATAN'!$AB26>='AS400 JEMBATAN'!$AA26,'AS400 JEMBATAN'!X26,$AB26/$V$4)+$AD26,0) -> 40 | Y26: =ROUNDUP(IF('AS400 JEMBATAN'!$AB26>='AS400 JEMBATAN'!$AA26,'AS400 JEMBATAN'!Y26,$AB26/$V$4)+$AD26,0) -> 0 | Z26: =ROUNDUP(IF('AS400 JEMBATAN'!$AB26>='AS400 JEMBATAN'!$AA26,'AS400 JEMBATAN'!Z26,$AB26/$V$4)+$AD26,0) -> 0 | AA26: =SUM(V26:Z26) -> 80 | AB26: ='QTY '!W26 -> 80 | AC26: =ROUNDUP((AB26-AA26)/$V$4,0) -> 0 | AE26: =ROUNDUP(IF('AS400 JEMBATAN'!$AK26>='AS400 JEMBATAN'!$AJ26,'AS400 JEMBATAN'!AE26,$AK26/$AE$4)+$AM26,0) -> 30 | AF26: =ROUNDUP(IF('AS400 JEMBATAN'!$AK26>='AS400 JEMBATAN'!$AJ26,'AS400 JEMBATAN'!AF26,$AK26/$AE$4)+$AM26,0) -> 30 | AG26: =ROUNDUP(IF('AS400 JEMBATAN'!$AK26>='AS400 JEMBATAN'!$AJ26,'AS400 JEMBATAN'!AG26,$AK26/$AE$4)+$AM26,0) -> 30 | AH26: =ROUNDUP(IF('AS400 JEMBATAN'!$AK26>='AS400 JEMBATAN'!$AJ26,'AS400 JEMBATAN'!AH26,$AK26/$AE$4)+$AM26,0) -> 30 | AJ26: =SUM(AE26:AI26) -> 120 | AK26: ='QTY '!Z26 -> 120 | AL26: =ROUNDUP((AK26-AJ26)/$AE$4,0) -> 0 | AN26: =+'AS400 JEMBATAN'!AN26 -> 30 | AO26: =+'AS400 JEMBATAN'!AO26 -> 30 | AP26: =+'AS400 JEMBATAN'!AP26 -> 30 | AQ26: =+'AS400 JEMBATAN'!AQ26 -> 30 | AS26: =SUM(AN26:AR26) -> 120 | AT26: ='QTY '!AC26 -> 120 | AU26: =ROUNDUP((AT26-AS26)/$AN$4,0) -> 0 | AV26: 0
A27: =+'AS400 JEMBATAN'!A27 -> DC111-2FK53 | B27: =+'AS400 JEMBATAN'!B27 -> DC111-2FK53 F 0201 | C27: ='AS400 JEMBATAN'!C27 -> BC 602W | D27: =ROUNDUP(IF('AS400 JEMBATAN'!$J27>='AS400 JEMBATAN'!$I27,'AS400 JEMBATAN'!D27,$J27/$D$4)+$L27,0) -> 280 | E27: =ROUNDUP(IF('AS400 JEMBATAN'!$J27>='AS400 JEMBATAN'!$I27,'AS400 JEMBATAN'!E27,$J27/$D$4)+$L27,0) -> 280 | F27: =ROUNDUP(IF('AS400 JEMBATAN'!$J27>='AS400 JEMBATAN'!$I27,'AS400 JEMBATAN'!F27,$J27/$D$4)+$L27,0) -> 360 | G27: =ROUNDUP(IF('AS400 JEMBATAN'!$J27>='AS400 JEMBATAN'!$I27,'AS400 JEMBATAN'!G27,$J27/$D$4)+$L27,0) -> 320 | I27: =SUM(D27:H27) -> 1240 | J27: ='QTY '!Q27 -> 1240 | K27: =ROUNDUP((J27-I27)/$D$4,0) -> 0 | M27: =ROUNDUP(IF('AS400 JEMBATAN'!$S27>='AS400 JEMBATAN'!$R27,'AS400 JEMBATAN'!M27,$S27/$M$4)+$U27,0) -> 400 | N27: =ROUNDUP(IF('AS400 JEMBATAN'!$S27>='AS400 JEMBATAN'!$R27,'AS400 JEMBATAN'!N27,$S27/$M$4)+$U27,0) -> 240 | O27: =ROUNDUP(IF('AS400 JEMBATAN'!$S27>='AS400 JEMBATAN'!$R27,'AS400 JEMBATAN'!O27,$S27/$M$4)+$U27,0) -> 0 | P27: =ROUNDUP(IF('AS400 JEMBATAN'!$S27>='AS400 JEMBATAN'!$R27,'AS400 JEMBATAN'!P27,$S27/$M$4)+$U27,0) -> 400 | Q27: =ROUNDUP(IF('AS400 JEMBATAN'!$S27>='AS400 JEMBATAN'!$R27,'AS400 JEMBATAN'!Q27,$S27/$M$4)+$U27,0) -> 0 | R27: =SUM(M27:Q27) -> 1040 | S27: ='QTY '!T27 -> 1040 | T27: =ROUNDUP((S27-R27)/$M$4,0) -> 0 | V27: =ROUNDUP(IF('AS400 JEMBATAN'!$AB27>='AS400 JEMBATAN'!$AA27,'AS400 JEMBATAN'!V27,$AB27/$V$4)+$AD27,0) -> 280 | W27: =ROUNDUP(IF('AS400 JEMBATAN'!$AB27>='AS400 JEMBATAN'!$AA27,'AS400 JEMBATAN'!W27,$AB27/$V$4)+$AD27,0) -> 280 | X27: =ROUNDUP(IF('AS400 JEMBATAN'!$AB27>='AS400 JEMBATAN'!$AA27,'AS400 JEMBATAN'!X27,$AB27/$V$4)+$AD27,0) -> 280 | Y27: =ROUNDUP(IF('AS400 JEMBATAN'!$AB27>='AS400 JEMBATAN'!$AA27,'AS400 JEMBATAN'!Y27,$AB27/$V$4)+$AD27,0) -> 240 | Z27: =ROUNDUP(IF('AS400 JEMBATAN'!$AB27>='AS400 JEMBATAN'!$AA27,'AS400 JEMBATAN'!Z27,$AB27/$V$4)+$AD27,0) -> 0 | AA27: =SUM(V27:Z27) -> 1080 | AB27: ='QTY '!W27 -> 1080 | AC27: =ROUNDUP((AB27-AA27)/$V$4,0) -> 0 | AE27: =ROUNDUP(IF('AS400 JEMBATAN'!$AK27>='AS400 JEMBATAN'!$AJ27,'AS400 JEMBATAN'!AE27,$AK27/$AE$4)+$AM27,0) -> 310 | AF27: =ROUNDUP(IF('AS400 JEMBATAN'!$AK27>='AS400 JEMBATAN'!$AJ27,'AS400 JEMBATAN'!AF27,$AK27/$AE$4)+$AM27,0) -> 310 | AG27: =ROUNDUP(IF('AS400 JEMBATAN'!$AK27>='AS400 JEMBATAN'!$AJ27,'AS400 JEMBATAN'!AG27,$AK27/$AE$4)+$AM27,0) -> 310 | AH27: =ROUNDUP(IF('AS400 JEMBATAN'!$AK27>='AS400 JEMBATAN'!$AJ27,'AS400 JEMBATAN'!AH27,$AK27/$AE$4)+$AM27,0) -> 310 | AJ27: =SUM(AE27:AI27) -> 1240 | AK27: ='QTY '!Z27 -> 1240 | AL27: =ROUNDUP((AK27-AJ27)/$AE$4,0) -> 0 | AN27: =+'AS400 JEMBATAN'!AN27 -> 310 | AO27: =+'AS400 JEMBATAN'!AO27 -> 310 | AP27: =+'AS400 JEMBATAN'!AP27 -> 310 | AQ27: =+'AS400 JEMBATAN'!AQ27 -> 310 | AS27: =SUM(AN27:AR27) -> 1240 | AT27: ='QTY '!AC27 -> 1240 | AU27: =ROUNDUP((AT27-AS27)/$AN$4,0) -> 0 | AV27: 0
A28: =+'AS400 JEMBATAN'!A28 -> DC111-V3A41 | B28: =+'AS400 JEMBATAN'!B28 -> DC111-V3A41 B 0201 | C28: ='AS400 JEMBATAN'!C28 -> BC 602W | D28: =ROUNDUP(IF('AS400 JEMBATAN'!$J28>='AS400 JEMBATAN'!$I28,'AS400 JEMBATAN'!D28,$J28/$D$4)+$L28,0) -> 0 | E28: =ROUNDUP(IF('AS400 JEMBATAN'!$J28>='AS400 JEMBATAN'!$I28,'AS400 JEMBATAN'!E28,$J28/$D$4)+$L28,0) -> 0 | F28: =ROUNDUP(IF('AS400 JEMBATAN'!$J28>='AS400 JEMBATAN'!$I28,'AS400 JEMBATAN'!F28,$J28/$D$4)+$L28,0) -> 0 | G28: =ROUNDUP(IF('AS400 JEMBATAN'!$J28>='AS400 JEMBATAN'!$I28,'AS400 JEMBATAN'!G28,$J28/$D$4)+$L28,0) -> 0 | I28: =SUM(D28:H28) -> 0 | J28: ='QTY '!Q28 -> 0 | K28: =ROUNDUP((J28-I28)/$D$4,0) -> 0 | M28: =ROUNDUP(IF('AS400 JEMBATAN'!$S28>='AS400 JEMBATAN'!$R28,'AS400 JEMBATAN'!M28,$S28/$M$4)+$U28,0) -> 0 | N28: =ROUNDUP(IF('AS400 JEMBATAN'!$S28>='AS400 JEMBATAN'!$R28,'AS400 JEMBATAN'!N28,$S28/$M$4)+$U28,0) -> 0 | O28: =ROUNDUP(IF('AS400 JEMBATAN'!$S28>='AS400 JEMBATAN'!$R28,'AS400 JEMBATAN'!O28,$S28/$M$4)+$U28,0) -> 0 | P28: =ROUNDUP(IF('AS400 JEMBATAN'!$S28>='AS400 JEMBATAN'!$R28,'AS400 JEMBATAN'!P28,$S28/$M$4)+$U28,0) -> 0 | Q28: =ROUNDUP(IF('AS400 JEMBATAN'!$S28>='AS400 JEMBATAN'!$R28,'AS400 JEMBATAN'!Q28,$S28/$M$4)+$U28,0) -> 0 | R28: =SUM(M28:Q28) -> 0 | S28: ='QTY '!T28 -> 0 | T28: =ROUNDUP((S28-R28)/$M$4,0) -> 0 | V28: =ROUNDUP(IF('AS400 JEMBATAN'!$AB28>='AS400 JEMBATAN'!$AA28,'AS400 JEMBATAN'!V28,$AB28/$V$4)+$AD28,0) -> 0 | W28: =ROUNDUP(IF('AS400 JEMBATAN'!$AB28>='AS400 JEMBATAN'!$AA28,'AS400 JEMBATAN'!W28,$AB28/$V$4)+$AD28,0) -> 0 | X28: =ROUNDUP(IF('AS400 JEMBATAN'!$AB28>='AS400 JEMBATAN'!$AA28,'AS400 JEMBATAN'!X28,$AB28/$V$4)+$AD28,0) -> 0 | Y28: =ROUNDUP(IF('AS400 JEMBATAN'!$AB28>='AS400 JEMBATAN'!$AA28,'AS400 JEMBATAN'!Y28,$AB28/$V$4)+$AD28,0) -> 0 | Z28: =ROUNDUP(IF('AS400 JEMBATAN'!$AB28>='AS400 JEMBATAN'!$AA28,'AS400 JEMBATAN'!Z28,$AB28/$V$4)+$AD28,0) -> 0 | AA28: =SUM(V28:Z28) -> 0 | AB28: ='QTY '!W28 -> 0 | AC28: =ROUNDUP((AB28-AA28)/$V$4,0) -> 0 | AE28: =ROUNDUP(IF('AS400 JEMBATAN'!$AK28>='AS400 JEMBATAN'!$AJ28,'AS400 JEMBATAN'!AE28,$AK28/$AE$4)+$AM28,0) -> 0 | AF28: =ROUNDUP(IF('AS400 JEMBATAN'!$AK28>='AS400 JEMBATAN'!$AJ28,'AS400 JEMBATAN'!AF28,$AK28/$AE$4)+$AM28,0) -> 0 | AG28: =ROUNDUP(IF('AS400 JEMBATAN'!$AK28>='AS400 JEMBATAN'!$AJ28,'AS400 JEMBATAN'!AG28,$AK28/$AE$4)+$AM28,0) -> 0 | AH28: =ROUNDUP(IF('AS400 JEMBATAN'!$AK28>='AS400 JEMBATAN'!$AJ28,'AS400 JEMBATAN'!AH28,$AK28/$AE$4)+$AM28,0) -> 0 | AJ28: =SUM(AE28:AI28) -> 0 | AK28: ='QTY '!Z28 -> 0 | AL28: =ROUNDUP((AK28-AJ28)/$AE$4,0) -> 0 | AN28: =+'AS400 JEMBATAN'!AN28 -> 0 | AO28: =+'AS400 JEMBATAN'!AO28 -> 0 | AP28: =+'AS400 JEMBATAN'!AP28 -> 0 | AQ28: =+'AS400 JEMBATAN'!AQ28 -> 0 | AS28: =SUM(AN28:AR28) -> 0 | AT28: ='QTY '!AC28 -> 0 | AU28: =ROUNDUP((AT28-AS28)/$AN$4,0) -> 0 | AV28: 0
A29: =+'AS400 JEMBATAN'!A29 -> DC111-V3881 | B29: =+'AS400 JEMBATAN'!B29 -> DC111-V3881 B 0201 | C29: ='AS400 JEMBATAN'!C29 -> BC 602W | D29: =ROUNDUP(IF('AS400 JEMBATAN'!$J29>='AS400 JEMBATAN'!$I29,'AS400 JEMBATAN'!D29,$J29/$D$4)+$L29,0) -> 0 | E29: =ROUNDUP(IF('AS400 JEMBATAN'!$J29>='AS400 JEMBATAN'!$I29,'AS400 JEMBATAN'!E29,$J29/$D$4)+$L29,0) -> 0 | F29: =ROUNDUP(IF('AS400 JEMBATAN'!$J29>='AS400 JEMBATAN'!$I29,'AS400 JEMBATAN'!F29,$J29/$D$4)+$L29,0) -> 0 | G29: =ROUNDUP(IF('AS400 JEMBATAN'!$J29>='AS400 JEMBATAN'!$I29,'AS400 JEMBATAN'!G29,$J29/$D$4)+$L29,0) -> 0 | I29: =SUM(D29:H29) -> 0 | J29: ='QTY '!Q29 -> 0 | K29: =ROUNDUP((J29-I29)/$D$4,0) -> 0 | M29: =ROUNDUP(IF('AS400 JEMBATAN'!$S29>='AS400 JEMBATAN'!$R29,'AS400 JEMBATAN'!M29,$S29/$M$4)+$U29,0) -> 0 | N29: =ROUNDUP(IF('AS400 JEMBATAN'!$S29>='AS400 JEMBATAN'!$R29,'AS400 JEMBATAN'!N29,$S29/$M$4)+$U29,0) -> 0 | O29: =ROUNDUP(IF('AS400 JEMBATAN'!$S29>='AS400 JEMBATAN'!$R29,'AS400 JEMBATAN'!O29,$S29/$M$4)+$U29,0) -> 0 | P29: =ROUNDUP(IF('AS400 JEMBATAN'!$S29>='AS400 JEMBATAN'!$R29,'AS400 JEMBATAN'!P29,$S29/$M$4)+$U29,0) -> 0 | Q29: =ROUNDUP(IF('AS400 JEMBATAN'!$S29>='AS400 JEMBATAN'!$R29,'AS400 JEMBATAN'!Q29,$S29/$M$4)+$U29,0) -> 0 | R29: =SUM(M29:Q29) -> 0 | S29: ='QTY '!T29 -> 0 | T29: =ROUNDUP((S29-R29)/$M$4,0) -> 0 | V29: =ROUNDUP(IF('AS400 JEMBATAN'!$AB29>='AS400 JEMBATAN'!$AA29,'AS400 JEMBATAN'!V29,$AB29/$V$4)+$AD29,0) -> 0 | W29: =ROUNDUP(IF('AS400 JEMBATAN'!$AB29>='AS400 JEMBATAN'!$AA29,'AS400 JEMBATAN'!W29,$AB29/$V$4)+$AD29,0) -> 0 | X29: =ROUNDUP(IF('AS400 JEMBATAN'!$AB29>='AS400 JEMBATAN'!$AA29,'AS400 JEMBATAN'!X29,$AB29/$V$4)+$AD29,0) -> 0 | Y29: =ROUNDUP(IF('AS400 JEMBATAN'!$AB29>='AS400 JEMBATAN'!$AA29,'AS400 JEMBATAN'!Y29,$AB29/$V$4)+$AD29,0) -> 0 | Z29: =ROUNDUP(IF('AS400 JEMBATAN'!$AB29>='AS400 JEMBATAN'!$AA29,'AS400 JEMBATAN'!Z29,$AB29/$V$4)+$AD29,0) -> 0 | AA29: =SUM(V29:Z29) -> 0 | AB29: ='QTY '!W29 -> 0 | AC29: =ROUNDUP((AB29-AA29)/$V$4,0) -> 0 | AE29: =ROUNDUP(IF('AS400 JEMBATAN'!$AK29>='AS400 JEMBATAN'!$AJ29,'AS400 JEMBATAN'!AE29,$AK29/$AE$4)+$AM29,0) -> 0 | AF29: =ROUNDUP(IF('AS400 JEMBATAN'!$AK29>='AS400 JEMBATAN'!$AJ29,'AS400 JEMBATAN'!AF29,$AK29/$AE$4)+$AM29,0) -> 0 | AG29: =ROUNDUP(IF('AS400 JEMBATAN'!$AK29>='AS400 JEMBATAN'!$AJ29,'AS400 JEMBATAN'!AG29,$AK29/$AE$4)+$AM29,0) -> 0 | AH29: =ROUNDUP(IF('AS400 JEMBATAN'!$AK29>='AS400 JEMBATAN'!$AJ29,'AS400 JEMBATAN'!AH29,$AK29/$AE$4)+$AM29,0) -> 0 | AJ29: =SUM(AE29:AI29) -> 0 | AK29: ='QTY '!Z29 -> 0 | AL29: =ROUNDUP((AK29-AJ29)/$AE$4,0) -> 0 | AN29: =+'AS400 JEMBATAN'!AN29 -> 0 | AO29: =+'AS400 JEMBATAN'!AO29 -> 0 | AP29: =+'AS400 JEMBATAN'!AP29 -> 0 | AQ29: =+'AS400 JEMBATAN'!AQ29 -> 0 | AS29: =SUM(AN29:AR29) -> 0 | AT29: ='QTY '!AC29 -> 0 | AU29: =ROUNDUP((AT29-AS29)/$AN$4,0) -> 0 | AV29: 0
A30: =+'AS400 JEMBATAN'!A30 -> DC111-V3650 | B30: =+'AS400 JEMBATAN'!B30 -> DC111-V3650 C 0201 | C30: ='AS400 JEMBATAN'!C30 -> BC 602W | D30: =ROUNDUP(IF('AS400 JEMBATAN'!$J30>='AS400 JEMBATAN'!$I30,'AS400 JEMBATAN'!D30,$J30/$D$4)+$L30,0) -> 0 | E30: =ROUNDUP(IF('AS400 JEMBATAN'!$J30>='AS400 JEMBATAN'!$I30,'AS400 JEMBATAN'!E30,$J30/$D$4)+$L30,0) -> 0 | F30: =ROUNDUP(IF('AS400 JEMBATAN'!$J30>='AS400 JEMBATAN'!$I30,'AS400 JEMBATAN'!F30,$J30/$D$4)+$L30,0) -> 0 | G30: =ROUNDUP(IF('AS400 JEMBATAN'!$J30>='AS400 JEMBATAN'!$I30,'AS400 JEMBATAN'!G30,$J30/$D$4)+$L30,0) -> 0 | I30: =SUM(D30:H30) -> 0 | J30: ='QTY '!Q30 -> 0 | K30: =ROUNDUP((J30-I30)/$D$4,0) -> 0 | M30: =ROUNDUP(IF('AS400 JEMBATAN'!$S30>='AS400 JEMBATAN'!$R30,'AS400 JEMBATAN'!M30,$S30/$M$4)+$U30,0) -> 0 | N30: =ROUNDUP(IF('AS400 JEMBATAN'!$S30>='AS400 JEMBATAN'!$R30,'AS400 JEMBATAN'!N30,$S30/$M$4)+$U30,0) -> 0 | O30: =ROUNDUP(IF('AS400 JEMBATAN'!$S30>='AS400 JEMBATAN'!$R30,'AS400 JEMBATAN'!O30,$S30/$M$4)+$U30,0) -> 0 | P30: =ROUNDUP(IF('AS400 JEMBATAN'!$S30>='AS400 JEMBATAN'!$R30,'AS400 JEMBATAN'!P30,$S30/$M$4)+$U30,0) -> 0 | Q30: =ROUNDUP(IF('AS400 JEMBATAN'!$S30>='AS400 JEMBATAN'!$R30,'AS400 JEMBATAN'!Q30,$S30/$M$4)+$U30,0) -> 0 | R30: =SUM(M30:Q30) -> 0 | S30: ='QTY '!T30 -> 0 | T30: =ROUNDUP((S30-R30)/$M$4,0) -> 0 | V30: =ROUNDUP(IF('AS400 JEMBATAN'!$AB30>='AS400 JEMBATAN'!$AA30,'AS400 JEMBATAN'!V30,$AB30/$V$4)+$AD30,0) -> 0 | W30: =ROUNDUP(IF('AS400 JEMBATAN'!$AB30>='AS400 JEMBATAN'!$AA30,'AS400 JEMBATAN'!W30,$AB30/$V$4)+$AD30,0) -> 0 | X30: =ROUNDUP(IF('AS400 JEMBATAN'!$AB30>='AS400 JEMBATAN'!$AA30,'AS400 JEMBATAN'!X30,$AB30/$V$4)+$AD30,0) -> 0 | Y30: =ROUNDUP(IF('AS400 JEMBATAN'!$AB30>='AS400 JEMBATAN'!$AA30,'AS400 JEMBATAN'!Y30,$AB30/$V$4)+$AD30,0) -> 0 | Z30: =ROUNDUP(IF('AS400 JEMBATAN'!$AB30>='AS400 JEMBATAN'!$AA30,'AS400 JEMBATAN'!Z30,$AB30/$V$4)+$AD30,0) -> 0 | AA30: =SUM(V30:Z30) -> 0 | AB30: ='QTY '!W30 -> 0 | AC30: =ROUNDUP((AB30-AA30)/$V$4,0) -> 0 | AE30: =ROUNDUP(IF('AS400 JEMBATAN'!$AK30>='AS400 JEMBATAN'!$AJ30,'AS400 JEMBATAN'!AE30,$AK30/$AE$4)+$AM30,0) -> 10 | AF30: =ROUNDUP(IF('AS400 JEMBATAN'!$AK30>='AS400 JEMBATAN'!$AJ30,'AS400 JEMBATAN'!AF30,$AK30/$AE$4)+$AM30,0) -> 10 | AG30: =ROUNDUP(IF('AS400 JEMBATAN'!$AK30>='AS400 JEMBATAN'!$AJ30,'AS400 JEMBATAN'!AG30,$AK30/$AE$4)+$AM30,0) -> 10 | AH30: =ROUNDUP(IF('AS400 JEMBATAN'!$AK30>='AS400 JEMBATAN'!$AJ30,'AS400 JEMBATAN'!AH30,$AK30/$AE$4)+$AM30,0) -> 10 | AJ30: =SUM(AE30:AI30) -> 40 | AK30: ='QTY '!Z30 -> 40 | AL30: =ROUNDUP((AK30-AJ30)/$AE$4,0) -> 0 | AN30: =+'AS400 JEMBATAN'!AN30 -> 10 | AO30: =+'AS400 JEMBATAN'!AO30 -> 10 | AP30: =+'AS400 JEMBATAN'!AP30 -> 10 | AQ30: =+'AS400 JEMBATAN'!AQ30 -> 10 | AS30: =SUM(AN30:AR30) -> 40 | AT30: ='QTY '!AC30 -> 40 | AU30: =ROUNDUP((AT30-AS30)/$AN$4,0) -> 0 | AV30: 0
A31: =+'AS400 JEMBATAN'!A31 -> DC111-V3891 | B31: =+'AS400 JEMBATAN'!B31 -> DC111-V3891 B 0201 | C31: ='AS400 JEMBATAN'!C31 -> BC 602W | D31: =ROUNDUP(IF('AS400 JEMBATAN'!$J31>='AS400 JEMBATAN'!$I31,'AS400 JEMBATAN'!D31,$J31/$D$4)+$L31,0) -> 0 | E31: =ROUNDUP(IF('AS400 JEMBATAN'!$J31>='AS400 JEMBATAN'!$I31,'AS400 JEMBATAN'!E31,$J31/$D$4)+$L31,0) -> 0 | F31: =ROUNDUP(IF('AS400 JEMBATAN'!$J31>='AS400 JEMBATAN'!$I31,'AS400 JEMBATAN'!F31,$J31/$D$4)+$L31,0) -> 0 | G31: =ROUNDUP(IF('AS400 JEMBATAN'!$J31>='AS400 JEMBATAN'!$I31,'AS400 JEMBATAN'!G31,$J31/$D$4)+$L31,0) -> 0 | I31: =SUM(D31:H31) -> 0 | J31: ='QTY '!Q31 -> 0 | K31: =ROUNDUP((J31-I31)/$D$4,0) -> 0 | M31: =ROUNDUP(IF('AS400 JEMBATAN'!$S31>='AS400 JEMBATAN'!$R31,'AS400 JEMBATAN'!M31,$S31/$M$4)+$U31,0) -> 0 | N31: =ROUNDUP(IF('AS400 JEMBATAN'!$S31>='AS400 JEMBATAN'!$R31,'AS400 JEMBATAN'!N31,$S31/$M$4)+$U31,0) -> 0 | O31: =ROUNDUP(IF('AS400 JEMBATAN'!$S31>='AS400 JEMBATAN'!$R31,'AS400 JEMBATAN'!O31,$S31/$M$4)+$U31,0) -> 0 | P31: =ROUNDUP(IF('AS400 JEMBATAN'!$S31>='AS400 JEMBATAN'!$R31,'AS400 JEMBATAN'!P31,$S31/$M$4)+$U31,0) -> 0 | Q31: =ROUNDUP(IF('AS400 JEMBATAN'!$S31>='AS400 JEMBATAN'!$R31,'AS400 JEMBATAN'!Q31,$S31/$M$4)+$U31,0) -> 0 | R31: =SUM(M31:Q31) -> 0 | S31: ='QTY '!T31 -> 0 | T31: =ROUNDUP((S31-R31)/$M$4,0) -> 0 | V31: =ROUNDUP(IF('AS400 JEMBATAN'!$AB31>='AS400 JEMBATAN'!$AA31,'AS400 JEMBATAN'!V31,$AB31/$V$4)+$AD31,0) -> 0 | W31: =ROUNDUP(IF('AS400 JEMBATAN'!$AB31>='AS400 JEMBATAN'!$AA31,'AS400 JEMBATAN'!W31,$AB31/$V$4)+$AD31,0) -> 0 | X31: =ROUNDUP(IF('AS400 JEMBATAN'!$AB31>='AS400 JEMBATAN'!$AA31,'AS400 JEMBATAN'!X31,$AB31/$V$4)+$AD31,0) -> 0 | Y31: =ROUNDUP(IF('AS400 JEMBATAN'!$AB31>='AS400 JEMBATAN'!$AA31,'AS400 JEMBATAN'!Y31,$AB31/$V$4)+$AD31,0) -> 0 | Z31: =ROUNDUP(IF('AS400 JEMBATAN'!$AB31>='AS400 JEMBATAN'!$AA31,'AS400 JEMBATAN'!Z31,$AB31/$V$4)+$AD31,0) -> 0 | AA31: =SUM(V31:Z31) -> 0 | AB31: ='QTY '!W31 -> 0 | AC31: =ROUNDUP((AB31-AA31)/$V$4,0) -> 0 | AE31: =ROUNDUP(IF('AS400 JEMBATAN'!$AK31>='AS400 JEMBATAN'!$AJ31,'AS400 JEMBATAN'!AE31,$AK31/$AE$4)+$AM31,0) -> 0 | AF31: =ROUNDUP(IF('AS400 JEMBATAN'!$AK31>='AS400 JEMBATAN'!$AJ31,'AS400 JEMBATAN'!AF31,$AK31/$AE$4)+$AM31,0) -> 0 | AG31: =ROUNDUP(IF('AS400 JEMBATAN'!$AK31>='AS400 JEMBATAN'!$AJ31,'AS400 JEMBATAN'!AG31,$AK31/$AE$4)+$AM31,0) -> 0 | AH31: =ROUNDUP(IF('AS400 JEMBATAN'!$AK31>='AS400 JEMBATAN'!$AJ31,'AS400 JEMBATAN'!AH31,$AK31/$AE$4)+$AM31,0) -> 0 | AJ31: =SUM(AE31:AI31) -> 0 | AK31: ='QTY '!Z31 -> 0 | AL31: =ROUNDUP((AK31-AJ31)/$AE$4,0) -> 0 | AN31: =+'AS400 JEMBATAN'!AN31 -> 0 | AO31: =+'AS400 JEMBATAN'!AO31 -> 0 | AP31: =+'AS400 JEMBATAN'!AP31 -> 0 | AQ31: =+'AS400 JEMBATAN'!AQ31 -> 0 | AS31: =SUM(AN31:AR31) -> 0 | AT31: ='QTY '!AC31 -> 0 | AU31: =ROUNDUP((AT31-AS31)/$AN$4,0) -> 0 | AV31: 0
