Workbook

Sheet JAI 原檔
A1: YAZAKI FAX | D1: FROM
A3: OVERSEAS NETWORK | D3: TO
A5: FAX No. | C5: ATTN : MR.
B7: SR No. | D7: JAI 2023-12-1
B9: TYC FACT | D9: TJAT
B10: OVERSEAS FACT | D10: JAI
B11: ARRIVAL PORT | D11: KAO
B12: CUST | D12: TAIWAN TOYOTA
AI13: FIRM | AM13: FIRM | AQ13: FIRM | AU13: FIRM | AZ13: FIRM | BD13: FIRM | BI13: FIRM | BM13: FIRM | BQ13: FIRM | BV13: FIRM | BZ13: FIRM | CE13: FIRM | CI13: FIRM | CM13: FIRM | CQ13: FIRM | CV13: FIRM | CZ13: FIRM | DD13: FIRM | DI13: FIRM | DM13: FIRM | DR13: FIRM | DV13: FIRM | DZ13: FIRM | EE13: FORECAST | EI13: FORECAST | EM13: FORECAST | EQ13: FORECAST
AC14: TIME CHART MONTH | AI14: =H19 -> 3 | AM14: 4 | AQ14: 5 | AU14: 6 | AZ14: 7 | BD14: 8 | BI14: 9 | BM14: 10 | BQ14: 11 | BV14: 12 | BZ14: 1 | CE14: 2 | CI14: 3 | CM14: 4 | CQ14: 5 | CV14: 6 | CZ14: 7 | DD14: 8 | DI14: 9 | DM14: 10 | DR14: 11 | DV14: 12 | DZ14: 2024/1 | EE14: 2 | EI14: 3 | EM14: 4 | EQ14: 5
AC15: ETD JAI | AI15: 44602 | AJ15: =AI15+7 -> 44609 | AK15: =AJ15+7 -> 44616 | AL15: =AK15+7 -> 44623 | AM15: =AL15+7 -> 44630 | AN15: =AM15+7 -> 44637 | AO15: =AN15+7 -> 44644 | AP15: =AO15+7 -> 44651 | AQ15: =AP15+7 -> 44658 | ... ET15: =ES15+7 -> 45407
AC16: ETD PORT SUR | AI16: 44604 | AJ16: =AI16+7 -> 44611 | AK16: =AJ16+7 -> 44618 | AL16: =AK16+7 -> 44625 | AM16: =AL16+7 -> 44632 | AN16: =AM16+7 -> 44639 | AO16: =AN16+7 -> 44646 | AP16: =AO16+7 -> 44653 | AQ16: =AP16+7 -> 44660 | ... ET16: =ES16+7 -> 45409
A17: 車型 | B17: 部位別 | AC17: ETA KAO | AI17: 44612 | AJ17: =AI17+7 -> 44619 | AK17: =AJ17+7 -> 44626 | AL17: =AK17+7 -> 44633 | AM17: =AL17+7 -> 44640 | AN17: =AM17+7 -> 44647 | AO17: =AN17+7 -> 44654 | AP17: =AO17+7 -> 44661 | AQ17: =AP17+7 -> 44668 | ... ET17: =ES17+7 -> 45417
A18: CAR | AC18: ETA TYC | AI18: 44614 | AJ18: =AI18+7 -> 44621 | AK18: =AJ18+7 -> 44628 | AL18: =AK18+7 -> 44635 | AM18: =AL18+7 -> 44642 | AN18: =AM18+7 -> 44649 | AO18: =AN18+7 -> 44656 | AP18: =AO18+7 -> 44663 | AQ18: =AP18+7 -> 44670 | ... ET18: =ES18+7 -> 45419
A19: MODEL | B19: FAMILY | C19: No. | D19: PRODUCT NO | F19: SFX | H19: 3 | I19: 4 | J19: 5 | K19: 6 | L19: 7 | M19: 8 | N19: 9 | O19: 10 | P19: 11 | Q19: 12 | R19: 2023/1 | S19: 2 | T19: 3 | U19: 4 | V19: 5 | W19: 6 | X19: 7 | Y19: 8 | Z19: 9 | AA19: 10 | AB19: 11 | AC19: 12 | AD19: 1 | AE19: 2 | AF19: 3 | AG19: 4 | AH19: 5 | AI19: 1W | AJ19: 2W | AK19: 3W | AL19: 4W | AM19: 1W | AN19: 2W | AO19: 3W | AP19: 4W | AQ19: 1W | AR19: 2W | AS19: 3W | AT19: 4W | AU19: 1W | AV19: 2W | AW19: 3W | AX19: 4W | AY19: 5W | AZ19: 1W | BA19: 2W | BB19: 3W | BC19: 4W | BD19: 1W | BE19: 2W | BF19: 3W | BG19: 4W | BH19: 5W | BI19: 1W | BJ19: 2W | BK19: 3W | BL19: 4W | BM19: 1W | BN19: 2W | BO19: 3W | BP19: 4W | BQ19: 1W | BR19: 2W | BS19: 3W | BT19: 4W | BU19: 5W | BV19: 1W | BW19: 2W | BX19: 3W | BY19: 4W | BZ19: 1W | CA19: 2W | CB19: 3W | CC19: 4W | CD19: 5W | CE19: 1W | CF19: 2W | CG19: 3W | CH19: 4W | CI19: 1W | CJ19: 2W | CK19: 3W | CL19: 4W | CM19: 1W | CN19: 2W | CO19: 3W | CP19: 4W | CQ19: 1W | CR19: 2W | CS19: 3W | CT19: 4W | CU19: 4W | CV19: 1W | CW19: 2W | CX19: 3W | CY19: 4W | CZ19: 1W | DA19: 2W | DB19: 3W | DC19: 4W | DD19: 1W | DE19: 2W | DF19: 3W | DG19: 4W | DH19: 5W | DI19: 1W | DJ19: 2W | DK19: 3W | DL19: 4W | DM19: 1W | DN19: 2W | DO19: 3W | DP19: 4W | DQ19: 5W | DR19: 1W | DS19: 2W | DT19: 3W | DU19: 4W | DV19: 1W | DW19: 2W | DX19: 3W | DY19: 4W | DZ19: 1W | EA19: 2W | EB19: 3W | EC19: 4W | ED19: 1W | EE19: 2W | EF19: 3W | EG19: 4W | EH19: 1W | EI19: 2W | EJ19: 3W | EK19: 4W | EL19: 5W | EM19: 1W | EN19: 2W | EO19: 3W | EP19: 4W | EQ19: 1W | ER19: 2W | ES19: 3W | ET19: 4W
A20: CORALLA | B20: WIRE, ENGINE ROOM MAIN | C20: 1 | D20: 82111-F2132 | E20: AT10 | F20: A02 | G20: QTY | H20: 330 | I20: 0 | J20: 0 | K20: 220 | L20: 250 | M20: 220 | N20: 310 | O20: 230 | P20: 310 | Q20: 0 | R20: 0 | S20: 0 | T20: 70 | U20: 160 | V20: 270 | W20: 190 | X20: 210 | Y20: 100 | Z20: 280 | AA20: =SUBTOTAL(9,DM20:DQ20) -> 400 | AB20: =SUBTOTAL(9,DR20:DU20) -> 450 | AC20: =SUBTOTAL(9,DV20:DY20) -> 390 | AD20: =SUBTOTAL(9,DZ20:ED20) -> 250 | AE20: =SUBTOTAL(9,EE20:EH20) -> 0 | AF20: =SUBTOTAL(9,EI20:EL20) -> 0 | AG20: =SUBTOTAL(9,EM20:EP20) -> 0 | AH20: =SUBTOTAL(9,EQ20:ET20) -> 0 | AI20: 90 | AJ20: 80 | AK20: 80 | AL20: 80 | AM20: 0 | AN20: 0 | AO20: 0 | AP20: 0 | AQ20: 0 | AR20: 0 | AS20: 0 | AT20: 0 | AU20: 0 | AV20: 60 | AW20: 60 | AX20: 50 | AY20: 50 | AZ20: 70 | BA20: 60 | BB20: 60 | BC20: 60 | BD20: 60 | BE20: 60 | BF20: 0 | BG20: 50 | BH20: 50 | BI20: 80 | BJ20: 80 | BK20: 80 | BL20: 70 | BM20: 60 | BN20: 60 | BO20: 60 | BP20: 50 | BQ20: 70 | BR20: 60 | BS20: 60 | BT20: 60 | BU20: 60 | BV20: 70 | BW20: 70 | BX20: 60 | BY20: 60 | BZ20: 0 | CA20: 0 | CB20: 0 | CC20: 0 | CD20: 0 | CE20: 0 | CF20: 0 | CG20: 0 | CH20: 0 | CI20: 0 | CJ20: 30 | CK20: 20 | CL20: 20 | CM20: 0 | CN20: 0 | CO20: 80 | CP20: 80 | CQ20: 70 | CR20: 70 | CS20: 70 | CT20: 0 | CU20: 60 | CV20: 50 | CW20: 50 | CX20: 50 | CY20: 40 | CZ20: 60 | DA20: 50 | DB20: 50 | DC20: 50 | DD20: 30 | DE20: 30 | DF20: 0 | DG20: 20 | DH20: 20 | DI20: 70 | DJ20: 70 | DK20: 70 | DL20: 70 | DM20: 80 | DN20: 80 | DO20: 80 | DP20: 80 | DQ20: 80 | DR20: 120 | DS20: 110 | DT20: 110 | DU20: 110 | DV20: 100 | DW20: 100 | DX20: 100 | DY20: 90 | DZ20: 50 | EA20: 50 | EB20: 50 | EC20: 50 | ED20: 50
G21: CUM | H21: 3010 | I21: =H21+I20 -> 3010 | J21: =I21+J20 -> 3010 | K21: =J21+K20 -> 3230 | L21: =K21+L20 -> 3480 | M21: =L21+M20 -> 3700 | N21: =M21+N20 -> 4010 | O21: =N21+O20 -> 4240 | P21: =O21+P20 -> 4550 | Q21: 0 | R21: =Q21+R20 -> 0 | S21: =R21+S20 -> 0 | T21: =S21+T20 -> 70 | U21: =T21+U20 -> 230 | V21: =U21+V20 -> 500 | W21: =V21+W20 -> 690 | X21: =W21+X20 -> 900 | Y21: =X21+Y20 -> 1000 | ... AI21: =AH21+AI20 -> 2860 | AJ21: =AH21+AJ20 -> 2850 | AK21: =AJ21+AK20 -> 2930 | AL21: =AK21+AL20 -> 3010 | AM21: =AK21+AM20 -> 2930 | AN21: =AM21+AN20 -> 2930 | AO21: =AN21+AO20 -> 2930 | AP21: =AN21+AP20 -> 2930 | AQ21: =AP21+AQ20 -> 2930 | AR21: =AQ21+AR20 -> 2930 | AS21: =AQ21+AS20 -> 2930 | AT21: =AS21+AT20 -> 2930 | AU21: =AT21+AU20 -> 2930 | AV21: =AT21+AV20 -> 2990 | AW21: =AV21+AW20 -> 3050 | AX21: =AW21+AX20 -> 3100 | AY21: =AW21+AY20 -> 3100 | AZ21: =AY21+AZ20 -> 3170 | BA21: =AZ21+BA20 -> 3230 | BB21: =AZ21+BB20 -> 3230 | BC21: =BB21+BC20 -> 3290 | BD21: =BC21+BD20 -> 3350 | BE21: =BC21+BE20 -> 3350 | BF21: =BE21+BF20 -> 3350 | BG21: =BF21+BG20 -> 3400 | BH21: =BF21+BH20 -> 3400 | BI21: =BH21+BI20 -> 3480 | BJ21: =BI21+BJ20 -> 3560 | BK21: =BI21+BK20 -> 3560 | BL21: =BK21+BL20 -> 3630 | BM21: =BL21+BM20 -> 3690 | BN21: =BL21+BN20 -> 3690 | BO21: =BN21+BO20 -> 3750 | BP21: =BO21+BP20 -> 3800 | BQ21: =BO21+BQ20 -> 3820 | BR21: =BQ21+BR20 -> 3880 | BS21: =BR21+BS20 -> 3940 | BT21: =BR21+BT20 -> 3940 | BU21: =BT21+BU20 -> 4000 | BV21: =BU21+BV20 -> 4070 | BW21: =BU21+BW20 -> 4070 | BX21: =BW21+BX20 -> 4130 | BY21: =BX21+BY20 -> 4190 | BZ21: =BX21+BZ20 -> 4130 | CA21: =BZ21+CA20 -> 4130 | CB21: =CA21+CB20 -> 4130 | CC21: =CA21+CC20 -> 4130 | CD21: =CC21+CD20 -> 4130 | CE21: =CD21+CE20 -> 4130 | CF21: =CD21+CF20 -> 4130 | CG21: =CF21+CG20 -> 4130 | CH21: =CG21+CH20 -> 4130 | CI21: =CG21+CI20 -> 4130 | CJ21: =CI21+CJ20 -> 4160 | CK21: =CJ21+CK20 -> 4180 | CL21: =CJ21+CL20 -> 4180 | CM21: =CL21+CM20 -> 4180 | CN21: =CM21+CN20 -> 4180 | CO21: =CM21+CO20 -> 4260 | CP21: =CO21+CP20 -> 4340 | CQ21: =CP21+CQ20 -> 4410 | CR21: =CP21+CR20 -> 4410 | CS21: =CR21+CS20 -> 4480 | CT21: =CS21+CT20 -> 4480 | CU21: =CS21+CU20 -> 4540 | CV21: =CU21+CV20 -> 4590 | CW21: =CV21+CW20 -> 4640 | CX21: =CV21+CX20 -> 4640 | CY21: =CX21+CY20 -> 4680 | CZ21: =CY21+CZ20 -> 4740 | DA21: =CY21+DA20 -> 4730 | DB21: =DA21+DB20 -> 4780 | DC21: =DB21+DC20 -> 4830 | DD21: =DB21+DD20 -> 4810 | DE21: =DD21+DE20 -> 4840 | DF21: =DE21+DF20 -> 4840 | DG21: =DE21+DG20 -> 4860 | DH21: =DG21+DH20 -> 4880 | DI21: =DH21+DI20 -> 4950 | DJ21: =DH21+DJ20 -> 4950 | DK21: =DJ21+DK20 -> 5020 | DL21: =DK21+DL20 -> 5090 | DM21: =DK21+DM20 -> 5100 | DN21: =DM21+DN20 -> 5180 | DO21: =DN21+DO20 -> 5260 | DP21: =DN21+DP20 -> 5260 | DQ21: =DP21+DQ20 -> 5340 | DR21: =DQ21+DR20 -> 5460 | DS21: =DQ21+DS20 -> 5450 | DT21: =DS21+DT20 -> 5560 | DU21: =DT21+DU20 -> 5670 | DV21: =DU21+DV20 -> 5770 | DW21: =DV21+DW20 -> 5870 | DX21: =DW21+DX20 -> 5970 | DY21: =DX21+DY20 -> 6060 | DZ21: =DY21+DZ20 -> 6110 | EA21: =DZ21+EA20 -> 6160 | ... ET21: =ES21+ET20 -> 6310
C22: 2 | D22: 82111-F2152 | E22: AT10 | F22: A02 | G22: QTY | H22: 10 | I22: 0 | J22: 10 | K22: 0 | L22: 0 | M22: 0 | N22: 0 | O22: 0 | P22: 10 | Q22: 0 | R22: 0 | S22: 0 | T22: 5 | U22: 0 | V22: 0 | W22: 6 | X22: 0 | Y22: 6 | Z22: 0 | AA22: =SUBTOTAL(9,DM22:DQ22) -> 0 | AB22: =SUBTOTAL(9,DR22:DU22) -> 0 | AC22: =SUBTOTAL(9,DV22:DY22) -> 6 | AD22: =SUBTOTAL(9,DZ22:ED22) -> 0 | AE22: =SUBTOTAL(9,EE22:EH22) -> 0 | AF22: =SUBTOTAL(9,EI22:EL22) -> 0 | AG22: =SUBTOTAL(9,EM22:EP22) -> 0 | AH22: =SUBTOTAL(9,EQ22:ET22) -> 0 | AI22: 10 | AJ22: 0 | AK22: 0 | AL22: 0 | AM22: 0 | AN22: 0 | AO22: 0 | AP22: 0 | AQ22: 10 | AR22: 0 | AS22: 0 | AT22: 0 | AU22: 0 | AV22: 0 | AW22: 0 | AX22: 0 | AY22: 0 | AZ22: 0 | BA22: 0 | BB22: 0 | BC22: 0 | BD22: 0 | BE22: 0 | BF22: 0 | BG22: 0 | BH22: 0 | BI22: 0 | BJ22: 0 | BK22: 0 | BL22: 0 | BM22: 0 | BN22: 0 | BO22: 0 | BP22: 0 | BQ22: 10 | BR22: 0 | BS22: 0 | BT22: 0 | BU22: 0 | BV22: 10 | BW22: 10 | BX22: 0 | BY22: 0 | BZ22: 0 | CA22: 0 | CB22: 0 | CC22: 0 | CD22: 0 | CE22: 0 | CF22: 0 | CG22: 0 | CH22: 0 | CI22: 0 | CJ22: 5 | CK22: 0 | CL22: 0 | CM22: 0 | CN22: 0 | CO22: 0 | CP22: 0 | CQ22: 0 | CR22: 0 | CS22: 0 | CT22: 0 | CU22: 0 | CV22: 6 | CW22: 0 | CX22: 0 | CY22: 0 | CZ22: 0 | DA22: 0 | DB22: 0 | DC22: 0 | DD22: 6 | DE22: 0 | DF22: 0 | DG22: 0 | DH22: 0 | DI22: 0 | DJ22: 0 | DK22: 0 | DL22: 0 | DR22: 0 | DS22: 0 | DT22: 0 | DU22: 0 | DV22: 6 | DW22: 0 | DX22: 0 | DY22: 0 | DZ22: 0 | EA22: 0 | EB22: 0 | EC22: 0 | ED22: 0
G23: CUM | H23: 60 | I23: =H23+I22 -> 60 | J23: =I23+J22 -> 70 | K23: =J23+K22 -> 70 | L23: =K23+L22 -> 70 | M23: =L23+M22 -> 70 | N23: =M23+N22 -> 70 | O23: =N23+O22 -> 70 | P23: =O23+P22 -> 80 | Q23: 0 | R23: =Q23+R22 -> 0 | S23: =R23+S22 -> 0 | T23: =S23+T22 -> 5 | U23: =T23+U22 -> 5 | V23: =U23+V22 -> 5 | W23: =V23+W22 -> 11 | X23: =W23+X22 -> 11 | Y23: =X23+Y22 -> 17 | ... AH23: =AG23+AH22 -> 23 | AI23: 60 | AJ23: =AI23+AJ22 -> 60 | AK23: =AJ23+AK22 -> 60 | AL23: =AK23+AL22 -> 60 | AM23: =AL23+AM22 -> 60 | AN23: =AM23+AN22 -> 60 | AO23: =AN23+AO22 -> 60 | AP23: =AO23+AP22 -> 60 | AQ23: =AP23+AQ22 -> 70 | ... CD23: =CC23+CD22 -> 100 | CE23: 0 | CF23: =CE23+CF22 -> 0 | CG23: =CF23+CG22 -> 0 | CH23: =CG23+CH22 -> 0 | CI23: =CH23+CI22 -> 0 | CJ23: =CI23+CJ22 -> 5 | CK23: =CJ23+CK22 -> 5 | CL23: =CK23+CL22 -> 5 | CM23: =CL23+CM22 -> 5 | ... ET23: =ES23+ET22 -> 23
C24: 3 | D24: 82111-F2W23 | E24: AT10 | F24: B02 | G24: QTY | H24: 0 | I24: 0 | J24: 0 | K24: 0 | L24: 0 | M24: 0 | N24: 0 | O24: 0 | P24: 0 | Q24: 0 | R24: 0 | S24: 0 | T24: 210 | U24: 940 | V24: 1010 | W24: 660 | X24: 910 | Y24: 240 | Z24: 780 | AA24: =SUBTOTAL(9,DM24:DQ24) -> 740 | AB24: =SUBTOTAL(9,DR24:DU24) -> 910 | AC24: =SUBTOTAL(9,DV24:DY24) -> 850 | AD24: =SUBTOTAL(9,DZ24:ED24) -> 350 | AE24: =SUBTOTAL(9,EE24:EH24) -> 0 | AF24: =SUBTOTAL(9,EI24:EL24) -> 0 | AG24: =SUBTOTAL(9,EM24:EP24) -> 0 | AH24: =SUBTOTAL(9,EQ24:ET24) -> 0 | AI24: 0 | AJ24: 0 | AK24: 0 | AL24: 0 | AM24: 0 | AN24: 0 | AO24: 0 | AP24: 0 | AQ24: 0 | AR24: 0 | AS24: 0 | AT24: 0 | AU24: 0 | AV24: 0 | AW24: 0 | AX24: 0 | AY24: 0 | AZ24: 0 | BA24: 0 | BB24: 0 | BC24: 0 | BD24: 0 | BE24: 0 | BF24: 0 | BG24: 0 | BH24: 0 | BI24: 0 | BJ24: 0 | BK24: 0 | BL24: 0 | BM24: 0 | BN24: 0 | BO24: 0 | BP24: 0 | BQ24: 0 | BR24: 0 | BS24: 0 | BT24: 0 | BU24: 0 | BV24: 0 | BW24: 0 | BX24: 0 | BY24: 0 | BZ24: 0 | CA24: 0 | CB24: 0 | CC24: 0 | CD24: 0 | CE24: 0 | CF24: 0 | CG24: 0 | CH24: 0 | CI24: 0 | CJ24: 70 | CK24: 70 | CL24: 70 | CM24: 240 | CN24: 240 | CO24: 230 | CP24: 230 | CQ24: 250 | CR24: 260 | CS24: 250 | CT24: 0 | CU24: 250 | CV24: 160 | CW24: 160 | CX24: 170 | CY24: 170 | CZ24: 230 | DA24: 230 | DB24: 230 | DC24: 220 | DD24: 60 | DE24: 60 | DF24: 0 | DG24: 60 | DH24: 60 | DI24: 200 | DJ24: 200 | DK24: 190 | DL24: 190 | DM24: 150 | DN24: 150 | DO24: 150 | DP24: 150 | DQ24: 140 | DR24: 230 | DS24: 230 | DT24: 230 | DU24: 220 | DV24: 220 | DW24: 210 | DX24: 210 | DY24: 210 | DZ24: 70 | EA24: 70 | EB24: 70 | EC24: 70 | ED24: 70
G25: CUM | H25: 0 | I25: =H25+I24 -> 0 | J25: =I25+J24 -> 0 | K25: =J25+K24 -> 0 | L25: =K25+L24 -> 0 | M25: =L25+M24 -> 0 | N25: =M25+N24 -> 0 | O25: =N25+O24 -> 0 | P25: =O25+P24 -> 0 | ... AH25: =AG25+AH24 -> 7600 | AI25: 0 | AJ25: =AI25+AJ24 -> 0 | AK25: =AJ25+AK24 -> 0 | AL25: =AK25+AL24 -> 0 | AM25: =AL25+AM24 -> 0 | AN25: =AM25+AN24 -> 0 | AO25: =AN25+AO24 -> 0 | AP25: =AO25+AP24 -> 0 | AQ25: =AP25+AQ24 -> 0 | ... ET25: =ES25+ET24 -> 7600
C26: 4 | D26: 82111-F2W34 | E26: AT10 | F26: B02 | G26: QTY | H26: 0 | I26: 0 | J26: 0 | K26: 0 | L26: 0 | M26: 0 | N26: 0 | O26: 0 | P26: 0 | Q26: 0 | R26: 0 | S26: 0 | T26: 200 | U26: 1060 | V26: 660 | W26: 600 | X26: 840 | Y26: 890 | Z26: 610 | AA26: =SUBTOTAL(9,DM26:DQ26) -> 340 | AB26: =SUBTOTAL(9,DR26:DU26) -> 340 | AC26: =SUBTOTAL(9,DV26:DY26) -> 500 | AD26: =SUBTOTAL(9,DZ26:ED26) -> 310 | AE26: =SUBTOTAL(9,EE26:EH26) -> 0 | AF26: =SUBTOTAL(9,EI26:EL26) -> 0 | AG26: =SUBTOTAL(9,EM26:EP26) -> 0 | AH26: =SUBTOTAL(9,EQ26:ET26) -> 0 | AI26: 0 | AJ26: 0 | AK26: 0 | AL26: 0 | AM26: 0 | AN26: 0 | AO26: 0 | AP26: 0 | AQ26: 0 | AR26: 0 | AS26: 0 | AT26: 0 | AU26: 0 | AV26: 0 | AW26: 0 | AX26: 0 | AY26: 0 | AZ26: 0 | BA26: 0 | BB26: 0 | BC26: 0 | BD26: 0 | BE26: 0 | BF26: 0 | BG26: 0 | BH26: 0 | BI26: 0 | BJ26: 0 | BK26: 0 | BL26: 0 | BM26: 0 | BN26: 0 | BO26: 0 | BP26: 0 | BQ26: 0 | BR26: 0 | BS26: 0 | BT26: 0 | BU26: 0 | BV26: 0 | BW26: 0 | BX26: 0 | BY26: 0 | BZ26: 0 | CA26: 0 | CB26: 0 | CC26: 0 | CD26: 0 | CE26: 0 | CF26: 0 | CG26: 0 | CH26: 0 | CI26: 0 | CJ26: 70 | CK26: 70 | CL26: 60 | CM26: 270 | CN26: 270 | CO26: 260 | CP26: 260 | CQ26: 170 | CR26: 170 | CS26: 160 | CT26: 0 | CU26: 160 | CV26: 150 | CW26: 150 | CX26: 150 | CY26: 150 | CZ26: 210 | DA26: 210 | DB26: 210 | DC26: 210 | DD26: 230 | DE26: 220 | DF26: 0 | DG26: 220 | DH26: 220 | DI26: 150 | DJ26: 150 | DK26: 150 | DL26: 160 | DM26: 70 | DN26: 70 | DO26: 70 | DP26: 70 | DQ26: 60 | DR26: 90 | DS26: 90 | DT26: 80 | DU26: 80 | DV26: 125 | DW26: 125 | DX26: 125 | DY26: 125 | DZ26: 70 | EA26: 60 | EB26: 60 | EC26: 60 | ED26: 60
G27: CUM | H27: 0 | I27: =H27+I26 -> 0 | J27: =I27+J26 -> 0 | K27: =J27+K26 -> 0 | L27: =K27+L26 -> 0 | M27: =L27+M26 -> 0 | N27: =M27+N26 -> 0 | O27: =N27+O26 -> 0 | P27: =O27+P26 -> 0 | ... AH27: =AG27+AH26 -> 6350 | AI27: 0 | AJ27: =AI27+AJ26 -> 0 | AK27: =AJ27+AK26 -> 0 | AL27: =AK27+AL26 -> 0 | AM27: =AL27+AM26 -> 0 | AN27: =AM27+AN26 -> 0 | AO27: =AN27+AO26 -> 0 | AP27: =AO27+AP26 -> 0 | AQ27: =AP27+AQ26 -> 0 | ... ET27: =ES27+ET26 -> 6350
C28: 5 | D28: 82111-F2W42 | E28: AT10 | F28: C01 | G28: QTY | H28: 0 | I28: 0 | J28: 0 | K28: 0 | L28: 0 | M28: 0 | N28: 0 | O28: 0 | P28: 0 | Q28: 0 | R28: 0 | S28: 0 | T28: 10 | U28: 0 | V28: 0 | W28: 0 | X28: 0 | Y28: 0 | Z28: 0 | AA28: =SUBTOTAL(9,DM28:DQ28) -> 0 | AB28: =SUBTOTAL(9,DR28:DU28) -> 10 | AC28: =SUBTOTAL(9,DV28:DY28) -> 10 | AD28: =SUBTOTAL(9,DZ28:ED28) -> 10 | AE28: =SUBTOTAL(9,EE28:EH28) -> 0 | AF28: =SUBTOTAL(9,EI28:EL28) -> 0 | AG28: =SUBTOTAL(9,EM28:EP28) -> 0 | AH28: =SUBTOTAL(9,EQ28:ET28) -> 0 | AI28: 0 | AJ28: 0 | AK28: 0 | AL28: 0 | AM28: 0 | AN28: 0 | AO28: 0 | AP28: 0 | AQ28: 0 | AR28: 0 | AS28: 0 | AT28: 0 | AU28: 0 | AV28: 0 | AW28: 0 | AX28: 0 | AY28: 0 | AZ28: 0 | BA28: 0 | BB28: 0 | BC28: 0 | BD28: 0 | BE28: 0 | BF28: 0 | BG28: 0 | BH28: 0 | BI28: 0 | BJ28: 0 | BK28: 0 | BL28: 0 | BM28: 0 | BN28: 0 | BO28: 0 | BP28: 0 | BQ28: 0 | BR28: 0 | BS28: 0 | BT28: 0 | BU28: 0 | BV28: 0 | BW28: 0 | BX28: 0 | BY28: 0 | BZ28: 0 | CA28: 0 | CB28: 0 | CC28: 0 | CD28: 0 | CE28: 0 | CF28: 0 | CG28: 0 | CH28: 0 | CI28: 0 | CJ28: 10 | CK28: 0 | CL28: 0 | CM28: 0 | CN28: 0 | CO28: 0 | CP28: 0 | CQ28: 0 | CR28: 0 | CS28: 0 | CT28: 0 | CU28: 0 | CV28: 0 | CW28: 0 | CX28: 0 | CY28: 0 | CZ28: 0 | DA28: 0 | DB28: 0 | DC28: 0 | DD28: 0 | DE28: 0 | DF28: 0 | DG28: 0 | DH28: 0 | DI28: 0 | DJ28: 0 | DK28: 0 | DL28: 0 | DM28: 0 | DN28: 0 | DO28: 0 | DP28: 0 | DQ28: 0 | DR28: 10 | DS28: 0 | DT28: 0 | DU28: 0 | DV28: 10 | DW28: 0 | DX28: 0 | DY28: 0 | DZ28: 10 | EA28: 0 | EB28: 0 | EC28: 0 | ED28: 0
G29: CUM | H29: 0 | I29: =H29+I28 -> 0 | J29: =I29+J28 -> 0 | K29: =J29+K28 -> 0 | L29: =K29+L28 -> 0 | M29: =L29+M28 -> 0 | N29: =M29+N28 -> 0 | O29: =N29+O28 -> 0 | P29: =O29+P28 -> 0 | ... AH29: =AG29+AH28 -> 40 | AI29: 0 | AJ29: =AI29+AJ28 -> 0 | AK29: =AJ29+AK28 -> 0 | AL29: =AK29+AL28 -> 0 | AM29: =AL29+AM28 -> 0 | AN29: =AM29+AN28 -> 0 | AO29: =AN29+AO28 -> 0 | AP29: =AO29+AP28 -> 0 | AQ29: =AP29+AQ28 -> 0 | ... ET29: =ES29+ET28 -> 40
C30: 6 | D30: 82111-F2W63 | E30: AT10 | F30: B02 | G30: QTY | H30: 0 | I30: 0 | J30: 0 | K30: 0 | L30: 0 | M30: 0 | N30: 0 | O30: 0 | P30: 0 | Q30: 0 | R30: 0 | S30: 0 | T30: 20 | U30: 80 | V30: 70 | W30: 70 | X30: 60 | Y30: 20 | Z30: 80 | AA30: =SUBTOTAL(9,DM30:DQ30) -> 50 | AB30: =SUBTOTAL(9,DR30:DU30) -> 60 | AC30: =SUBTOTAL(9,DV30:DY30) -> 60 | AD30: =SUBTOTAL(9,DZ30:ED30) -> 30 | AE30: =SUBTOTAL(9,EE30:EH30) -> 0 | AF30: =SUBTOTAL(9,EI30:EL30) -> 0 | AG30: =SUBTOTAL(9,EM30:EP30) -> 0 | AH30: =SUBTOTAL(9,EQ30:ET30) -> 0 | AI30: 0 | AJ30: 0 | AK30: 0 | AL30: 0 | AM30: 0 | AN30: 0 | AO30: 0 | AP30: 0 | AQ30: 0 | AR30: 0 | AS30: 0 | AT30: 0 | AU30: 0 | AV30: 0 | AW30: 0 | AX30: 0 | AY30: 0 | AZ30: 0 | BA30: 0 | BB30: 0 | BC30: 0 | BD30: 0 | BE30: 0 | BF30: 0 | BG30: 0 | BH30: 0 | BI30: 0 | BJ30: 0 | BK30: 0 | BL30: 0 | BM30: 0 | BN30: 0 | BO30: 0 | BP30: 0 | BQ30: 0 | BR30: 0 | BS30: 0 | BT30: 0 | BU30: 0 | BV30: 0 | BW30: 0 | BX30: 0 | BY30: 0 | BZ30: 0 | CA30: 0 | CB30: 0 | CC30: 0 | CD30: 0 | CE30: 0 | CF30: 0 | CG30: 0 | CH30: 0 | CI30: 0 | CJ30: 20 | CK30: 0 | CL30: 0 | CM30: 20 | CN30: 20 | CO30: 20 | CP30: 20 | CQ30: 20 | CR30: 10 | CS30: 20 | CT30: 0 | CU30: 20 | CV30: 20 | CW30: 10 | CX30: 20 | CY30: 20 | CZ30: 20 | DA30: 20 | DB30: 10 | DC30: 10 | DD30: 0 | DE30: 10 | DF30: 0 | DG30: 10 | DH30: 0 | DI30: 20 | DJ30: 20 | DK30: 20 | DL30: 20 | DM30: 10 | DN30: 10 | DO30: 10 | DP30: 10 | DQ30: 10 | DR30: 20 | DS30: 20 | DT30: 20 | DU30: 0 | DV30: 20 | DW30: 20 | DX30: 20 | DY30: 0 | DZ30: 20 | EA30: 10 | EB30: 0 | EC30: 0 | ED30: 0
G31: CUM | H31: 0 | I31: =H31+I30 -> 0 | J31: =I31+J30 -> 0 | K31: =J31+K30 -> 0 | L31: =K31+L30 -> 0 | M31: =L31+M30 -> 0 | N31: =M31+N30 -> 0 | O31: =N31+O30 -> 0 | P31: =O31+P30 -> 0 | ... AH31: =AG31+AH30 -> 600 | AI31: 0 | AJ31: =AI31+AJ30 -> 0 | AK31: =AJ31+AK30 -> 0 | AL31: =AK31+AL30 -> 0 | AM31: =AL31+AM30 -> 0 | AN31: =AM31+AN30 -> 0 | AO31: =AN31+AO30 -> 0 | AP31: =AO31+AP30 -> 0 | AQ31: =AP31+AQ30 -> 0 | ... ET31: =ES31+ET30 -> 600
C32: 7 | D32: 82111-F2W83 | E32: AT10 | F32: B02 | G32: QTY | H32: 0 | I32: 0 | J32: 0 | K32: 0 | L32: 0 | M32: 0 | N32: 0 | O32: 0 | P32: 0 | Q32: 0 | R32: 0 | S32: 0 | T32: 40 | U32: 110 | V32: 70 | W32: 40 | X32: 70 | Y32: 70 | Z32: 40 | AA32: =SUBTOTAL(9,DM32:DQ32) -> 60 | AB32: =SUBTOTAL(9,DR32:DU32) -> 40 | AC32: =SUBTOTAL(9,DV32:DY32) -> 110 | AD32: =SUBTOTAL(9,DZ32:ED32) -> 50 | AE32: =SUBTOTAL(9,EE32:EH32) -> 0 | AF32: =SUBTOTAL(9,EI32:EL32) -> 0 | AG32: =SUBTOTAL(9,EM32:EP32) -> 0 | AH32: =SUBTOTAL(9,EQ32:ET32) -> 0 | AI32: 0 | AJ32: 0 | AK32: 0 | AL32: 0 | AM32: 0 | AN32: 0 | AO32: 0 | AP32: 0 | AQ32: 0 | AR32: 0 | AS32: 0 | AT32: 0 | AU32: 0 | AV32: 0 | AW32: 0 | AX32: 0 | AY32: 0 | AZ32: 0 | BA32: 0 | BB32: 0 | BC32: 0 | BD32: 0 | BE32: 0 | BF32: 0 | BG32: 0 | BH32: 0 | BI32: 0 | BJ32: 0 | BK32: 0 | BL32: 0 | BM32: 0 | BN32: 0 | BO32: 0 | BP32: 0 | BQ32: 0 | BR32: 0 | BS32: 0 | BT32: 0 | BU32: 0 | BV32: 0 | BW32: 0 | BX32: 0 | BY32: 0 | BZ32: 0 | CA32: 0 | CB32: 0 | CC32: 0 | CD32: 0 | CE32: 0 | CF32: 0 | CG32: 0 | CH32: 0 | CI32: 0 | CJ32: 40 | CK32: 0 | CL32: 0 | CM32: 30 | CN32: 30 | CO32: 30 | CP32: 20 | CQ32: 20 | CR32: 20 | CS32: 20 | CT32: 0 | CU32: 10 | CV32: 10 | CW32: 10 | CX32: 10 | CY32: 10 | CZ32: 20 | DA32: 20 | DB32: 20 | DC32: 10 | DD32: 10 | DE32: 20 | DF32: 0 | DG32: 20 | DH32: 20 | DI32: 10 | DJ32: 10 | DK32: 10 | DL32: 10 | DM32: 20 | DN32: 10 | DO32: 10 | DP32: 10 | DQ32: 10 | DR32: 20 | DS32: 20 | DT32: 0 | DU32: 0 | DV32: 50 | DW32: 30 | DX32: 30 | DY32: 0 | DZ32: 20 | EA32: 20 | EB32: 10 | EC32: 0 | ED32: 0
G33: CUM | H33: 0 | I33: =H33+I32 -> 0 | J33: =I33+J32 -> 0 | K33: =J33+K32 -> 0 | L33: =K33+L32 -> 0 | M33: =L33+M32 -> 0 | N33: =M33+N32 -> 0 | O33: =N33+O32 -> 0 | P33: =O33+P32 -> 0 | ... AH33: =AG33+AH32 -> 700 | AI33: 0 | AJ33: =AI33+AJ32 -> 0 | AK33: =AJ33+AK32 -> 0 | AL33: =AK33+AL32 -> 0 | AM33: =AL33+AM32 -> 0 | AN33: =AM33+AN32 -> 0 | AO33: =AN33+AO32 -> 0 | AP33: =AO33+AP32 -> 0 | AQ33: =AP33+AQ32 -> 0 | ... ET33: =ES33+ET32 -> 700
C34: 8 | D34: 82111-F2W92 | E34: AT10 | F34: C01 | G34: QTY | H34: 0 | I34: 0 | J34: 0 | K34: 0 | L34: 0 | M34: 0 | N34: 0 | O34: 0 | P34: 0 | Q34: 0 | R34: 0 | S34: 0 | T34: 90 | U34: 500 | V34: 610 | W34: 540 | X34: 760 | Y34: 530 | Z34: 830 | AA34: =SUBTOTAL(9,DM34:DQ34) -> 770 | AB34: =SUBTOTAL(9,DR34:DU34) -> 780 | AC34: =SUBTOTAL(9,DV34:DY34) -> 680 | AD34: =SUBTOTAL(9,DZ34:ED34) -> 640 | AE34: =SUBTOTAL(9,EE34:EH34) -> 0 | AF34: =SUBTOTAL(9,EI34:EL34) -> 0 | AG34: =SUBTOTAL(9,EM34:EP34) -> 0 | AH34: =SUBTOTAL(9,EQ34:ET34) -> 0 | AI34: 0 | AJ34: 0 | AK34: 0 | AL34: 0 | AM34: 0 | AN34: 0 | AO34: 0 | AP34: 0 | AQ34: 0 | AR34: 0 | AS34: 0 | AT34: 0 | AU34: 0 | AV34: 0 | AW34: 0 | AX34: 0 | AY34: 0 | AZ34: 0 | BA34: 0 | BB34: 0 | BC34: 0 | BD34: 0 | BE34: 0 | BF34: 0 | BG34: 0 | BH34: 0 | BI34: 0 | BJ34: 0 | BK34: 0 | BL34: 0 | BM34: 0 | BN34: 0 | BO34: 0 | BP34: 0 | BQ34: 0 | BR34: 0 | BS34: 0 | BT34: 0 | BU34: 0 | BV34: 0 | BW34: 0 | BX34: 0 | BY34: 0 | BZ34: 0 | CA34: 0 | CB34: 0 | CC34: 0 | CD34: 0 | CE34: 0 | CF34: 0 | CG34: 0 | CH34: 0 | CI34: 0 | CJ34: 30 | CK34: 30 | CL34: 30 | CM34: 120 | CN34: 120 | CO34: 130 | CP34: 130 | CQ34: 150 | CR34: 150 | CS34: 150 | CT34: 0 | CU34: 160 | CV34: 140 | CW34: 130 | CX34: 130 | CY34: 140 | CZ34: 190 | DA34: 190 | DB34: 190 | DC34: 190 | DD34: 130 | DE34: 130 | DF34: 0 | DG34: 140 | DH34: 130 | DI34: 210 | DJ34: 210 | DK34: 210 | DL34: 200 | DM34: 160 | DN34: 160 | DO34: 150 | DP34: 150 | DQ34: 150 | DR34: 200 | DS34: 200 | DT34: 190 | DU34: 190 | DV34: 180 | DW34: 180 | DX34: 180 | DY34: 140 | DZ34: 150 | EA34: 150 | EB34: 150 | EC34: 95 | ED34: 95
G35: CUM | H35: 0 | I35: =H35+I34 -> 0 | J35: =I35+J34 -> 0 | K35: =J35+K34 -> 0 | L35: =K35+L34 -> 0 | M35: =L35+M34 -> 0 | N35: =M35+N34 -> 0 | O35: =N35+O34 -> 0 | P35: =O35+P34 -> 0 | ... AH35: =AG35+AH34 -> 6730 | AI35: 0 | AJ35: =AI35+AJ34 -> 0 | AK35: =AJ35+AK34 -> 0 | AL35: =AK35+AL34 -> 0 | AM35: =AL35+AM34 -> 0 | AN35: =AM35+AN34 -> 0 | AO35: =AN35+AO34 -> 0 | AP35: =AO35+AP34 -> 0 | AQ35: =AP35+AQ34 -> 0 | ... ET35: =ES35+ET34 -> 6730
C36: 9 | D36: 82111-F2X02 | E36: AT10 | F36: A02 | G36: QTY | H36: 0 | I36: 0 | J36: 0 | K36: 0 | L36: 0 | M36: 0 | N36: 0 | O36: 0 | P36: 0 | Q36: 0 | R36: 0 | S36: 0 | T36: 20 | U36: 50 | V36: 80 | W36: 80 | X36: 90 | Y36: 100 | Z36: 120 | AA36: =SUBTOTAL(9,DM36:DQ36) -> 110 | AB36: =SUBTOTAL(9,DR36:DU36) -> 200 | AC36: =SUBTOTAL(9,DV36:DY36) -> 440 | AD36: =SUBTOTAL(9,DZ36:ED36) -> 200 | AE36: =SUBTOTAL(9,EE36:EH36) -> 0 | AF36: =SUBTOTAL(9,EI36:EL36) -> 0 | AG36: =SUBTOTAL(9,EM36:EP36) -> 0 | AH36: =SUBTOTAL(9,EQ36:ET36) -> 0 | AI36: 0 | AJ36: 0 | AK36: 0 | AL36: 0 | AM36: 0 | AN36: 0 | AO36: 0 | AP36: 0 | AQ36: 0 | AR36: 0 | AS36: 0 | AT36: 0 | AU36: 0 | AV36: 0 | AW36: 0 | AX36: 0 | AY36: 0 | AZ36: 0 | BA36: 0 | BB36: 0 | BC36: 0 | BD36: 0 | BE36: 0 | BF36: 0 | BG36: 0 | BH36: 0 | BI36: 0 | BJ36: 0 | BK36: 0 | BL36: 0 | BM36: 0 | BN36: 0 | BO36: 0 | BP36: 0 | BQ36: 0 | BR36: 0 | BS36: 0 | BT36: 0 | BU36: 0 | BV36: 0 | BW36: 0 | BX36: 0 | BY36: 0 | BZ36: 0 | CA36: 0 | CB36: 0 | CC36: 0 | CD36: 0 | CE36: 0 | CF36: 0 | CG36: 0 | CH36: 0 | CI36: 0 | CJ36: 20 | CK36: 0 | CL36: 0 | CM36: 20 | CN36: 10 | CO36: 10 | CP36: 10 | CQ36: 20 | CR36: 20 | CS36: 20 | CT36: 0 | CU36: 20 | CV36: 20 | CW36: 20 | CX36: 20 | CY36: 20 | CZ36: 30 | DA36: 20 | DB36: 20 | DC36: 20 | DD36: 30 | DE36: 30 | DF36: 0 | DG36: 20 | DH36: 20 | DI36: 30 | DJ36: 30 | DK36: 30 | DL36: 30 | DM36: 30 | DN36: 20 | DO36: 20 | DP36: 20 | DQ36: 20 | DR36: 50 | DS36: 50 | DT36: 50 | DU36: 50 | DV36: 110 | DW36: 110 | DX36: 110 | DY36: 110 | DZ36: 40 | EA36: 40 | EB36: 40 | EC36: 40 | ED36: 40
G37: CUM | H37: 0 | I37: =H37+I36 -> 0 | J37: =I37+J36 -> 0 | K37: =J37+K36 -> 0 | L37: =K37+L36 -> 0 | M37: =L37+M36 -> 0 | N37: =M37+N36 -> 0 | O37: =N37+O36 -> 0 | P37: =O37+P36 -> 0 | ... AH37: =AG37+AH36 -> 1490 | AI37: 0 | AJ37: =AI37+AJ36 -> 0 | AK37: =AJ37+AK36 -> 0 | AL37: =AK37+AL36 -> 0 | AM37: =AL37+AM36 -> 0 | AN37: =AM37+AN36 -> 0 | AO37: =AN37+AO36 -> 0 | AP37: =AO37+AP36 -> 0 | AQ37: =AP37+AQ36 -> 0 | ... ET37: =ES37+ET36 -> 1490
C38: 10 | D38: 82111-F2C11 | E38: AT10 | F38: A02 | G38: QTY | H38: 0 | I38: 0 | J38: 0 | K38: 0 | L38: 0 | M38: 0 | N38: 0 | O38: 0 | P38: 0 | Q38: 0 | R38: 0 | S38: 0 | T38: 20 | U38: 70 | V38: 90 | W38: 40 | X38: 40 | Y38: 20 | Z38: 80 | AA38: =SUBTOTAL(9,DM38:DQ38) -> 80 | AB38: =SUBTOTAL(9,DR38:DU38) -> 90 | AC38: =SUBTOTAL(9,DV38:DY38) -> 80 | AD38: =SUBTOTAL(9,DZ38:ED38) -> 40 | AE38: =SUBTOTAL(9,EE38:EH38) -> 0 | AF38: =SUBTOTAL(9,EI38:EL38) -> 0 | AG38: =SUBTOTAL(9,EM38:EP38) -> 0 | AH38: =SUBTOTAL(9,EQ38:ET38) -> 0 | AI38: 0 | AJ38: 0 | AK38: 0 | AL38: 0 | AM38: 0 | AN38: 0 | AO38: 0 | AP38: 0 | AQ38: 0 | AR38: 0 | AS38: 0 | AT38: 0 | AU38: 0 | AV38: 0 | AW38: 0 | AX38: 0 | AY38: 0 | AZ38: 0 | BA38: 0 | BB38: 0 | BC38: 0 | BD38: 0 | BE38: 0 | BF38: 0 | BG38: 0 | BH38: 0 | BI38: 0 | BJ38: 0 | BK38: 0 | BL38: 0 | BM38: 0 | BN38: 0 | BO38: 0 | BP38: 0 | BQ38: 0 | BR38: 0 | BS38: 0 | BT38: 0 | BU38: 0 | BV38: 0 | BW38: 0 | BX38: 0 | BY38: 0 | BZ38: 0 | CA38: 0 | CB38: 0 | CC38: 0 | CD38: 0 | CE38: 0 | CF38: 0 | CG38: 0 | CH38: 0 | CI38: 0 | CJ38: 10 | CK38: 10 | CL38: 0 | CM38: 20 | CN38: 20 | CO38: 20 | CP38: 10 | CQ38: 20 | CR38: 20 | CS38: 20 | CT38: 0 | CU38: 30 | CV38: 10 | CW38: 10 | CX38: 10 | CY38: 10 | CZ38: 10 | DA38: 10 | DB38: 10 | DC38: 10 | DD38: 10 | DE38: 0 | DF38: 0 | DG38: 10 | DH38: 0 | DI38: 20 | DJ38: 20 | DK38: 20 | DL38: 20 | DM38: 20 | DN38: 20 | DO38: 20 | DP38: 10 | DQ38: 10 | DR38: 30 | DS38: 20 | DT38: 20 | DU38: 20 | DV38: 20 | DW38: 20 | DX38: 20 | DY38: 20 | DZ38: 20 | EA38: 20 | EB38: 0 | EC38: 0 | ED38: 0
G39: CUM | H39: 0 | I39: =H39+I38 -> 0 | J39: =I39+J38 -> 0 | K39: =J39+K38 -> 0 | L39: =K39+L38 -> 0 | M39: =L39+M38 -> 0 | N39: =M39+N38 -> 0 | O39: =N39+O38 -> 0 | P39: =O39+P38 -> 0 | ... AH39: =AG39+AH38 -> 650 | AI39: 0 | AJ39: =AI39+AJ38 -> 0 | AK39: =AJ39+AK38 -> 0 | AL39: =AK39+AL38 -> 0 | AM39: =AL39+AM38 -> 0 | AN39: =AM39+AN38 -> 0 | AO39: =AN39+AO38 -> 0 | AP39: =AO39+AP38 -> 0 | AQ39: =AP39+AQ38 -> 0 | ... ET39: =ES39+ET38 -> 650
C40: 11 | D40: 82111-F2211 | E40: AT10 | F40: B02 | G40: QTY | H40: 0 | I40: 0 | J40: 0 | K40: 0 | L40: 0 | M40: 0 | N40: 0 | O40: 0 | P40: 0 | Q40: 0 | R40: 0 | S40: 0 | T40: 0 | U40: 0 | V40: 0 | W40: 0 | X40: 0 | Y40: 0 | Z40: 0 | AA40: =SUBTOTAL(9,DM40:DQ40) -> 0 | AB40: =SUBTOTAL(9,DR40:DU40) -> 0 | AC40: =SUBTOTAL(9,DV40:DY40) -> 0 | AD40: =SUBTOTAL(9,DZ40:ED40) -> 0 | AE40: =SUBTOTAL(9,EE40:EH40) -> 0 | AF40: =SUBTOTAL(9,EI40:EL40) -> 0 | AG40: =SUBTOTAL(9,EM40:EP40) -> 0 | AH40: =SUBTOTAL(9,EQ40:ET40) -> 0 | AI40: 0 | AJ40: 0 | AK40: 0 | AL40: 0 | AM40: 0 | AN40: 0 | AO40: 0 | AP40: 0 | AQ40: 0 | AR40: 0 | AS40: 0 | AT40: 0 | AU40: 0 | AV40: 0 | AW40: 0 | AX40: 0 | AY40: 0 | AZ40: 0 | BA40: 0 | BB40: 0 | BC40: 0 | BD40: 0 | BE40: 0 | BF40: 0 | BG40: 0 | BH40: 0 | BI40: 0 | BJ40: 0 | BK40: 0 | BL40: 0 | BM40: 0 | BN40: 0 | BO40: 0 | BP40: 0 | BQ40: 0 | BR40: 0 | BS40: 0 | BT40: 0 | BU40: 0 | BV40: 0 | BW40: 0 | BX40: 0 | BY40: 0 | BZ40: 0 | CA40: 0 | CB40: 0 | CC40: 0 | CD40: 0 | CE40: 0 | CF40: 0 | CG40: 0 | CH40: 0 | CI40: 0 | CJ40: 0 | CK40: 0 | CL40: 0 | CM40: 0 | CN40: 0 | CO40: 0 | CP40: 0 | CQ40: 0 | CR40: 0 | CS40: 0 | CT40: 0 | CU40: 0 | CV40: 0 | CW40: 0 | CX40: 0 | CY40: 0 | CZ40: 0 | DA40: 0 | DB40: 0 | DC40: 0 | DD40: 0 | DE40: 0 | DF40: 0 | DG40: 0 | DH40: 0 | DI40: 0 | DJ40: 0 | DK40: 0 | DL40: 0 | DV40: 0 | DW40: 0 | DX40: 0 | DY40: 0 | DZ40: 0 | EA40: 0 | EB40: 0 | EC40: 0 | ED40: 0
G41: CUM | H41: 0 | I41: =H41+I40 -> 0 | J41: =I41+J40 -> 0 | K41: =J41+K40 -> 0 | L41: =K41+L40 -> 0 | M41: =L41+M40 -> 0 | N41: =M41+N40 -> 0 | O41: =N41+O40 -> 0 | P41: =O41+P40 -> 0 | ... AH41: =AG41+AH40 -> 0 | AI41: 0 | AJ41: =AI41+AJ40 -> 0 | AK41: =AJ41+AK40 -> 0 | AL41: =AK41+AL40 -> 0 | AM41: =AL41+AM40 -> 0 | AN41: =AM41+AN40 -> 0 | AO41: =AN41+AO40 -> 0 | AP41: =AO41+AP40 -> 0 | AQ41: =AP41+AQ40 -> 0 | ... ET41: =ES41+ET40 -> 0
C42: 12 | D42: 82111-F2220 | E42: AT10 | F42: D02 | G42: QTY | H42: 930 | I42: 540 | J42: 290 | K42: 610 | L42: 500 | M42: 800 | N42: 860 | O42: 780 | P42: 1460 | Q42: 620 | R42: 500 | S42: 560 | T42: 480 | U42: 940 | V42: 620 | W42: 630 | X42: 410 | Y42: 850 | Z42: 410 | AA42: =SUBTOTAL(9,DM42:DQ42) -> 470 | AB42: =SUBTOTAL(9,DR42:DU42) -> 540 | AC42: =SUBTOTAL(9,DV42:DY42) -> 430 | AD42: =SUBTOTAL(9,DZ42:ED42) -> 420 | AE42: =SUBTOTAL(9,EE42:EH42) -> 0 | AF42: =SUBTOTAL(9,EI42:EL42) -> 0 | AG42: =SUBTOTAL(9,EM42:EP42) -> 0 | AH42: =SUBTOTAL(9,EQ42:ET42) -> 0 | AI42: 680 | AJ42: 230 | AK42: 230 | AL42: 230 | AM42: 140 | AN42: 140 | AO42: 130 | AP42: 130 | AQ42: 80 | AR42: 70 | AS42: 70 | AT42: 70 | AU42: 0 | AV42: 160 | AW42: 150 | AX42: 150 | AY42: 150 | AZ42: 120 | BA42: 120 | BB42: 130 | BC42: 130 | BD42: 200 | BE42: 200 | BF42: 0 | BG42: 200 | BH42: 200 | BI42: 220 | BJ42: 220 | BK42: 210 | BL42: 210 | BM42: 200 | BN42: 200 | BO42: 190 | BP42: 190 | BQ42: 300 | BR42: 290 | BS42: 290 | BT42: 290 | BU42: 290 | BV42: 150 | BW42: 150 | BX42: 160 | BY42: 160 | BZ42: 120 | CA42: 120 | CB42: 130 | CC42: 0 | CD42: 130 | CE42: 0 | CF42: 190 | CG42: 190 | CH42: 180 | CI42: 120 | CJ42: 120 | CK42: 120 | CL42: 120 | CM42: 230 | CN42: 240 | CO42: 230 | CP42: 240 | CQ42: 150 | CR42: 150 | CS42: 160 | CT42: 0 | CU42: 160 | CV42: 150 | CW42: 160 | CX42: 160 | CY42: 160 | CZ42: 100 | DA42: 100 | DB42: 100 | DC42: 110 | DD42: 210 | DE42: 210 | DF42: 0 | DG42: 210 | DH42: 220 | DI42: 100 | DJ42: 100 | DK42: 100 | DL42: 110 | DM42: 100 | DN42: 100 | DO42: 90 | DP42: 90 | DQ42: 90 | DR42: 140 | DS42: 140 | DT42: 130 | DU42: 130 | DV42: 110 | DW42: 110 | DX42: 110 | DY42: 100 | DZ42: 100 | EA42: 100 | EB42: 100 | EC42: 60 | ED42: 60
G43: CUM | H43: 11864 | I43: =H43+I42 -> 12404 | J43: =I43+J42 -> 12694 | K43: =J43+K42 -> 13304 | L43: =K43+L42 -> 13804 | M43: =L43+M42 -> 14604 | N43: =M43+N42 -> 15464 | O43: =N43+O42 -> 16244 | P43: =O43+P42 -> 17704 | ... AH43: =AG43+AH42 -> 25584 | AI43: 11174 | AJ43: =AI43+AJ42 -> 11404 | AK43: =AJ43+AK42 -> 11634 | AL43: =AK43+AL42 -> 11864 | AM43: =AL43+AM42 -> 12004 | AN43: =AM43+AN42 -> 12144 | AO43: =AN43+AO42 -> 12274 | AP43: =AO43+AP42 -> 12404 | AQ43: =AP43+AQ42 -> 12484 | ... ET43: =ES43+ET42 -> 25584
C44: 13 | D44: 82111-FEQ60 | E44: AT10 | F44: C01 | G44: QTY | H44: 0 | I44: 0 | J44: 0 | K44: 0 | L44: 0 | M44: 0 | N44: 0 | O44: 0 | P44: 0 | Q44: 0 | R44: 0 | S44: 0 | T44: 70 | U44: 430 | V44: 630 | W44: 420 | X44: 710 | Y44: 440 | Z44: 820 | AA44: =SUBTOTAL(9,DM44:DQ44) -> 620 | AB44: =SUBTOTAL(9,DR44:DU44) -> 610 | AC44: =SUBTOTAL(9,DV44:DY44) -> 490 | AD44: =SUBTOTAL(9,DZ44:ED44) -> 440 | AE44: =SUBTOTAL(9,EE44:EH44) -> 0 | AF44: =SUBTOTAL(9,EI44:EL44) -> 0 | AG44: =SUBTOTAL(9,EM44:EP44) -> 0 | AH44: =SUBTOTAL(9,EQ44:ET44) -> 0 | AI44: 0 | AJ44: 0 | AK44: 0 | AL44: 0 | AM44: 0 | AN44: 0 | AO44: 0 | AP44: 0 | AQ44: 0 | AR44: 0 | AS44: 0 | AT44: 0 | AU44: 0 | AV44: 0 | AW44: 0 | AX44: 0 | AY44: 0 | AZ44: 0 | BA44: 0 | BB44: 0 | BC44: 0 | BD44: 0 | BE44: 0 | BF44: 0 | BG44: 0 | BH44: 0 | BI44: 0 | BJ44: 0 | BK44: 0 | BL44: 0 | BM44: 0 | BN44: 0 | BO44: 0 | BP44: 0 | BQ44: 0 | BR44: 0 | BS44: 0 | BT44: 0 | BU44: 0 | BV44: 0 | BW44: 0 | BX44: 0 | BY44: 0 | BZ44: 0 | CA44: 0 | CB44: 0 | CC44: 0 | CD44: 0 | CE44: 0 | CF44: 0 | CG44: 0 | CH44: 0 | CI44: 0 | CJ44: 30 | CK44: 20 | CL44: 20 | CM44: 110 | CN44: 110 | CO44: 110 | CP44: 100 | CQ44: 160 | CR44: 160 | CS44: 160 | CT44: 0 | CU44: 150 | CV44: 110 | CW44: 110 | CX44: 100 | CY44: 100 | CZ44: 170 | DA44: 180 | DB44: 180 | DC44: 180 | DD44: 110 | DE44: 110 | DF44: 0 | DG44: 110 | DH44: 110 | DI44: 200 | DJ44: 210 | DK44: 200 | DL44: 210 | DM44: 130 | DN44: 130 | DO44: 120 | DP44: 120 | DQ44: 120 | DR44: 160 | DS44: 150 | DT44: 150 | DU44: 150 | DV44: 130 | DW44: 120 | DX44: 120 | DY44: 120 | DZ44: 100 | EA44: 100 | EB44: 100 | EC44: 70 | ED44: 70
G45: CUM | H45: 0 | I45: =H45+I44 -> 0 | J45: =I45+J44 -> 0 | K45: =J45+K44 -> 0 | L45: =K45+L44 -> 0 | M45: =L45+M44 -> 0 | N45: =M45+N44 -> 0 | O45: =N45+O44 -> 0 | P45: =O45+P44 -> 0 | ... AH45: =AG45+AH44 -> 5680 | AI45: 0 | AJ45: =AI45+AJ44 -> 0 | AK45: =AJ45+AK44 -> 0 | AL45: =AK45+AL44 -> 0 | AM45: =AL45+AM44 -> 0 | AN45: =AM45+AN44 -> 0 | AO45: =AN45+AO44 -> 0 | AP45: =AO45+AP44 -> 0 | AQ45: =AP45+AQ44 -> 0 | ... ET45: =ES45+ET44 -> 5680
C46: 14 | D46: 82115-F2Y40 | E46: AT10 | F46: B02 | G46: QTY | H46: 930 | I46: 540 | J46: 290 | K46: 0 | L46: 0 | M46: 560 | N46: 550 | O46: 400 | P46: 650 | R46: 0 | S46: 0 | T46: 30 | U46: 120 | V46: 170 | W46: 170 | X46: 120 | Y46: 70 | Z46: 80 | AA46: =SUBTOTAL(9,DM46:DQ46) -> 80 | AB46: =SUBTOTAL(9,DR46:DU46) -> 120 | AC46: =SUBTOTAL(9,DV46:DY46) -> 130 | AD46: =SUBTOTAL(9,DZ46:ED46) -> 50 | AE46: =SUBTOTAL(9,EE46:EH46) -> 0 | AF46: =SUBTOTAL(9,EI46:EL46) -> 0 | AG46: =SUBTOTAL(9,EM46:EP46) -> 0 | AH46: =SUBTOTAL(9,EQ46:ET46) -> 0 | AI46: 680 | AJ46: 230 | AK46: 230 | AL46: 230 | AM46: 140 | AN46: 140 | AO46: 130 | AP46: 130 | AQ46: 80 | AR46: 70 | AS46: 70 | AT46: 70 | AU46: 0 | AV46: 0 | AW46: 0 | AX46: 0 | AY46: 0 | AZ46: 0 | BA46: 0 | BB46: 0 | BC46: 0 | BD46: 140 | BE46: 140 | BF46: 0 | BG46: 140 | BH46: 140 | BI46: 140 | BJ46: 140 | BK46: 140 | BL46: 130 | BM46: 100 | BN46: 100 | BO46: 100 | BP46: 100 | BQ46: 130 | BR46: 130 | BS46: 130 | BT46: 130 | BU46: 130 | BV46: 130 | BW46: 130 | BX46: 140 | BY46: 140 | BZ46: 0 | CA46: 0 | CB46: 0 | CC46: 0 | CD46: 0 | CE46: 0 | CF46: 0 | CG46: 0 | CH46: 0 | CI46: 0 | CJ46: 10 | CK46: 10 | CL46: 10 | CM46: 30 | CN46: 30 | CO46: 30 | CP46: 30 | CQ46: 40 | CR46: 40 | CS46: 40 | CT46: 0 | CU46: 50 | CV46: 40 | CW46: 50 | CX46: 40 | CY46: 40 | CZ46: 30 | DA46: 30 | DB46: 30 | DC46: 30 | DD46: 10 | DE46: 20 | DF46: 0 | DG46: 20 | DH46: 20 | DI46: 20 | DJ46: 20 | DK46: 20 | DL46: 20 | DM46: 20 | DN46: 20 | DO46: 20 | DP46: 10 | DQ46: 10 | DR46: 30 | DS46: 30 | DT46: 30 | DU46: 30 | DV46: 40 | DW46: 30 | DX46: 30 | DY46: 30 | DZ46: 30 | EA46: 10 | EB46: 10 | EC46: 0 | ED46: 0
G47: CUM | H47: 11864 | I47: =H47+I46 -> 12404 | J47: =I47+J46 -> 12694 | K47: 0 | L47: =K47+L46 -> 0 | M47: =L47+M46 -> 560 | N47: =M47+N46 -> 1110 | O47: =N47+O46 -> 1510 | P47: =O47+P46 -> 2160 | Q47: 0 | R47: =Q47+R46 -> 0 | S47: =R47+S46 -> 0 | T47: =S47+T46 -> 30 | U47: =T47+U46 -> 150 | V47: =U47+V46 -> 320 | W47: =V47+W46 -> 490 | X47: =W47+X46 -> 610 | Y47: =X47+Y46 -> 680 | ... AH47: =AG47+AH46 -> 1140 | AI47: 11174 | AJ47: =AI47+AJ46 -> 11404 | AK47: =AJ47+AK46 -> 11634 | AL47: =AK47+AL46 -> 11864 | AM47: =AL47+AM46 -> 12004 | AN47: =AM47+AN46 -> 12144 | AO47: =AN47+AO46 -> 12274 | AP47: =AO47+AP46 -> 12404 | AQ47: =AP47+AQ46 -> 12484 | ... AT47: =AS47+AT46 -> 12694 | AU47: 0 | AV47: =AU47+AV46 -> 0 | AW47: =AV47+AW46 -> 0 | AX47: =AW47+AX46 -> 0 | AY47: =AX47+AY46 -> 0 | AZ47: =AY47+AZ46 -> 0 | BA47: =AZ47+BA46 -> 0 | BB47: =BA47+BB46 -> 0 | BC47: =BB47+BC46 -> 0 | ... BY47: =BX47+BY46 -> 2700 | BZ47: 0 | CA47: =BZ47+CA46 -> 0 | CB47: =CA47+CB46 -> 0 | CC47: =CB47+CC46 -> 0 | CD47: =CC47+CD46 -> 0 | CE47: =CD47+CE46 -> 0 | CF47: =CE47+CF46 -> 0 | CG47: =CF47+CG46 -> 0 | CH47: =CG47+CH46 -> 0 | ... ET47: =ES47+ET46 -> 1140
G48: QTY | H48: 4630 | I48: =SUMIF($G$20:$G$45,$G$48,I20:I45) -> 540 | J48: =SUMIF($G$20:$G$45,$G$48,J20:J45) -> 300 | K48: =SUMIF($G$20:$G$45,$G$48,K20:K45) -> 830 | L48: =SUMIF($G$20:$G$45,$G$48,L20:L45) -> 750 | M48: =SUMIF($G$20:$G$45,$G$48,M20:M45) -> 1020 | N48: =SUMIF($G$20:$G$45,$G$48,N20:N45) -> 1170 | O48: =SUMIF($G$20:$G$45,$G$48,O20:O45) -> 1010 | P48: =SUMIF($G$20:$G$45,$G$48,P20:P45) -> 1780 | Q48: =SUMIF($G$20:$G$45,$G$48,Q20:Q45) -> 620 | R48: =SUMIF($G$20:$G$47,$G$48,R20:R47) -> 500 | S48: =SUMIF($G$20:$G$47,$G$48,S20:S47) -> 560 | T48: =SUMIF($G$20:$G$47,$G$48,T20:T47) -> 1265 | U48: =SUMIF($G$20:$G$47,$G$48,U20:U47) -> 4460 | V48: =SUMIF($G$20:$G$47,$G$48,V20:V47) -> 4280 | W48: =SUMIF($G$20:$G$47,$G$48,W20:W47) -> 3446 | X48: =SUMIF($G$20:$G$47,$G$48,X20:X47) -> 4220 | Y48: =SUMIF($G$20:$G$47,$G$48,Y20:Y47) -> 3336 | ... ET48: =SUMIF($G$20:$G$47,$G$48,ET20:ET47) -> 0
A49: TOTAL | G49: CUM | H49: 51186 | I49: =SUMIF($G$20:$G$45,$G$49,I20:I45) -> 15474 | J49: =SUMIF($G$20:$G$45,$G$49,J20:J45) -> 15774 | K49: =SUMIF($G$20:$G$45,$G$49,K20:K45) -> 16604 | L49: =SUMIF($G$20:$G$45,$G$49,L20:L45) -> 17354 | M49: =SUMIF($G$20:$G$45,$G$49,M20:M45) -> 18374 | N49: =SUMIF($G$20:$G$45,$G$49,N20:N45) -> 19544 | O49: =SUMIF($G$20:$G$45,$G$49,O20:O45) -> 20554 | P49: =SUMIF($G$20:$G$45,$G$49,P20:P45) -> 22334 | Q49: =SUMIF($G$20:$G$45,$G$49,Q20:Q45) -> 18324 | R49: =SUMIF($G$20:$G$47,$G$49,R20:R47) -> 18824 | S49: =SUMIF($G$20:$G$47,$G$49,S20:S47) -> 19384 | T49: =SUMIF($G$20:$G$47,$G$49,T20:T47) -> 20649 | U49: =SUMIF($G$20:$G$47,$G$49,U20:U47) -> 25109 | V49: =SUMIF($G$20:$G$47,$G$49,V20:V47) -> 29389 | W49: =SUMIF($G$20:$G$47,$G$49,W20:W47) -> 32835 | X49: =SUMIF($G$20:$G$47,$G$49,X20:X47) -> 37055 | Y49: =SUMIF($G$20:$G$47,$G$49,Y20:Y47) -> 40391 | ... ET49: =SUMIF($G$20:$G$47,$G$49,ET20:ET47) -> 62897
D50: 350B HEV OLD | E50: AT10
D51: 350B CONV + TNGA OLD | E51: AT11
D52: AT10 X_PKG | G52: covn
D53: AT11 X_PKG | G53: hev
D54: 350B HEV NEW
D55: 350B CONV + TNGA NEW
B57: AT10 | C57: 通常品 | D57: 稼働日数（working Days）
D58: JAI能力78本/曜日（冶具3枚搭載）, JAI能力54本/曜日（冶具2枚搭載）, JAI能力24本/曜日（冶具1枚搭載）
D59: +残業(+OT)
D60: Blance
C61: X‐PKG | D61: 稼働日数（working Days）
D62: JAI能力78本/曜日（冶具3枚搭載）, JAI能力54本/曜日（冶具2枚搭載）, JAI能力24本/曜日（冶具1枚搭載）
D63: +残業(+OT)
D64: Blance
B67: AT11 | C67: 通常品 | D67: 稼働日数（working Days）
D68: JAI能力276本/曜日
D69: +残業(+OT)
D70: Blance
C71: X‐PKG | D71: 稼働日数（working Days）
D72: JAI能力276本/曜日
D73: +残業(+OT)
D74: Blance

Sheet JAI (加新件號)
A1: YAZAKI FAX | D1: FROM
A3: OVERSEAS NETWORK | D3: TO
A5: FAX No. | C5: ATTN : MR.
B7: SR No. | D7: JAI 2026-04-01
B9: TYC FACT | D9: TJAT
B10: OVERSEAS FACT | D10: JAI
B11: ARRIVAL PORT | D11: KAO
B12: CUST | D12: TAIWAN TOYOTA | JB12: 2026/
BK13: FIRM | BO13: FIRM | BS13: FIRM | BW13: FIRM | CB13: FIRM | CF13: FIRM | CK13: FIRM | CO13: FIRM | CS13: FIRM | CX13: FIRM | DB13: FIRM | DG13: FIRM | DK13: FIRM | DO13: FIRM | DS13: FIRM | DX13: FIRM | EB13: FIRM | EF13: FIRM | EK13: FIRM | EO13: FIRM | ET13: FIRM | EX13: FIRM | FB13: FIRM | FG13: FIRM | FK13: FIRM | FO13: FIRM | FS13: FIRM | FX13: FIRM | GB13: FIRM | GF13: FIRM | GK13: FIRM | GO13: FIRM | GT13: FIRM | GX13: FIRM | HB13: FIRM | HG13: FIRM | HK13: FIRM | HO13: FIRM | HS13: FIRM | HW13: FIRM | IB13: FIRM | IF13: FIRM | IK13: FIRM | IO13: FIRM | IS13: FIRM | IW13: FIRM | JB13: FIRM | JF13: FIRM | JJ13: FIRM | JN13: FIRM | JS13: FIRM | JW13: FORECAST | KA13: FORECAST | KF13: FORECAST | KJ13: FORECAST
AK14: TIME CHART MONTH | BK14: =H19 -> 3 | BO14: 4 | BS14: 5 | BW14: 6 | CB14: 7 | CF14: 8 | CK14: 9 | CO14: 10 | CS14: 11 | CX14: 12 | DB14: 1 | DG14: 2 | DK14: 3 | DO14: 4 | DS14: 5 | DX14: 6 | EB14: 7 | EF14: 8 | EK14: 9 | EO14: 10 | ET14: 11 | EX14: 12 | FB14: 2024/1 | FG14: 2 | FK14: 3 | FO14: 4 | FS14: 5 | FX14: 6 | GB14: 7 | GF14: 8 | GK14: 9 | GO14: 10 | GT14: 11 | GX14: 12 | HB14: 1 | HG14: 2 | HK14: 3 | HO14: 4 | HS14: 5 | HW14: 6 | IB14: 7 | IF14: 8 | IK14: 9 | IO14: 10 | IS14: 11 | IW14: 12 | JB14: 1 | JF14: 2 | JJ14: 3 | JN14: 4 | JS14: 5 | JW14: 6 | KA14: 7 | KF14: 8 | KJ14: 9
AK15: ETD JAI | BK15: 44602 | BL15: =BK15+7 -> 44609 | BM15: =BL15+7 -> 44616 | BN15: =BM15+7 -> 44623 | BO15: =BN15+7 -> 44630 | BP15: =BO15+7 -> 44637 | BQ15: =BP15+7 -> 44644 | BR15: =BQ15+7 -> 44651 | BS15: =BR15+7 -> 44658 | ... HJ15: =HI15+7 -> 45687 | HK15: 45334 | HL15: 45341 | HM15: 45348 | HN15: 45356 | HO15: 45363 | HP15: 45370 | HQ15: 45377 | HR15: 45384 | HS15: 45391 | HT15: 45398 | HU15: 45405 | HV15: 45412 | HW15: 45419 | HX15: 45426 | HY15: 45433 | HZ15: 45440 | IA15: 45812 | IB15: 45819 | IC15: 45826 | ID15: 45833 | IE15: 45840 | IF15: 45847 | IG15: 45854 | IH15: 45861 | II15: 45868 | IJ15: 45875 | IK15: 45882 | IL15: 45889 | IM15: 45896 | IN15: 45903 | IO15: 45910 | IP15: 45917 | IQ15: 45924 | IR15: 45931 | IS15: 45939 | IT15: 45946 | IU15: 45953 | IV15: 45960 | IW15: 45967 | IX15: 45974 | IY15: 45981 | IZ15: 45988 | JA15: 45995 | JB15: 46002 | JC15: 46009 | JD15: 46016 | JE15: 45658 | JF15: 45665 | JG15: 45672 | JH15: 45679 | JI15: 45686 | JJ15: 45693 | JK15: 45700 | JL15: 45707 | JM15: 45714 | JN15: 45721 | JO15: 45728 | JP15: 45735 | JQ15: 45742 | JR15: 45749 | JS15: 45756 | JT15: 45763 | JU15: 45770 | JV15: 45777 | JW15: 45784 | JX15: 45791 | JY15: 45798 | JZ15: 45805 | KA15: 46177 | KB15: 46184 | KC15: 46191 | KD15: 46198 | KE15: 46205 | KF15: 46212 | KG15: 46219 | KH15: 46226 | KI15: 46233 | KJ15: 46240 | KK15: 46247 | KL15: 46254 | KM15: 46261 | KN15: 46268
AK16: ETD PORT SUR | BK16: 44604 | BL16: =BK16+7 -> 44611 | BM16: =BL16+7 -> 44618 | BN16: =BM16+7 -> 44625 | BO16: =BN16+7 -> 44632 | BP16: =BO16+7 -> 44639 | BQ16: =BP16+7 -> 44646 | BR16: =BQ16+7 -> 44653 | BS16: =BR16+7 -> 44660 | ... HJ16: =HI16+7 -> 45689 | HK16: =HK15+3 -> 45337 | HL16: =HL15+3 -> 45344 | HM16: 45717 | HN16: =HN15+3 -> 45359 | HO16: 45366 | HP16: 45373 | HQ16: 45380 | HR16: 45387 | HS16: 45394 | HT16: 45401 | HU16: 45408 | HV16: 45415 | HW16: 45422 | HX16: 45429 | HY16: 45436 | HZ16: 45443 | IA16: 45815 | IB16: 45822 | IC16: 45829 | ID16: 45836 | IE16: 45843 | IF16: 45850 | IG16: 45857 | IH16: 45864 | II16: 45871 | IJ16: 45878 | IK16: 45885 | IL16: 45892 | IM16: 45899 | IN16: 45906 | IO16: 45913 | IP16: 45920 | IQ16: 45927 | IR16: 45934 | IS16: 45941 | IT16: 45948 | IU16: 45955 | IV16: 45962 | IW16: 45969 | IX16: 45976 | IY16: 45983 | IZ16: 45990 | JA16: 45997 | JB16: 46004 | JC16: 46011 | JD16: 46018 | JE16: 45660 | JF16: 45667 | JG16: 45674 | JH16: 45681 | JI16: 45688 | JJ16: 45695 | JK16: 45702 | JL16: 45709 | JM16: 45716 | JN16: 45723 | JO16: 45730 | JP16: 45737 | JQ16: 45744 | JR16: 45751 | JS16: 45758 | JT16: 45765 | JU16: 45772 | JV16: 45779 | JW16: 45786 | JX16: 45793 | JY16: 45800 | JZ16: 45807 | KA16: 46179 | KB16: 46186 | KC16: 46193 | KD16: 46200 | KE16: 46207 | KF16: 46218 | KG16: 46225 | KH16: 46232 | KI16: 46239 | KJ16: 46242 | KK16: 46249 | KL16: 46256 | KM16: 46263 | KN16: 46270
A17: 車型 | B17: 部位別 | AK17: ETA KAO | BK17: 44612 | BL17: =BK17+7 -> 44619 | BM17: =BL17+7 -> 44626 | BN17: =BM17+7 -> 44633 | BO17: =BN17+7 -> 44640 | BP17: =BO17+7 -> 44647 | BQ17: =BP17+7 -> 44654 | BR17: =BQ17+7 -> 44661 | BS17: =BR17+7 -> 44668 | ... HJ17: =HI17+7 -> 45697 | HK17: =HK16+3 -> 45340 | HL17: =HL16+3 -> 45347 | HM17: =HM16+3 -> 45720 | HN17: =HN16+3 -> 45362 | HO17: 45369 | HP17: 45376 | HQ17: 45383 | HR17: 45390 | HS17: 45397 | HT17: 45404 | HU17: 45411 | HV17: 45418 | HW17: 45425 | HX17: 45432 | HY17: 45439 | HZ17: 45446 | IA17: 45818 | IB17: 45825 | IC17: 45832 | ID17: 45839 | IE17: 45846 | IF17: 45853 | IG17: 45860 | IH17: 45867 | II17: 45874 | IJ17: 45881 | IK17: 45888 | IL17: 45895 | IM17: 45902 | IN17: 45909 | IO17: 45916 | IP17: 45923 | IQ17: 45930 | IR17: 45937 | IS17: 45949 | IT17: 45956 | IU17: 45963 | IV17: 45970 | IW17: 45977 | IX17: 45984 | IY17: 45991 | IZ17: 45998 | JA17: 46005 | JB17: 46012 | JC17: 46019 | JD17: 45661 | JE17: 45668 | JF17: 45675 | JG17: 45682 | JH17: 45689 | JI17: 45696 | JJ17: 45703 | JK17: 45710 | JL17: 45717 | JM17: 45724 | JN17: 45731 | JO17: 45738 | JP17: 45745 | JQ17: 45752 | JR17: 45759 | JS17: 45766 | JT17: 45773 | JU17: 45780 | JV17: 45787 | JW17: 45794 | JX17: 45801 | JY17: 45808 | JZ17: 45815 | KA17: 46187 | KB17: 46194 | KC17: 46201 | KD17: 46208 | KE17: 46215 | KF17: 46220 | KG17: 46227 | KH17: 46234 | KI17: 46241 | KJ17: 46250 | KK17: 46257 | KL17: 46264 | KM17: 46271 | KN17: 46278
A18: CAR | AK18: ETA TYC | BK18: 44614 | BL18: =BK18+7 -> 44621 | BM18: =BL18+7 -> 44628 | BN18: =BM18+7 -> 44635 | BO18: =BN18+7 -> 44642 | BP18: =BO18+7 -> 44649 | BQ18: =BP18+7 -> 44656 | BR18: =BQ18+7 -> 44663 | BS18: =BR18+7 -> 44670 | ... HJ18: =HI18+7 -> 45699 | HK18: =HK17+2 -> 45342 | HL18: =HL17+2 -> 45349 | HM18: =HM17+2 -> 45722 | HN18: =HN17+2 -> 45364 | HO18: 45371 | HP18: 45378 | HQ18: 45385 | HR18: 45392 | HS18: 45399 | HT18: 45406 | HU18: 45413 | HV18: 45420 | HW18: 45427 | HX18: 45434 | HY18: 45441 | HZ18: 45448 | IA18: 45820 | IB18: 45827 | IC18: 45834 | ID18: 45841 | IE18: 45848 | IF18: 45855 | IG18: 45862 | IH18: 45869 | II18: 45876 | IJ18: 45883 | IK18: 45890 | IL18: 45897 | IM18: 45904 | IN18: 45911 | IO18: 45918 | IP18: 45925 | IQ18: 45932 | IR18: 45939 | IS18: 45951 | IT18: 45958 | IU18: 45965 | IV18: 45972 | IW18: 45979 | IX18: 45986 | IY18: 45993 | IZ18: 46000 | JA18: 46007 | JB18: 46014 | JC18: 46021 | JD18: 45663 | JE18: 45670 | JF18: 45677 | JG18: 45684 | JH18: 45691 | JI18: 45698 | JJ18: 45705 | JK18: 45712 | JL18: 45719 | JM18: 45726 | JN18: 45733 | JO18: 45740 | JP18: 45747 | JQ18: 45754 | JR18: 45761 | JS18: 45768 | JT18: 45775 | JU18: 45782 | JV18: 45789 | JW18: 45796 | JX18: 45803 | JY18: 45810 | JZ18: 45817 | KA18: 46189 | KB18: 46196 | KC18: 46203 | KD18: 46210 | KE18: 46217 | KF18: 46224 | KG18: 46231 | KH18: 46238 | KI18: 46245 | KJ18: 46252 | KK18: 46259 | KL18: 46266 | KM18: 46273 | KN18: 46280
A19: MODEL | B19: FAMILY | C19: No. | D19: PRODUCT NO | F19: SFX | H19: 3 | I19: 4 | J19: 5 | K19: 6 | L19: 7 | M19: 8 | N19: 9 | O19: 10 | P19: 11 | Q19: 12 | R19: 2023/1 | S19: 2 | T19: 3 | U19: 4 | V19: 5 | W19: 6 | X19: 7 | Y19: 8 | Z19: 9 | AA19: 10 | AB19: 11 | AC19: 12 | AD19: 1 | AE19: 2 | AF19: 3 | AG19: 4 | AH19: 5 | AI19: 6 | AJ19: 7 | AK19: 8 | AL19: 9 | AM19: 10 | AN19: 11 | AO19: 12 | AP19: 1 | AQ19: 2 | AR19: 3 | AS19: 4 | AT19: 5 | AU19: 6 | AV19: 7 | AW19: 8 | AX19: 9 | AY19: 10 | AZ19: 11 | BA19: 12 | BB19: 1 | BC19: 2 | BD19: 3 | BE19: 4 | BF19: 5 | BG19: 6 | BH19: 7 | BI19: 8 | BJ19: 9 | BK19: 1W | BL19: 2W | BM19: 3W | BN19: 4W | BO19: 1W | BP19: 2W | BQ19: 3W | BR19: 4W | BS19: 1W | BT19: 2W | BU19: 3W | BV19: 4W | BW19: 1W | BX19: 2W | BY19: 3W | BZ19: 4W | CA19: 5W | CB19: 1W | CC19: 2W | CD19: 3W | CE19: 4W | CF19: 1W | CG19: 2W | CH19: 3W | CI19: 4W | CJ19: 5W | CK19: 1W | CL19: 2W | CM19: 3W | CN19: 4W | CO19: 1W | CP19: 2W | CQ19: 3W | CR19: 4W | CS19: 1W | CT19: 2W | CU19: 3W | CV19: 4W | CW19: 5W | CX19: 1W | CY19: 2W | CZ19: 3W | DA19: 4W | DB19: 1W | DC19: 2W | DD19: 3W | DE19: 4W | DF19: 5W | DG19: 1W | DH19: 2W | DI19: 3W | DJ19: 4W | DK19: 1W | DL19: 2W | DM19: 3W | DN19: 4W | DO19: 1W | DP19: 2W | DQ19: 3W | DR19: 4W | DS19: 1W | DT19: 2W | DU19: 3W | DV19: 4W | DW19: 4W | DX19: 1W | DY19: 2W | DZ19: 3W | EA19: 4W | EB19: 1W | EC19: 2W | ED19: 3W | EE19: 4W | EF19: 1W | EG19: 2W | EH19: 3W | EI19: 4W | EJ19: 5W | EK19: 1W | EL19: 2W | EM19: 3W | EN19: 4W | EO19: 1W | EP19: 2W | EQ19: 3W | ER19: 4W | ES19: 5W | ET19: 1W | EU19: 2W | EV19: 3W | EW19: 4W | EX19: 1W | EY19: 2W | EZ19: 3W | FA19: 4W | FB19: 1W | FC19: 2W | FD19: 3W | FE19: 4W | FF19: 5W | FG19: 1W | FH19: 2W | FI19: 3W | FJ19: 4W | FK19: 1W | FL19: 2W | FM19: 3W | FN19: 4W | FO19: 1W | FP19: 2W | FQ19: 3W | FR19: 4W | FS19: 1W | FT19: 2W | FU19: 3W | FV19: 4W | FW19: 5W | FX19: 1W | FY19: 2W | FZ19: 3W | GA19: 4W | GB19: 1W | GC19: 2W | GD19: 3W | GE19: 4W | GF19: 1W | GG19: 2W | GH19: 3W | GI19: 4W | GJ19: 5W | GK19: 1W | GL19: 2W | GM19: 3W | GN19: 4W | GO19: 1W | GP19: 2W | GQ19: 3W | GR19: 4W | GS19: 5W | GT19: 1W | GU19: 2W | GV19: 3W | GW19: 4W | GX19: 1W | GY19: 2W | GZ19: 3W | HA19: 4W | HB19: 1W | HC19: 2W | HD19: 3W | HE19: 4W | HF19: 5W | HG19: 1W | HH19: 2W | HI19: 3W | HJ19: 4W | HK19: 1W | HL19: 2W | HM19: 3W | HN19: 4W | HO19: 1W | HP19: 2W | HQ19: 3W | HR19: 4W | HS19: 1W | HT19: 2W | HU19: 3W | HV19: 4W | HW19: 1W | HX19: 2W | HY19: 3W | HZ19: 4W | IA19: 5W | IB19: 1W | IC19: 2W | ID19: 3W | IE19: 4W | IF19: 1W | IG19: 2W | IH19: 3W | II19: 4W | IJ19: 5W | IK19: 1W | IL19: 2W | IM19: 3W | IN19: 4W | IO19: 1W | IP19: 2W | IQ19: 3W | IR19: 4W | IS19: 1W | IT19: 2W | IU19: 3W | IV19: 4W | IW19: 1W | IX19: 2W | IY19: 3W | IZ19: 4W | JA19: 1W | JB19: 2W | JC19: 3W | JD19: 4W | JE19: 5W | JF19: 1W | JG19: 2W | JH19: 3W | JI19: 4W | JJ19: 1W | JK19: 2W | JL19: 3W | JM19: 4W | JN19: 1W | JO19: 2W | JP19: 3W | JQ19: 4W | JR19: 5W | JS19: 1W | JT19: 2W | JU19: 3W | JV19: 4W | JW19: 1W | JX19: 2W | JY19: 3W | JZ19: 4W | KA19: 1W | KB19: 2W | KC19: 3W | KD19: 4W | KE19: 5W | KF19: 1W | KG19: 2W | KH19: 3W | KI19: 4W | KJ19: 1W | KK19: 2W | KL19: 3W | KM19: 4W | KN19: 5W
A20: CORALLA | B20: WIRE, ENGINE ROOM MAIN | C20: 1 | D20: 82111-FE150 | E20: AT10 | F20: 000 | G20: QTY | H20: 930 | I20: 540 | J20: 290 | K20: 610 | L20: 500 | M20: 800 | N20: 860 | O20: 780 | P20: 1460 | Q20: 620 | R20: 500 | S20: 560 | T20: 480 | U20: 940 | V20: 620 | W20: 630 | X20: 410 | Y20: 850 | Z20: 410 | AA20: =SUBTOTAL(9,EO20:ES20) -> 470 | AB20: =SUBTOTAL(9,ET20:EW20) -> 540 | AC20: =SUBTOTAL(9,EX20:FA20) -> 430 | AD20: =SUBTOTAL(9,FB20:FF20) -> 380 | AE20: =SUBTOTAL(9,FG20:FJ20) -> 460 | AF20: =SUBTOTAL(9,FK20:FN20) -> 390 | AG20: =SUBTOTAL(9,FO20:FR20) -> 350 | AH20: =SUBTOTAL(9,FS20:FW20) -> 500 | AI20: =SUBTOTAL(9,FX20:GA20) -> 440 | AJ20: =SUBTOTAL(9,GB20:GE20) -> 470 | AK20: =SUBTOTAL(9,GF20:GJ20) -> 830 | AL20: =SUBTOTAL(9,GK20:GN20) -> 360 | AM20: =SUBTOTAL(9,GO20:GS20) -> 6 | AN20: =SUBTOTAL(9,GT20:GW20) -> 0 | AO20: =SUM(GX20:HA20) -> 0 | AP20: =SUM(HB20:HF20) -> 0 | AQ20: =SUM(HG20:HJ20) -> 0 | AR20: =SUM(HK20:HN20) -> 0 | AS20: =SUM(HO20:HR20) -> 0 | AT20: =SUM(HS20:HV20) -> 0 | AU20: =SUM(HW20:IA20) -> 0 | AV20: =SUM(IB20:IE20) -> 0 | AW20: =SUM(IF20:IJ20) -> 0 | AX20: =SUM(IK20:IN20) -> 0 | AY20: =SUM(IO20:IR20) -> 144 | AZ20: =SUM(IS20:IV20) -> 90 | BA20: =SUM(IW20:JA20) -> 66 | BB20: =SUM(JB20:JE20) -> 6 | BC20: =SUM(JF20:JI20) -> 18 | BD20: =SUM(JJ20:JM20) -> 42 | BE20: =SUM(JN20:JR20) -> 54 | BF20: =SUM(JS20:JV20) -> 42 | BG20: =SUM(JW20:JZ20) -> 42 | BH20: =SUM(KA20:KE20) -> 36 | BI20: =SUM(KF20:KI20) -> 36 | BJ20: =SUM(KJ20:KN20) -> 42 | BK20: 680 | BL20: 230 | BM20: 230 | BN20: 230 | BO20: 140 | BP20: 140 | BQ20: 130 | BR20: 130 | BS20: 80 | BT20: 70 | BU20: 70 | BV20: 70 | BW20: 0 | BX20: 160 | BY20: 150 | BZ20: 150 | CA20: 150 | CB20: 120 | CC20: 120 | CD20: 130 | CE20: 130 | CF20: 200 | CG20: 200 | CH20: 0 | CI20: 200 | CJ20: 200 | CK20: 220 | CL20: 220 | CM20: 210 | CN20: 210 | CO20: 200 | CP20: 200 | CQ20: 190 | CR20: 190 | CS20: 300 | CT20: 290 | CU20: 290 | CV20: 290 | CW20: 290 | CX20: 150 | CY20: 150 | CZ20: 160 | DA20: 160 | DB20: 120 | DC20: 120 | DD20: 130 | DE20: 0 | DF20: 130 | DG20: 0 | DH20: 190 | DI20: 190 | DJ20: 180 | DK20: 120 | DL20: 120 | DM20: 120 | DN20: 120 | DO20: 230 | DP20: 240 | DQ20: 230 | DR20: 240 | DS20: 150 | DT20: 150 | DU20: 160 | DV20: 0 | DW20: 160 | DX20: 150 | DY20: 160 | DZ20: 160 | EA20: 160 | EB20: 100 | EC20: 100 | ED20: 100 | EE20: 110 | EF20: 210 | EG20: 210 | EH20: 0 | EI20: 210 | EJ20: 220 | EK20: 100 | EL20: 100 | EM20: 100 | EN20: 110 | EO20: 100 | EP20: 100 | EQ20: 90 | ER20: 90 | ES20: 90 | ET20: 140 | EU20: 140 | EV20: 130 | EW20: 130 | EX20: 110 | EY20: 110 | EZ20: 110 | FA20: 100 | FB20: 100 | FC20: 100 | FD20: 100 | FE20: 80 | FF20: 0 | FG20: 160 | FH20: 150 | FI20: 150 | FJ20: 0 | FK20: 100 | FL20: 100 | FM20: 90 | FN20: 100 | FO20: 80 | FP20: 110 | FQ20: 80 | FR20: 80 | FS20: 120 | FT20: 0 | FU20: 130 | FV20: 130 | FW20: 120 | FX20: 100 | FY20: 100 | FZ20: 100 | GA20: 140 | GB20: 100 | GC20: 120 | GD20: 120 | GE20: 130 | GF20: 210 | GG20: 210 | GH20: 206 | GI20: 0 | GJ20: 204 | GK20: 96 | GL20: 96 | GM20: 96 | GN20: 72 | GO20: 6 | GP20: 0 | GQ20: 0 | GR20: 0 | GS20: 0 | GT20: 0 | GU20: 0 | GV20: 0 | GW20: 0 | IL20: 0 | IM20: 0 | IN20: 0 | IO20: 42 | IP20: 42 | IQ20: 30 | IR20: 30 | IS20: 18 | IT20: 18 | IU20: 36 | IV20: 18 | IW20: 12 | IX20: 12 | IY20: 12 | IZ20: 12 | JA20: 18 | JB20: 6 | JC20: 0 | JD20: 0 | JE20: 0 | JF20: 18 | JG20: 0 | JH20: 0 | JI20: 0 | JJ20: 0 | JK20: 24 | JL20: 18 | JM20: 0 | JN20: 18 | JO20: 18 | JP20: 18 | JQ20: 0 | JR20: 0 | JS20: 18 | JT20: 12 | JU20: 12 | JV20: 0 | JW20: 24 | JX20: 18 | JY20: 0 | JZ20: 0 | KA20: 18 | KB20: 18 | KC20: 0 | KD20: 0 | KE20: 0 | KF20: 18 | KG20: 18 | KH20: 0 | KI20: 0 | KJ20: 0 | KK20: 24 | KL20: 18 | KM20: 0 | KN20: 0
D21: 2025.09.30 L/O | G21: CUM | H21: 11864 | I21: =H21+I20 -> 12404 | J21: =I21+J20 -> 12694 | K21: =J21+K20 -> 13304 | L21: =K21+L20 -> 13804 | M21: =L21+M20 -> 14604 | N21: =M21+N20 -> 15464 | O21: =N21+O20 -> 16244 | P21: =O21+P20 -> 17704 | ... AH21: =AG21+AH20 -> 27244 | AI21: =GA21 -> 27684 | AJ21: =AI21+AJ20 -> 28154 | AK21: =AJ21+AK20 -> 28984 | AL21: =AK21+AL20 -> 29344 | AM21: =AL21+AM20 -> 29350 | AN21: =AM21+AN20 -> 29350 | AO21: =AN21+AO20 -> 29350 | AP21: =AO21+AP20 -> 29350 | AQ21: =AP21+AQ20 -> 29350 | ... AU21: =AT21+AU20 -> 29350 | AV21: 0 | AW21: =AV21+AW20 -> 0 | AX21: =AW21+AX20 -> 0 | AY21: =AX21+AY20 -> 144 | AZ21: =AY21+AZ20 -> 234 | BA21: =AZ21+BA20 -> 300 | BB21: =BA21+BB20 -> 306 | BC21: =BB21+BC20 -> 324 | BD21: =BC21+BD20 -> 366 | ... BJ21: =BI21+BJ20 -> 618 | BK21: 11174 | BL21: =BK21+BL20 -> 11404 | BM21: =BL21+BM20 -> 11634 | BN21: =BM21+BN20 -> 11864 | BO21: =BN21+BO20 -> 12004 | BP21: =BO21+BP20 -> 12144 | BQ21: =BP21+BQ20 -> 12274 | BR21: =BQ21+BR20 -> 12404 | BS21: =BR21+BS20 -> 12484 | ... IA21: =HZ21+IA20 -> 29350 | IB21: 0 | IC21: =IB21+IC20 -> 0 | ID21: =IC21+ID20 -> 0 | IE21: =ID21+IE20 -> 0 | IF21: =IE21+IF20 -> 0 | IG21: =IF21+IG20 -> 0 | IH21: =IG21+IH20 -> 0 | II21: =IH21+II20 -> 0 | IJ21: =II21+IJ20 -> 0 | ... KM21: =KL21+KM20 -> 618 | KN21: =KL21+KN20 -> 618
C22: 2 | D22: 82111-FE200 | E22: AT10 | F22: 000 | G22: QTY | H22: 0 | I22: 0 | J22: 0 | K22: 0 | L22: 0 | M22: 0 | N22: 0 | O22: 0 | P22: 0 | Q22: 0 | R22: 0 | S22: 0 | T22: 70 | U22: 430 | V22: 630 | W22: 420 | X22: 710 | Y22: 440 | Z22: 820 | AA22: =SUBTOTAL(9,EO22:ES22) -> 620 | AB22: =SUBTOTAL(9,ET22:EW22) -> 610 | AC22: =SUBTOTAL(9,EX22:FA22) -> 490 | AD22: =SUBTOTAL(9,FB22:FF22) -> 450 | AE22: =SUBTOTAL(9,FG22:FJ22) -> 490 | AF22: =SUBTOTAL(9,FK22:FN22) -> 430 | AG22: =SUBTOTAL(9,FO22:FR22) -> 350 | AH22: =SUBTOTAL(9,FS22:FW22) -> 360 | AI22: =SUBTOTAL(9,FX22:GA22) -> 420 | AJ22: =SUBTOTAL(9,GB22:GE22) -> 580 | AK22: =SUBTOTAL(9,GF22:GJ22) -> 580 | AL22: =SUBTOTAL(9,GK22:GN22) -> 402 | AM22: =SUBTOTAL(9,GO22:GS22) -> 294 | AN22: =SUBTOTAL(9,GT22:GW22) -> 0 | AO22: =SUM(GX22:HA22) -> 0 | AP22: =SUM(HB22:HF22) -> 0 | AQ22: =SUM(HG22:HJ22) -> 0 | AR22: =SUM(HK22:HN22) -> 0 | AS22: =SUM(HO22:HR22) -> 0 | AT22: =SUM(HS22:HV22) -> 0 | AU22: =SUM(HW22:IA22) -> 0 | AV22: =SUM(IB22:IE22) -> 0 | AW22: =SUM(IF22:IJ22) -> 0 | AX22: =SUM(IK22:IN22) -> 0 | AY22: =SUM(IO22:IR22) -> 72 | AZ22: =SUM(IS22:IV22) -> 42 | BA22: =SUM(IW22:JA22) -> 84 | BB22: =SUM(JB22:JE22) -> 60 | BC22: =SUM(JF22:JI22) -> 36 | BD22: =SUM(JJ22:JM22) -> 0 | BE22: =SUM(JN22:JR22) -> 0 | BF22: =SUM(JS22:JV22) -> 0 | BG22: =SUM(JW22:JZ22) -> 0 | BH22: =SUM(KA22:KE22) -> 0 | BI22: =SUM(KF22:KI22) -> 0 | BJ22: =SUM(KJ22:KN22) -> 0 | BK22: 0 | BL22: 0 | BM22: 0 | BN22: 0 | BO22: 0 | BP22: 0 | BQ22: 0 | BR22: 0 | BS22: 0 | BT22: 0 | BU22: 0 | BV22: 0 | BW22: 0 | BX22: 0 | BY22: 0 | BZ22: 0 | CA22: 0 | CB22: 0 | CC22: 0 | CD22: 0 | CE22: 0 | CF22: 0 | CG22: 0 | CH22: 0 | CI22: 0 | CJ22: 0 | CK22: 0 | CL22: 0 | CM22: 0 | CN22: 0 | CO22: 0 | CP22: 0 | CQ22: 0 | CR22: 0 | CS22: 0 | CT22: 0 | CU22: 0 | CV22: 0 | CW22: 0 | CX22: 0 | CY22: 0 | CZ22: 0 | DA22: 0 | DB22: 0 | DC22: 0 | DD22: 0 | DE22: 0 | DF22: 0 | DG22: 0 | DH22: 0 | DI22: 0 | DJ22: 0 | DK22: 0 | DL22: 30 | DM22: 20 | DN22: 20 | DO22: 110 | DP22: 110 | DQ22: 110 | DR22: 100 | DS22: 160 | DT22: 160 | DU22: 160 | DV22: 0 | DW22: 150 | DX22: 110 | DY22: 110 | DZ22: 100 | EA22: 100 | EB22: 170 | EC22: 180 | ED22: 180 | EE22: 180 | EF22: 110 | EG22: 110 | EH22: 0 | EI22: 110 | EJ22: 110 | EK22: 200 | EL22: 210 | EM22: 200 | EN22: 210 | EO22: 130 | EP22: 130 | EQ22: 120 | ER22: 120 | ES22: 120 | ET22: 160 | EU22: 150 | EV22: 150 | EW22: 150 | EX22: 130 | EY22: 120 | EZ22: 120 | FA22: 120 | FB22: 90 | FC22: 90 | FD22: 90 | FE22: 90 | FF22: 90 | FG22: 160 | FH22: 160 | FI22: 170 | FJ22: 0 | FK22: 100 | FL22: 110 | FM22: 120 | FN22: 100 | FO22: 100 | FP22: 100 | FQ22: 100 | FR22: 50 | FS22: 100 | FT22: 0 | FU22: 100 | FV22: 80 | FW22: 80 | FX22: 140 | FY22: 140 | FZ22: 140 | GA22: 0 | GB22: 140 | GC22: 150 | GD22: 150 | GE22: 140 | GF22: 148 | GG22: 144 | GH22: 144 | GI22: 0 | GJ22: 144 | GK22: 96 | GL22: 78 | GM22: 78 | GN22: 150 | GO22: 150 | GP22: 144 | GQ22: 0 | GS22: 0 | GT22: 0 | GU22: 0 | GV22: 0 | GW22: 0 | IO22: 24 | IP22: 24 | IQ22: 12 | IR22: 12 | IS22: 18 | IT22: 12 | IU22: 12 | IV22: 0 | IW22: 0 | IX22: 24 | IY22: 18 | IZ22: 18 | JA22: 24 | JB22: 24 | JC22: 18 | JD22: 18 | JE22: 0 | JF22: 18 | JG22: 18 | JH22: 0 | JI22: 0 | JJ22: 0 | JK22: 0 | JL22: 0 | JM22: 0 | JN22: 0 | JO22: 0 | JP22: 0 | JQ22: 0 | JR22: 0 | JS22: 0 | JT22: 0 | JU22: 0 | JV22: 0 | JW22: 0 | JX22: 0 | JY22: 0 | JZ22: 0 | KA22: 0 | KB22: 0 | KC22: 0 | KD22: 0 | KE22: 0 | KF22: 0 | KG22: 0 | KH22: 0 | KI22: 0 | KJ22: 0 | KK22: 0 | KL22: 0 | KM22: 0 | KN22: 0
D23: 2025.09.30 L/O 2026.03.09 B/O | G23: CUM | H23: 0 | I23: =H23+I22 -> 0 | J23: =I23+J22 -> 0 | K23: =J23+K22 -> 0 | L23: =K23+L22 -> 0 | M23: =L23+M22 -> 0 | N23: =M23+N22 -> 0 | O23: =N23+O22 -> 0 | P23: =O23+P22 -> 0 | ... AH23: =AG23+AH22 -> 7320 | AI23: =GA23 -> 7740 | AJ23: =AI23+AJ22 -> 8320 | AK23: =AJ23+AK22 -> 8900 | AL23: =AK23+AL22 -> 9302 | AM23: =AL23+AM22 -> 9596 | AN23: =AM23+AN22 -> 9596 | AO23: =AN23+AO22 -> 9596 | AP23: =AO23+AP22 -> 9596 | AQ23: =AP23+AQ22 -> 9596 | ... AU23: =AT23+AU22 -> 9596 | AV23: 0 | AW23: =AV23+AW22 -> 0 | AX23: =AW23+AX22 -> 0 | AY23: =AX23+AY22 -> 72 | AZ23: =AY23+AZ22 -> 114 | BA23: =AZ23+BA22 -> 198 | BB23: =BA23+BB22 -> 258 | BC23: =BB23+BC22 -> 294 | BD23: =BC23+BD22 -> 294 | ... BJ23: =BI23+BJ22 -> 294 | BK23: 0 | BL23: =BK23+BL22 -> 0 | BM23: =BL23+BM22 -> 0 | BN23: =BM23+BN22 -> 0 | BO23: =BN23+BO22 -> 0 | BP23: =BO23+BP22 -> 0 | BQ23: =BP23+BQ22 -> 0 | BR23: =BQ23+BR22 -> 0 | BS23: =BR23+BS22 -> 0 | ... IA23: =HZ23+IA22 -> 9596 | IB23: 0 | IC23: =IB23+IC22 -> 0 | ID23: =IC23+ID22 -> 0 | IE23: =ID23+IE22 -> 0 | IF23: =IE23+IF22 -> 0 | IG23: =IF23+IG22 -> 0 | IH23: =IG23+IH22 -> 0 | II23: =IH23+II22 -> 0 | IJ23: =II23+IJ22 -> 0 | ... KM23: =KL23+KM22 -> 294 | KN23: =KL23+KN22 -> 294
C24: 3 | D24: 82111-FE210 | E24: AT10 | F24: 000 | G24: QTY | H24: 930 | I24: 540 | J24: 290 | K24: 0 | L24: 0 | M24: 560 | N24: 550 | O24: 400 | P24: 650 | R24: 0 | S24: 0 | T24: 30 | U24: 120 | V24: 170 | W24: 170 | X24: 120 | Y24: 70 | Z24: 80 | AA24: =SUBTOTAL(9,EO24:ES24) -> 80 | AB24: =SUBTOTAL(9,ET24:EW24) -> 120 | AC24: =SUBTOTAL(9,EX24:FA24) -> 130 | AD24: =SUBTOTAL(9,FB24:FF24) -> 60 | AE24: =SUBTOTAL(9,FG24:FJ24) -> 70 | AF24: =SUBTOTAL(9,FK24:FN24) -> 50 | AG24: =SUBTOTAL(9,FO24:FR24) -> 36 | AH24: =SUBTOTAL(9,FS24:FW24) -> 0 | AI24: =SUBTOTAL(9,FX24:GA24) -> 0 | AJ24: =SUBTOTAL(9,GB24:GE24) -> 0 | AK24: =SUBTOTAL(9,GF24:GJ24) -> 0 | AL24: =SUBTOTAL(9,GK24:GN24) -> 0 | AM24: =SUBTOTAL(9,GO24:GS24) -> 0 | AN24: =SUBTOTAL(9,GT24:GW24) -> 0 | AO24: =SUM(GX24:HA24) -> 0 | AP24: =SUM(HB24:HF24) -> 0 | AQ24: =SUM(HG24:HJ24) -> 0 | AR24: =SUM(HK24:HN24) -> 0 | AS24: =SUM(HO24:HR24) -> 0 | AT24: =SUM(HS24:HV24) -> 0 | AU24: =SUM(HW24:IA24) -> 0 | AV24: =SUM(IB24:IE24) -> 0 | AW24: =SUM(IF24:IJ24) -> 0 | AX24: =SUM(IK24:IN24) -> 0 | AY24: =SUM(IO24:IR24) -> 576 | AZ24: =SUM(IS24:IV24) -> 426 | BA24: =SUM(IW24:JA24) -> 570 | BB24: =SUM(JB24:JE24) -> 336 | BC24: =SUM(JF24:JI24) -> 192 | BD24: =SUM(JJ24:JM24) -> 16 | BE24: =SUM(JN24:JR24) -> 0 | BF24: =SUM(JS24:JV24) -> 0 | BG24: =SUM(JW24:JZ24) -> 0 | BH24: =SUM(KA24:KE24) -> 0 | BI24: =SUM(KF24:KI24) -> 0 | BJ24: =SUM(KJ24:KN24) -> 0 | BK24: 680 | BL24: 230 | BM24: 230 | BN24: 230 | BO24: 140 | BP24: 140 | BQ24: 130 | BR24: 130 | BS24: 80 | BT24: 70 | BU24: 70 | BV24: 70 | BW24: 0 | BX24: 0 | BY24: 0 | BZ24: 0 | CA24: 0 | CB24: 0 | CC24: 0 | CD24: 0 | CE24: 0 | CF24: 140 | CG24: 140 | CH24: 0 | CI24: 140 | CJ24: 140 | CK24: 140 | CL24: 140 | CM24: 140 | CN24: 130 | CO24: 100 | CP24: 100 | CQ24: 100 | CR24: 100 | CS24: 130 | CT24: 130 | CU24: 130 | CV24: 130 | CW24: 130 | CX24: 130 | CY24: 130 | CZ24: 140 | DA24: 140 | DB24: 0 | DC24: 0 | DD24: 0 | DE24: 0 | DF24: 0 | DG24: 0 | DH24: 0 | DI24: 0 | DJ24: 0 | DK24: 0 | DL24: 10 | DM24: 10 | DN24: 10 | DO24: 30 | DP24: 30 | DQ24: 30 | DR24: 30 | DS24: 40 | DT24: 40 | DU24: 40 | DV24: 0 | DW24: 50 | DX24: 40 | DY24: 50 | DZ24: 40 | EA24: 40 | EB24: 30 | EC24: 30 | ED24: 30 | EE24: 30 | EF24: 10 | EG24: 20 | EH24: 2 | EI24: 20 | EJ24: 20 | EK24: 20 | EL24: 20 | EM24: 20 | EN24: 20 | EO24: 20 | EP24: 20 | EQ24: 20 | ER24: 10 | ES24: 10 | ET24: 30 | EU24: 30 | EV24: 30 | EW24: 30 | EX24: 40 | EY24: 30 | EZ24: 30 | FA24: 30 | FB24: 0 | FC24: 20 | FD24: 20 | FE24: 10 | FF24: 10 | FG24: 20 | FH24: 30 | FI24: 20 | FJ24: 0 | FK24: 20 | FL24: 10 | FM24: 20 | FN24: 0 | FO24: 10 | FP24: 0 | FQ24: 0 | FR24: 26 | FS24: 0 | FT24: 0 | FU24: 0 | FV24: 0 | FW24: 0 | FX24: 0 | FY24: 0 | FZ24: 0 | GA24: 0 | GB24: 0 | GC24: 0 | GD24: 0 | GE24: 0 | GF24: 0 | GG24: 0 | GH24: 0 | GI24: 0 | GJ24: 0 | GK24: 0 | GL24: 0 | GM24: 0 | GN24: 0 | GO24: 0 | GP24: 0 | GQ24: 0 | GR24: 0 | GT24: 0 | GU24: 0 | GV24: 0 | GW24: 0 | IO24: 186 | IP24: 186 | IQ24: 102 | IR24: 102 | IS24: 108 | IT24: 108 | IU24: 108 | IV24: 102 | IW24: 102 | IX24: 114 | IY24: 114 | IZ24: 114 | JA24: 126 | JB24: 84 | JC24: 84 | JD24: 84 | JE24: 84 | JF24: 48 | JG24: 48 | JH24: 48 | JI24: 48 | JJ24: 0 | JK24: 16 | JL24: 0 | JM24: 0 | JN24: 0 | JO24: 0 | JP24: 0 | JQ24: 0 | JR24: 0 | JS24: 0 | JT24: 0 | JU24: 0 | JV24: 0 | JW24: 0 | JX24: 0 | JY24: 0 | JZ24: 0 | KA24: 0 | KB24: 0 | KC24: 0 | KD24: 0 | KE24: 0 | KF24: 0 | KG24: 0 | KH24: 0 | KI24: 0 | KJ24: 0 | KK24: 0 | KL24: 0 | KM24: 0 | KN24: 0
D25: 2025.09.30 L/O 2026.03.09 B/O | G25: CUM | H25: 11864 | I25: =H25+I24 -> 12404 | J25: =I25+J24 -> 12694 | K25: 0 | L25: =K25+L24 -> 0 | M25: =L25+M24 -> 560 | N25: =M25+N24 -> 1110 | O25: =N25+O24 -> 1510 | P25: =O25+P24 -> 2160 | Q25: 0 | R25: =Q25+R24 -> 0 | S25: =R25+S24 -> 0 | T25: =S25+T24 -> 30 | U25: =T25+U24 -> 150 | V25: =U25+V24 -> 320 | W25: =V25+W24 -> 490 | X25: =W25+X24 -> 610 | Y25: =X25+Y24 -> 680 | ... AH25: =AG25+AH24 -> 1306 | AI25: =GA25 -> 1308 | AJ25: =AI25+AJ24 -> 1308 | AK25: =AJ25+AK24 -> 1308 | AL25: =AK25+AL24 -> 1308 | AM25: =AL25+AM24 -> 1308 | AN25: =AM25+AN24 -> 1308 | AO25: =AN25+AO24 -> 1308 | AP25: =AO25+AP24 -> 1308 | AQ25: =AP25+AQ24 -> 1308 | ... AU25: =AT25+AU24 -> 1308 | AV25: 0 | AW25: =AV25+AW24 -> 0 | AX25: =AW25+AX24 -> 0 | AY25: =AX25+AY24 -> 576 | AZ25: =AY25+AZ24 -> 1002 | BA25: =AZ25+BA24 -> 1572 | BB25: =BA25+BB24 -> 1908 | BC25: =BB25+BC24 -> 2100 | BD25: =BC25+BD24 -> 2116 | ... BJ25: =BI25+BJ24 -> 2116 | BK25: 11174 | BL25: =BK25+BL24 -> 11404 | BM25: =BL25+BM24 -> 11634 | BN25: =BM25+BN24 -> 11864 | BO25: =BN25+BO24 -> 12004 | BP25: =BO25+BP24 -> 12144 | BQ25: =BP25+BQ24 -> 12274 | BR25: =BQ25+BR24 -> 12404 | BS25: =BR25+BS24 -> 12484 | ... BV25: =BU25+BV24 -> 12694 | BW25: 0 | BX25: =BW25+BX24 -> 0 | BY25: =BX25+BY24 -> 0 | BZ25: =BY25+BZ24 -> 0 | CA25: =BZ25+CA24 -> 0 | CB25: =CA25+CB24 -> 0 | CC25: =CB25+CC24 -> 0 | CD25: =CC25+CD24 -> 0 | CE25: =CD25+CE24 -> 0 | ... DA25: =CZ25+DA24 -> 2700 | DB25: 0 | DC25: =DB25+DC24 -> 0 | DD25: =DC25+DD24 -> 0 | DE25: =DD25+DE24 -> 0 | DF25: =DE25+DF24 -> 0 | DG25: =DF25+DG24 -> 0 | DH25: =DG25+DH24 -> 0 | DI25: =DH25+DI24 -> 0 | DJ25: =DI25+DJ24 -> 0 | ... IA25: =HZ25+IA24 -> 1308 | IB25: 0 | IC25: =IB25+IC24 -> 0 | ID25: =IC25+ID24 -> 0 | IE25: =ID25+IE24 -> 0 | IF25: =IE25+IF24 -> 0 | IG25: =IF25+IG24 -> 0 | IH25: =IG25+IH24 -> 0 | II25: =IH25+II24 -> 0 | IJ25: =II25+IJ24 -> 0 | ... KM25: =KL25+KM24 -> 2116 | KN25: =KL25+KN24 -> 2116
C26: 4 | D26: 82111-FE460 | E26: AT10 | F26: 000 | G26: QTY | AC26: =SUBTOTAL(9,EX26:FA26) -> 0 | AD26: =SUBTOTAL(9,FB26:FF26) -> 0 | AE26: =SUBTOTAL(9,FG26:FJ26) -> 0 | AF26: =SUBTOTAL(9,FK26:FN26) -> 0 | AG26: =SUBTOTAL(9,FO26:FR26) -> 0 | AH26: =SUBTOTAL(9,FS26:FW26) -> 0 | AI26: =SUBTOTAL(9,FX26:GA26) -> 0 | AJ26: =SUBTOTAL(9,GB26:GE26) -> 0 | AK26: =SUBTOTAL(9,GF26:GJ26) -> 0 | AL26: =SUBTOTAL(9,GK26:GN26) -> 0 | AM26: =SUBTOTAL(9,GO26:GS26) -> 0 | AN26: =SUBTOTAL(9,GT26:GW26) -> 0 | AO26: =SUM(GX26:HA26) -> 0 | AP26: =SUM(HB26:HF26) -> 0 | AQ26: =SUM(HG26:HJ26) -> 0 | AR26: =SUM(HK26:HN26) -> 0 | AS26: =SUM(HO26:HR26) -> 0 | AT26: =SUM(HS26:HV26) -> 0 | AU26: =SUM(HW26:IA26) -> 0 | AV26: =SUM(IB26:IE26) -> 0 | AW26: =SUM(IF26:IJ26) -> 0 | AX26: =SUM(IK26:IN26) -> 0 | AY26: =SUM(IO26:IR26) -> 0 | AZ26: =SUM(IS26:IV26) -> 0 | BA26: =SUM(IW26:JA26) -> 0 | BB26: =SUM(JB26:JE26) -> 0 | BC26: =SUM(JF26:JI26) -> 18 | BD26: =SUM(JJ26:JM26) -> 48 | BE26: =SUM(JN26:JR26) -> 42 | BF26: =SUM(JS26:JV26) -> 54 | BG26: =SUM(JW26:JZ26) -> 36 | BH26: =SUM(KA26:KE26) -> 42 | BI26: =SUM(KF26:KI26) -> 48 | BJ26: =SUM(KJ26:KN26) -> 48 | JF26: 18 | JG26: 0 | JH26: 0 | JI26: 0 | JJ26: 0 | JK26: 24 | JL26: 24 | JM26: 0 | JN26: 24 | JO26: 18 | JP26: 0 | JQ26: 0 | JR26: 0 | JS26: 18 | JT26: 18 | JU26: 18 | JV26: 0 | JW26: 18 | JX26: 18 | JY26: 0 | JZ26: 0 | KA26: 24 | KB26: 18 | KC26: 0 | KD26: 0 | KE26: 0 | KF26: 24 | KG26: 24 | KH26: 0 | KI26: 0 | KJ26: 0 | KK26: 24 | KL26: 24 | KM26: 0 | KN26: 0
D27: 2026.03.10 L/O | G27: CUM | AC27: =AB27+AC26 -> 0 | AD27: =AC27+AD26 -> 0 | AE27: =AD27+AE26 -> 0 | AF27: =AE27+AF26 -> 0 | AG27: =AF27+AG26 -> 0 | AH27: =AG27+AH26 -> 0 | AI27: =GA27 -> 0 | AJ27: =AI27+AJ26 -> 0 | AK27: =AJ27+AK26 -> 0 | AL27: =AK27+AL26 -> 0 | AM27: =AL27+AM26 -> 0 | AN27: =AM27+AN26 -> 0 | AO27: =AN27+AO26 -> 0 | AP27: =AO27+AP26 -> 0 | AQ27: =AP27+AQ26 -> 0 | ... BJ27: =BI27+BJ26 -> 336 | EX27: =EW27+EX26 -> 0 | EY27: =EX27+EY26 -> 0 | EZ27: =EY27+EZ26 -> 0 | FA27: =EZ27+FA26 -> 0 | FB27: =FA27+FB26 -> 0 | FC27: =FB27+FC26 -> 0 | FD27: =FC27+FD26 -> 0 | FE27: =FD27+FE26 -> 0 | ... KM27: =KL27+KM26 -> 336 | KN27: =KL27+KN26 -> 336
C28: 4 | D28: 82111-FE470 | E28: AT10 | F28: 000 | G28: QTY | AC28: =SUBTOTAL(9,EX28:FA28) -> 0 | AD28: =SUBTOTAL(9,FB28:FF28) -> 0 | AE28: =SUBTOTAL(9,FG28:FJ28) -> 0 | AF28: =SUBTOTAL(9,FK28:FN28) -> 0 | AG28: =SUBTOTAL(9,FO28:FR28) -> 0 | AH28: =SUBTOTAL(9,FS28:FW28) -> 0 | AI28: =SUBTOTAL(9,FX28:GA28) -> 0 | AJ28: =SUBTOTAL(9,GB28:GE28) -> 0 | AK28: =SUBTOTAL(9,GF28:GJ28) -> 0 | AL28: =SUBTOTAL(9,GK28:GN28) -> 0 | AM28: =SUBTOTAL(9,GO28:GS28) -> 0 | AN28: =SUBTOTAL(9,GT28:GW28) -> 0 | AO28: =SUM(GX28:HA28) -> 0 | AP28: =SUM(HB28:HF28) -> 0 | AQ28: =SUM(HG28:HJ28) -> 0 | AR28: =SUM(HK28:HN28) -> 0 | AS28: =SUM(HO28:HR28) -> 0 | AT28: =SUM(HS28:HV28) -> 0 | AU28: =SUM(HW28:IA28) -> 0 | AV28: =SUM(IB28:IE28) -> 0 | AW28: =SUM(IF28:IJ28) -> 0 | AX28: =SUM(IK28:IN28) -> 0 | AY28: =SUM(IO28:IR28) -> 0 | AZ28: =SUM(IS28:IV28) -> 0 | BA28: =SUM(IW28:JA28) -> 0 | BB28: =SUM(JB28:JE28) -> 0 | BC28: =SUM(JF28:JI28) -> 240 | BD28: =SUM(JJ28:JM28) -> 372 | BE28: =SUM(JN28:JR28) -> 12 | BF28: =SUM(JS28:JV28) -> 204 | BG28: =SUM(JW28:JZ28) -> 222 | BH28: =SUM(KA28:KE28) -> 210 | BI28: =SUM(KF28:KI28) -> 264 | BJ28: =SUM(KJ28:KN28) -> 282 | JF28: 60 | JG28: 60 | JH28: 60 | JI28: 60 | JJ28: 0 | JK28: 126 | JL28: 126 | JM28: 120 | JN28: 12 | JO28: 0 | JP28: 0 | JQ28: 0 | JR28: 0 | JS28: 54 | JT28: 54 | JU28: 48 | JV28: 48 | JW28: 60 | JX28: 54 | JY28: 54 | JZ28: 54 | KA28: 42 | KB28: 42 | KC28: 42 | KD28: 42 | KE28: 42 | KF28: 66 | KG28: 66 | KH28: 66 | KI28: 66 | KJ28: 0 | KK28: 72 | KL28: 72 | KM28: 72 | KN28: 66
D29: 2026.03.10 L/O | G29: CUM | AC29: =AB29+AC28 -> 0 | AD29: =AC29+AD28 -> 0 | AE29: =AD29+AE28 -> 0 | AF29: =AE29+AF28 -> 0 | AG29: =AF29+AG28 -> 0 | AH29: =AG29+AH28 -> 0 | AI29: =GA29 -> 0 | AJ29: =AI29+AJ28 -> 0 | AK29: =AJ29+AK28 -> 0 | AL29: =AK29+AL28 -> 0 | AM29: =AL29+AM28 -> 0 | AN29: =AM29+AN28 -> 0 | AO29: =AN29+AO28 -> 0 | AP29: =AO29+AP28 -> 0 | AQ29: =AP29+AQ28 -> 0 | ... BJ29: =BI29+BJ28 -> 1806 | EX29: =EW29+EX28 -> 0 | EY29: =EX29+EY28 -> 0 | EZ29: =EY29+EZ28 -> 0 | FA29: =EZ29+FA28 -> 0 | FB29: =FA29+FB28 -> 0 | FC29: =FB29+FC28 -> 0 | FD29: =FC29+FD28 -> 0 | FE29: =FD29+FE28 -> 0 | ... KM29: =KL29+KM28 -> 1740 | KN29: =KL29+KN28 -> 1734
C30: 4 | D30: 82111-FET30 | E30: AT10 | F30: A01 | G30: QTY | AC30: =SUBTOTAL(9,EX30:FA30) -> 0 | AD30: =SUBTOTAL(9,FB30:FF30) -> 0 | AE30: =SUBTOTAL(9,FG30:FJ30) -> 0 | AF30: =SUBTOTAL(9,FK30:FN30) -> 0 | AG30: =SUBTOTAL(9,FO30:FR30) -> 0 | AH30: =SUBTOTAL(9,FS30:FW30) -> 0 | AI30: =SUBTOTAL(9,FX30:GA30) -> 0 | AJ30: =SUBTOTAL(9,GB30:GE30) -> 0 | AK30: =SUBTOTAL(9,GF30:GJ30) -> 0 | AL30: =SUBTOTAL(9,GK30:GN30) -> 0 | AM30: =SUBTOTAL(9,GO30:GS30) -> 336 | AN30: =SUBTOTAL(9,GT30:GW30) -> 612 | AO30: =SUM(GX30:HA30) -> 618 | AP30: =SUM(HB30:HF30) -> 540 | AQ30: =SUM(HG30:HJ30) -> 960 | AR30: =SUM(HK30:HN30) -> 636 | AS30: =SUM(HO30:HR30) -> 540 | AT30: =SUM(HS30:HV30) -> 0 | AU30: =SUM(HW30:IA30) -> 186 | AV30: =SUM(IB30:IE30) -> 240 | AW30: =SUM(IF30:IJ30) -> 204 | AX30: =SUM(IK30:IN30) -> 300 | AY30: =SUM(IO30:IR30) -> 348 | AZ30: =SUM(IS30:IV30) -> 486 | BA30: =SUM(IW30:JA30) -> 510 | BB30: =SUM(JB30:JE30) -> 444 | BC30: =SUM(JF30:JI30) -> 390 | BD30: =SUM(JJ30:JM30) -> 378 | BE30: =SUM(JN30:JR30) -> 348 | BF30: =SUM(JS30:JV30) -> 0 | BG30: =SUM(JW30:JZ30) -> 78 | BH30: =SUM(KA30:KE30) -> 156 | BI30: =SUM(KF30:KI30) -> 168 | BJ30: =SUM(KJ30:KN30) -> 186 | EX30: 0 | EY30: 0 | EZ30: 0 | FA30: 0 | FB30: 0 | FC30: 0 | FD30: 0 | FE30: 0 | FF30: 0 | FG30: 0 | FH30: 0 | FI30: 0 | FJ30: 0 | FK30: 0 | FL30: 0 | FM30: 0 | FN30: 0 | FO30: 0 | FP30: 0 | FQ30: 0 | FR30: 0 | FS30: 0 | FT30: 0 | FU30: 0 | FV30: 0 | FW30: 0 | FX30: 0 | FY30: 0 | FZ30: 0 | GA30: 0 | GB30: 0 | GC30: 0 | GD30: 0 | GE30: 0 | GF30: 0 | GG30: 0 | GH30: 0 | GI30: 0 | GJ30: 0 | GK30: 0 | GL30: 0 | GM30: 0 | GN30: 0 | GO30: 68 | GP30: 67 | GQ30: 67 | GR30: 67 | GS30: 67 | GT30: 156 | GU30: 156 | GV30: 150 | GW30: 150 | GX30: 156 | GY30: 156 | GZ30: 156 | HA30: 150 | HB30: 108 | HC30: 108 | HD30: 108 | HE30: 108 | HF30: 108 | HG30: 324 | HI30: 318 | HJ30: 318 | HK30: 162 | HL30: 162 | HM30: 156 | HN30: 156 | HO30: 138 | HP30: 138 | HQ30: 132 | HR30: 132 | HS30: 0 | HT30: 0 | HU30: 0 | HV30: 0 | HX30: 48 | HY30: 48 | HZ30: 48 | IA30: 42 | IB30: 60 | IC30: 60 | ID30: 60 | IE30: 60 | IF30: 42 | IG30: 42 | IH30: 42 | II30: 42 | IJ30: 36 | IL30: 102 | IM30: 102 | IN30: 96 | IO30: 90 | IP30: 90 | IQ30: 84 | IR30: 84 | IS30: 108 | IT30: 108 | IU30: 108 | IV30: 162 | IW30: 48 | IX30: 120 | IY30: 120 | IZ30: 126 | JA30: 96 | JB30: 114 | JC30: 114 | JD30: 108 | JE30: 108 | JF30: 102 | JG30: 96 | JH30: 96 | JI30: 96 | JJ30: 0 | JK30: 126 | JL30: 126 | JM30: 126 | JN30: 90 | JO30: 90 | JP30: 84 | JQ30: 0 | JR30: 84 | JS30: 0 | JT30: 0 | JU30: 0 | JV30: 0 | JW30: 24 | JX30: 18 | JY30: 18 | JZ30: 18 | KA30: 36 | KB30: 30 | KC30: 30 | KD30: 30 | KE30: 30 | KF30: 42 | KG30: 42 | KH30: 42 | KI30: 42 | KJ30: 0 | KK30: 48 | KL30: 48 | KM30: 48 | KN30: 42
G31: CUM | AC31: =AB31+AC30 -> 0 | AD31: =AC31+AD30 -> 0 | AE31: =AD31+AE30 -> 0 | AF31: =AE31+AF30 -> 0 | AG31: =AF31+AG30 -> 0 | AH31: =AG31+AH30 -> 0 | AI31: =GA31 -> 0 | AJ31: =AI31+AJ30 -> 0 | AK31: =AJ31+AK30 -> 0 | AL31: =AK31+AL30 -> 0 | AM31: =AL31+AM30 -> 336 | AN31: =AM31+AN30 -> 948 | AO31: =AN31+AO30 -> 1566 | AP31: =AO31+AP30 -> 2106 | AQ31: =AP31+AQ30 -> 3066 | ... BJ31: =BI31+BJ30 -> 8664 | EX31: =EW31+EX30 -> 0 | EY31: =EX31+EY30 -> 0 | EZ31: =EY31+EZ30 -> 0 | FA31: =EZ31+FA30 -> 0 | FB31: =FA31+FB30 -> 0 | FC31: =FB31+FC30 -> 0 | FD31: =FC31+FD30 -> 0 | FE31: =FD31+FE30 -> 0 | ... KM31: =KL31+KM30 -> 8622 | KN31: =KL31+KN30 -> 8616
C32: 5 | D32: 82111-FET40 | F32: A01 | G32: QTY | AC32: =SUBTOTAL(9,EX32:FA32) -> 0 | AD32: =SUBTOTAL(9,FB32:FF32) -> 0 | AE32: =SUBTOTAL(9,FG32:FJ32) -> 0 | AF32: =SUBTOTAL(9,FK32:FN32) -> 0 | AG32: =SUBTOTAL(9,FO32:FR32) -> 0 | AH32: =SUBTOTAL(9,FS32:FW32) -> 0 | AI32: =SUBTOTAL(9,FX32:GA32) -> 0 | AJ32: =SUBTOTAL(9,GB32:GE32) -> 0 | AK32: =SUBTOTAL(9,GF32:GJ32) -> 0 | AL32: =SUBTOTAL(9,GK32:GN32) -> 0 | AM32: =SUBTOTAL(9,GO32:GS32) -> 282 | AN32: =SUBTOTAL(9,GT32:GW32) -> 498 | AO32: =SUM(GX32:HA32) -> 552 | AP32: =SUM(HB32:HF32) -> 552 | AQ32: =SUM(HG32:HJ32) -> 576 | AR32: =SUM(HK32:HN32) -> 828 | AS32: =SUM(HO32:HR32) -> 798 | AT32: =SUM(HS32:HV32) -> 420 | AU32: =SUM(HW32:IA32) -> 564 | AV32: =SUM(IB32:IE32) -> 564 | AW32: =SUM(IF32:IJ32) -> 498 | AX32: =SUM(IK32:IN32) -> 756 | AY32: =SUM(IO32:IR32) -> 792 | AZ32: =SUM(IS32:IV32) -> 726 | BA32: =SUM(IW32:JA32) -> 870 | BB32: =SUM(JB32:JE32) -> 660 | BC32: =SUM(JF32:JI32) -> 612 | BD32: =SUM(JJ32:JM32) -> 786 | BE32: =SUM(JN32:JR32) -> 582 | BF32: =SUM(JS32:JV32) -> 0 | BG32: =SUM(JW32:JZ32) -> 132 | BH32: =SUM(KA32:KE32) -> 306 | BI32: =SUM(KF32:KI32) -> 318 | BJ32: =SUM(KJ32:KN32) -> 354 | BK32: 0 | BL32: 0 | BM32: 0 | BN32: 0 | BO32: 0 | BP32: 0 | BQ32: 0 | BR32: 0 | BS32: 0 | BT32: 0 | BU32: 0 | BV32: 0 | BW32: 0 | BX32: 0 | BY32: 0 | BZ32: 0 | CA32: 0 | CB32: 0 | CC32: 0 | CD32: 0 | CE32: 0 | CF32: 0 | CG32: 0 | CH32: 0 | CI32: 0 | CJ32: 0 | CK32: 0 | CL32: 0 | CM32: 0 | CN32: 0 | CO32: 0 | CP32: 0 | CQ32: 0 | CR32: 0 | CS32: 0 | CT32: 0 | CU32: 0 | CV32: 0 | CW32: 0 | CX32: 0 | CY32: 0 | CZ32: 0 | DA32: 0 | DB32: 0 | DC32: 0 | DD32: 0 | DE32: 0 | DF32: 0 | DG32: 0 | DH32: 0 | DI32: 0 | DJ32: 0 | DK32: 0 | DL32: 0 | DM32: 0 | DN32: 0 | DO32: 0 | DP32: 0 | DQ32: 0 | DR32: 0 | DS32: 0 | DT32: 0 | DU32: 0 | DV32: 0 | DW32: 0 | DX32: 0 | DY32: 0 | DZ32: 0 | EA32: 0 | EB32: 0 | EC32: 0 | ED32: 0 | EE32: 0 | EF32: 0 | EG32: 0 | EH32: 0 | EI32: 0 | EJ32: 0 | EK32: 0 | EL32: 0 | EM32: 0 | EN32: 0 | EO32: 0 | EP32: 0 | EQ32: 0 | ER32: 0 | ES32: 0 | ET32: 0 | EU32: 0 | EV32: 0 | EW32: 0 | EX32: 0 | EY32: 0 | EZ32: 0 | FA32: 0 | FB32: 0 | FC32: 0 | FD32: 0 | FE32: 0 | FF32: 0 | FG32: 0 | FH32: 0 | FI32: 0 | FJ32: 0 | FK32: 0 | FL32: 0 | FM32: 0 | FN32: 0 | FO32: 0 | FP32: 0 | FQ32: 0 | FR32: 0 | FS32: 0 | FT32: 0 | FU32: 0 | FV32: 0 | FW32: 0 | FX32: 0 | FY32: 0 | FZ32: 0 | GA32: 0 | GB32: 0 | GC32: 0 | GD32: 0 | GE32: 0 | GF32: 0 | GG32: 0 | GH32: 0 | GI32: 0 | GJ32: 0 | GK32: 0 | GL32: 0 | GM32: 0 | GN32: 0 | GO32: 58 | GP32: 56 | GQ32: 56 | GR32: 56 | GS32: 56 | GT32: 126 | GU32: 126 | GV32: 126 | GW32: 120 | GX32: 138 | GY32: 138 | GZ32: 138 | HA32: 138 | HB32: 114 | HC32: 114 | HD32: 108 | HE32: 108 | HF32: 108 | HG32: 192 | HI32: 192 | HJ32: 192 | HK32: 210 | HL32: 210 | HM32: 204 | HN32: 204 | HO32: 204 | HP32: 198 | HQ32: 198 | HR32: 198 | HS32: 108 | HT32: 108 | HU32: 102 | HV32: 102 | HX32: 144 | HY32: 144 | HZ32: 138 | IA32: 138 | IB32: 144 | IC32: 144 | ID32: 138 | IE32: 138 | IF32: 102 | IG32: 102 | IH32: 102 | II32: 96 | IJ32: 96 | IL32: 252 | IM32: 252 | IN32: 252 | IO32: 228 | IP32: 228 | IQ32: 168 | IR32: 168 | IS32: 186 | IT32: 192 | IU32: 168 | IV32: 180 | IW32: 300 | IX32: 102 | IY32: 204 | IZ32: 120 | JA32: 144 | JB32: 168 | JC32: 168 | JD32: 162 | JE32: 162 | JF32: 156 | JG32: 156 | JH32: 150 | JI32: 150 | JJ32: 0 | JK32: 264 | JL32: 264 | JM32: 258 | JN32: 150 | JO32: 144 | JP32: 144 | JQ32: 0 | JR32: 144 | JS32: 0 | JT32: 0 | JU32: 0 | JV32: 0 | JW32: 36 | JX32: 36 | JY32: 30 | JZ32: 30 | KA32: 66 | KB32: 60 | KC32: 60 | KD32: 60 | KE32: 60 | KF32: 84 | KG32: 78 | KH32: 78 | KI32: 78 | KJ32: 0 | KK32: 90 | KL32: 90 | KM32: 90 | KN32: 84
G33: CUM | AC33: =AB33+AC32 -> 0 | AD33: =AC33+AD32 -> 0 | AE33: =AD33+AE32 -> 0 | AF33: =AE33+AF32 -> 0 | AG33: =AF33+AG32 -> 0 | AH33: =AG33+AH32 -> 0 | AI33: =GA33 -> 0 | AJ33: =AI33+AJ32 -> 0 | AK33: =AJ33+AK32 -> 0 | AL33: =AK33+AL32 -> 0 | AM33: =AL33+AM32 -> 282 | AN33: =AM33+AN32 -> 780 | AO33: =AN33+AO32 -> 1332 | AP33: =AO33+AP32 -> 1884 | AQ33: =AP33+AQ32 -> 2460 | ... BJ33: =BI33+BJ32 -> 13026 | EX33: =EW33+EX32 -> 0 | EY33: =EX33+EY32 -> 0 | EZ33: =EY33+EZ32 -> 0 | FA33: =EZ33+FA32 -> 0 | FB33: =FA33+FB32 -> 0 | FC33: =FB33+FC32 -> 0 | FD33: =FC33+FD32 -> 0 | FE33: =FD33+FE32 -> 0 | ... KM33: =KL33+KM32 -> 12942 | KN33: =KL33+KN32 -> 12936
C34: 6 | D34: 82115-F2390 | E34: A00 | F34: B01 | G34: QTY | AC34: 50 | AD34: 40 | AE34: =SUBTOTAL(9,FG34:FJ34) -> 0 | AF34: =SUBTOTAL(9,FK34:FN34) -> 4 | AG34: =SUBTOTAL(9,FO34:FR34) -> 0 | AH34: =SUBTOTAL(9,FS34:FW34) -> 240 | AI34: =SUBTOTAL(9,FX34:GA34) -> 140 | AJ34: =SUBTOTAL(9,GB34:GE34) -> 100 | AK34: =SUBTOTAL(9,GF34:GJ34) -> 24 | AL34: =SUBTOTAL(9,GK34:GN34) -> 66 | AM34: =SUBTOTAL(9,GO34:GS34) -> 30 | AN34: =SUBTOTAL(9,GT34:GW34) -> 36 | AO34: =SUM(GX34:HA34) -> 6 | AP34: =SUM(HB34:HF34) -> 0 | AQ34: =SUM(HG34:HJ34) -> 0 | AR34: =SUM(HK34:HN34) -> 12 | AS34: =SUM(HO34:HR34) -> 24 | AT34: =SUM(HS34:HV34) -> 54 | AU34: =SUM(HW34:IA34) -> 42 | AV34: =SUM(IB34:IE34) -> 18 | AW34: =SUM(IF34:IJ34) -> 12 | AX34: =SUM(IK34:IN34) -> 30 | AY34: =SUM(IO34:IR34) -> 30 | AZ34: =SUM(IS34:IV34) -> 60 | BA34: =SUM(IW34:JA34) -> 42 | BB34: =SUM(JB34:JE34) -> 6 | BC34: =SUM(JF34:JI34) -> 30 | BD34: =SUM(JJ34:JM34) -> 36 | BE34: =SUM(JN34:JR34) -> 12 | BF34: =SUM(JS34:JV34) -> 12 | BG34: =SUM(JW34:JZ34) -> 18 | BH34: =SUM(KA34:KE34) -> 12 | BI34: =SUM(KF34:KI34) -> 24 | BJ34: =SUM(KJ34:KN34) -> 24 | BK34: 40 | BL34: 0 | BM34: 0 | BN34: 0 | BO34: 0 | BP34: 0 | BQ34: 0 | BR34: 0 | BS34: 0 | BT34: 0 | BU34: 0 | BV34: 0 | BW34: 0 | BX34: 0 | BY34: 0 | BZ34: 0 | CA34: 0 | CB34: 0 | CC34: 0 | CD34: 0 | CE34: 0 | CF34: 0 | CG34: 0 | CH34: 0 | CI34: 0 | CJ34: 0 | CK34: 0 | CL34: 0 | CM34: 0 | CN34: 0 | CO34: 0 | CP34: 0 | CQ34: 0 | CR34: 0 | CS34: 0 | CT34: 0 | CU34: 0 | CV34: 0 | CW34: 0 | CX34: 0 | CY34: 0 | CZ34: 0 | DA34: 0 | DB34: 0 | DC34: 0 | DD34: 0 | DE34: 0 | DF34: 0 | DG34: 0 | DH34: 0 | DI34: 0 | DJ34: 0 | DK34: 0 | DL34: 0 | DM34: 0 | DN34: 0 | DO34: 0 | DP34: 0 | DQ34: 0 | DR34: 0 | DS34: 0 | DT34: 0 | DU34: 0 | DV34: 0 | DW34: 0 | DX34: 0 | DY34: 0 | DZ34: 0 | EA34: 0 | EB34: 0 | EC34: 0 | ED34: 0 | EE34: 0 | EF34: 0 | EG34: 0 | EH34: 0 | EI34: 0 | EJ34: 0 | EK34: 0 | EL34: 0 | EM34: 0 | EN34: 0 | EO34: 0 | EP34: 0 | EQ34: 0 | ER34: 0 | ES34: 0 | ET34: 0 | EU34: 0 | EV34: 0 | EW34: 0 | EX34: 0 | EY34: 0 | EZ34: 0 | FA34: 0 | FB34: 0 | FC34: 0 | FD34: 0 | FE34: 0 | FF34: 0 | FG34: 0 | FH34: 0 | FI34: 0 | FJ34: 0 | FK34: 0 | FL34: 4 | FM34: 0 | FN34: 0 | FO34: 0 | FP34: 0 | FQ34: 0 | FR34: 0 | FS34: 90 | FT34: 0 | FU34: 60 | FV34: 0 | FW34: 90 | FX34: 60 | FY34: 60 | FZ34: 20 | GA34: 0 | GB34: 50 | GC34: 0 | GD34: 50 | GE34: 0 | GF34: 24 | GG34: 0 | GH34: 0 | GI34: 0 | GJ34: 0 | GK34: 36 | GL34: 30 | GM34: 0 | GN34: 0 | GO34: 6 | GP34: 6 | GQ34: 6 | GR34: 6 | GS34: 6 | GT34: 12 | GU34: 12 | GV34: 6 | GW34: 6 | GX34: 6 | GY34: 0 | GZ34: 0 | HA34: 0 | HB34: 0 | HC34: 0 | HD34: 0 | HE34: 0 | HF34: 0 | HG34: 0 | HI34: 0 | HJ34: 0 | HK34: 12 | HL34: 0 | HM34: 0 | HN34: 0 | HO34: 12 | HP34: 12 | HQ34: 0 | HR34: 0 | HS34: 18 | HT34: 12 | HU34: 12 | HV34: 12 | HX34: 18 | HY34: 12 | HZ34: 12 | IA34: 0 | IB34: 18 | IC34: 0 | ID34: 0 | IE34: 0 | IF34: 12 | IG34: 0 | IH34: 0 | II34: 0 | IJ34: 0 | IL34: 18 | IM34: 12 | IN34: 0 | IO34: 18 | IP34: 12 | IQ34: 0 | IR34: 0 | IS34: 24 | IT34: 18 | IU34: 18 | IV34: 0 | IW34: 0 | IX34: 18 | IY34: 0 | IZ34: 0 | JA34: 24 | JB34: 6 | JC34: 0 | JD34: 0 | JE34: 0 | JF34: 18 | JG34: 12 | JH34: 0 | JI34: 0 | JJ34: 0 | JK34: 18 | JL34: 18 | JM34: 0 | JN34: 12 | JO34: 0 | JP34: 0 | JQ34: 0 | JR34: 0 | JS34: 12 | JT34: 0 | JU34: 0 | JV34: 0 | JW34: 18 | JX34: 0 | JY34: 0 | JZ34: 0 | KA34: 12 | KB34: 0 | KC34: 0 | KD34: 0 | KE34: 0 | KF34: 24 | KG34: 0 | KH34: 0 | KI34: 0 | KJ34: 0 | KK34: 24 | KL34: 0 | KM34: 0 | KN34: 0
G35: CUM | AC35: =AB35+AC34 -> 50 | AD35: =AC35+AD34 -> 90 | AE35: =AD35+AE34 -> 90 | AF35: =AE35+AF34 -> 94 | AG35: =AF35+AG34 -> 94 | AH35: =AG35+AH34 -> 334 | AI35: =GA35 -> 384 | AJ35: =AI35+AJ34 -> 484 | AK35: =AJ35+AK34 -> 508 | AL35: =AK35+AL34 -> 574 | AM35: =AL35+AM34 -> 604 | AN35: =AM35+AN34 -> 640 | AO35: =AN35+AO34 -> 646 | AP35: =AO35+AP34 -> 646 | AQ35: =AP35+AQ34 -> 646 | ... BJ35: =BI35+BJ34 -> 1144 | EX35: =EW35+EX34 -> 0 | EY35: =EX35+EY34 -> 0 | EZ35: =EY35+EZ34 -> 0 | FA35: =EZ35+FA34 -> 0 | FB35: =FA35+FB34 -> 0 | FC35: =FB35+FC34 -> 0 | FD35: =FC35+FD34 -> 0 | FE35: =FD35+FE34 -> 0 | ... KM35: =KL35+KM34 -> 1144 | KN35: =KL35+KN34 -> 1144
C36: 7 | D36: 82116-0ZW70 | E36: A00 | F36: A01 | G36: QTY | AC36: =SUBTOTAL(9,EX36:FA36) -> 0 | AD36: =SUBTOTAL(9,FB36:FF36) -> 0 | AE36: =SUBTOTAL(9,FG36:FJ36) -> 0 | AF36: =SUBTOTAL(9,FK36:FN36) -> 0 | AG36: =SUBTOTAL(9,FO36:FR36) -> 0 | AH36: =SUBTOTAL(9,FS36:FW36) -> 0 | AI36: =SUBTOTAL(9,FX36:GA36) -> 0 | AJ36: =SUBTOTAL(9,GB36:GE36) -> 0 | AK36: =SUBTOTAL(9,GF36:GJ36) -> 0 | AL36: =SUBTOTAL(9,GK36:GN36) -> 0 | AM36: =SUBTOTAL(9,GO36:GS36) -> 0 | AN36: =SUBTOTAL(9,GT36:GW36) -> 0 | AO36: =SUM(GX36:HA36) -> 0 | AP36: =SUM(HB36:HF36) -> 0 | AQ36: =SUM(HG36:HJ36) -> 0 | AR36: =SUM(HK36:HN36) -> 0 | AS36: =SUM(HO36:HR36) -> 0 | AT36: =SUM(HS36:HV36) -> 0 | AU36: =SUM(HW36:IA36) -> 0 | AV36: =SUM(IB36:IE36) -> 0 | AW36: =SUM(IF36:IJ36) -> 0 | AX36: =SUM(IK36:IN36) -> 180 | AY36: =SUM(IO36:IR36) -> 612 | AZ36: =SUM(IS36:IV36) -> 150 | BA36: =SUM(IW36:JA36) -> 576 | BB36: =SUM(JB36:JE36) -> 264 | BC36: =SUM(JF36:JI36) -> 120 | BD36: =SUM(JJ36:JM36) -> 132 | BE36: =SUM(JN36:JR36) -> 192 | BF36: =SUM(JS36:JV36) -> 216 | BG36: =SUM(JW36:JZ36) -> 216 | BH36: =SUM(KA36:KE36) -> 210 | BI36: =SUM(KF36:KI36) -> 216 | BJ36: =SUM(KJ36:KN36) -> 246 | EX36: 0 | EY36: 0 | EZ36: 0 | FA36: 0 | FB36: 0 | FC36: 0 | FD36: 0 | FE36: 0 | FF36: 0 | FG36: 0 | FH36: 0 | FI36: 0 | FJ36: 0 | FK36: 0 | FL36: 0 | FM36: 0 | FN36: 0 | FO36: 0 | FP36: 0 | FQ36: 0 | FR36: 0 | FS36: 0 | FT36: 0 | FU36: 0 | FV36: 0 | FW36: 0 | FX36: 0 | FY36: 0 | FZ36: 0 | GA36: 0 | GB36: 0 | GC36: 0 | GD36: 0 | GE36: 0 | GF36: 0 | GG36: 0 | GH36: 0 | GI36: 0 | GJ36: 0 | GK36: 0 | GL36: 0 | GM36: 0 | GN36: 0 | GO36: 0 | GP36: 0 | GQ36: 0 | GR36: 0 | GT36: 0 | GU36: 0 | GV36: 0 | GW36: 0 | IB36: 0 | IC36: 0 | ID36: 0 | IE36: 0 | IF36: 0 | IG36: 0 | IH36: 0 | II36: 0 | IJ36: 0 | IN36: 180 | IO36: 198 | IP36: 198 | IQ36: 108 | IR36: 108 | IS36: 60 | IT36: 72 | IU36: 6 | IV36: 12 | IW36: 102 | IX36: 102 | IY36: 156 | IZ36: 156 | JA36: 60 | JB36: 66 | JC36: 66 | JD36: 66 | JE36: 66 | JF36: 30 | JG36: 30 | JH36: 30 | JI36: 30 | JJ36: 0 | JK36: 48 | JL36: 42 | JM36: 42 | JN36: 48 | JO36: 48 | JP36: 48 | JQ36: 0 | JR36: 48 | JS36: 54 | JT36: 54 | JU36: 54 | JV36: 54 | JW36: 54 | JX36: 54 | JY36: 54 | JZ36: 54 | KA36: 42 | KB36: 42 | KC36: 42 | KD36: 42 | KE36: 42 | KF36: 54 | KG36: 54 | KH36: 54 | KI36: 54 | KJ36: 0 | KK36: 66 | KL36: 60 | KM36: 60 | KN36: 60
D37: 2025.09.30 L/O | G37: CUM | AC37: =AB37+AC36 -> 0 | AD37: =AC37+AD36 -> 0 | AE37: =AD37+AE36 -> 0 | AF37: =AE37+AF36 -> 0 | AG37: =AF37+AG36 -> 0 | AH37: =AG37+AH36 -> 0 | AI37: =GA37 -> 0 | AJ37: =AI37+AJ36 -> 0 | AK37: =AJ37+AK36 -> 0 | AL37: =AK37+AL36 -> 0 | AM37: =AL37+AM36 -> 0 | AN37: =AM37+AN36 -> 0 | AO37: =AN37+AO36 -> 0 | AP37: =AO37+AP36 -> 0 | AQ37: =AP37+AQ36 -> 0 | ... BJ37: =BI37+BJ36 -> 3330 | EX37: =EW37+EX36 -> 0 | EY37: =EX37+EY36 -> 0 | EZ37: =EY37+EZ36 -> 0 | FA37: =EZ37+FA36 -> 0 | FB37: =FA37+FB36 -> 0 | FC37: =FB37+FC36 -> 0 | FD37: =FC37+FD36 -> 0 | FE37: =FD37+FE36 -> 0 | ... KM37: =KL37+KM36 -> 3270 | KN37: =KL37+KN36 -> 3270
C38: 8 | D38: 82116-0ZW90 | F38: A01 | G38: QTY | AC38: =SUBTOTAL(9,EX38:FA38) -> 0 | AD38: =SUBTOTAL(9,FB38:FF38) -> 0 | AE38: =SUBTOTAL(9,FG38:FJ38) -> 0 | AF38: =SUBTOTAL(9,FK38:FN38) -> 0 | AG38: =SUBTOTAL(9,FO38:FR38) -> 0 | AH38: =SUBTOTAL(9,FS38:FW38) -> 0 | AI38: =SUBTOTAL(9,FX38:GA38) -> 0 | AJ38: =SUBTOTAL(9,GB38:GE38) -> 0 | AK38: =SUBTOTAL(9,GF38:GJ38) -> 0 | AL38: =SUBTOTAL(9,GK38:GN38) -> 0 | AM38: =SUBTOTAL(9,GO38:GS38) -> 450 | AN38: =SUBTOTAL(9,GT38:GW38) -> 978 | AO38: =SUM(GX38:HA38) -> 630 | AP38: =SUM(HB38:HF38) -> 750 | AQ38: =SUM(HG38:HJ38) -> 480 | AR38: =SUM(HK38:HN38) -> 378 | AS38: =SUM(HO38:HR38) -> 384 | AT38: =SUM(HS38:HV38) -> 312 | AU38: =SUM(HW38:IA38) -> 258 | AV38: =SUM(IB38:IE38) -> 300 | AW38: =SUM(IF38:IJ38) -> 264 | AX38: =SUM(IK38:IN38) -> 264 | AY38: =SUM(IO38:IR38) -> 144 | AZ38: =SUM(IS38:IV38) -> 312 | BA38: =SUM(IW38:JA38) -> 444 | BB38: =SUM(JB38:JE38) -> 336 | BC38: =SUM(JF38:JI38) -> 318 | BD38: =SUM(JJ38:JM38) -> 270 | BE38: =SUM(JN38:JR38) -> 384 | BF38: =SUM(JS38:JV38) -> 0 | BG38: =SUM(JW38:JZ38) -> 366 | BH38: =SUM(KA38:KE38) -> 486 | BI38: =SUM(KF38:KI38) -> 510 | BJ38: =SUM(KJ38:KN38) -> 576 | EX38: 0 | EY38: 0 | EZ38: 0 | FA38: 0 | FB38: 0 | FC38: 0 | FD38: 0 | FE38: 0 | FF38: 0 | FG38: 0 | FH38: 0 | FI38: 0 | FJ38: 0 | FK38: 0 | FL38: 0 | FM38: 0 | FN38: 0 | FO38: 0 | FP38: 0 | FQ38: 0 | FR38: 0 | FS38: 0 | FT38: 0 | FU38: 0 | FV38: 0 | FW38: 0 | FX38: 0 | FY38: 0 | FZ38: 0 | GA38: 0 | GB38: 0 | GC38: 0 | GD38: 0 | GE38: 0 | GF38: 0 | GG38: 0 | GH38: 0 | GI38: 0 | GJ38: 0 | GK38: 0 | GL38: 0 | GM38: 0 | GN38: 0 | GO38: 90 | GP38: 90 | GQ38: 90 | GR38: 90 | GS38: 90 | GT38: 246 | GU38: 246 | GV38: 246 | GW38: 240 | GX38: 162 | GY38: 156 | GZ38: 156 | HA38: 156 | HB38: 150 | HC38: 150 | HD38: 150 | HE38: 150 | HF38: 150 | HG38: 162 | HI38: 162 | HJ38: 156 | HK38: 96 | HL38: 96 | HM38: 96 | HN38: 90 | HO38: 96 | HP38: 96 | HQ38: 96 | HR38: 96 | HS38: 78 | HT38: 78 | HU38: 78 | HV38: 78 | HX38: 66 | HY38: 66 | HZ38: 66 | IA38: 60 | IB38: 78 | IC38: 78 | ID38: 72 | IE38: 72 | IF38: 54 | IG38: 54 | IH38: 54 | II38: 54 | IJ38: 48 | IL38: 90 | IM38: 90 | IN38: 84 | IO38: 42 | IP38: 42 | IQ38: 30 | IR38: 30 | IS38: 78 | IT38: 78 | IU38: 78 | IV38: 78 | IW38: 72 | IX38: 96 | IY38: 96 | IZ38: 96 | JA38: 84 | JB38: 84 | JC38: 84 | JD38: 84 | JE38: 84 | JF38: 84 | JG38: 78 | JH38: 78 | JI38: 78 | JJ38: 0 | JK38: 90 | JL38: 90 | JM38: 90 | JN38: 96 | JO38: 96 | JP38: 96 | JQ38: 0 | JR38: 96 | JS38: 0 | JT38: 0 | JU38: 0 | JV38: 0 | JW38: 96 | JX38: 90 | JY38: 90 | JZ38: 90 | KA38: 102 | KB38: 96 | KC38: 96 | KD38: 96 | KE38: 96 | KF38: 132 | KG38: 126 | KH38: 126 | KI38: 126 | KJ38: 0 | KK38: 144 | KL38: 144 | KM38: 144 | KN38: 144
G39: CUM | AC39: =AB39+AC38 -> 0 | AD39: =AC39+AD38 -> 0 | AE39: =AD39+AE38 -> 0 | AF39: =AE39+AF38 -> 0 | AG39: =AF39+AG38 -> 0 | AH39: =AG39+AH38 -> 0 | AI39: =GA39 -> 0 | AJ39: =AI39+AJ38 -> 0 | AK39: =AJ39+AK38 -> 0 | AL39: =AK39+AL38 -> 0 | AM39: =AL39+AM38 -> 450 | AN39: =AM39+AN38 -> 1428 | AO39: =AN39+AO38 -> 2058 | AP39: =AO39+AP38 -> 2808 | AQ39: =AP39+AQ38 -> 3288 | ... BJ39: =BI39+BJ38 -> 9594 | EX39: =EW39+EX38 -> 0 | EY39: =EX39+EY38 -> 0 | EZ39: =EY39+EZ38 -> 0 | FA39: =EZ39+FA38 -> 0 | FB39: =FA39+FB38 -> 0 | FC39: =FB39+FC38 -> 0 | FD39: =FC39+FD38 -> 0 | FE39: =FD39+FE38 -> 0 | ... KM39: =KL39+KM38 -> 9450 | KN39: =KL39+KN38 -> 9450
C40: 9 | D40: 82116-0ZX70 | F40: A01 | G40: QTY | AC40: =SUBTOTAL(9,EX40:FA40) -> 0 | AD40: =SUBTOTAL(9,FB40:FF40) -> 0 | AE40: =SUBTOTAL(9,FG40:FJ40) -> 0 | AF40: =SUBTOTAL(9,FK40:FN40) -> 0 | AG40: =SUBTOTAL(9,FO40:FR40) -> 0 | AH40: =SUBTOTAL(9,FS40:FW40) -> 0 | AI40: =SUBTOTAL(9,FX40:GA40) -> 0 | AJ40: =SUBTOTAL(9,GB40:GE40) -> 0 | AK40: =SUBTOTAL(9,GF40:GJ40) -> 0 | AL40: =SUBTOTAL(9,GK40:GN40) -> 0 | AM40: =SUBTOTAL(9,GO40:GS40) -> 6 | AN40: =SUBTOTAL(9,GT40:GW40) -> 6 | AO40: =SUM(GX40:HA40) -> 18 | AP40: =SUM(HB40:HF40) -> 18 | AQ40: =SUM(HG40:HJ40) -> 12 | AR40: =SUM(HK40:HN40) -> 12 | AS40: =SUM(HO40:HR40) -> 0 | AT40: =SUM(HS40:HV40) -> 0 | AU40: =SUM(HW40:IA40) -> 0 | AV40: =SUM(IB40:IE40) -> 12 | AW40: =SUM(IF40:IJ40) -> 12 | AX40: =SUM(IK40:IN40) -> 18 | AY40: =SUM(IO40:IR40) -> 6 | AZ40: =SUM(IS40:IV40) -> 6 | BA40: =SUM(IW40:JA40) -> 0 | BB40: =SUM(JB40:JE40) -> 6 | BC40: =SUM(JF40:JI40) -> 6 | BD40: =SUM(JJ40:JM40) -> 12 | BE40: =SUM(JN40:JR40) -> 0 | BF40: =SUM(JS40:JV40) -> 0 | BG40: =SUM(JW40:JZ40) -> 0 | BH40: =SUM(KA40:KE40) -> 0 | BI40: =SUM(KF40:KI40) -> 0 | BJ40: =SUM(KJ40:KN40) -> 0 | EX40: 0 | EY40: 0 | EZ40: 0 | FA40: 0 | FB40: 0 | FC40: 0 | FD40: 0 | FE40: 0 | FF40: 0 | FG40: 0 | FH40: 0 | FI40: 0 | FJ40: 0 | FK40: 0 | FL40: 0 | FM40: 0 | FN40: 0 | FO40: 0 | FP40: 0 | FQ40: 0 | FR40: 0 | FS40: 0 | FT40: 0 | FU40: 0 | FV40: 0 | FW40: 0 | FX40: 0 | FY40: 0 | FZ40: 0 | GA40: 0 | GB40: 0 | GC40: 0 | GD40: 0 | GE40: 0 | GF40: 0 | GG40: 0 | GH40: 0 | GI40: 0 | GJ40: 0 | GK40: 0 | GL40: 0 | GM40: 0 | GN40: 0 | GO40: 6 | GP40: 0 | GQ40: 0 | GR40: 0 | GT40: 6 | GU40: 0 | GV40: 0 | GW40: 0 | GX40: 18 | GY40: 0 | GZ40: 0 | HA40: 0 | HB40: 18 | HC40: 0 | HD40: 0 | HE40: 0 | HF40: 0 | HG40: 12 | HI40: 0 | HJ40: 0 | HK40: 12 | HL40: 0 | HM40: 0 | HN40: 0 | HO40: 0 | HP40: 0 | HQ40: 0 | HR40: 0 | HS40: 0 | HT40: 0 | HU40: 0 | HV40: 0 | HX40: 0 | HY40: 0 | HZ40: 0 | IA40: 0 | IB40: 12 | IC40: 0 | ID40: 0 | IE40: 0 | IF40: 12 | IG40: 0 | IH40: 0 | II40: 0 | IJ40: 0 | IL40: 18 | IM40: 0 | IN40: 0 | IO40: 6 | IP40: 0 | IQ40: 0 | IR40: 0 | IS40: 6 | IT40: 0 | IU40: 0 | IV40: 0 | IW40: 0 | IX40: 0 | IY40: 0 | IZ40: 0 | JA40: 0 | JB40: 6 | JC40: 0 | JD40: 0 | JE40: 0 | JF40: 6 | JG40: 0 | JH40: 0 | JI40: 0 | JJ40: 0 | JK40: 12 | JL40: 0 | JM40: 0 | JN40: 0 | JO40: 0 | JP40: 0 | JQ40: 0 | JR40: 0 | JS40: 0 | JT40: 0 | JU40: 0 | JV40: 0 | JW40: 0 | JX40: 0 | JY40: 0 | JZ40: 0 | KA40: 0 | KB40: 0 | KC40: 0 | KD40: 0 | KE40: 0 | KF40: 0 | KG40: 0 | KH40: 0 | KI40: 0 | KJ40: 0 | KK40: 0 | KL40: 0 | KM40: 0 | KN40: 0
G41: CUM | AC41: =AB41+AC40 -> 0 | AD41: =AC41+AD40 -> 0 | AE41: =AD41+AE40 -> 0 | AF41: =AE41+AF40 -> 0 | AG41: =AF41+AG40 -> 0 | AH41: =AG41+AH40 -> 0 | AI41: =GA41 -> 0 | AJ41: =AI41+AJ40 -> 0 | AK41: =AJ41+AK40 -> 0 | AL41: =AK41+AL40 -> 0 | AM41: =AL41+AM40 -> 6 | AN41: =AM41+AN40 -> 12 | AO41: =AN41+AO40 -> 30 | AP41: =AO41+AP40 -> 48 | AQ41: =AP41+AQ40 -> 60 | ... BJ41: =BI41+BJ40 -> 150 | EX41: =EW41+EX40 -> 0 | EY41: =EX41+EY40 -> 0 | EZ41: =EY41+EZ40 -> 0 | FA41: =EZ41+FA40 -> 0 | FB41: =FA41+FB40 -> 0 | FC41: =FB41+FC40 -> 0 | FD41: =FC41+FD40 -> 0 | FE41: =FD41+FE40 -> 0 | ... KM41: =KL41+KM40 -> 150 | KN41: =KL41+KN40 -> 150
C42: 10 | D42: 82116-0ZX90 | F42: A01 | G42: QTY | AC42: =SUBTOTAL(9,EX42:FA42) -> 0 | AD42: =SUBTOTAL(9,FB42:FF42) -> 0 | AE42: =SUBTOTAL(9,FG42:FJ42) -> 0 | AF42: =SUBTOTAL(9,FK42:FN42) -> 0 | AG42: =SUBTOTAL(9,FO42:FR42) -> 0 | AH42: =SUBTOTAL(9,FS42:FW42) -> 0 | AI42: =SUBTOTAL(9,FX42:GA42) -> 0 | AJ42: =SUBTOTAL(9,GB42:GE42) -> 0 | AK42: =SUBTOTAL(9,GF42:GJ42) -> 0 | AL42: =SUBTOTAL(9,GK42:GN42) -> 0 | AM42: =SUBTOTAL(9,GO42:GS42) -> 66 | AN42: =SUBTOTAL(9,GT42:GW42) -> 84 | AO42: =SUM(GX42:HA42) -> 150 | AP42: =SUM(HB42:HF42) -> 84 | AQ42: =SUM(HG42:HJ42) -> 66 | AR42: =SUM(HK42:HN42) -> 54 | AS42: =SUM(HO42:HR42) -> 54 | AT42: =SUM(HS42:HV42) -> 36 | AU42: =SUM(HW42:IA42) -> 54 | AV42: =SUM(IB42:IE42) -> 36 | AW42: =SUM(IF42:IJ42) -> 72 | AX42: =SUM(IK42:IN42) -> 48 | AY42: =SUM(IO42:IR42) -> 42 | AZ42: =SUM(IS42:IV42) -> 84 | BA42: =SUM(IW42:JA42) -> 126 | BB42: =SUM(JB42:JE42) -> 138 | BC42: =SUM(JF42:JI42) -> 102 | BD42: =SUM(JJ42:JM42) -> 84 | BE42: =SUM(JN42:JR42) -> 12 | BF42: =SUM(JS42:JV42) -> 0 | BG42: =SUM(JW42:JZ42) -> 36 | BH42: =SUM(KA42:KE42) -> 36 | BI42: =SUM(KF42:KI42) -> 36 | BJ42: =SUM(KJ42:KN42) -> 42 | EX42: 0 | EY42: 0 | EZ42: 0 | FA42: 0 | FB42: 0 | FC42: 0 | FD42: 0 | FE42: 0 | FF42: 0 | FG42: 0 | FH42: 0 | FI42: 0 | FJ42: 0 | FK42: 0 | FL42: 0 | FM42: 0 | FN42: 0 | FS42: 0 | FT42: 0 | FU42: 0 | FV42: 0 | FW42: 0 | FX42: 0 | FY42: 0 | FZ42: 0 | GA42: 0 | GB42: 0 | GC42: 0 | GD42: 0 | GE42: 0 | GF42: 0 | GG42: 0 | GH42: 0 | GI42: 0 | GJ42: 0 | GK42: 0 | GL42: 0 | GM42: 0 | GN42: 0 | GO42: 18 | GP42: 12 | GQ42: 12 | GR42: 12 | GS42: 12 | GT42: 24 | GU42: 24 | GV42: 18 | GW42: 18 | GX42: 42 | GY42: 36 | GZ42: 36 | HA42: 36 | HB42: 18 | HC42: 18 | HD42: 18 | HE42: 18 | HF42: 12 | HG42: 24 | HI42: 24 | HJ42: 18 | HK42: 18 | HL42: 12 | HM42: 12 | HN42: 12 | HO42: 18 | HP42: 12 | HQ42: 12 | HR42: 12 | HS42: 18 | HT42: 18 | HU42: 0 | HV42: 0 | HX42: 18 | HY42: 12 | HZ42: 12 | IA42: 12 | IB42: 12 | IC42: 12 | ID42: 12 | IE42: 0 | IF42: 18 | IG42: 18 | IH42: 12 | II42: 12 | IJ42: 12 | IL42: 18 | IM42: 18 | IN42: 12 | IO42: 18 | IP42: 12 | IQ42: 12 | IR42: 0 | IS42: 24 | IT42: 24 | IU42: 18 | IV42: 18 | IW42: 0 | IX42: 30 | IY42: 30 | IZ42: 30 | JA42: 36 | JB42: 36 | JC42: 36 | JD42: 36 | JE42: 30 | JF42: 30 | JG42: 24 | JH42: 24 | JI42: 24 | JJ42: 0 | JK42: 30 | JL42: 30 | JM42: 24 | JN42: 12 | JO42: 0 | JP42: 0 | JQ42: 0 | JR42: 0 | JS42: 0 | JT42: 0 | JU42: 0 | JV42: 0 | JW42: 18 | JX42: 18 | JY42: 0 | JZ42: 0 | KA42: 18 | KB42: 18 | KC42: 0 | KD42: 0 | KE42: 0 | KF42: 18 | KG42: 18 | KH42: 0 | KI42: 0 | KJ42: 0 | KK42: 24 | KL42: 18 | KM42: 0 | KN42: 0
G43: CUM | AC43: =AB43+AC42 -> 0 | AD43: =AC43+AD42 -> 0 | AE43: =AD43+AE42 -> 0 | AF43: =AE43+AF42 -> 0 | AG43: =AF43+AG42 -> 0 | AH43: =AG43+AH42 -> 0 | AI43: =GA43 -> 0 | AJ43: =AI43+AJ42 -> 0 | AK43: =AJ43+AK42 -> 0 | AL43: =AK43+AL42 -> 0 | AM43: =AL43+AM42 -> 66 | AN43: =AM43+AN42 -> 150 | AO43: =AN43+AO42 -> 300 | AP43: =AO43+AP42 -> 384 | AQ43: =AP43+AQ42 -> 450 | ... BJ43: =BI43+BJ42 -> 1542 | EX43: =EW43+EX42 -> 0 | EY43: =EX43+EY42 -> 0 | EZ43: =EY43+EZ42 -> 0 | FA43: =EZ43+FA42 -> 0 | FB43: =FA43+FB42 -> 0 | FC43: =FB43+FC42 -> 0 | FD43: =FC43+FD42 -> 0 | FE43: =FD43+FE42 -> 0 | ... KM43: =KL43+KM42 -> 1542 | KN43: =KL43+KN42 -> 1542
C44: 11 | D44: 82116-0ZY00 | F44: A01 | G44: QTY | AC44: =SUBTOTAL(9,EX44:FA44) -> 0 | AD44: =SUBTOTAL(9,FB44:FF44) -> 0 | AE44: =SUBTOTAL(9,FG44:FJ44) -> 0 | AF44: =SUBTOTAL(9,FK44:FN44) -> 0 | AG44: =SUBTOTAL(9,FO44:FR44) -> 0 | AH44: =SUBTOTAL(9,FS44:FW44) -> 0 | AI44: =SUBTOTAL(9,FX44:GA44) -> 0 | AJ44: =SUBTOTAL(9,GB44:GE44) -> 0 | AK44: =SUBTOTAL(9,GF44:GJ44) -> 0 | AL44: =SUBTOTAL(9,GK44:GN44) -> 0 | AM44: =SUBTOTAL(9,GO44:GS44) -> 600 | AN44: =SUBTOTAL(9,GT44:GW44) -> 1008 | AO44: =SUM(GX44:HA44) -> 1194 | AP44: =SUM(HB44:HF44) -> 1296 | AQ44: =SUM(HG44:HJ44) -> 1524 | AR44: =SUM(HK44:HN44) -> 1494 | AS44: =SUM(HO44:HR44) -> 1296 | AT44: =SUM(HS44:HV44) -> 348 | AU44: =SUM(HW44:IA44) -> 606 | AV44: =SUM(IB44:IE44) -> 510 | AW44: =SUM(IF44:IJ44) -> 462 | AX44: =SUM(IK44:IN44) -> 642 | AY44: =SUM(IO44:IR44) -> 864 | AZ44: =SUM(IS44:IV44) -> 744 | BA44: =SUM(IW44:JA44) -> 1032 | BB44: =SUM(JB44:JE44) -> 804 | BC44: =SUM(JF44:JI44) -> 714 | BD44: =SUM(JJ44:JM44) -> 912 | BE44: =SUM(JN44:JR44) -> 660 | BF44: =SUM(JS44:JV44) -> 0 | BG44: =SUM(JW44:JZ44) -> 192 | BH44: =SUM(KA44:KE44) -> 360 | BI44: =SUM(KF44:KI44) -> 372 | BJ44: =SUM(KJ44:KN44) -> 420 | EX44: 0 | EY44: 0 | EZ44: 0 | FA44: 0 | FB44: 0 | FC44: 0 | FD44: 0 | FE44: 0 | FF44: 0 | FG44: 0 | FH44: 0 | FI44: 0 | FJ44: 0 | FK44: 0 | FL44: 0 | FM44: 0 | FN44: 0 | FO44: 0 | FP44: 0 | FQ44: 0 | FR44: 0 | FS44: 0 | FT44: 0 | FU44: 0 | FV44: 0 | FW44: 0 | FX44: 0 | FY44: 0 | FZ44: 0 | GA44: 0 | GB44: 0 | GC44: 0 | GD44: 0 | GE44: 0 | GF44: 0 | GG44: 0 | GH44: 0 | GI44: 0 | GJ44: 0 | GK44: 0 | GL44: 0 | GM44: 0 | GN44: 0 | GO44: 120 | GP44: 120 | GQ44: 120 | GR44: 120 | GS44: 120 | GT44: 252 | GU44: 252 | GV44: 252 | GW44: 252 | GX44: 300 | GY44: 300 | GZ44: 300 | HA44: 294 | HB44: 264 | HC44: 258 | HD44: 258 | HE44: 258 | HF44: 258 | HG44: 510 | HI44: 510 | HJ44: 504 | HK44: 378 | HL44: 372 | HM44: 372 | HN44: 372 | HO44: 324 | HP44: 324 | HQ44: 324 | HR44: 324 | HS44: 90 | HT44: 90 | HU44: 84 | HV44: 84 | HX44: 156 | HY44: 150 | HZ44: 150 | IA44: 150 | IB44: 132 | IC44: 126 | ID44: 126 | IE44: 126 | IF44: 96 | IG44: 96 | IH44: 90 | II44: 90 | IJ44: 90 | IL44: 216 | IM44: 216 | IN44: 210 | IO44: 234 | IP44: 234 | IQ44: 198 | IR44: 198 | IS44: 246 | IT44: 312 | IU44: 96 | IV44: 90 | IW44: 312 | IX44: 324 | IY44: 222 | IZ44: 0 | JA44: 174 | JB44: 204 | JC44: 204 | JD44: 198 | JE44: 198 | JF44: 180 | JG44: 180 | JH44: 180 | JI44: 174 | JJ44: 0 | JK44: 306 | JL44: 306 | JM44: 300 | JN44: 168 | JO44: 168 | JP44: 162 | JQ44: 0 | JR44: 162 | JS44: 0 | JT44: 0 | JU44: 0 | JV44: 0 | JW44: 48 | JX44: 48 | JY44: 48 | JZ44: 48 | KA44: 72 | KB44: 72 | KC44: 72 | KD44: 72 | KE44: 72 | KF44: 96 | KG44: 96 | KH44: 90 | KI44: 90 | KJ44: 0 | KK44: 108 | KL44: 108 | KM44: 102 | KN44: 102
G45: CUM | AC45: =AB45+AC44 -> 0 | AD45: =AC45+AD44 -> 0 | AE45: =AD45+AE44 -> 0 | AF45: =AE45+AF44 -> 0 | AG45: =AF45+AG44 -> 0 | AH45: =AG45+AH44 -> 0 | AI45: =GA45 -> 0 | AJ45: =AI45+AJ44 -> 0 | AK45: =AJ45+AK44 -> 0 | AL45: =AK45+AL44 -> 0 | AM45: =AL45+AM44 -> 600 | AN45: =AM45+AN44 -> 1608 | AO45: =AN45+AO44 -> 2802 | AP45: =AO45+AP44 -> 4098 | AQ45: =AP45+AQ44 -> 5622 | ... BJ45: =BI45+BJ44 -> 18054 | EX45: =EW45+EX44 -> 0 | EY45: =EX45+EY44 -> 0 | EZ45: =EY45+EZ44 -> 0 | FA45: =EZ45+FA44 -> 0 | FB45: =FA45+FB44 -> 0 | FC45: =FB45+FC44 -> 0 | FD45: =FC45+FD44 -> 0 | FE45: =FD45+FE44 -> 0 | ... KM45: =KL45+KM44 -> 17952 | KN45: =KL45+KN44 -> 17952
C46: 12 | D46: 82116-0ZY10 | F46: A01 | G46: QTY | AC46: =SUBTOTAL(9,EX46:FA46) -> 0 | AD46: =SUBTOTAL(9,FB46:FF46) -> 0 | AE46: =SUBTOTAL(9,FG46:FJ46) -> 0 | AF46: =SUBTOTAL(9,FK46:FN46) -> 0 | AG46: =SUBTOTAL(9,FO46:FR46) -> 0 | AH46: =SUBTOTAL(9,FS46:FW46) -> 0 | AI46: =SUBTOTAL(9,FX46:GA46) -> 0 | AJ46: =SUBTOTAL(9,GB46:GE46) -> 0 | AK46: =SUBTOTAL(9,GF46:GJ46) -> 0 | AL46: =SUBTOTAL(9,GK46:GN46) -> 0 | AM46: =SUBTOTAL(9,GO46:GS46) -> 12 | AN46: =SUBTOTAL(9,GT46:GW46) -> 42 | AO46: =SUM(GX46:HA46) -> 48 | AP46: =SUM(HB46:HF46) -> 48 | AQ46: =SUM(HG46:HJ46) -> 66 | AR46: =SUM(HK46:HN46) -> 66 | AS46: =SUM(HO46:HR46) -> 126 | AT46: =SUM(HS46:HV46) -> 192 | AU46: =SUM(HW46:IA46) -> 150 | AV46: =SUM(IB46:IE46) -> 60 | AW46: =SUM(IF46:IJ46) -> 30 | AX46: =SUM(IK46:IN46) -> 24 | AY46: =SUM(IO46:IR46) -> 48 | AZ46: =SUM(IS46:IV46) -> 48 | BA46: =SUM(IW46:JA46) -> 120 | BB46: =SUM(JB46:JE46) -> 150 | BC46: =SUM(JF46:JI46) -> 180 | BD46: =SUM(JJ46:JM46) -> 264 | BE46: =SUM(JN46:JR46) -> 180 | BF46: =SUM(JS46:JV46) -> 0 | BG46: =SUM(JW46:JZ46) -> 48 | BH46: =SUM(KA46:KE46) -> 54 | BI46: =SUM(KF46:KI46) -> 60 | BJ46: =SUM(KJ46:KN46) -> 66 | EX46: 0 | EY46: 0 | EZ46: 0 | FA46: 0 | FB46: 0 | FC46: 0 | FD46: 0 | FE46: 0 | FF46: 0 | FG46: 0 | FH46: 0 | FI46: 0 | FJ46: 0 | FK46: 0 | FL46: 0 | FM46: 0 | FN46: 0 | FO46: 0 | FP46: 0 | FQ46: 0 | FR46: 0 | FS46: 0 | FT46: 0 | FU46: 0 | FV46: 0 | FW46: 0 | FX46: 0 | FY46: 0 | FZ46: 0 | GA46: 0 | GB46: 0 | GC46: 0 | GD46: 0 | GE46: 0 | GF46: 0 | GG46: 0 | GH46: 0 | GI46: 0 | GJ46: 0 | GK46: 0 | GL46: 0 | GM46: 0 | GN46: 0 | GO46: 6 | GP46: 6 | GQ46: 0 | GR46: 0 | GT46: 12 | GU46: 12 | GV46: 12 | GW46: 6 | GX46: 12 | GY46: 12 | GZ46: 12 | HA46: 12 | HB46: 12 | HC46: 12 | HD46: 12 | HE46: 6 | HF46: 6 | HG46: 24 | HH46: 0 | HI46: 24 | HJ46: 18 | HK46: 18 | HL46: 18 | HM46: 18 | HN46: 12 | HO46: 36 | HP46: 30 | HQ46: 30 | HR46: 30 | HS46: 48 | HT46: 48 | HU46: 48 | HV46: 48 | HX46: 42 | HY46: 36 | HZ46: 36 | IA46: 36 | IB46: 18 | IC46: 18 | ID46: 12 | IE46: 12 | IF46: 18 | IG46: 12 | IH46: 0 | II46: 0 | IJ46: 0 | IL46: 24 | IM46: 0 | IN46: 0 | IO46: 18 | IP46: 18 | IQ46: 12 | IR46: 0 | IS46: 18 | IT46: 18 | IU46: 12 | IV46: 0 | IW46: 12 | IX46: 18 | IY46: 30 | IZ46: 30 | JA46: 30 | JB46: 42 | JC46: 36 | JD46: 36 | JE46: 36 | JF46: 48 | JG46: 48 | JH46: 42 | JI46: 42 | JJ46: 0 | JK46: 90 | JL46: 90 | JM46: 84 | JN46: 48 | JO46: 48 | JP46: 42 | JQ46: 0 | JR46: 42 | JS46: 0 | JT46: 0 | JU46: 0 | JV46: 0 | JW46: 24 | JX46: 24 | JY46: 0 | JZ46: 0 | KA46: 18 | KB46: 18 | KC46: 18 | KD46: 0 | KE46: 0 | KF46: 24 | KG46: 18 | KH46: 18 | KI46: 0 | KJ46: 0 | KK46: 24 | KL46: 24 | KM46: 18 | KN46: 0
G47: CUM | AC47: =AB47+AC46 -> 0 | AD47: =AC47+AD46 -> 0 | AE47: =AD47+AE46 -> 0 | AF47: =AE47+AF46 -> 0 | AG47: =AF47+AG46 -> 0 | AH47: =AG47+AH46 -> 0 | AI47: =GA47 -> 0 | AJ47: =AI47+AJ46 -> 0 | AK47: =AJ47+AK46 -> 0 | AL47: =AK47+AL46 -> 0 | AM47: =AL47+AM46 -> 12 | AN47: =AM47+AN46 -> 54 | AO47: =AN47+AO46 -> 102 | AP47: =AO47+AP46 -> 150 | AQ47: =AP47+AQ46 -> 216 | ... BJ47: =BI47+BJ46 -> 2082 | EX47: =EW47+EX46 -> 0 | EY47: =EX47+EY46 -> 0 | EZ47: =EY47+EZ46 -> 0 | FA47: =EZ47+FA46 -> 0 | FB47: =FA47+FB46 -> 0 | FC47: =FB47+FC46 -> 0 | FD47: =FC47+FD46 -> 0 | FE47: =FD47+FE46 -> 0 | ... KM47: =KL47+KM46 -> 2082 | KN47: =KL47+KN46 -> 2064
C48: 13 | D48: 82111-FET10 | F48: A01 | G48: QTY | AC48: =SUBTOTAL(9,EX48:FA48) -> 0 | AD48: =SUBTOTAL(9,FB48:FF48) -> 0 | AE48: =SUBTOTAL(9,FG48:FJ48) -> 0 | AF48: =SUBTOTAL(9,FK48:FN48) -> 0 | AG48: =SUBTOTAL(9,FO48:FR48) -> 0 | AH48: =SUBTOTAL(9,FS48:FW48) -> 0 | AI48: =SUBTOTAL(9,FX48:GA48) -> 0 | AJ48: =SUBTOTAL(9,GB48:GE48) -> 0 | AK48: =SUBTOTAL(9,GF48:GJ48) -> 0 | AL48: =SUBTOTAL(9,GK48:GN48) -> 0 | AM48: =SUBTOTAL(9,GO48:GS48) -> 0 | AN48: =SUBTOTAL(9,GT48:GW48) -> 0 | AO48: =SUM(GX48:HA48) -> 0 | AP48: =SUM(HB48:HF48) -> 0 | AQ48: =SUM(HG48:HJ48) -> 0 | AR48: =SUM(HK48:HN48) -> 0 | AS48: =SUM(HO48:HR48) -> 0 | AT48: =SUM(HS48:HV48) -> 0 | AU48: =SUM(HW48:IA48) -> 0 | AV48: =SUM(IB48:IE48) -> 0 | AW48: =SUM(IF48:IJ48) -> 0 | AX48: =SUM(IK48:IN48) -> 0 | AY48: =SUM(IO48:IR48) -> 0 | AZ48: =SUM(IS48:IV48) -> 0 | BA48: =SUM(IW48:JA48) -> 0 | BB48: =SUM(JB48:JE48) -> 0 | BC48: =SUM(JF48:JI48) -> 0 | BD48: =SUM(JJ48:JM48) -> 0 | BE48: =SUM(JN48:JR48) -> 0 | BF48: =SUM(JS48:JV48) -> 1 | BG48: =SUM(JW48:JZ48) -> 0 | BH48: =SUM(KA48:KE48) -> 0 | BI48: =SUM(KF48:KI48) -> 0 | BJ48: =SUM(KJ48:KN48) -> 0 | EX48: 0 | EY48: 0 | EZ48: 0 | FA48: 0 | FB48: 0 | FC48: 0 | FD48: 0 | FE48: 0 | FF48: 0 | FG48: 0 | FH48: 0 | FI48: 0 | FJ48: 0 | FK48: 0 | FL48: 0 | FM48: 0 | FN48: 0 | FO48: 0 | FP48: 0 | FQ48: 0 | FR48: 0 | FS48: 0 | FT48: 0 | FU48: 0 | FV48: 0 | FW48: 0 | FX48: 0 | FY48: 0 | FZ48: 0 | GA48: 0 | GB48: 0 | GC48: 0 | GD48: 0 | GE48: 0 | GF48: 0 | GG48: 0 | GH48: 0 | GI48: 0 | GJ48: 0 | GK48: 0 | GL48: 0 | GM48: 0 | GN48: 0 | GO48: 0 | GP48: 0 | GQ48: 0 | GR48: 0 | GT48: 0 | GU48: 0 | GV48: 0 | GW48: 0 | JN48: 0 | JO48: 0 | JP48: 0 | JQ48: 0 | JR48: 0 | JS48: 1 | JT48: 0 | JU48: 0 | JV48: 0 | JW48: 0 | JX48: 0 | JY48: 0 | JZ48: 0 | KA48: 0 | KB48: 0 | KC48: 0 | KD48: 0 | KE48: 0 | KF48: 0 | KG48: 0 | KH48: 0 | KI48: 0 | KJ48: 0 | KK48: 0 | KL48: 0 | KM48: 0 | KN48: 0
G49: CUM | AC49: =AB49+AC48 -> 0 | AD49: =AC49+AD48 -> 0 | AE49: =AD49+AE48 -> 0 | AF49: =AE49+AF48 -> 0 | AG49: =AF49+AG48 -> 0 | AH49: =AG49+AH48 -> 0 | AI49: =GA49 -> 0 | AJ49: =AI49+AJ48 -> 0 | AK49: =AJ49+AK48 -> 0 | AL49: =AK49+AL48 -> 0 | AM49: =AL49+AM48 -> 0 | AN49: =AM49+AN48 -> 0 | AO49: =AN49+AO48 -> 0 | AP49: =AO49+AP48 -> 0 | AQ49: =AP49+AQ48 -> 0 | ... BJ49: =BI49+BJ48 -> 1 | EX49: =EW49+EX48 -> 0 | EY49: =EX49+EY48 -> 0 | EZ49: =EY49+EZ48 -> 0 | FA49: =EZ49+FA48 -> 0 | FB49: =FA49+FB48 -> 0 | FC49: =FB49+FC48 -> 0 | FD49: =FC49+FD48 -> 0 | FE49: =FD49+FE48 -> 0 | ... KM49: =KL49+KM48 -> 1 | KN49: =KL49+KN48 -> 1
G50: QTY | H50: 4630 | I50: =SUMIF($G$20:$G$23,$G$50,I20:I23) -> 540 | J50: =SUMIF($G$20:$G$23,$G$50,J20:J23) -> 290 | K50: =SUMIF($G$20:$G$23,$G$50,K20:K23) -> 610 | L50: =SUMIF($G$20:$G$23,$G$50,L20:L23) -> 500 | M50: =SUMIF($G$20:$G$23,$G$50,M20:M23) -> 800 | N50: =SUMIF($G$20:$G$23,$G$50,N20:N23) -> 860 | O50: =SUMIF($G$20:$G$23,$G$50,O20:O23) -> 780 | P50: =SUMIF($G$20:$G$23,$G$50,P20:P23) -> 1460 | Q50: =SUMIF($G$20:$G$23,$G$50,Q20:Q23) -> 620 | R50: =SUMIF($G$20:$G$25,$G$50,R20:R25) -> 500 | S50: =SUMIF($G$20:$G$25,$G$50,S20:S25) -> 560 | T50: =SUMIF($G$20:$G$25,$G$50,T20:T25) -> 580 | U50: =SUMIF($G$20:$G$25,$G$50,U20:U25) -> 1490 | V50: =SUMIF($G$20:$G$25,$G$50,V20:V25) -> 1420 | W50: =SUMIF($G$20:$G$25,$G$50,W20:W25) -> 1220 | X50: =SUMIF($G$20:$G$25,$G$50,X20:X25) -> 1240 | Y50: =SUMIF($G$20:$G$25,$G$50,Y20:Y25) -> 1360 | ... AC50: =SUMIF($G$20:$G$25,$G$50,AC20:AC25) -> 1050 | AD50: =SUMIF($G$20:$G$25,$G$50,AD20:AD49) -> 890 | AE50: =SUMIF($G$20:$G$49,$G$50,AE20:AE49) -> 1020 | AF50: =SUMIF($G$20:$G$49,$G$50,AF20:AF49) -> 874 | AG50: =SUMIF($G$20:$G$49,$G$50,AG20:AG49) -> 736 | AH50: =SUMIF($G$20:$G$49,$G$50,AH20:AH49) -> 1100 | AI50: =SUMIF($G$20:$G$49,$G$50,AI20:AI49) -> 1000 | AJ50: =SUMIF($G$20:$G$49,$G$50,AJ20:AJ49) -> 1150 | AK50: =SUMIF($G$20:$G$49,$G$50,AK20:AK49) -> 1434 | AL50: =SUMIF($G$20:$G$49,$G$50,AL20:AL49) -> 828 | ... IA50: =SUMIF($G$20:$G$49,$G$50,IA20:IA49) -> 438 | IB50: =SUMIF($G$20:$AD$49,$G$50,IB20:IB49) -> 474 | IC50: =SUMIF($G$20:$AD$49,$G$50,IC20:IC49) -> 438 | ID50: =SUMIF($G$20:$AD$49,$G$50,ID20:ID49) -> 420 | IE50: =SUMIF($G$20:$AD$49,$G$50,IE20:IE49) -> 408 | IF50: =SUMIF($G$20:$AD$49,$G$50,IF20:IF49) -> 354 | IG50: =SUMIF($G$20:$AD$49,$G$50,IG20:IG49) -> 324 | IH50: =SUMIF($G$20:$AD$49,$G$50,IH20:IH49) -> 300 | II50: =SUMIF($G$20:$AD$49,$G$50,II20:II49) -> 294 | ... KN50: =SUMIF($G$20:$AD$49,$G$50,KN20:KN49) -> 498
A51: TOTAL | G51: CUM | H51: 51186 | I51: =SUMIF($G$20:$G$23,$G$51,I20:I23) -> 12404 | J51: =SUMIF($G$20:$G$23,$G$51,J20:J23) -> 12694 | K51: =SUMIF($G$20:$G$23,$G$51,K20:K23) -> 13304 | L51: =SUMIF($G$20:$G$23,$G$51,L20:L23) -> 13804 | M51: =SUMIF($G$20:$G$23,$G$51,M20:M23) -> 14604 | N51: =SUMIF($G$20:$G$23,$G$51,N20:N23) -> 15464 | O51: =SUMIF($G$20:$G$23,$G$51,O20:O23) -> 16244 | P51: =SUMIF($G$20:$G$23,$G$51,P20:P23) -> 17704 | Q51: =SUMIF($G$20:$G$23,$G$51,Q20:Q23) -> 18324 | R51: =SUMIF($G$20:$G$25,$G$51,R20:R25) -> 18824 | S51: =SUMIF($G$20:$G$25,$G$51,S20:S25) -> 19384 | T51: =SUMIF($G$20:$G$25,$G$51,T20:T25) -> 19964 | U51: =SUMIF($G$20:$G$25,$G$51,U20:U25) -> 21454 | V51: =SUMIF($G$20:$G$25,$G$51,V20:V25) -> 22874 | W51: =SUMIF($G$20:$G$25,$G$51,W20:W25) -> 24094 | X51: =SUMIF($G$20:$G$25,$G$51,X20:X25) -> 25334 | Y51: =SUMIF($G$20:$G$25,$G$51,Y20:Y25) -> 26694 | ... AC51: =SUMIF($G$20:$G$25,$G$51,AC20:AC25) -> 31494 | AD51: =SUMIF($G$20:$G$25,$G$51,AD20:AD49) -> 32384 | AE51: =SUMIF($G$20:$G$25,$G$51,AE20:AE49) -> 33404 | AF51: =SUMIF($G$20:$G$25,$G$51,AF20:AF49) -> 34274 | AG51: =SUMIF($G$20:$G$25,$G$51,AG20:AG49) -> 35010 | AH51: =SUMIF($G$20:$G$25,$G$51,AH20:AH49) -> 35870 | AI51: =SUMIF($G$20:$G$25,$G$51,AI20:AI49) -> 36732 | AJ51: =SUMIF($G$20:$G$25,$G$51,AJ20:AJ49) -> 37782 | AK51: =SUMIF($G$20:$G$25,$G$51,AK20:AK49) -> 39192 | ... AQ51: =SUMIF($G$20:$G$25,$G$51,AQ20:AQ49) -> 40254 | AR51: =SUMIF($G$20:$AQ$49,$G$51,AR20:AR49) -> 59542 | AS51: =SUMIF($G$20:$AQ$49,$G$51,AS20:AS49) -> 62764 | AT51: =SUMIF($G$20:$AQ$49,$G$51,AT20:AT49) -> 64126 | AU51: =SUMIF($G$20:$AQ$49,$G$51,AU20:AU49) -> 65986 | AV51: =SUMIF($G$20:$AQ$49,$G$51,AV20:AV49) -> 27472 | AW51: =SUMIF($G$20:$AQ$49,$G$51,AW20:AW49) -> 29026 | AX51: =SUMIF($G$20:$AQ$49,$G$51,AX20:AX49) -> 31288 | AY51: =SUMIF($G$20:$AQ$49,$G$51,AY20:AY49) -> 34966 | ... IA51: =SUMIF($G$20:$AQ$49,$G$51,IA20:IA49) -> 65986 | IB51: =SUMIF($G$20:$G$49,$G$51,IB20:IB49) -> 26206 | IC51: =SUMIF($G$20:$G$49,$G$51,IC20:IC49) -> 26644 | ID51: =SUMIF($G$20:$G$49,$G$51,ID20:ID49) -> 27064 | IE51: =SUMIF($G$20:$G$49,$G$51,IE20:IE49) -> 27472 | IF51: =SUMIF($G$20:$G$49,$G$51,IF20:IF49) -> 27826 | IG51: =SUMIF($G$20:$G$49,$G$51,IG20:IG49) -> 28150 | IH51: =SUMIF($G$20:$G$49,$G$51,IH20:IH49) -> 28450 | II51: =SUMIF($G$20:$G$49,$G$51,II20:II49) -> 28744 | ... KN51: =SUMIF($G$20:$G$49,$G$51,KN20:KN49) -> 62223
D52: 350B HEV OLD | E52: AT10
D53: 350B CONV + TNGA OLD | E53: AT11
D54: AT10 X_PKG | G54: covn | IS54: =IS50/6 -> 149 | IT54: =IT50/6 -> 160 | IU54: =IU50/6 -> 110 | IV54: =IV50/6 -> 110 | IW54: =IW50/6 -> 160 | IX54: =IX50/6 -> 160 | IY54: =IY50/6 -> 167 | IZ54: =IZ50/6 -> 117 | ... KN54: =KN50/6 -> 83
D55: AT11 X_PKG | G55: hev | IO55: =IO50/6 -> 184 | IP55: =IP50/6 -> 181 | IQ55: =IQ50/6 -> 126 | IR55: =IR50/6 -> 122 | IS55: =IS54/80 -> 1.8625 | IT55: =IT54/80 -> 2 | IU55: =IU54/80 -> 1.375 | IV55: =IV54/80 -> 1.375 | IW55: =IW54/80 -> 2 | IX55: =IX54/80 -> 2 | IY55: =IY54/80 -> 2.0875 | IZ55: =IZ54/80 -> 1.4625 | ... KN55: =KN54/80 -> 1.0375
D56: 350B HEV NEW | IO56: =IO55/4 -> 46 | IP56: =IP55/4 -> 45.25 | IQ56: =IQ55/4 -> 31.5 | IR56: =IR55/4 -> 30.5
D57: 350B CONV + TNGA NEW
B59: AT10 | C59: 通常品 | D59: 稼働日数（working Days）
D60: JAI能力78本/曜日（冶具3枚搭載）, JAI能力54本/曜日（冶具2枚搭載）, JAI能力24本/曜日（冶具1枚搭載）
D61: +残業(+OT)
D62: Blance
C63: X‐PKG | D63: 稼働日数（working Days）
D64: JAI能力78本/曜日（冶具3枚搭載）, JAI能力54本/曜日（冶具2枚搭載）, JAI能力24本/曜日（冶具1枚搭載）
D65: +残業(+OT)
D66: Blance
B69: AT11 | C69: 通常品 | D69: 稼働日数（working Days）
D70: JAI能力276本/曜日
D71: +残業(+OT)
D72: Blance
C73: X‐PKG | D73: 稼働日数（working Days）
D74: JAI能力276本/曜日
D75: +残業(+OT)
D76: Blance

Sheet 比較
B1: JAI訂單比較表
C3: 7月 | D3: 8月 | E3: 9月 | F3: 10月 | G3: 11月 | H3: 12月 | I3: 26.1月 | J3: 2月 | K3: 3月 | L3: 4月 | M3: 5月 | N3: 6月
B4: SRNO. | C4: Jul | D4: Aug | E4: Sep | F4: Oct | G4: Nov | H4: Dec | I4: Jan | J4: Fed | K4: Mar | L4: Apr | M4: May | N4: Jun
B5: 2025.6.26 | C5: 2382 | D5: 2238 | E5: 3354 | F5: 3300 | G5: 3420 | H5: 3618
B6: 2025.7.29 | D6: 2208 | E6: 3084 | F6: 3276 | G6: 3306 | H6: 3210 | I6: 3090
B7: 2025.7.29修正 | D7: 2208 | E7: 2448 | F7: 3912 | G7: 3306 | H7: 3210 | I7: 3090
B8: 2025.8.27 | E8: 2466 | F8: 4254 | G8: 3168 | H8: 2946 | I8: 2322 | J8: 1890
B9: 2025.8.27修正 | E9: 2466 | F9: 3678 | G9: 3744 | H9: 2946 | I9: 2322 | J9: 1890
B10: 2025.9.26 | F10: 3678 | G10: 3762 | H10: 3546 | I10: 3048 | J10: 2946 | K10: 3510
B11: 2025.9.26修正 | F11: 3678 | G11: 3522 | H11: 3582 | I11: 3252 | J11: 2946 | K11: 3510
B12: 2025.10.29 | G12: 3522 | H12: 3660 | I12: 3210 | J12: 2766 | K12: 3330 | L12: 3162
B13: 2025.10.29修正1 | G13: 3522 | H13: 3660 | I13: 3210 | J13: 2766 | K13: 3330 | L13: 3162
B14: 2025.10.29修正2 | G14: 3174 | H14: 3624 | I14: 3684 | J14: 2772 | K14: 3324 | L14: 3150
B15: 2025.11.27 | H15: 4440 | I15: 3210 | J15: 2766 | K15: 3828 | L15: 3912 | M15: 3912
B16: 2025.11.27修正 | H16: 4440 | I16: 3210 | J16: 2796 | K16: 3804 | L16: 3912 | M16: 3912
B17: 2025.12.29 | I17: 3210 | J17: 2976 | K17: 3540 | L17: 3264 | M17: 3936 | N17: 3912
B19: 對前月比 | H19: =H16-H14 -> 816 | I19: =I16-I14 -> -474 | J19: =J16-J14 -> 24 | K19: =K16-K14 -> 480 | L19: =L16-L14 -> 762
B20: 對前4月比 | F20: =F11-F5 -> 378 | G20: =G14-G7 -> -132 | H20: =H16-H7 -> 1230 | I20: =I17-I11 -> -42 | J20: =J17-J11 -> 30 | K20: =K17-K11 -> 30 | L20: =L17-L14 -> 114 | M20: =M17-M16 -> 24
F22: =F14/F5 -> 0 | G22: =G14/G5 -> 0.92807018 | H22: =H16/H9 -> 1.5071283 | I22: =I17/I9 -> 1.3824289 | J22: =J17/J9 -> 1.5746032 | K22: =K17/K11 -> 1.008547 | L22: =L17/L14 -> 1.0361905 | M22: =M17/M16 -> 1.006135

Sheet Sheet1
A1: 1 | B1: 2 | C1: 3 | D1: 4 | E1: 5 | F1: 6 | G1: 7 | H1: 8 | I1: 9
C2: Month | D2: ='JAI 原檔'!H19 -> 3 | E2: ='JAI 原檔'!I19 -> 4 | F2: ='JAI 原檔'!J19 -> 5 | G2: ='JAI 原檔'!K19 -> 6 | H2: ='JAI 原檔'!L19 -> 7 | I2: ='JAI 原檔'!M19 -> 8
A3: 82111-F2131 | B3: C0 | C3: 0 | D3: 330 | E3: 0 | F3: 0 | G3: 190 | H3: 150 | I3: 150
A4: 82111-F2151 | B4: B0 | C4: 0 | D4: 10 | E4: 0 | F4: 0 | G4: 10 | H4: 0 | I4: 10
A5: 82111-F2C10 | B5: D0 | C5: 0 | D5: 120 | E5: 0 | F5: 0 | G5: 40 | H5: 40 | I5: 50
A6: 82111-F2L51 | B6: B0 | C6: 0 | D6: 120 | E6: 90 | F6: 90 | G6: 110 | H6: 80 | I6: 80
A7: 82111-F2W10 | B7: H0 | C7: 1 | D7: 0 | E7: 0 | F7: 0 | G7: 0 | H7: 0 | I7: 0
A8: 82111-F2W22 | B8: B0 | C8: 0 | D8: 1090 | E8: 450 | F8: 670 | G8: 770 | H8: 610 | I8: 600
A9: 82111-F2W33 | B9: B0 | C9: 0 | D9: 570 | E9: 460 | F9: 580 | G9: 680 | H9: 540 | I9: 520
A10: 82111-F2W41 | B10: B0 | C10: 0 | D10: 60 | E10: 10 | F10: 10 | G10: 20 | H10: 10 | I10: 10
A11: 82111-F2W62 | B11: B0 | C11: 0 | D11: 50 | E11: 80 | F11: 50 | G11: 60 | H11: 40 | I11: 50
A12: 82111-F2W82 | B12: B0 | C12: 0 | D12: 30 | E12: 10 | F12: 10 | G12: 20 | H12: 10 | I12: 10
A13: 82111-F2W91 | B13: B0 | C13: 0 | D13: 830 | E13: 550 | F13: 440 | G13: 510 | H13: 400 | I13: 390
A14: 82111-F2X01 | B14: B0 | C14: 0 | D14: 200 | E14: 100 | F14: 180 | G14: 210 | H14: 170 | I14: 170
... A18: 82111-F2220 | B18: D0 | C18: 0 | D18: 930 | E18: 540 | F18: 240 | G18: 290 | H18: 230 | I18: 220
