Workbook

Sheet GUM
A1: TOTAL 5 BULAN | B1: =+M54+P54+S54+V54+Y54 -> 13152 | K1: SIX MONTH PRODUCTION PLAN ( QTY )
K2: TOYOTA 359D | AA2: PREPARED
B3: S/R NO : JAI-2026-2.26 | K3: Periode : MAR 2026
B4: FAX NO : EMAIL
BD6: AS 400
Y7: NSO
W8: =192-96 -> 96
C9: 1 | D9: =+C9+1 -> 2 | E9: =+D9+1 -> 3 | F9: =+E9+1 -> 4 | G9: =+F9+1 -> 5 | H9: =+G9+1 -> 6 | I9: =+H9+1 -> 7 | J9: =+I9+1 -> 8 | K9: =+J9+1 -> 9 | ... AD9: =+AC9+1 -> 28 | AG9: Cutting Qty
B10: Print Date : | C10: =NOW() -> 46093.481
A11: TYPE | C11: HARNESS No. | D11: LEVEL | E11: ASSY CODE | F11: CCT. | G11: Std pack | H11: JAN - JUN | I11: FEB | L11: MAR | O11: APR | R11: MAY | U11: JUN | X11: JUL | AA11: AUG | AD11: BAL | AG11: =I11 -> FEB | AJ11: =L11 -> MAR | AM11: =O11 -> APR | AP11: =R11 -> MAY | AS11: =U11 -> JUN | AV11: =X11 -> JUL | AY11: =AA11 -> AUG
H12: UMH | I12: =VLOOKUP(I11,WEEK!A3:D14,2,0) -> 02/FEB ~ 27/FEB | L12: =VLOOKUP(L11,WEEK!A3:D14,2,0) -> 02/MAR ~ 31/MAR | O12: =VLOOKUP(O11,WEEK!A3:D14,2,0) -> 01/APR ~ 30/APR | R12: =VLOOKUP(R11,WEEK!A3:D14,2,0) -> 02/MAY ~ 30/MAY | U12: =VLOOKUP(U11,WEEK!A3:D14,2,0) -> 02/JUN ~ 30/JUN | X12: =VLOOKUP(X11,WEEK!A3:D14,2,0) -> 01/JUL ~ 31/JUL | AA12: =VLOOKUP(AA11,WEEK!A3:D14,2,0) -> 03/AUG ~ 31/AUG | AG12: =I12 -> 02/FEB ~ 27/FEB | AJ12: =L12 -> 02/MAR ~ 31/MAR | AM12: =O12 -> 01/APR ~ 30/APR | AP12: =R12 -> 02/MAY ~ 30/MAY | AS12: =U12 -> 02/JUN ~ 30/JUN | AV12: =X12 -> 01/JUL ~ 31/JUL | AY12: =AA12 -> 03/AUG ~ 31/AUG | BC12: =L11 -> MAR | BD12: =O11 -> APR | BE12: =R11 -> MAY | BF12: =U11 -> JUN | BG12: =X11 -> JUL | BH12: =AA11 -> AUG
I13: BAL | J13: DEL | K13: PROD | L13: BAL | M13: DEL | N13: PROD | O13: BAL | P13: DEL | Q13: PROD | R13: BAL | S13: DEL | T13: PROD | U13: BAL | V13: DEL | W13: PROD | X13: BAL | Y13: DEL | Z13: PROD | AA13: BAL | AB13: DEL | AC13: PROD | AG13: =I13 -> BAL | AH13: =J13 -> DEL | AI13: =K13 -> PROD | AJ13: =L13 -> BAL | AK13: =M13 -> DEL | AL13: =N13 -> PROD | AM13: =O13 -> BAL | AN13: =P13 -> DEL | ... BA13: =AC13 -> PROD | BC13: 4 | BD13: 5 | BE13: 4 | BF13: 5 | BG13: 4 | BH13: 4
A14: 359D | AG14: =I14*$F14 -> 0 | AH14: =J14*$F14 -> 0 | AI14: =K14*$F14 -> 0 | AJ14: =L14*$F14 -> 0 | AK14: =J14*$F14 -> 0 | AL14: =N14*$F14 -> 0 | AM14: =O14*$F14 -> 0 | AN14: =M14*$F14 -> 0 | AO14: =Q14*$F14 -> 0 | AP14: =R14*$F14 -> 0 | AQ14: =P14*$F14 -> 0 | AR14: =T14*$F14 -> 0 | AS14: =U14*$F14 -> 0 | AT14: =S14*$F14 -> 0 | AU14: =W14*$F14 -> 0 | AV14: =X14*$F14 -> 0 | AW14: =V14*$F14 -> 0 | AX14: =Z14*$F14 -> 0 | AY14: =AA14*$F14 -> 0 | AZ14: =Y14*$F14 -> 0 | BA14: =AC14*$F14 -> 0 | BB14: 82111-47450 | BC14: =ROUNDUP(N14/$BC$13,0) -> 0 | BD14: =ROUNDUP(Q14/$BD$13,0) -> 0 | BE14: =ROUNDUP(T14/$BE$13,0) -> 0 | BF14: =ROUNDUP(W14/$BF$13,0) -> 0 | BG14: =ROUNDUP(Z14/$BG$13,0) -> 0 | BH14: =ROUNDUP(AC14/$BH$13,0) -> 0 | BI14: =#REF!+1 -> #REF! | BK14: 82111-47732 | BM14: 82111-47D02 A 1001
B15: ZR_HEV LHD | C15: 82111-FET00 | D15: A 0101 | E15: DUQ3 | G15: 6 | H15: 3.6741317 | I15: 2 | J15: 0 | K15: 0 | L15: =I15+K15-J15 -> 2 | M15: =VLOOKUP($C15,[1]Sheet1!$B$23:$AG$79,8,0) -> 0 | N15: =M15-L15+2 -> 0 | O15: =L15+N15-M15 -> 2 | P15: =VLOOKUP($C15,[1]Sheet1!$B$23:$AG$79,14,0) -> 0 | Q15: =P15-O15+2 -> 0 | R15: =O15+Q15-P15 -> 2 | S15: =VLOOKUP($C15,[1]Sheet1!$B$23:$AG$79,20,0) -> 0 | T15: =S15-R15+2 -> 0 | U15: =R15+T15-S15 -> 2 | V15: =VLOOKUP($C15,[1]Sheet1!$B$23:$AG$79,26,0) -> 0 | W15: =V15-U15+2 -> 0 | X15: =U15+W15-V15 -> 2 | Y15: =VLOOKUP($C15,[1]Sheet1!$B$23:$AG$79,32,0) -> 0 | Z15: =Y15-X15+2 -> 0 | AA15: =X15+Z15-Y15 -> 2 | AB15: =+Y15 -> 0 | AC15: =AB15-AA15+2 -> 0 | AD15: =AA15+AC15-AB15 -> 2 | AE15: 82111FET00 | AG15: =I15*$F15 -> 0 | AH15: =J15*$F15 -> 0 | AI15: =K15*$F15 -> 0 | AJ15: =L15*$F15 -> 0 | AK15: =J15*$F15 -> 0 | AL15: =N15*$F15 -> 0 | AM15: =O15*$F15 -> 0 | AN15: =M15*$F15 -> 0 | AO15: =Q15*$F15 -> 0 | AP15: =R15*$F15 -> 0 | AQ15: =P15*$F15 -> 0 | AR15: =T15*$F15 -> 0 | AS15: =U15*$F15 -> 0 | AT15: =S15*$F15 -> 0 | AU15: =W15*$F15 -> 0 | AV15: =X15*$F15 -> 0 | AW15: =V15*$F15 -> 0 | AX15: =Z15*$F15 -> 0 | AY15: =AA15*$F15 -> 0 | AZ15: =Y15*$F15 -> 0 | BA15: =AC15*$F15 -> 0 | BB15: 82111-47370 | BC15: =ROUNDUP(N15/$BC$13,0) -> 0 | BD15: =ROUNDUP(Q15/$BD$13,0) -> 0 | BE15: =ROUNDUP(T15/$BE$13,0) -> 0 | BF15: =ROUNDUP(W15/$BF$13,0) -> 0 | BG15: =ROUNDUP(Z15/$BG$13,0) -> 0 | BH15: =ROUNDUP(AC15/$BH$13,0) -> 0 | BI15: =#REF!+1 -> #REF! | BK15: 82111-47731 | BM15: 82111-47781 A 0101
C16: 82111-FET10 | D16: A 0101 | E16: DUP9 | G16: 6 | H16: 3.46247 | I16: 0 | J16: 0 | K16: 0 | L16: =I16+K16-J16 -> 0 | M16: =VLOOKUP($C16,[1]Sheet1!$B$23:$AG$79,8,0) -> 0 | N16: =M16-L16 -> 0 | O16: =L16+N16-M16 -> 0 | P16: =VLOOKUP($C16,[1]Sheet1!$B$23:$AG$79,14,0) -> 0 | Q16: =P16-O16 -> 0 | R16: =O16+Q16-P16 -> 0 | S16: =VLOOKUP($C16,[1]Sheet1!$B$23:$AG$79,20,0) -> 0 | T16: =S16-R16 -> 0 | U16: =R16+T16-S16 -> 0 | V16: =VLOOKUP($C16,[1]Sheet1!$B$23:$AG$79,26,0) -> 0 | W16: =V16-U16 -> 0 | X16: =U16+W16-V16 -> 0 | Y16: =VLOOKUP($C16,[1]Sheet1!$B$23:$AG$79,32,0) -> 0 | Z16: =Y16-X16 -> 0 | AA16: =X16+Z16-Y16 -> 0 | AB16: =+Y16 -> 0 | AC16: =AB16-AA16 -> 0 | AD16: =AA16+AC16-AB16 -> 0 | AE16: 82111FET10 | AG16: =I16*$F16 -> 0 | AH16: =J16*$F16 -> 0 | AI16: =K16*$F16 -> 0 | AJ16: =L16*$F16 -> 0 | AK16: =J16*$F16 -> 0 | AL16: =N16*$F16 -> 0 | AM16: =O16*$F16 -> 0 | AN16: =M16*$F16 -> 0 | AO16: =Q16*$F16 -> 0 | AP16: =R16*$F16 -> 0 | AQ16: =P16*$F16 -> 0 | AR16: =T16*$F16 -> 0 | AS16: =U16*$F16 -> 0 | AT16: =S16*$F16 -> 0 | AU16: =W16*$F16 -> 0 | AV16: =X16*$F16 -> 0 | AW16: =V16*$F16 -> 0 | AX16: =Z16*$F16 -> 0 | AY16: =AA16*$F16 -> 0 | AZ16: =Y16*$F16 -> 0 | BA16: =AC16*$F16 -> 0 | BB16: 82111-47460 | BC16: =ROUNDUP(N16/$BC$13,0) -> 0 | BD16: =ROUNDUP(Q16/$BD$13,0) -> 0 | BE16: =ROUNDUP(T16/$BE$13,0) -> 0 | BF16: =ROUNDUP(W16/$BF$13,0) -> 0 | BG16: =ROUNDUP(Z16/$BG$13,0) -> 0 | BH16: =ROUNDUP(AC16/$BH$13,0) -> 0 | BI16: =#REF!+1 -> #REF! | BK16: 82111-47743 | BM16: 82111-47D10 0011
C17: 82116-0ZY10 | D17: A 0101 | E17: DUQ2 | G17: 6 | H17: =VLOOKUP($C17,'[2]UMH Detail'!$E$4:$V$500,18,0) -> 3.3610083 | I17: 66 | J17: 264 | K17: 294 | L17: =I17+K17-J17 -> 96 | M17: =VLOOKUP($C17,[1]Sheet1!$B$23:$AG$79,8,0) -> 180 | N17: =M17-L17+12 -> 96 | O17: =L17+N17-M17 -> 12 | P17: =VLOOKUP($C17,[1]Sheet1!$B$23:$AG$79,14,0) -> 96 | Q17: =P17-O17+18 -> 102 | R17: =O17+Q17-P17 -> 18 | S17: =VLOOKUP($C17,[1]Sheet1!$B$23:$AG$79,20,0) -> 96 | T17: =S17-R17+18 -> 96 | U17: =R17+T17-S17 -> 18 | V17: =VLOOKUP($C17,[1]Sheet1!$B$23:$AG$79,26,0) -> 108 | W17: =V17-U17 -> 90 | X17: =U17+W17-V17 -> 0 | Y17: =VLOOKUP($C17,[1]Sheet1!$B$23:$AG$79,32,0) -> 84 | Z17: =Y17-X17 -> 84 | AA17: =X17+Z17-Y17 -> 0 | AB17: =+Y17 -> 84 | AC17: =AB17-AA17 -> 84 | AD17: =AA17+AC17-AB17 -> 0 | AE17: 821160ZY10 | AG17: =I17*$F17 -> 0 | AH17: =J17*$F17 -> 0 | AI17: =K17*$F17 -> 0 | AJ17: =L17*$F17 -> 0 | AK17: =J17*$F17 -> 0 | AL17: =N17*$F17 -> 0 | AM17: =O17*$F17 -> 0 | AN17: =M17*$F17 -> 0 | AO17: =Q17*$F17 -> 0 | AP17: =R17*$F17 -> 0 | AQ17: =P17*$F17 -> 0 | AR17: =T17*$F17 -> 0 | AS17: =U17*$F17 -> 0 | AT17: =S17*$F17 -> 0 | AU17: =W17*$F17 -> 0 | AV17: =X17*$F17 -> 0 | AW17: =V17*$F17 -> 0 | AX17: =Z17*$F17 -> 0 | AY17: =AA17*$F17 -> 0 | AZ17: =Y17*$F17 -> 0 | BA17: =AC17*$F17 -> 0 | BB17: 82111-47370 | BC17: =ROUNDUP(N17/$BC$13,0) -> 24 | BD17: =ROUNDUP(Q17/$BD$13,0) -> 21 | BE17: =ROUNDUP(T17/$BE$13,0) -> 24 | BF17: =ROUNDUP(W17/$BF$13,0) -> 18 | BG17: =ROUNDUP(Z17/$BG$13,0) -> 21 | BH17: =ROUNDUP(AC17/$BH$13,0) -> 21 | BI17: =#REF!+1 -> #REF! | BK17: 82111-47742 | BM17: 82111-47531 A 0001
C18: 82115-F2840 | D18: 0001 | E18: DQP1 | G18: 6 | H18: =+H44 -> 3.5295433 | I18: 0 | J18: 0 | K18: 0 | L18: =I18+K18-J18 -> 0 | M18: =VLOOKUP($C18,[1]Sheet1!$B$23:$AG$79,8,0) -> 0 | N18: =M18-L18 -> 0 | O18: =L18+N18-M18 -> 0 | P18: =VLOOKUP($C18,[1]Sheet1!$B$23:$AG$79,14,0) -> 0 | Q18: =P18-O18 -> 0 | R18: =O18+Q18-P18 -> 0 | S18: =VLOOKUP($C18,[1]Sheet1!$B$23:$AG$79,20,0) -> 0 | T18: =S18-R18 -> 0 | U18: =R18+T18-S18 -> 0 | V18: =VLOOKUP($C18,[1]Sheet1!$B$23:$AG$79,26,0) -> 0 | W18: =V18-U18 -> 0 | X18: =U18+W18-V18 -> 0 | Y18: =VLOOKUP($C18,[1]Sheet1!$B$23:$AG$79,32,0) -> 0 | Z18: =Y18-X18 -> 0 | AA18: =X18+Z18-Y18 -> 0 | AB18: =+Y18 -> 0 | AC18: =AB18-AA18 -> 0 | AD18: =AA18+AC18-AB18 -> 0 | AE18: 82115F2840 | AG18: =I18*$F18 -> 0 | AH18: =J18*$F18 -> 0 | AI18: =K18*$F18 -> 0 | AJ18: =L18*$F18 -> 0 | AK18: =J18*$F18 -> 0 | AL18: =N18*$F18 -> 0 | AM18: =O18*$F18 -> 0 | AN18: =M18*$F18 -> 0 | AO18: =Q18*$F18 -> 0 | AP18: =R18*$F18 -> 0 | AQ18: =P18*$F18 -> 0 | AR18: =T18*$F18 -> 0 | AS18: =U18*$F18 -> 0 | AT18: =S18*$F18 -> 0 | AU18: =W18*$F18 -> 0 | AV18: =X18*$F18 -> 0 | AW18: =V18*$F18 -> 0 | AX18: =Z18*$F18 -> 0 | AY18: =AA18*$F18 -> 0 | AZ18: =Y18*$F18 -> 0 | BA18: =AC18*$F18 -> 0 | BB18: 82111-47370 | BC18: =ROUNDUP(N18/$BC$13,0) -> 0 | BD18: =ROUNDUP(Q18/$BD$13,0) -> 0 | BE18: =ROUNDUP(T18/$BE$13,0) -> 0 | BF18: =ROUNDUP(W18/$BF$13,0) -> 0 | BG18: =ROUNDUP(Z18/$BG$13,0) -> 0 | BH18: =ROUNDUP(AC18/$BH$13,0) -> 0 | BI18: =#REF!+1 -> #REF! | BK18: 82111-47L10 | BM18: 82111-47742 A 0001
C19: 82116-0ZW70 | D19: A 0101 | E19: DUQ1 | G19: 6 | H19: =VLOOKUP($C19,'[2]UMH Detail'!$E$4:$V$500,18,0) -> 3.66115 | I19: 24 | J19: 132 | K19: 186 | L19: =I19+K19-J19 -> 78 | M19: =VLOOKUP($C19,[1]Sheet1!$B$23:$AG$79,8,0) -> 192 | N19: =M19-L19+36-6-6 -> 138 | O19: =L19+N19-M19 -> 24 | P19: =VLOOKUP($C19,[1]Sheet1!$B$23:$AG$79,14,0) -> 210 | Q19: =P19-O19+48-6-6 -> 222 | R19: =O19+Q19-P19 -> 36 | S19: =VLOOKUP($C19,[1]Sheet1!$B$23:$AG$79,20,0) -> 210 | T19: =S19-R19+36-6 -> 204 | U19: =R19+T19-S19 -> 30 | V19: =VLOOKUP($C19,[1]Sheet1!$B$23:$AG$79,26,0) -> 228 | W19: =V19-U19+48+12 -> 258 | X19: =U19+W19-V19 -> 60 | Y19: =VLOOKUP($C19,[1]Sheet1!$B$23:$AG$79,32,0) -> 180 | Z19: =Y19-X19+30+12 -> 162 | AA19: =X19+Z19-Y19 -> 42 | AB19: =+Y19 -> 180 | AC19: =AB19-AA19 -> 138 | AD19: =AA19+AC19-AB19 -> 0 | AE19: 821160ZW70 | AG19: =I19*$F19 -> 0 | AH19: =J19*$F19 -> 0 | AI19: =K19*$F19 -> 0 | AJ19: =L19*$F19 -> 0 | AK19: =J19*$F19 -> 0 | AL19: =N19*$F19 -> 0 | AM19: =O19*$F19 -> 0 | AN19: =M19*$F19 -> 0 | AO19: =Q19*$F19 -> 0 | AP19: =R19*$F19 -> 0 | AQ19: =P19*$F19 -> 0 | AR19: =T19*$F19 -> 0 | AS19: =U19*$F19 -> 0 | AT19: =S19*$F19 -> 0 | AU19: =W19*$F19 -> 0 | AV19: =X19*$F19 -> 0 | AW19: =V19*$F19 -> 0 | AX19: =Z19*$F19 -> 0 | AY19: =AA19*$F19 -> 0 | AZ19: =Y19*$F19 -> 0 | BA19: =AC19*$F19 -> 0 | BB19: 82111-47460 | BC19: =ROUNDUP(N19/$BC$13,0) -> 35 | BD19: =ROUNDUP(Q19/$BD$13,0) -> 45 | BE19: =ROUNDUP(T19/$BE$13,0) -> 51 | BF19: =ROUNDUP(W19/$BF$13,0) -> 52 | BG19: =ROUNDUP(Z19/$BG$13,0) -> 41 | BH19: =ROUNDUP(AC19/$BH$13,0) -> 35 | BI19: =#REF!+1 -> #REF! | BK19: 82111-47752 | BM19: 82111-47751 A 0001
B20: ZR_TNGA LHD | C20: 82115-F2390 | D20: B 0101 | E20: DUP3 | G20: 6 | H20: =VLOOKUP($C20,'[2]UMH Detail'!$E$4:$V$500,18,0) -> 3.1332317 | I20: 2 | J20: 36 | K20: 36 | L20: =I20+K20-J20 -> 2 | M20: =VLOOKUP($C20,[1]Sheet1!$B$23:$AG$79,8,0) -> 12 | N20: =M20-L20+2 -> 12 | O20: =L20+N20-M20 -> 2 | P20: =VLOOKUP($C20,[1]Sheet1!$B$23:$AG$79,14,0) -> 12 | Q20: =P20-O20+2 -> 12 | R20: =O20+Q20-P20 -> 2 | S20: =VLOOKUP($C20,[1]Sheet1!$B$23:$AG$79,20,0) -> 12 | T20: =S20-R20+2 -> 12 | U20: =R20+T20-S20 -> 2 | V20: =VLOOKUP($C20,[1]Sheet1!$B$23:$AG$79,26,0) -> 24 | W20: =V20-U20+2 -> 24 | X20: =U20+W20-V20 -> 2 | Y20: =VLOOKUP($C20,[1]Sheet1!$B$23:$AG$79,32,0) -> 6 | Z20: =Y20-X20+2 -> 6 | AA20: =X20+Z20-Y20 -> 2 | AB20: =+Y20 -> 6 | AC20: =AB20-AA20+2 -> 6 | AD20: =AA20+AC20-AB20 -> 2 | AE20: 82115F2390 | AG20: =I20*$F20 -> 0 | AH20: =J20*$F20 -> 0 | AI20: =K20*$F20 -> 0 | AJ20: =L20*$F20 -> 0 | AK20: =J20*$F20 -> 0 | AL20: =N20*$F20 -> 0 | AM20: =O20*$F20 -> 0 | AN20: =M20*$F20 -> 0 | AO20: =Q20*$F20 -> 0 | AP20: =R20*$F20 -> 0 | AQ20: =P20*$F20 -> 0 | AR20: =T20*$F20 -> 0 | AS20: =U20*$F20 -> 0 | AT20: =S20*$F20 -> 0 | AU20: =W20*$F20 -> 0 | AV20: =X20*$F20 -> 0 | AW20: =V20*$F20 -> 0 | AX20: =Z20*$F20 -> 0 | AY20: =AA20*$F20 -> 0 | AZ20: =Y20*$F20 -> 0 | BA20: =AC20*$F20 -> 0 | BB20: 82111-47370 | BC20: =ROUNDUP(N20/$BC$13,0) -> 3 | BD20: =ROUNDUP(Q20/$BD$13,0) -> 3 | BE20: =ROUNDUP(T20/$BE$13,0) -> 3 | BF20: =ROUNDUP(W20/$BF$13,0) -> 5 | BG20: =ROUNDUP(Z20/$BG$13,0) -> 2 | BH20: =ROUNDUP(AC20/$BH$13,0) -> 2 | BI20: =#REF!+1 -> #REF! | BK20: 82111-47751 | BM20: 82111-47772 A 0001
C21: 82111-FET20 | D21: A 0101 | E21: DUP7 | G21: 6 | H21: 2.9072533 | I21: 0 | J21: 0 | K21: 0 | L21: =I21+K21-J21 -> 0 | M21: =VLOOKUP($C21,[1]Sheet1!$B$23:$AG$79,8,0) -> 0 | N21: =M21-L21 -> 0 | O21: =L21+N21-M21 -> 0 | P21: =VLOOKUP($C21,[1]Sheet1!$B$23:$AG$79,14,0) -> 0 | Q21: =P21-O21 -> 0 | R21: =O21+Q21-P21 -> 0 | S21: =VLOOKUP($C21,[1]Sheet1!$B$23:$AG$79,20,0) -> 0 | T21: =S21-R21 -> 0 | U21: =R21+T21-S21 -> 0 | V21: =VLOOKUP($C21,[1]Sheet1!$B$23:$AG$79,26,0) -> 0 | W21: =V21-U21 -> 0 | X21: =U21+W21-V21 -> 0 | Y21: =VLOOKUP($C21,[1]Sheet1!$B$23:$AG$79,32,0) -> 0 | Z21: =Y21-X21 -> 0 | AA21: =X21+Z21-Y21 -> 0 | AB21: =+Y21 -> 0 | AC21: =AB21-AA21 -> 0 | AD21: =AA21+AC21-AB21 -> 0 | AE21: 82111FET20 | AG21: =I21*$F21 -> 0 | AH21: =J21*$F21 -> 0 | AI21: =K21*$F21 -> 0 | AJ21: =L21*$F21 -> 0 | AK21: =J21*$F21 -> 0 | AL21: =N21*$F21 -> 0 | AM21: =O21*$F21 -> 0 | AN21: =M21*$F21 -> 0 | AO21: =Q21*$F21 -> 0 | AP21: =R21*$F21 -> 0 | AQ21: =P21*$F21 -> 0 | AR21: =T21*$F21 -> 0 | AS21: =U21*$F21 -> 0 | AT21: =S21*$F21 -> 0 | AU21: =W21*$F21 -> 0 | AV21: =X21*$F21 -> 0 | AW21: =V21*$F21 -> 0 | AX21: =Z21*$F21 -> 0 | AY21: =AA21*$F21 -> 0 | AZ21: =Y21*$F21 -> 0 | BA21: =AC21*$F21 -> 0 | BB21: 82111-47370 | BC21: =ROUNDUP(N21/$BC$13,0) -> 0 | BD21: =ROUNDUP(Q21/$BD$13,0) -> 0 | BE21: =ROUNDUP(T21/$BE$13,0) -> 0 | BF21: =ROUNDUP(W21/$BF$13,0) -> 0 | BG21: =ROUNDUP(Z21/$BG$13,0) -> 0 | BH21: =ROUNDUP(AC21/$BH$13,0) -> 0 | BI21: =#REF!+1 -> #REF! | BK21: 82111-47532 | BM21: 82111-47804 B 0001
C22: 82111-FET30 | D22: A 0101 | E22: DUP6 | G22: 6 | H22: =VLOOKUP($C22,'[2]UMH Detail'!$E$4:$V$500,18,0) -> 2.9106067 | I22: 132 | J22: 378 | K22: 336 | L22: =I22+K22-J22 -> 90 | M22: =VLOOKUP($C22,[1]Sheet1!$B$23:$AG$79,8,0) -> 348 | N22: =M22-L22+72+12+6 -> 348 | O22: =L22+N22-M22 -> 90 | P22: =VLOOKUP($C22,[1]Sheet1!$B$23:$AG$79,14,0) -> 354 | Q22: =P22-O22+96+24 -> 384 | R22: =O22+Q22-P22 -> 120 | S22: =VLOOKUP($C22,[1]Sheet1!$B$23:$AG$79,20,0) -> 372 | T22: =S22-R22+84+24 -> 360 | U22: =R22+T22-S22 -> 108 | V22: =VLOOKUP($C22,[1]Sheet1!$B$23:$AG$79,26,0) -> 402 | W22: =V22-U22+48 -> 342 | X22: =U22+W22-V22 -> 48 | Y22: =VLOOKUP($C22,[1]Sheet1!$B$23:$AG$79,32,0) -> 324 | Z22: =Y22-X22+84+24+30 -> 414 | AA22: =X22+Z22-Y22 -> 138 | AB22: =+Y22 -> 324 | AC22: =AB22-AA22 -> 186 | AD22: =AA22+AC22-AB22 -> 0 | AE22: 82111FET30 | AG22: =I22*$F22 -> 0 | AH22: =J22*$F22 -> 0 | AI22: =K22*$F22 -> 0 | AJ22: =L22*$F22 -> 0 | AK22: =J22*$F22 -> 0 | AL22: =N22*$F22 -> 0 | AM22: =O22*$F22 -> 0 | AN22: =M22*$F22 -> 0 | AO22: =Q22*$F22 -> 0 | AP22: =R22*$F22 -> 0 | AQ22: =P22*$F22 -> 0 | AR22: =T22*$F22 -> 0 | AS22: =U22*$F22 -> 0 | AT22: =S22*$F22 -> 0 | AU22: =W22*$F22 -> 0 | AV22: =X22*$F22 -> 0 | AW22: =V22*$F22 -> 0 | AX22: =Z22*$F22 -> 0 | AY22: =AA22*$F22 -> 0 | AZ22: =Y22*$F22 -> 0 | BA22: =AC22*$F22 -> 0 | BB22: 82111-47370 | BC22: =ROUNDUP(N22/$BC$13,0) -> 87 | BD22: =ROUNDUP(Q22/$BD$13,0) -> 77 | BE22: =ROUNDUP(T22/$BE$13,0) -> 90 | BF22: =ROUNDUP(W22/$BF$13,0) -> 69 | BG22: =ROUNDUP(Z22/$BG$13,0) -> 104 | BH22: =ROUNDUP(AC22/$BH$13,0) -> 47 | BI22: =#REF!+1 -> #REF! | BK22: 82111-47531 | BM22: 82111-47834 B 0001
C23: 82111-FET40 | D23: A 0101 | E23: DUP8 | G23: 6 | H23: =VLOOKUP($C23,'[2]UMH Detail'!$E$4:$V$500,18,0) -> 2.8988 | I23: 240 | J23: 786 | K23: 696 | L23: =I23+K23-J23 -> 150 | M23: =VLOOKUP($C23,[1]Sheet1!$B$23:$AG$79,8,0) -> 582 | N23: =M23-L23+120+18+24 -> 594 | O23: =L23+N23-M23 -> 162 | P23: =VLOOKUP($C23,[1]Sheet1!$B$23:$AG$79,14,0) -> 546 | Q23: =P23-O23+162+120+36 -> 702 | R23: =O23+Q23-P23 -> 318 | S23: =VLOOKUP($C23,[1]Sheet1!$B$23:$AG$79,20,0) -> 636 | T23: =S23-R23+144+36 -> 498 | U23: =R23+T23-S23 -> 180 | V23: =VLOOKUP($C23,[1]Sheet1!$B$23:$AG$79,26,0) -> 696 | W23: =V23-U23+90+48 -> 654 | X23: =U23+W23-V23 -> 138 | Y23: =VLOOKUP($C23,[1]Sheet1!$B$23:$AG$79,32,0) -> 546 | Z23: =Y23-X23+138+24 -> 570 | AA23: =X23+Z23-Y23 -> 162 | AB23: =+Y23 -> 546 | AC23: =AB23-AA23 -> 384 | AD23: =AA23+AC23-AB23 -> 0 | AE23: 82111FET40 | AG23: =I23*$F23 -> 0 | AH23: =J23*$F23 -> 0 | AI23: =K23*$F23 -> 0 | AJ23: =L23*$F23 -> 0 | AK23: =J23*$F23 -> 0 | AL23: =N23*$F23 -> 0 | AM23: =O23*$F23 -> 0 | AN23: =M23*$F23 -> 0 | AO23: =Q23*$F23 -> 0 | AP23: =R23*$F23 -> 0 | AQ23: =P23*$F23 -> 0 | AR23: =T23*$F23 -> 0 | AS23: =U23*$F23 -> 0 | AT23: =S23*$F23 -> 0 | AU23: =W23*$F23 -> 0 | AV23: =X23*$F23 -> 0 | AW23: =V23*$F23 -> 0 | AX23: =Z23*$F23 -> 0 | AY23: =AA23*$F23 -> 0 | AZ23: =Y23*$F23 -> 0 | BA23: =AC23*$F23 -> 0 | BB23: 82111-47370 | BC23: =ROUNDUP(N23/$BC$13,0) -> 149 | BD23: =ROUNDUP(Q23/$BD$13,0) -> 141 | BE23: =ROUNDUP(T23/$BE$13,0) -> 125 | BF23: =ROUNDUP(W23/$BF$13,0) -> 131 | BG23: =ROUNDUP(Z23/$BG$13,0) -> 143 | BH23: =ROUNDUP(AC23/$BH$13,0) -> 96 | BI23: =#REF!+1 -> #REF! | BK23: 82111-47531 | BM23: 82111-47834 B 0001
C24: 82116-0ZX70 | D24: A 0101 | E24: DUP4 | G24: 6 | H24: =VLOOKUP($C24,'[3]UMH Detail'!$E$4:$V$500,18,0) -> 3.0037017 | I24: 0 | J24: 12 | K24: 12 | L24: =I24+K24-J24 -> 0 | M24: =VLOOKUP($C24,[1]Sheet1!$B$23:$AG$79,8,0) -> 0 | N24: =M24-L24 -> 0 | O24: =L24+N24-M24 -> 0 | P24: =VLOOKUP($C24,[1]Sheet1!$B$23:$AG$79,14,0) -> 6 | Q24: =P24-O24 -> 6 | R24: =O24+Q24-P24 -> 0 | S24: =VLOOKUP($C24,[1]Sheet1!$B$23:$AG$79,20,0) -> 6 | T24: =S24-R24 -> 6 | U24: =R24+T24-S24 -> 0 | V24: =VLOOKUP($C24,[1]Sheet1!$B$23:$AG$79,26,0) -> 6 | W24: =V24-U24 -> 6 | X24: =U24+W24-V24 -> 0 | Y24: =VLOOKUP($C24,[1]Sheet1!$B$23:$AG$79,32,0) -> 6 | Z24: =Y24-X24 -> 6 | AA24: =X24+Z24-Y24 -> 0 | AB24: =+Y24 -> 6 | AC24: =AB24-AA24 -> 6 | AD24: =AA24+AC24-AB24 -> 0 | AE24: 821160ZX70 | AG24: =I24*$F24 -> 0 | AH24: =J24*$F24 -> 0 | AI24: =K24*$F24 -> 0 | AJ24: =L24*$F24 -> 0 | AK24: =J24*$F24 -> 0 | AL24: =N24*$F24 -> 0 | AM24: =O24*$F24 -> 0 | AN24: =M24*$F24 -> 0 | AO24: =Q24*$F24 -> 0 | AP24: =R24*$F24 -> 0 | AQ24: =P24*$F24 -> 0 | AR24: =T24*$F24 -> 0 | AS24: =U24*$F24 -> 0 | AT24: =S24*$F24 -> 0 | AU24: =W24*$F24 -> 0 | AV24: =X24*$F24 -> 0 | AW24: =V24*$F24 -> 0 | AX24: =Z24*$F24 -> 0 | AY24: =AA24*$F24 -> 0 | AZ24: =Y24*$F24 -> 0 | BA24: =AC24*$F24 -> 0 | BB24: 82111-47370 | BC24: =ROUNDUP(N24/$BC$13,0) -> 0 | BD24: =ROUNDUP(Q24/$BD$13,0) -> 2 | BE24: =ROUNDUP(T24/$BE$13,0) -> 2 | BF24: =ROUNDUP(W24/$BF$13,0) -> 2 | BG24: =ROUNDUP(Z24/$BG$13,0) -> 2 | BH24: =ROUNDUP(AC24/$BH$13,0) -> 2 | BI24: =#REF!+1 -> #REF! | BK24: 82111-47770 | BM24: 82111-47843 B 0001
C25: 82116-0ZY00 | D25: A 0101 | E25: DUP5 | G25: 6 | H25: =VLOOKUP($C25,'[2]UMH Detail'!$E$4:$V$500,18,0) -> 2.9118 | I25: 282 | J25: 912 | K25: =852-30 -> 822 | L25: =I25+K25-J25 -> 192 | M25: =VLOOKUP($C25,[1]Sheet1!$B$23:$AG$79,8,0) -> 660 | N25: =M25-L25+132+24-6+24 -> 642 | O25: =L25+N25-M25 -> 174 | P25: =VLOOKUP($C25,[1]Sheet1!$B$23:$AG$79,14,0) -> 588 | Q25: =P25-O25+174+120+24 -> 732 | R25: =O25+Q25-P25 -> 318 | S25: =VLOOKUP($C25,[1]Sheet1!$B$23:$AG$79,20,0) -> 684 | T25: =S25-R25+150+36+48 -> 600 | U25: =R25+T25-S25 -> 234 | V25: =VLOOKUP($C25,[1]Sheet1!$B$23:$AG$79,26,0) -> 744 | W25: =V25-U25+48+102 -> 660 | X25: =U25+W25-V25 -> 150 | Y25: =VLOOKUP($C25,[1]Sheet1!$B$23:$AG$79,32,0) -> 582 | Z25: =Y25-X25+150+84+36-72 -> 630 | AA25: =X25+Z25-Y25 -> 198 | AB25: =+Y25 -> 582 | AC25: =AB25-AA25 -> 384 | AD25: =AA25+AC25-AB25 -> 0 | AE25: 821160ZY00 | AG25: =I25*$F25 -> 0 | AH25: =J25*$F25 -> 0 | AI25: =K25*$F25 -> 0 | AJ25: =L25*$F25 -> 0 | AK25: =J25*$F25 -> 0 | AL25: =N25*$F25 -> 0 | AM25: =O25*$F25 -> 0 | AN25: =M25*$F25 -> 0 | AO25: =Q25*$F25 -> 0 | AP25: =R25*$F25 -> 0 | AQ25: =P25*$F25 -> 0 | AR25: =T25*$F25 -> 0 | AS25: =U25*$F25 -> 0 | AT25: =S25*$F25 -> 0 | AU25: =W25*$F25 -> 0 | AV25: =X25*$F25 -> 0 | AW25: =V25*$F25 -> 0 | AX25: =Z25*$F25 -> 0 | AY25: =AA25*$F25 -> 0 | AZ25: =Y25*$F25 -> 0 | BA25: =AC25*$F25 -> 0 | BB25: 82111-47370 | BC25: =ROUNDUP(N25/$BC$13,0) -> 161 | BD25: =ROUNDUP(Q25/$BD$13,0) -> 147 | BE25: =ROUNDUP(T25/$BE$13,0) -> 150 | BF25: =ROUNDUP(W25/$BF$13,0) -> 132 | BG25: =ROUNDUP(Z25/$BG$13,0) -> 158 | BH25: =ROUNDUP(AC25/$BH$13,0) -> 96 | BI25: =#REF!+1 -> #REF! | BK25: 82111-47770 | BM25: 82111-47843 B 0001
B26: ZR_CONV LHD | C26: 82116-0ZW80 | D26: A 0101 | E26: DUQ4 | G26: 6 | H26: 2.9375817 | I26: 0 | J26: 0 | K26: 0 | L26: =I26+K26-J26 -> 0 | M26: =VLOOKUP($C26,[1]Sheet1!$B$23:$AG$79,8,0) -> 0 | N26: =M26-L26 -> 0 | O26: =L26+N26-M26 -> 0 | P26: =VLOOKUP($C26,[1]Sheet1!$B$23:$AG$79,14,0) -> 0 | Q26: =P26-O26 -> 0 | R26: =O26+Q26-P26 -> 0 | S26: =VLOOKUP($C26,[1]Sheet1!$B$23:$AG$79,20,0) -> 0 | T26: =S26-R26 -> 0 | U26: =R26+T26-S26 -> 0 | V26: =VLOOKUP($C26,[1]Sheet1!$B$23:$AG$79,26,0) -> 0 | W26: =V26-U26 -> 0 | X26: =U26+W26-V26 -> 0 | Y26: =VLOOKUP($C26,[1]Sheet1!$B$23:$AG$79,32,0) -> 0 | Z26: =Y26-X26 -> 0 | AA26: =X26+Z26-Y26 -> 0 | AB26: =+Y26 -> 0 | AC26: =AB26-AA26 -> 0 | AD26: =AA26+AC26-AB26 -> 0 | AE26: 821160ZW80
C27: 82116-0ZW90 | D27: A 0101 | E27: DUQ5 | G27: 6 | H27: =VLOOKUP($C27,'[2]UMH Detail'!$E$4:$V$500,18,0) -> 2.705515 | I27: 72 | J27: 270 | K27: =276 -> 276 | L27: =I27+K27-J27 -> 78 | M27: =VLOOKUP($C27,[1]Sheet1!$B$23:$AG$79,8,0) -> 384 | N27: =M27-L27+60+24+6 -> 396 | O27: =L27+N27-M27 -> 90 | P27: =VLOOKUP($C27,[1]Sheet1!$B$23:$AG$79,14,0) -> 360 | Q27: =P27-O27+114+18 -> 402 | R27: =O27+Q27-P27 -> 132 | S27: =VLOOKUP($C27,[1]Sheet1!$B$23:$AG$79,20,0) -> 450 | T27: =S27-R27+102+6 -> 426 | U27: =R27+T27-S27 -> 108 | V27: =VLOOKUP($C27,[1]Sheet1!$B$23:$AG$79,26,0) -> 498 | W27: =V27-U27 -> 390 | X27: =U27+W27-V27 -> 0 | Y27: =VLOOKUP($C27,[1]Sheet1!$B$23:$AG$79,32,0) -> 390 | Z27: =Y27-X27+48 -> 438 | AA27: =X27+Z27-Y27 -> 48 | AB27: =+Y27 -> 390 | AC27: =AB27-AA27 -> 342 | AD27: =AA27+AC27-AB27 -> 0 | AE27: 821160ZW90
C28: 82111-FE460 | D28: 0001 | E28: DWS2 | G28: 6 | H28: =VLOOKUP($C28,'[2]UMH Detail'!$E$4:$V$500,18,0) -> 2.8079483 | I28: 0 | J28: 48 | K28: 48 | L28: =I28+K28-J28 -> 0 | M28: =VLOOKUP($C28,[1]Sheet1!$B$23:$AG$79,8,0) -> 42 | N28: =M28-L28+18 -> 60 | O28: =L28+N28-M28 -> 18 | P28: =VLOOKUP($C28,[1]Sheet1!$B$23:$AG$79,14,0) -> 30 | Q28: =P28-O28 -> 12 | R28: =O28+Q28-P28 -> 0 | S28: =VLOOKUP($C28,[1]Sheet1!$B$23:$AG$79,20,0) -> 36 | T28: =S28-R28 -> 36 | U28: =R28+T28-S28 -> 0 | V28: =VLOOKUP($C28,[1]Sheet1!$B$23:$AG$79,26,0) -> 36 | W28: =V28-U28 -> 36 | X28: =U28+W28-V28 -> 0 | Y28: =VLOOKUP($C28,[1]Sheet1!$B$23:$AG$79,32,0) -> 30 | Z28: =Y28-X28 -> 30 | AA28: =X28+Z28-Y28 -> 0 | AB28: =+Y28 -> 30 | AC28: =AB28-AA28 -> 30 | AD28: =AA28+AC28-AB28 -> 0 | AE28: 82111FET50 | AG28: =I28*$F28 -> 0 | AH28: =J28*$F28 -> 0 | AI28: =K28*$F28 -> 0 | AJ28: =L28*$F28 -> 0 | AK28: =J28*$F28 -> 0 | AL28: =N28*$F28 -> 0 | AM28: =O28*$F28 -> 0 | AN28: =M28*$F28 -> 0 | AO28: =Q28*$F28 -> 0 | AP28: =R28*$F28 -> 0 | AQ28: =P28*$F28 -> 0 | AR28: =T28*$F28 -> 0 | AS28: =U28*$F28 -> 0 | AT28: =S28*$F28 -> 0 | AU28: =W28*$F28 -> 0 | AV28: =X28*$F28 -> 0 | AW28: =V28*$F28 -> 0 | AX28: =Z28*$F28 -> 0 | AY28: =AA28*$F28 -> 0 | AZ28: =Y28*$F28 -> 0 | BA28: =AC28*$F28 -> 0 | BB28: 82111-47450 | BC28: =ROUNDUP(N28/$BC$13,0) -> 15 | BD28: =ROUNDUP(Q28/$BD$13,0) -> 3 | BE28: =ROUNDUP(T28/$BE$13,0) -> 9 | BF28: =ROUNDUP(W28/$BF$13,0) -> 8 | BG28: =ROUNDUP(Z28/$BG$13,0) -> 8 | BH28: =ROUNDUP(AC28/$BH$13,0) -> 8 | BI28: =#REF!+1 -> #REF! | BK28: 82111-47732 | BM28: 82111-47D02 A 1001
C29: 82111-FE470 | D29: 0001 | E29: DWS3 | G29: 6 | H29: =VLOOKUP($C29,'[2]UMH Detail'!$E$4:$V$500,18,0) -> 2.932705 | I29: 0 | J29: 372 | K29: 372 | L29: =I29+K29-J29 -> 0 | M29: =VLOOKUP($C29,[1]Sheet1!$B$23:$AG$79,8,0) -> 12 | N29: =M29-L29+24+24 -> 60 | O29: =L29+N29-M29 -> 48 | P29: =VLOOKUP($C29,[1]Sheet1!$B$23:$AG$79,14,0) -> 180 | Q29: =P29-O29+48+48 -> 228 | R29: =O29+Q29-P29 -> 96 | S29: =VLOOKUP($C29,[1]Sheet1!$B$23:$AG$79,20,0) -> 228 | T29: =S29-R29+48 -> 180 | U29: =R29+T29-S29 -> 48 | V29: =VLOOKUP($C29,[1]Sheet1!$B$23:$AG$79,26,0) -> 210 | W29: =V29-U29 -> 162 | X29: =U29+W29-V29 -> 0 | Y29: =VLOOKUP($C29,[1]Sheet1!$B$23:$AG$79,32,0) -> 186 | Z29: =Y29-X29 -> 186 | AA29: =X29+Z29-Y29 -> 0 | AB29: =+Y29 -> 186 | AC29: =AB29-AA29 -> 186 | AD29: =AA29+AC29-AB29 -> 0 | AE29: 821160ZX80 | AG29: =I29*$F29 -> 0 | AH29: =J29*$F29 -> 0 | AI29: =K29*$F29 -> 0 | AJ29: =L29*$F29 -> 0 | AK29: =J29*$F29 -> 0 | AL29: =N29*$F29 -> 0 | AM29: =O29*$F29 -> 0 | AN29: =M29*$F29 -> 0 | AO29: =Q29*$F29 -> 0 | AP29: =R29*$F29 -> 0 | AQ29: =P29*$F29 -> 0 | AR29: =T29*$F29 -> 0 | AS29: =U29*$F29 -> 0 | AT29: =S29*$F29 -> 0 | AU29: =W29*$F29 -> 0 | AV29: =X29*$F29 -> 0 | AW29: =V29*$F29 -> 0 | AX29: =Z29*$F29 -> 0 | AY29: =AA29*$F29 -> 0 | AZ29: =Y29*$F29 -> 0 | BA29: =AC29*$F29 -> 0 | BB29: 82111-47370 | BC29: =ROUNDUP(N29/$BC$13,0) -> 15 | BD29: =ROUNDUP(Q29/$BD$13,0) -> 46 | BE29: =ROUNDUP(T29/$BE$13,0) -> 45 | BF29: =ROUNDUP(W29/$BF$13,0) -> 33 | BG29: =ROUNDUP(Z29/$BG$13,0) -> 47 | BH29: =ROUNDUP(AC29/$BH$13,0) -> 47 | BI29: =#REF!+1 -> #REF! | BK29: 82111-47731 | BM29: 82111-47781 A 0101
C30: 82116-0ZX90 | D30: A 0101 | E30: DUQ7 | G30: 6 | H30: =VLOOKUP($C30,'[2]UMH Detail'!$E$4:$V$500,18,0) -> 2.7070533 | I30: 0 | J30: 84 | K30: 84 | L30: =I30+K30-J30 -> 0 | M30: =VLOOKUP($C30,[1]Sheet1!$B$23:$AG$79,8,0) -> 12 | N30: =M30-L30 -> 12 | O30: =L30+N30-M30 -> 0 | P30: =VLOOKUP($C30,[1]Sheet1!$B$23:$AG$79,14,0) -> 30 | Q30: =P30-O30 -> 30 | R30: =O30+Q30-P30 -> 0 | S30: =VLOOKUP($C30,[1]Sheet1!$B$23:$AG$79,20,0) -> 30 | T30: =S30-R30 -> 30 | U30: =R30+T30-S30 -> 0 | V30: =VLOOKUP($C30,[1]Sheet1!$B$23:$AG$79,26,0) -> 30 | W30: =V30-U30 -> 30 | X30: =U30+W30-V30 -> 0 | Y30: =VLOOKUP($C30,[1]Sheet1!$B$23:$AG$79,32,0) -> 24 | Z30: =Y30-X30 -> 24 | AA30: =X30+Z30-Y30 -> 0 | AB30: =+Y30 -> 24 | AC30: =AB30-AA30 -> 24 | AD30: =AA30+AC30-AB30 -> 0 | AE30: 821160ZX90
A31: 824D | B31: HEV | C31: 82111-FE150 | D31: 0001 | E31: DVI1 | G31: 6 | H31: =VLOOKUP($C31,'[2]UMH Detail'!$E$4:$V$500,18,0) -> 3.6625167 | I31: 0 | J31: 42 | K31: 42 | L31: =I31+K31-J31 -> 0 | M31: =VLOOKUP($C31,[1]Sheet1!$B$23:$AG$79,8,0) -> 54 | N31: =M31-L31 -> 54 | O31: =L31+N31-M31 -> 0 | P31: =VLOOKUP($C31,[1]Sheet1!$B$23:$AG$79,14,0) -> 48 | Q31: =P31-O31 -> 48 | R31: =O31+Q31-P31 -> 0 | S31: =VLOOKUP($C31,[1]Sheet1!$B$23:$AG$79,20,0) -> 42 | T31: =S31-R31 -> 42 | U31: =R31+T31-S31 -> 0 | V31: =VLOOKUP($C31,[1]Sheet1!$B$23:$AG$79,26,0) -> 42 | W31: =V31-U31 -> 42 | X31: =U31+W31-V31 -> 0 | Y31: =VLOOKUP($C31,[1]Sheet1!$B$23:$AG$79,32,0) -> 30 | Z31: =Y31-X31 -> 30 | AA31: =X31+Z31-Y31 -> 0 | AB31: =+Y31 -> 30 | AC31: =AB31-AA31 -> 30 | AD31: =AA31+AC31-AB31 -> 0 | AE31: 82111FE150
B32: CONV | C32: 82111-FE200 | D32: 0001 | E32: DVI2 | G32: 6 | H32: =VLOOKUP($C32,'[2]UMH Detail'!$E$4:$V$500,18,0) -> 2.7844983 | I32: 0 | J32: 0 | K32: 0 | L32: =I32+K32-J32 -> 0 | M32: =VLOOKUP($C32,[1]Sheet1!$B$23:$AG$79,8,0) -> 0 | N32: =M32-L32 -> 0 | O32: =L32+N32-M32 -> 0 | P32: =VLOOKUP($C32,[1]Sheet1!$B$23:$AG$79,14,0) -> 0 | Q32: =P32-O32 -> 0 | R32: =O32+Q32-P32 -> 0 | S32: =VLOOKUP($C32,[1]Sheet1!$B$23:$AG$79,20,0) -> 0 | T32: =S32-R32 -> 0 | U32: =R32+T32-S32 -> 0 | V32: =VLOOKUP($C32,[1]Sheet1!$B$23:$AG$79,26,0) -> 0 | W32: =V32-U32 -> 0 | X32: =U32+W32-V32 -> 0 | Y32: =VLOOKUP($C32,[1]Sheet1!$B$23:$AG$79,32,0) -> 0 | Z32: =Y32-X32 -> 0 | AA32: =X32+Z32-Y32 -> 0 | AB32: =+Y32 -> 0 | AC32: =AB32-AA32 -> 0 | AD32: =AA32+AC32-AB32 -> 0 | AE32: 82111FE200 | AG32: =I32*$F32 -> 0 | AH32: =J32*$F32 -> 0 | AI32: =K32*$F32 -> 0 | AJ32: =L32*$F32 -> 0 | AK32: =J32*$F32 -> 0 | AL32: =N32*$F32 -> 0 | AM32: =O32*$F32 -> 0 | AN32: =M32*$F32 -> 0 | AO32: =Q32*$F32 -> 0 | AP32: =R32*$F32 -> 0 | AQ32: =P32*$F32 -> 0 | AR32: =T32*$F32 -> 0 | AS32: =U32*$F32 -> 0 | AT32: =S32*$F32 -> 0 | AU32: =W32*$F32 -> 0 | AV32: =X32*$F32 -> 0 | AW32: =V32*$F32 -> 0 | AX32: =Z32*$F32 -> 0 | AY32: =AA32*$F32 -> 0 | AZ32: =Y32*$F32 -> 0 | BA32: =AC32*$F32 -> 0 | BB32: 82111-47370 | BC32: =ROUNDUP(N32/$BC$13,0) -> 0 | BD32: =ROUNDUP(Q32/$BD$13,0) -> 0 | BE32: =ROUNDUP(T32/$BE$13,0) -> 0 | BF32: =ROUNDUP(W32/$BF$13,0) -> 0 | BG32: =ROUNDUP(Z32/$BG$13,0) -> 0 | BH32: =ROUNDUP(AC32/$BH$13,0) -> 0 | BI32: =#REF!+1 -> #REF! | BK32: 82111-47L10 | BM32: 82111-47742 A 0001
C33: 82111-FE210 | D33: 0001 | E33: DVI3 | G33: 6 | H33: =VLOOKUP($C33,'[2]UMH Detail'!$E$4:$V$500,18,0) -> 2.911185 | I33: 0 | J33: 16 | K33: 18 | L33: =I33+K33-J33 -> 2 | M33: =VLOOKUP($C33,[1]Sheet1!$B$23:$AG$79,8,0) -> 0 | N33: =M33-L33+2 -> 0 | O33: =L33+N33-M33 -> 2 | P33: =VLOOKUP($C33,[1]Sheet1!$B$23:$AG$79,14,0) -> 0 | Q33: =P33-O33+2 -> 0 | R33: =O33+Q33-P33 -> 2 | S33: =VLOOKUP($C33,[1]Sheet1!$B$23:$AG$79,20,0) -> 0 | T33: =S33-R33+2 -> 0 | U33: =R33+T33-S33 -> 2 | V33: =VLOOKUP($C33,[1]Sheet1!$B$23:$AG$79,26,0) -> 0 | W33: =V33-U33+2 -> 0 | X33: =U33+W33-V33 -> 2 | Y33: =VLOOKUP($C33,[1]Sheet1!$B$23:$AG$79,32,0) -> 0 | Z33: =Y33-X33+2 -> 0 | AA33: =X33+Z33-Y33 -> 2 | AB33: =+Y33 -> 0 | AC33: =AB33-AA33+2 -> 0 | AD33: =AA33+AC33-AB33 -> 2 | AE33: 82111FE210 | AG33: =I33*$F33 -> 0 | AH33: =J33*$F33 -> 0 | AI33: =K33*$F33 -> 0 | AJ33: =L33*$F33 -> 0 | AK33: =J33*$F33 -> 0 | AL33: =N33*$F33 -> 0 | AM33: =O33*$F33 -> 0 | AN33: =M33*$F33 -> 0 | AO33: =Q33*$F33 -> 0 | AP33: =R33*$F33 -> 0 | AQ33: =P33*$F33 -> 0 | AR33: =T33*$F33 -> 0 | AS33: =U33*$F33 -> 0 | AT33: =S33*$F33 -> 0 | AU33: =W33*$F33 -> 0 | AV33: =X33*$F33 -> 0 | AW33: =V33*$F33 -> 0 | AX33: =Z33*$F33 -> 0 | AY33: =AA33*$F33 -> 0 | AZ33: =Y33*$F33 -> 0 | BA33: =AC33*$F33 -> 0 | BB33: 82111-47460 | BC33: =ROUNDUP(N33/$BC$13,0) -> 0 | BD33: =ROUNDUP(Q33/$BD$13,0) -> 0 | BE33: =ROUNDUP(T33/$BE$13,0) -> 0 | BF33: =ROUNDUP(W33/$BF$13,0) -> 0 | BG33: =ROUNDUP(Z33/$BG$13,0) -> 0 | BH33: =ROUNDUP(AC33/$BH$13,0) -> 0 | BI33: =#REF!+1 -> #REF! | BK33: 82111-47752 | BM33: 82111-47751 A 0001
C34: 82111-F2W42 | D34: C 0101 | E34: DQG5 | G34: 6 | H34: =VLOOKUP($C34,[4]Sheet1!$E$334:$Z$488,18,0) -> 2.9277417 | AG34: =I34*$F34 -> 0 | AH34: =J34*$F34 -> 0 | AI34: =K34*$F34 -> 0 | AJ34: =L34*$F34 -> 0 | AK34: =J34*$F34 -> 0 | AL34: =N34*$F34 -> 0 | AM34: =O34*$F34 -> 0 | AN34: =M34*$F34 -> 0 | AO34: =Q34*$F34 -> 0 | AP34: =R34*$F34 -> 0 | AQ34: =P34*$F34 -> 0 | AR34: =T34*$F34 -> 0 | AS34: =U34*$F34 -> 0 | AT34: =S34*$F34 -> 0 | AU34: =W34*$F34 -> 0 | AV34: =X34*$F34 -> 0 | AW34: =V34*$F34 -> 0 | AX34: =Z34*$F34 -> 0 | AY34: =AA34*$F34 -> 0 | AZ34: =Y34*$F34 -> 0 | BA34: =AC34*$F34 -> 0 | BB34: 82111-47370 | BC34: =ROUNDUP(N34/$BC$13,0) -> 0 | BD34: =ROUNDUP(Q34/$BD$13,0) -> 0 | BE34: =ROUNDUP(T34/$BE$13,0) -> 0 | BF34: =ROUNDUP(W34/$BF$13,0) -> 0 | BG34: =ROUNDUP(Z34/$BG$13,0) -> 0 | BH34: =ROUNDUP(AC34/$BH$13,0) -> 0 | BI34: =#REF!+1 -> #REF! | BK34: 82111-47751 | BM34: 82111-47772 A 0001
C35: 82111-F2W92 | D35: C 0201 | E35: DUR4 | G35: 6 | AG35: =I35*$F35 -> 0 | AH35: =J35*$F35 -> 0 | AI35: =K35*$F35 -> 0 | AJ35: =L35*$F35 -> 0 | AK35: =J35*$F35 -> 0 | AL35: =N35*$F35 -> 0 | AM35: =O35*$F35 -> 0 | AN35: =M35*$F35 -> 0 | AO35: =Q35*$F35 -> 0 | AP35: =R35*$F35 -> 0 | AQ35: =P35*$F35 -> 0 | AR35: =T35*$F35 -> 0 | AS35: =U35*$F35 -> 0 | AT35: =S35*$F35 -> 0 | AU35: =W35*$F35 -> 0 | AV35: =X35*$F35 -> 0 | AW35: =V35*$F35 -> 0 | AX35: =Z35*$F35 -> 0 | AY35: =AA35*$F35 -> 0 | AZ35: =Y35*$F35 -> 0 | BA35: =AC35*$F35 -> 0 | BB35: 82111-47370 | BC35: =ROUNDUP(N35/$BC$13,0) -> 0 | BD35: =ROUNDUP(Q35/$BD$13,0) -> 0 | BE35: =ROUNDUP(T35/$BE$13,0) -> 0 | BF35: =ROUNDUP(W35/$BF$13,0) -> 0 | BG35: =ROUNDUP(Z35/$BG$13,0) -> 0 | BH35: =ROUNDUP(AC35/$BH$13,0) -> 0 | BI35: =#REF!+1 -> #REF! | BK35: 82111-47770 | BM35: 82111-47843 B 0001
C36: 82111-F2W23 | D36: B 0201 | E36: DQF8 | G36: 6 | H36: =VLOOKUP($C36,[4]Sheet1!$E$334:$Z$488,18,0) -> 2.8513367 | AG36: =I36*$F36 -> 0 | AH36: =J36*$F36 -> 0 | AI36: =K36*$F36 -> 0 | AJ36: =L36*$F36 -> 0 | AK36: =J36*$F36 -> 0 | AL36: =N36*$F36 -> 0 | AM36: =O36*$F36 -> 0 | AN36: =M36*$F36 -> 0 | AO36: =Q36*$F36 -> 0 | AP36: =R36*$F36 -> 0 | AQ36: =P36*$F36 -> 0 | AR36: =T36*$F36 -> 0 | AS36: =U36*$F36 -> 0 | AT36: =S36*$F36 -> 0 | AU36: =W36*$F36 -> 0 | AV36: =X36*$F36 -> 0 | AW36: =V36*$F36 -> 0 | AX36: =Z36*$F36 -> 0 | AY36: =AA36*$F36 -> 0 | AZ36: =Y36*$F36 -> 0 | BA36: =AC36*$F36 -> 0 | BB36: 82111-47370 | BC36: =ROUNDUP(N36/$BC$13,0) -> 0 | BD36: =ROUNDUP(Q36/$BD$13,0) -> 0 | BE36: =ROUNDUP(T36/$BE$13,0) -> 0 | BF36: =ROUNDUP(W36/$BF$13,0) -> 0 | BG36: =ROUNDUP(Z36/$BG$13,0) -> 0 | BH36: =ROUNDUP(AC36/$BH$13,0) -> 0 | BI36: =#REF!+1 -> #REF! | BK36: 82111-47770 | BM36: 82111-47843 B 0001
C37: 82111-F2W34 | D37: B 0301 | E37: DUQ9 | G37: 6
C38: 82111-F2W63 | D38: B 0201 | E38: DQG1 | G38: 6 | H38: =VLOOKUP($C38,[4]Sheet1!$E$334:$Z$488,18,0) -> 2.734875
C39: 82111-F2W83 | D39: B 0301 | E39: DUR2 | G39: 6
C40: 82115-F2Y40 | D40: B 0201 | E40: DQG3 | G40: 6 | H40: =VLOOKUP($C40,[4]Sheet1!$E$334:$Z$488,18,0) -> 2.854265
C41: 82111-F2132 | D41: B 0001 | E41: DQI5 | G41: 6 | H41: =VLOOKUP($C41,[4]Sheet1!$E$334:$Z$488,18,0) -> 3.545445
C42: 82111-F2152 | D42: A 0301 | E42: DUR8 | G42: 6
C43: 82111-F2X02 | D43: A 0301 | E43: DUR7 | G43: 6 | AE43: 82111F2X02
C44: 82111-F2C11 | D44: B 0001 | E44: DQI3 | G44: 6 | H44: =VLOOKUP($C44,[4]Sheet1!$E$334:$Z$488,18,0) -> 3.5295433
A50: A/B CONV | C50: AB111-F2W00 | D50: B 9401 | I50: 2 | J50: 336 | K50: 336 | L50: =SUM(L26:L30,L32:L33) -> 80 | M50: =SUM(M26:M30,M32:M33) -> 450 | N50: =SUM(N26:N30,N32:N33) -> 528 | O50: =SUM(O26:O30,O32:O33) -> 158 | P50: =SUM(P26:P30,P32:P33) -> 600 | Q50: =SUM(Q26:Q30,Q32:Q33) -> 672 | R50: =SUM(R26:R30,R32:R33) -> 230 | S50: =SUM(S26:S30,S32:S33) -> 744 | ... AD50: =SUM(AD26:AD30,AD32:AD33) -> 2 | BB50: AB111-47360-1 | BC50: =ROUNDUP(N50/$BC$13,0) -> 132 | BD50: =ROUNDUP(Q50/$BD$13,0) -> 135 | BE50: =ROUNDUP(T50/$BE$13,0) -> 168 | BF50: =ROUNDUP(W50/$BF$13,0) -> 124 | BG50: =ROUNDUP(Z50/$BG$13,0) -> 170 | BH50: =ROUNDUP(AC50/$BH$13,0) -> 146
A51: A/B HV | C51: AB111-F2W10 | D51: B 8401 | I51: 122 | J51: 366 | K51: 444 | L51: =SUM(L15:L19,L41:L44,L31) -> 176 | M51: =SUM(M15:M19,M41:M44,M31) -> 426 | N51: =SUM(N15:N19,N41:N44,N31) -> 288 | O51: =SUM(O15:O19,O41:O44,O31) -> 38 | P51: =SUM(P15:P19,P41:P44,P31) -> 354 | Q51: =SUM(Q15:Q19,Q41:Q44,Q31) -> 372 | R51: =SUM(R15:R19,R41:R44,R31) -> 56 | S51: =SUM(S15:S19,S41:S44,S31) -> 348 | ... AD51: =SUM(AD15:AD19,AD41:AD44,AD31) -> 2 | BB51: AB111-47360-2 | BC51: =ROUNDUP(N51/$BC$13,0) -> 72 | BD51: =ROUNDUP(Q51/$BD$13,0) -> 75 | BE51: =ROUNDUP(T51/$BE$13,0) -> 86 | BF51: =ROUNDUP(W51/$BF$13,0) -> 78 | BG51: =ROUNDUP(Z51/$BG$13,0) -> 69 | BH51: =ROUNDUP(AC51/$BH$13,0) -> 63
A52: A/B TNGA | C52: AB111-F2W40 | D52: B 8401 | I52: 206 | J52: 1746 | K52: 1752 | L52: =SUM(L20:L25) -> 434 | M52: =SUM(M20:M25) -> 1602 | N52: =SUM(N20:N25) -> 1596 | O52: =SUM(O20:O25) -> 428 | P52: =SUM(P20:P25) -> 1506 | Q52: =SUM(Q20:Q25) -> 1836 | R52: =SUM(R20:R25) -> 758 | S52: =SUM(S20:S25) -> 1710 | ... AD52: =SUM(AD20:AD25) -> 2 | BB52: AB111-47360-1 | BC52: =ROUNDUP(N52/$BC$13,0) -> 399 | BD52: =ROUNDUP(Q52/$BD$13,0) -> 368 | BE52: =ROUNDUP(T52/$BE$13,0) -> 369 | BF52: =ROUNDUP(W52/$BF$13,0) -> 338 | BG52: =ROUNDUP(Z52/$BG$13,0) -> 407 | BH52: =ROUNDUP(AC52/$BH$13,0) -> 242
BB53: AB111-47360-2 | BC53: =ROUNDUP(N53/$BC$13,0) -> 0 | BD53: =ROUNDUP(Q53/$BD$13,0) -> 0 | BE53: =ROUNDUP(T53/$BE$13,0) -> 0 | BF53: =ROUNDUP(W53/$BF$13,0) -> 0 | BG53: =ROUNDUP(Z53/$BG$13,0) -> 0 | BH53: =ROUNDUP(AC53/$BH$13,0) -> 0
B54: TOTAL ALL WITHOUT A/B | I54: =SUM(I15:I19,I20:I25,I26:I30,I31:I33) -> 820 | J54: =SUM(J15:J19,J20:J25,J26:J30,J31:J33) -> 3352 | K54: =SUM(K15:K19,K20:K25,K26:K30,K31:K33) -> 3222 | L54: =SUM(L15:L19,L20:L25,L26:L30,L31:L33) -> 690 | M54: =SUM(M15:M19,M20:M25,M26:M30,M31:M33) -> 2478 | N54: =SUM(N15:N19,N20:N25,N26:N30,N31:N33) -> 2412 | O54: =SUM(O15:O19,O20:O25,O26:O30,O31:O33) -> 624 | P54: =SUM(P15:P19,P20:P25,P26:P30,P31:P33) -> 2460 | ... AD54: =SUM(AD15:AD19,AD20:AD25,AD26:AD30,AD31:AD33) -> 6 | AG54: =SUM(AG19:AG39) -> 0 | AH54: =SUM(AH19:AH39) -> 0 | AI54: =SUM(AI19:AI39) -> 0 | AJ54: =SUM(AJ19:AJ39) -> 0 | AK54: =SUM(AK19:AK39) -> 0 | AL54: =SUM(AL19:AL39) -> 0 | AM54: =SUM(AM19:AM39) -> 0 | AN54: =SUM(AN19:AN39) -> 0 | AO54: =SUM(AO19:AO39) -> 0 | AP54: =SUM(AN19:AN39) -> 0 | AQ54: =SUM(AQ19:AQ39) -> 0 | AR54: =SUM(AR19:AR39) -> 0 | AS54: =SUM(AS19:AS39) -> 0 | AT54: =SUM(AT19:AT39) -> 0 | AU54: =SUM(AU19:AU39) -> 0 | AV54: =SUM(AV19:AV39) -> 0 | AW54: =SUM(AW19:AW39) -> 0 | AX54: =SUM(AX19:AX39) -> 0 | AY54: =SUM(AW19:AW39) -> 0 | AZ54: =SUM(AZ19:AZ39) -> 0 | BA54: =SUM(BA19:BA39) -> 0 | BB54: TOTAL WITHOUT A/B | BC54: =ROUNDUP(N54/$BC$13,0) -> 603 | BD54: =ROUNDUP(Q54/$BD$13,0) -> 576 | BE54: =ROUNDUP(T54/$BE$13,0) -> 623 | BF54: =ROUNDUP(W54/$BF$13,0) -> 539 | BG54: =ROUNDUP(Z54/$BG$13,0) -> 645 | BH54: =ROUNDUP(AC54/$BH$13,0) -> 450
B55: Month | I55: =I11 -> FEB | L55: =L11 -> MAR | O55: =O11 -> APR | R55: =R11 -> MAY | U55: =U11 -> JUN | X55: =X11 -> JUL | AA55: =AA11 -> AUG | BC55: =SUM(BC14:BC53) -> 1092 | BD55: =SUM(BD14:BD53) -> 1063 | BE55: =SUM(BE14:BE53) -> 1122 | BF55: =SUM(BF14:BF53) -> 990 | BG55: =SUM(BG14:BG53) -> 1172 | BH55: =SUM(BH14:BH53) -> 805
B56: Working Daws Normal | I56: =+'[5]SPP (Plan)'!$F$14 -> 19 | L56: =+'[5]SPP (Plan)'!$I$14 -> 17 | O56: =+'[5]SPP (Plan)'!$L$14 -> 22 | R56: =+'[5]SPP (Plan)'!$O$14 -> 18 | U56: =+'[5]SPP (Plan)'!$R$14 -> 23 | X56: =+'[5]SPP (Plan)'!$U$14 -> 22 | AA56: =+'[5]SPP (Plan)'!$X$14 -> 19
B57: Overtime | I57: =+'[5]SPP (Plan)'!$F$15 -> 5 | L57: =+'[5]SPP (Plan)'!$I$15 -> 3 | O57: =+'[5]SPP (Plan)'!$L$15 -> 2 | R57: =+'[5]SPP (Plan)'!$O$15 -> 2 | U57: =+'[5]SPP (Plan)'!$R$15 -> 2 | X57: =+'[5]SPP (Plan)'!$U$15 -> 2 | AA57: =+'[5]SPP (Plan)'!$X$15 -> 2
K58: =IF(K54-J54+I54=L54,"ok","false") -> ok | N58: =IF(N54-M54+L54=O54,"ok","false") -> ok | Q58: =IF(Q54-P54+O54=R54,"ok","false") -> ok | T58: =IF(T54-S54+R54=U54,"ok","false") -> ok | W58: =IF(W54-V54+U54=X54,"ok","false") -> ok | Z58: =IF(Z54-Y54+X54=AA54,"ok","false") -> ok | AC58: =IF(AC54-AB54+AA54=AD54,"ok","false") -> ok
I59: 820 | J59: 3352 | K59: 3252 | L59: 720
I60: =I54-I59 -> 0 | J60: =J54-J59 -> 0 | K60: =K54-K59 -> -30 | L60: =L54-L59 -> -30
J61: =+[6]GUM!$M$54 -> 3352 | M61: =+[1]Sheet1!$I$89 -> 2478 | P61: =+[1]Sheet1!$O$89 -> 2460 | S61: =+[1]Sheet1!$U$89 -> 2802 | V61: =+[1]Sheet1!$AA$89 -> 3024 | Y61: =+[1]Sheet1!$AG$89 -> 2388 | AB61: =+Y61 -> 2388
J62: =+J54-J61 -> 0 | M62: =+M54-M61 -> 0 | P62: =+P54-P61 -> 0 | S62: =+S54-S61 -> 0 | V62: =+V54-V61 -> 0 | Y62: =+Y54-Y61 -> 0 | AB62: =+Y62 -> 0
L63: SIX MONTH PRODUCTION PLAN ( UMH )
L64: =K2 -> TOYOTA 359D
B65: =B3 -> S/R NO : JAI-2026-2.26 | L65: =K3 -> Periode : MAR 2026
B66: =B4 -> FAX NO : EMAIL
B67: =B5 -> 0
L68: =L50+L52 -> 514 | O68: =O50+O52 -> 586 | R68: =R50+R52 -> 988 | U68: =U50+U52 -> 682 | X68: =X50+X52 -> 340 | AA68: =AA50+AA52 -> 550
L70: =L51 -> 176 | O70: =O51 -> 38 | R70: =R51 -> 56 | U70: =U51 -> 50 | X70: =X51 -> 62 | AA70: =AA51 -> 44
B72: Print Date : | C72: =NOW() -> 46093.481
B73: TYPE | C73: HARNESS No. | D73: LEVEL | E73: ASSY CODE | F73: CCT. | G73: Std Pack | I73: =I11 -> FEB | L73: =L11 -> MAR | O73: =O11 -> APR | R73: =R11 -> MAY | U73: =U11 -> JUN | X73: =X11 -> JUL | AA73: =AA11 -> AUG | AD73: BAL | AG73: =I73 -> FEB | AJ73: =L73 -> MAR | AM73: =O73 -> APR | AP73: =R73 -> MAY | AS73: =U73 -> JUN | AV73: =X73 -> JUL | AY73: =AA73 -> AUG
H74: =H12 -> UMH | I74: =I12 -> 02/FEB ~ 27/FEB | L74: =L12 -> 02/MAR ~ 31/MAR | O74: =O12 -> 01/APR ~ 30/APR | R74: =R12 -> 02/MAY ~ 30/MAY | U74: =U12 -> 02/JUN ~ 30/JUN | X74: =X12 -> 01/JUL ~ 31/JUL | AA74: =AA12 -> 03/AUG ~ 31/AUG | AG74: =I74 -> 02/FEB ~ 27/FEB | AJ74: =L74 -> 02/MAR ~ 31/MAR | AM74: =O74 -> 01/APR ~ 30/APR | AP74: =R74 -> 02/MAY ~ 30/MAY | AS74: =U74 -> 02/JUN ~ 30/JUN | AV74: =X74 -> 01/JUL ~ 31/JUL | AY74: =AA74 -> 03/AUG ~ 31/AUG | BC74: =L73 -> MAR | BD74: =O73 -> APR | BE74: =R73 -> MAY | BF74: =U73 -> JUN | BG74: =X73 -> JUL | BH74: =AA73 -> AUG
H75: =H13 -> 0 | I75: BAL | J75: DEL | K75: PROD | L75: BAL | M75: DEL | N75: PROD | O75: BAL | P75: DEL | Q75: PROD | R75: BAL | S75: DEL | T75: PROD | U75: BAL | V75: DEL | W75: PROD | X75: BAL | Y75: DEL | Z75: PROD | AA75: BAL | AB75: DEL | AC75: PROD | AG75: =I75 -> BAL | AH75: =J75 -> DEL | AI75: =K75 -> PROD | AJ75: =L75 -> BAL | AK75: =M75 -> DEL | AL75: =N75 -> PROD | AM75: =O75 -> BAL | AN75: =P75 -> DEL | ... BA75: =AC75 -> PROD | BC75: =#REF! -> #REF! | BD75: =#REF! -> #REF! | BE75: =#REF! -> #REF! | BF75: =#REF! -> #REF! | BG75: 4 | BH75: =#REF! -> #REF!
A76: 359D | C76: =C14 -> 0 | D76: =D14 -> 0 | E76: =+E14 -> 0 | G76: =G14 -> 0 | H76: =H14 -> 0 | I76: =$H14*I14 -> 0 | J76: =$H14*J14 -> 0 | K76: =$H14*K14 -> 0 | L76: =$H14*L14 -> 0 | M76: =$H14*M14 -> 0 | N76: =$H14*N14 -> 0 | O76: =$H14*O14 -> 0 | P76: =$H14*P14 -> 0 | ... AC76: =$H14*AC14 -> 0 | AD76: =AD14*$H$14 -> 0 | AG76: =#REF!*AG14 -> #REF! | AH76: =$H14*AH14 -> 0 | AI76: =$H14*AI14 -> 0 | AJ76: =$H14*AJ14 -> 0 | AK76: =$H14*AK14 -> 0 | AL76: =$H14*AL14 -> 0 | AM76: =$H14*AM14 -> 0 | AN76: =$H14*AN14 -> 0 | AO76: =$H14*AO14 -> 0 | ... AY76: =$H14*AY14 -> 0 | AZ76: =Y76*$F76 -> 0 | BA76: =AC76*$F76 -> 0 | BC76: =ROUNDUP(N76/$BC$13,0) -> 0 | BD76: =ROUNDUP(Q76/$BD$13,0) -> 0 | BE76: =ROUNDUP(T76/$BE$13,0) -> 0 | BF76: =ROUNDUP(W76/$BF$13,0) -> 0 | BG76: =ROUNDUP(Z76/$BG$13,0) -> 0 | BH76: =ROUNDUP(AC76/$BH$13,0) -> 0
B77: ZR_HEV LHD | C77: =C15 -> 82111-FET00 | D77: =D15 -> A 0101 | G77: =G15 -> 6 | H77: =+VLOOKUP($C77,C15:H44,6,0) -> 3.6741317 | I77: =$H15*I15 -> 7.3482633 | J77: =$H15*J15 -> 0 | K77: =$H15*K15 -> 0 | L77: =$H15*L15 -> 7.3482633 | M77: =$H15*M15 -> 0 | N77: =$H15*N15 -> 0 | O77: =$H15*O15 -> 7.3482633 | P77: =$H15*P15 -> 0 | ... AC77: =$H15*AC15 -> 0 | AD77: =AD15*$H$14 -> 0
C78: =C16 -> 82111-FET10 | D78: =D16 -> A 0101 | G78: =G16 -> 6 | H78: =+VLOOKUP($C78,C16:H45,6,0) -> 3.46247 | I78: =$H16*I16 -> 0 | J78: =$H16*J16 -> 0 | K78: =$H16*K16 -> 0 | L78: =$H16*L16 -> 0 | M78: =$H16*M16 -> 0 | N78: =$H16*N16 -> 0 | O78: =$H16*O16 -> 0 | P78: =$H16*P16 -> 0 | ... AC78: =$H16*AC16 -> 0 | AD78: =AD16*$H$14 -> 0 | AG78: =#REF!*AG16 -> #REF! | AH78: =$H16*AH16 -> 0 | AI78: =$H16*AI16 -> 0 | AJ78: =$H16*AJ16 -> 0 | AK78: =$H16*AK16 -> 0 | AL78: =$H16*AL16 -> 0 | AM78: =$H16*AM16 -> 0 | AN78: =$H16*AN16 -> 0 | AO78: =$H16*AO16 -> 0 | ... AY78: =$H16*AY16 -> 0 | AZ78: =Y78*$F78 -> 0 | BA78: =AC78*$F78 -> 0 | BC78: =ROUNDUP(N78/$BC$13,0) -> 0 | BD78: =ROUNDUP(Q78/$BD$13,0) -> 0 | BE78: =ROUNDUP(T78/$BE$13,0) -> 0 | BF78: =ROUNDUP(W78/$BF$13,0) -> 0 | BG78: =ROUNDUP(Z78/$BG$13,0) -> 0 | BH78: =ROUNDUP(AC78/$BH$13,0) -> 0
C79: =C17 -> 82116-0ZY10 | D79: =D17 -> A 0101 | G79: =G17 -> 6 | H79: =+VLOOKUP($C79,C17:H46,6,0) -> 3.3610083 | I79: =$H17*I17 -> 221.82655 | J79: =$H17*J17 -> 887.3062 | K79: =$H17*K17 -> 988.13645 | L79: =$H17*L17 -> 322.6568 | M79: =$H17*M17 -> 604.9815 | N79: =$H17*N17 -> 322.6568 | O79: =$H17*O17 -> 40.3321 | P79: =$H17*P17 -> 322.6568 | ... AC79: =$H17*AC17 -> 282.3247 | AD79: =AD17*$H$14 -> 0
C80: =C18 -> 82115-F2840 | D80: =D18 -> 0001 | G80: =G18 -> 6 | H80: =+VLOOKUP($C80,C18:H47,6,0) -> 3.5295433 | I80: =$H18*I18 -> 0 | J80: =$H18*J18 -> 0 | K80: =$H18*K18 -> 0 | L80: =$H18*L18 -> 0 | M80: =$H18*M18 -> 0 | N80: =$H18*N18 -> 0 | O80: =$H18*O18 -> 0 | P80: =$H18*P18 -> 0 | ... AC80: =$H18*AC18 -> 0 | AD80: =AD18*$H$14 -> 0
C81: =C19 -> 82116-0ZW70 | D81: =D19 -> A 0101 | G81: =G19 -> 6 | H81: =+VLOOKUP($C81,C19:H48,6,0) -> 3.66115 | I81: =$H19*I19 -> 87.8676 | J81: =$H19*J19 -> 483.2718 | K81: =$H19*K19 -> 680.9739 | L81: =$H19*L19 -> 285.5697 | M81: =$H19*M19 -> 702.9408 | N81: =$H19*N19 -> 505.2387 | O81: =$H19*O19 -> 87.8676 | P81: =$H19*P19 -> 768.8415 | ... AC81: =$H19*AC19 -> 505.2387 | AD81: =AD19*$H$14 -> 0 | AG81: =#REF!*AG19 -> #REF! | AH81: =$H19*AH19 -> 0 | AI81: =$H19*AI19 -> 0 | AJ81: =$H19*AJ19 -> 0 | AK81: =$H19*AK19 -> 0 | AL81: =$H19*AL19 -> 0 | AM81: =$H19*AM19 -> 0 | AN81: =$H19*AN19 -> 0 | AO81: =$H19*AO19 -> 0 | ... AY81: =$H19*AY19 -> 0 | AZ81: =Y81*$F81 -> 0 | BA81: =AC81*$F81 -> 0 | BC81: =ROUNDUP(N81/$BC$13,0) -> 127 | BD81: =ROUNDUP(Q81/$BD$13,0) -> 163 | BE81: =ROUNDUP(T81/$BE$13,0) -> 187 | BF81: =ROUNDUP(W81/$BF$13,0) -> 189 | BG81: =ROUNDUP(Z81/$BG$13,0) -> 149 | BH81: =ROUNDUP(AC81/$BH$13,0) -> 127
B82: ZR_TNGA LHD | C82: =C20 -> 82115-F2390 | D82: =D20 -> B 0101 | G82: =G20 -> 6 | H82: =+VLOOKUP($C82,C20:H49,6,0) -> 3.1332317 | I82: =$H20*I20 -> 6.2664633 | J82: =$H20*J20 -> 112.79634 | K82: =$H20*K20 -> 112.79634 | L82: =$H20*L20 -> 6.2664633 | M82: =$H20*M20 -> 37.59878 | N82: =$H20*N20 -> 37.59878 | O82: =$H20*O20 -> 6.2664633 | P82: =$H20*P20 -> 37.59878 | ... AC82: =$H20*AC20 -> 18.79939 | AD82: =AD20*$H$14 -> 0
C83: =C21 -> 82111-FET20 | D83: =D21 -> A 0101 | G83: =G21 -> 6 | H83: =+VLOOKUP($C83,C21:H50,6,0) -> 2.9072533 | I83: =$H21*I21 -> 0 | J83: =$H21*J21 -> 0 | K83: =$H21*K21 -> 0 | L83: =$H21*L21 -> 0 | M83: =$H21*M21 -> 0 | N83: =$H21*N21 -> 0 | O83: =$H21*O21 -> 0 | P83: =$H21*P21 -> 0 | ... AC83: =$H21*AC21 -> 0 | AD83: =AD21*$H$14 -> 0 | AG83: =#REF!*#REF! -> #REF! | AH83: =#REF!*#REF! -> #REF! | AI83: =#REF!*#REF! -> #REF! | AJ83: =#REF!*#REF! -> #REF! | AK83: =#REF!*#REF! -> #REF! | AL83: =#REF!*#REF! -> #REF! | AM83: =#REF!*#REF! -> #REF! | AN83: =#REF!*#REF! -> #REF! | ... AY83: =#REF!*#REF! -> #REF! | AZ83: =Y83*$F83 -> 0 | BA83: =AC83*$F83 -> 0 | BC83: =ROUNDUP(N83/$BC$13,0) -> 0 | BD83: =ROUNDUP(Q83/$BD$13,0) -> 0 | BE83: =ROUNDUP(T83/$BE$13,0) -> 0 | BF83: =ROUNDUP(W83/$BF$13,0) -> 0 | BG83: =ROUNDUP(Z83/$BG$13,0) -> 0 | BH83: =ROUNDUP(AC83/$BH$13,0) -> 0
C84: =C22 -> 82111-FET30 | D84: =D22 -> A 0101 | G84: =G22 -> 6 | H84: =+VLOOKUP($C84,C22:H51,6,0) -> 2.9106067 | I84: =$H22*I22 -> 384.20008 | J84: =$H22*J22 -> 1100.2093 | K84: =$H22*K22 -> 977.96384 | L84: =$H22*L22 -> 261.9546 | M84: =$H22*M22 -> 1012.8911 | N84: =$H22*N22 -> 1012.8911 | O84: =$H22*O22 -> 261.9546 | P84: =$H22*P22 -> 1030.3548 | ... AC84: =$H22*AC22 -> 541.37284 | AD84: =AD22*$H$14 -> 0
C85: =C23 -> 82111-FET40 | D85: =D23 -> A 0101 | G85: =G23 -> 6 | H85: =+VLOOKUP($C85,C23:H52,6,0) -> 2.8988 | I85: =$H23*I23 -> 695.712 | J85: =$H23*J23 -> 2278.4568 | K85: =$H23*K23 -> 2017.5648 | L85: =$H23*L23 -> 434.82 | M85: =$H23*M23 -> 1687.1016 | N85: =$H23*N23 -> 1721.8872 | O85: =$H23*O23 -> 469.6056 | P85: =$H23*P23 -> 1582.7448 | ... AC85: =$H23*AC23 -> 1113.1392 | AD85: =AD23*$H$14 -> 0 | AG85: =#REF!*AG23 -> #REF! | AH85: =$H23*AH23 -> 0 | AI85: =$H23*AI23 -> 0 | AJ85: =$H23*AJ23 -> 0 | AK85: =$H23*AK23 -> 0 | AL85: =$H23*AL23 -> 0 | AM85: =$H23*AM23 -> 0 | AN85: =$H23*AN23 -> 0 | AO85: =$H23*AO23 -> 0 | ... AY85: =$H23*AY23 -> 0 | AZ85: =Y85*$F85 -> 0 | BA85: =AC85*$F85 -> 0 | BC85: =ROUNDUP(N85/$BC$13,0) -> 431 | BD85: =ROUNDUP(Q85/$BD$13,0) -> 407 | BE85: =ROUNDUP(T85/$BE$13,0) -> 361 | BF85: =ROUNDUP(W85/$BF$13,0) -> 380 | BG85: =ROUNDUP(Z85/$BG$13,0) -> 414 | BH85: =ROUNDUP(AC85/$BH$13,0) -> 279
C86: =C24 -> 82116-0ZX70 | D86: =D24 -> A 0101 | G86: =G24 -> 6 | H86: =+VLOOKUP($C86,C24:H53,6,0) -> 3.0037017 | I86: =$H24*I24 -> 0 | J86: =$H24*J24 -> 36.04442 | K86: =$H24*K24 -> 36.04442 | L86: =$H24*L24 -> 0 | M86: =$H24*M24 -> 0 | N86: =$H24*N24 -> 0 | O86: =$H24*O24 -> 0 | P86: =$H24*P24 -> 18.02221 | ... AC86: =$H24*AC24 -> 18.02221 | AD86: =AD24*$H$14 -> 0
C87: =C25 -> 82116-0ZY00 | D87: =D25 -> A 0101 | G87: =G25 -> 6 | H87: =+VLOOKUP($C87,C25:H54,6,0) -> 2.9118 | I87: =$H25*I25 -> 821.1276 | J87: =$H25*J25 -> 2655.5616 | K87: =$H25*K25 -> 2393.4996 | L87: =$H25*L25 -> 559.0656 | M87: =$H25*M25 -> 1921.788 | N87: =$H25*N25 -> 1869.3756 | O87: =$H25*O25 -> 506.6532 | P87: =$H25*P25 -> 1712.1384 | ... AC87: =$H25*AC25 -> 1118.1312 | AD87: =AD25*$H$14 -> 0 | AG87: =#REF!*#REF! -> #REF! | AH87: =#REF!*#REF! -> #REF! | AI87: =#REF!*#REF! -> #REF! | AJ87: =#REF!*#REF! -> #REF! | AK87: =#REF!*#REF! -> #REF! | AL87: =#REF!*#REF! -> #REF! | AM87: =#REF!*#REF! -> #REF! | AN87: =#REF!*#REF! -> #REF! | ... AY87: =#REF!*#REF! -> #REF! | AZ87: =Y87*$F87 -> 0 | BA87: =AC87*$F87 -> 0 | BC87: =ROUNDUP(N87/$BC$13,0) -> 468 | BD87: =ROUNDUP(Q87/$BD$13,0) -> 427 | BE87: =ROUNDUP(T87/$BE$13,0) -> 437 | BF87: =ROUNDUP(W87/$BF$13,0) -> 385 | BG87: =ROUNDUP(Z87/$BG$13,0) -> 459 | BH87: =ROUNDUP(AC87/$BH$13,0) -> 280
B88: ZR_CONV LHD | C88: =C26 -> 82116-0ZW80 | D88: =D26 -> A 0101 | G88: =G26 -> 6 | H88: =+VLOOKUP($C88,C26:H55,6,0) -> 2.9375817 | I88: =$H26*I26 -> 0 | J88: =$H26*J26 -> 0 | K88: =$H26*K26 -> 0 | L88: =$H26*L26 -> 0 | M88: =$H26*M26 -> 0 | N88: =$H26*N26 -> 0 | O88: =$H26*O26 -> 0 | P88: =$H26*P26 -> 0 | ... AC88: =$H26*AC26 -> 0 | AD88: =AD26*$H$14 -> 0 | AG88: =#REF!*AG26 -> #REF! | AH88: =$H26*AH26 -> 0 | AI88: =$H26*AI26 -> 0 | AJ88: =$H26*AJ26 -> 0 | AK88: =$H26*AK26 -> 0 | AL88: =$H26*AL26 -> 0 | AM88: =$H26*AM26 -> 0 | AN88: =$H26*AN26 -> 0 | AO88: =$H26*AO26 -> 0 | ... AY88: =$H26*AY26 -> 0 | AZ88: =Y88*$F88 -> 0 | BA88: =AC88*$F88 -> 0 | BC88: =ROUNDUP(N88/$BC$13,0) -> 0 | BD88: =ROUNDUP(Q88/$BD$13,0) -> 0 | BE88: =ROUNDUP(T88/$BE$13,0) -> 0 | BF88: =ROUNDUP(W88/$BF$13,0) -> 0 | BG88: =ROUNDUP(Z88/$BG$13,0) -> 0 | BH88: =ROUNDUP(AC88/$BH$13,0) -> 0
C89: =C27 -> 82116-0ZW90 | D89: =D27 -> A 0101 | G89: =G27 -> 6 | H89: =+VLOOKUP($C89,C27:H56,6,0) -> 2.705515 | I89: =$H27*I27 -> 194.79708 | J89: =$H27*J27 -> 730.48905 | K89: =$H27*K27 -> 746.72214 | L89: =$H27*L27 -> 211.03017 | M89: =$H27*M27 -> 1038.9178 | N89: =$H27*N27 -> 1071.3839 | O89: =$H27*O27 -> 243.49635 | P89: =$H27*P27 -> 973.9854 | ... AC89: =$H27*AC27 -> 925.28613 | AD89: =AD27*$H$14 -> 0
C90: =C28 -> 82111-FE460 | D90: =D28 -> 0001 | G90: =G28 -> 6 | H90: =+VLOOKUP($C90,C28:H57,6,0) -> 2.8079483 | I90: =$H28*I28 -> 0 | J90: =$H28*J28 -> 134.78152 | K90: =$H28*K28 -> 134.78152 | L90: =$H28*L28 -> 0 | M90: =$H28*M28 -> 117.93383 | N90: =$H28*N28 -> 168.4769 | O90: =$H28*O28 -> 50.54307 | P90: =$H28*P28 -> 84.23845 | ... AC90: =$H28*AC28 -> 84.23845 | AD90: =AD28*$H$14 -> 0 | AG90: =#REF!*AG28 -> #REF! | AH90: =$H28*AH28 -> 0 | AI90: =$H28*AI28 -> 0 | AJ90: =$H28*AJ28 -> 0 | AK90: =$H28*AK28 -> 0 | AL90: =$H28*AL28 -> 0 | AM90: =$H28*AM28 -> 0 | AN90: =$H28*AN28 -> 0 | AO90: =$H28*AO28 -> 0 | ... AY90: =$H28*AY28 -> 0 | AZ90: =Y90*$F90 -> 0 | BA90: =AC90*$F90 -> 0 | BC90: =ROUNDUP(N90/$BC$13,0) -> 43 | BD90: =ROUNDUP(Q90/$BD$13,0) -> 7 | BE90: =ROUNDUP(T90/$BE$13,0) -> 26 | BF90: =ROUNDUP(W90/$BF$13,0) -> 21 | BG90: =ROUNDUP(Z90/$BG$13,0) -> 22 | BH90: =ROUNDUP(AC90/$BH$13,0) -> 22
C91: =C29 -> 82111-FE470 | D91: =D29 -> 0001 | G91: =G29 -> 6 | H91: =+VLOOKUP($C91,C29:H58,6,0) -> 2.932705 | I91: =$H29*I29 -> 0 | J91: =$H29*J29 -> 1090.9663 | K91: =$H29*K29 -> 1090.9663 | L91: =$H29*L29 -> 0 | M91: =$H29*M29 -> 35.19246 | N91: =$H29*N29 -> 175.9623 | O91: =$H29*O29 -> 140.76984 | P91: =$H29*P29 -> 527.8869 | ... AC91: =$H29*AC29 -> 545.48313 | AD91: =AD29*$H$14 -> 0
C92: =C30 -> 82116-0ZX90 | D92: =D30 -> A 0101 | G92: =G30 -> 6 | H92: =+VLOOKUP($C92,C30:H59,6,0) -> 2.7070533 | I92: =$H30*I30 -> 0 | J92: =$H30*J30 -> 227.39248 | K92: =$H30*K30 -> 227.39248 | L92: =$H30*L30 -> 0 | M92: =$H30*M30 -> 32.48464 | N92: =$H30*N30 -> 32.48464 | O92: =$H30*O30 -> 0 | P92: =$H30*P30 -> 81.2116 | ... AC92: =$H30*AC30 -> 64.96928 | AD92: =AD30*$H$14 -> 0 | AG92: =#REF!*AG30 -> #REF! | AH92: =$H30*AH30 -> 0 | AI92: =$H30*AI30 -> 0 | AJ92: =$H30*AJ30 -> 0 | AK92: =$H30*AK30 -> 0 | AL92: =$H30*AL30 -> 0 | AM92: =$H30*AM30 -> 0 | AN92: =$H30*AN30 -> 0 | AO92: =$H30*AO30 -> 0 | ... AY92: =$H30*AY30 -> 0 | AZ92: =Y92*$F92 -> 0 | BA92: =AC92*$F92 -> 0 | BC92: =ROUNDUP(N92/$BC$13,0) -> 9 | BD92: =ROUNDUP(Q92/$BD$13,0) -> 17 | BE92: =ROUNDUP(T92/$BE$13,0) -> 21 | BF92: =ROUNDUP(W92/$BF$13,0) -> 17 | BG92: =ROUNDUP(Z92/$BG$13,0) -> 17 | BH92: =ROUNDUP(AC92/$BH$13,0) -> 17
A93: 824D | B93: ZR_HEV LHD | C93: =C31 -> 82111-FE150 | D93: =D31 -> 0001 | G93: =G31 -> 6 | H93: =+VLOOKUP($C93,C31:H60,6,0) -> 3.6625167 | I93: =$H31*I31 -> 0 | J93: =$H31*J31 -> 153.8257 | K93: =$H31*K31 -> 153.8257 | L93: =$H31*L31 -> 0 | M93: =$H31*M31 -> 197.7759 | N93: =$H31*N31 -> 197.7759 | O93: =$H31*O31 -> 0 | P93: =$H31*P31 -> 175.8008 | ... AC93: =$H31*AC31 -> 109.8755 | AD93: =AD31*$H$14 -> 0 | AG93: =#REF!*AG31 -> #REF! | AH93: =$H31*AH31 -> 0 | AI93: =$H31*AI31 -> 0 | AJ93: =$H31*AJ31 -> 0 | AK93: =$H31*AK31 -> 0 | AL93: =$H31*AL31 -> 0 | AM93: =$H31*AM31 -> 0 | AN93: =$H31*AN31 -> 0 | AO93: =$H31*AO31 -> 0 | ... AY93: =$H31*AY31 -> 0 | AZ93: =Y93*$F93 -> 0 | BA93: =AC93*$F93 -> 0 | BC93: =ROUNDUP(N93/$BC$13,0) -> 50 | BD93: =ROUNDUP(Q93/$BD$13,0) -> 36 | BE93: =ROUNDUP(T93/$BE$13,0) -> 39 | BF93: =ROUNDUP(W93/$BF$13,0) -> 31 | BG93: =ROUNDUP(Z93/$BG$13,0) -> 28 | BH93: =ROUNDUP(AC93/$BH$13,0) -> 28
B94: ZR_CONV LHD | C94: =C32 -> 82111-FE200 | D94: =D32 -> 0001 | G94: =G32 -> 6 | H94: =+VLOOKUP($C94,C32:H61,6,0) -> 2.7844983 | I94: =$H32*I32 -> 0 | J94: =$H32*J32 -> 0 | K94: =$H32*K32 -> 0 | L94: =$H32*L32 -> 0 | M94: =$H32*M32 -> 0 | N94: =$H32*N32 -> 0 | O94: =$H32*O32 -> 0 | P94: =$H32*P32 -> 0 | ... AC94: =$H32*AC32 -> 0 | AD94: =AD32*$H$14 -> 0
C95: =C33 -> 82111-FE210 | D95: =D33 -> 0001 | G95: =G33 -> 6 | H95: =+VLOOKUP($C95,C33:H62,6,0) -> 2.911185 | I95: =$H33*I33 -> 0 | J95: =$H33*J33 -> 46.57896 | K95: =$H33*K33 -> 52.40133 | L95: =$H33*L33 -> 5.82237 | M95: =$H33*M33 -> 0 | N95: =$H33*N33 -> 0 | O95: =$H33*O33 -> 5.82237 | P95: =$H33*P33 -> 0 | ... AC95: =$H33*AC33 -> 0 | AD95: =AD33*$H$14 -> 0 | AG95: =#REF!*AG33 -> #REF! | AH95: =$H33*AH33 -> 0 | AI95: =$H33*AI33 -> 0 | AJ95: =$H33*AJ33 -> 0 | AK95: =$H33*AK33 -> 0 | AL95: =$H33*AL33 -> 0 | AM95: =$H33*AM33 -> 0 | AN95: =$H33*AN33 -> 0 | AO95: =$H33*AO33 -> 0 | ... AY95: =$H33*AY33 -> 0 | AZ95: =Y95*$F95 -> 0 | BA95: =AC95*$F95 -> 0 | BC95: =ROUNDUP(N95/$BC$13,0) -> 0 | BD95: =ROUNDUP(Q95/$BD$13,0) -> 0 | BE95: =ROUNDUP(T95/$BE$13,0) -> 0 | BF95: =ROUNDUP(W95/$BF$13,0) -> 0 | BG95: =ROUNDUP(Z95/$BG$13,0) -> 0 | BH95: =ROUNDUP(AC95/$BH$13,0) -> 0
C96: =C34 -> 82111-F2W42 | D96: =D34 -> C 0101 | G96: =G34 -> 6 | H96: =+VLOOKUP($C96,C34:H63,6,0) -> 2.9277417 | I96: =$H34*I34 -> 0 | J96: =$H34*J34 -> 0 | K96: =$H34*K34 -> 0 | L96: =$H34*L34 -> 0 | M96: =$H34*M34 -> 0 | N96: =$H34*N34 -> 0 | O96: =$H34*O34 -> 0 | P96: =$H34*P34 -> 0 | ... AC96: =$H34*AC34 -> 0 | AD96: =AD34*$H$14 -> 0
C97: =C35 -> 82111-F2W92 | D97: =D35 -> C 0201 | G97: =G35 -> 6 | H97: =+VLOOKUP($C97,C35:H64,6,0) -> 0 | I97: =$H35*I35 -> 0 | J97: =$H35*J35 -> 0 | K97: =$H35*K35 -> 0 | L97: =$H35*L35 -> 0 | M97: =$H35*M35 -> 0 | N97: =$H35*N35 -> 0 | O97: =$H35*O35 -> 0 | P97: =$H35*P35 -> 0 | ... AC97: =$H35*AC35 -> 0 | AD97: =AD35*$H$14 -> 0 | AG97: =#REF!*AG35 -> #REF! | AH97: =$H35*AH35 -> 0 | AI97: =$H35*AI35 -> 0 | AJ97: =$H35*AJ35 -> 0 | AK97: =$H35*AK35 -> 0 | AL97: =$H35*AL35 -> 0 | AM97: =$H35*AM35 -> 0 | AN97: =$H35*AN35 -> 0 | AO97: =$H35*AO35 -> 0 | ... AY97: =$H35*AY35 -> 0 | AZ97: =Y97*$F97 -> 0 | BA97: =AC97*$F97 -> 0 | BC97: =ROUNDUP(N97/$BC$13,0) -> 0 | BD97: =ROUNDUP(Q97/$BD$13,0) -> 0 | BE97: =ROUNDUP(T97/$BE$13,0) -> 0 | BF97: =ROUNDUP(W97/$BF$13,0) -> 0 | BG97: =ROUNDUP(Z97/$BG$13,0) -> 0 | BH97: =ROUNDUP(AC97/$BH$13,0) -> 0
B98: ZR_CONV LHD | C98: =C36 -> 82111-F2W23 | D98: =D36 -> B 0201 | G98: =G36 -> 6 | H98: =+VLOOKUP($C98,C36:H65,6,0) -> 2.8513367 | I98: =$H36*I36 -> 0 | J98: =$H36*J36 -> 0 | K98: =$H36*K36 -> 0 | L98: =$H36*L36 -> 0 | M98: =$H36*M36 -> 0 | N98: =$H36*N36 -> 0 | O98: =$H36*O36 -> 0 | P98: =$H36*P36 -> 0 | ... AC98: =$H36*AC36 -> 0 | AD98: =AD36*$H$14 -> 0
C99: =C37 -> 82111-F2W34 | D99: =D37 -> B 0301 | G99: =G37 -> 6 | H99: =+VLOOKUP($C99,C37:H66,6,0) -> 0 | I99: =$H37*I37 -> 0 | J99: =$H37*J37 -> 0 | K99: =$H37*K37 -> 0 | L99: =$H37*L37 -> 0 | M99: =$H37*M37 -> 0 | N99: =$H37*N37 -> 0 | O99: =$H37*O37 -> 0 | P99: =$H37*P37 -> 0 | ... AC99: =$H37*AC37 -> 0 | AD99: =AD37*$H$14 -> 0 | AG99: =#REF!*AG37 -> #REF! | AH99: =$H37*AH37 -> 0 | AI99: =$H37*AI37 -> 0 | AJ99: =$H37*AJ37 -> 0 | AK99: =$H37*AK37 -> 0 | AL99: =$H37*AL37 -> 0 | AM99: =$H37*AM37 -> 0 | AN99: =$H37*AN37 -> 0 | AO99: =$H37*AO37 -> 0 | ... AY99: =$H37*AY37 -> 0 | AZ99: =Y99*$F99 -> 0 | BA99: =AC99*$F99 -> 0 | BC99: =ROUNDUP(N99/$BC$13,0) -> 0 | BD99: =ROUNDUP(Q99/$BD$13,0) -> 0 | BE99: =ROUNDUP(T99/$BE$13,0) -> 0 | BF99: =ROUNDUP(W99/$BF$13,0) -> 0 | BG99: =ROUNDUP(Z99/$BG$13,0) -> 0 | BH99: =ROUNDUP(AC99/$BH$13,0) -> 0
C100: =C38 -> 82111-F2W63 | D100: =D38 -> B 0201 | G100: =G38 -> 6 | H100: =+VLOOKUP($C100,C38:H67,6,0) -> 2.734875 | I100: =$H38*I38 -> 0 | J100: =$H38*J38 -> 0 | K100: =$H38*K38 -> 0 | L100: =$H38*L38 -> 0 | M100: =$H38*M38 -> 0 | N100: =$H38*N38 -> 0 | O100: =$H38*O38 -> 0 | P100: =$H38*P38 -> 0 | ... AC100: =$H38*AC38 -> 0 | AD100: =AD38*$H$14 -> 0 | AG100: =#REF!*AG38 -> #REF! | AH100: =$H38*AH38 -> 0 | AI100: =$H38*AI38 -> 0 | AJ100: =$H38*AJ38 -> 0 | AK100: =$H38*AK38 -> 0 | AL100: =$H38*AL38 -> 0 | AM100: =$H38*AM38 -> 0 | AN100: =$H38*AN38 -> 0 | AO100: =$H38*AO38 -> 0 | ... AY100: =$H38*AY38 -> 0 | AZ100: =Y100*$F100 -> 0 | BA100: =AC100*$F100 -> 0 | BC100: =ROUNDUP(N100/$BC$13,0) -> 0 | BD100: =ROUNDUP(Q100/$BD$13,0) -> 0 | BE100: =ROUNDUP(T100/$BE$13,0) -> 0 | BF100: =ROUNDUP(W100/$BF$13,0) -> 0 | BG100: =ROUNDUP(Z100/$BG$13,0) -> 0 | BH100: =ROUNDUP(AC100/$BH$13,0) -> 0
C101: =C39 -> 82111-F2W83 | D101: =D39 -> B 0301 | G101: =G39 -> 6 | H101: =+VLOOKUP($C101,C39:H68,6,0) -> 0 | I101: =$H39*I39 -> 0 | J101: =$H39*J39 -> 0 | K101: =$H39*K39 -> 0 | L101: =$H39*L39 -> 0 | M101: =$H39*M39 -> 0 | N101: =$H39*N39 -> 0 | O101: =$H39*O39 -> 0 | P101: =$H39*P39 -> 0 | ... AC101: =$H39*AC39 -> 0 | AD101: =AD39*$H$14 -> 0
C102: =C40 -> 82115-F2Y40 | D102: =D40 -> B 0201 | G102: =G40 -> 6 | H102: =+VLOOKUP($C102,C40:H69,6,0) -> 2.854265 | I102: =$H40*I40 -> 0 | J102: =$H40*J40 -> 0 | K102: =$H40*K40 -> 0 | L102: =$H40*L40 -> 0 | M102: =$H40*M40 -> 0 | N102: =$H40*N40 -> 0 | O102: =$H40*O40 -> 0 | P102: =$H40*P40 -> 0 | ... AC102: =$H40*AC40 -> 0 | AD102: =AD40*$H$14 -> 0
B103: ZR_HEV LHD | C103: =C41 -> 82111-F2132 | D103: =D41 -> B 0001 | G103: =G41 -> 6 | H103: =+VLOOKUP($C103,C41:H70,6,0) -> 3.545445 | I103: =$H41*I41 -> 0 | J103: =$H41*J41 -> 0 | K103: =$H41*K41 -> 0 | L103: =$H41*L41 -> 0 | M103: =$H41*M41 -> 0 | N103: =$H41*N41 -> 0 | O103: =$H41*O41 -> 0 | P103: =$H41*P41 -> 0 | ... AC103: =$H41*AC41 -> 0 | AD103: =AD41*$H$14 -> 0 | AG103: =#REF!*AG41 -> #REF! | AH103: =$H41*AH41 -> 0 | AI103: =$H41*AI41 -> 0 | AJ103: =$H41*AJ41 -> 0 | AK103: =$H41*AK41 -> 0 | AL103: =$H41*AL41 -> 0 | AM103: =$H41*AM41 -> 0 | AN103: =$H41*AN41 -> 0 | AO103: =$H41*AO41 -> 0 | ... AY103: =$H41*AY41 -> 0 | AZ103: =Y103*$F103 -> 0 | BA103: =AC103*$F103 -> 0 | BC103: =ROUNDUP(N103/$BC$13,0) -> 0 | BD103: =ROUNDUP(Q103/$BD$13,0) -> 0 | BE103: =ROUNDUP(T103/$BE$13,0) -> 0 | BF103: =ROUNDUP(W103/$BF$13,0) -> 0 | BG103: =ROUNDUP(Z103/$BG$13,0) -> 0 | BH103: =ROUNDUP(AC103/$BH$13,0) -> 0
C104: =C42 -> 82111-F2152 | D104: =D42 -> A 0301 | G104: =G42 -> 6 | H104: =+VLOOKUP($C104,C42:H71,6,0) -> 0 | I104: =$H42*I42 -> 0 | J104: =$H42*J42 -> 0 | K104: =$H42*K42 -> 0 | L104: =$H42*L42 -> 0 | M104: =$H42*M42 -> 0 | N104: =$H42*N42 -> 0 | O104: =$H42*O42 -> 0 | P104: =$H42*P42 -> 0 | ... AC104: =$H42*AC42 -> 0 | AD104: =AD42*$H$14 -> 0 | AG104: =#REF!*AG42 -> #REF! | AH104: =$H42*AH42 -> 0 | AI104: =$H42*AI42 -> 0 | AJ104: =$H42*AJ42 -> 0 | AK104: =$H42*AK42 -> 0 | AL104: =$H42*AL42 -> 0 | AM104: =$H42*AM42 -> 0 | AN104: =$H42*AN42 -> 0 | AO104: =$H42*AO42 -> 0 | ... AY104: =$H42*AY42 -> 0 | AZ104: =Y104*$F104 -> 0 | BA104: =AC104*$F104 -> 0 | BC104: =ROUNDUP(N104/$BC$13,0) -> 0 | BD104: =ROUNDUP(Q104/$BD$13,0) -> 0 | BE104: =ROUNDUP(T104/$BE$13,0) -> 0 | BF104: =ROUNDUP(W104/$BF$13,0) -> 0 | BG104: =ROUNDUP(Z104/$BG$13,0) -> 0 | BH104: =ROUNDUP(AC104/$BH$13,0) -> 0
C105: =C43 -> 82111-F2X02 | D105: =D43 -> A 0301 | G105: =G43 -> 6 | H105: =+VLOOKUP($C105,C43:H72,6,0) -> 0 | I105: =$H43*I43 -> 0 | J105: =$H43*J43 -> 0 | K105: =$H43*K43 -> 0 | L105: =$H43*L43 -> 0 | M105: =$H43*M43 -> 0 | N105: =$H43*N43 -> 0 | O105: =$H43*O43 -> 0 | P105: =$H43*P43 -> 0 | ... AC105: =$H43*AC43 -> 0 | AD105: =AD43*$H$14 -> 0 | AG105: =#REF!*AG43 -> #REF! | AH105: =$H43*AH43 -> 0 | AI105: =$H43*AI43 -> 0 | AJ105: =$H43*AJ43 -> 0 | AK105: =$H43*AK43 -> 0 | AL105: =$H43*AL43 -> 0 | AM105: =$H43*AM43 -> 0 | AN105: =$H43*AN43 -> 0 | AO105: =$H43*AO43 -> 0 | ... AY105: =$H43*AY43 -> 0 | AZ105: =Y105*$F105 -> 0 | BA105: =AC105*$F105 -> 0 | BC105: =ROUNDUP(N105/$BC$13,0) -> 0 | BD105: =ROUNDUP(Q105/$BD$13,0) -> 0 | BE105: =ROUNDUP(T105/$BE$13,0) -> 0 | BF105: =ROUNDUP(W105/$BF$13,0) -> 0 | BG105: =ROUNDUP(Z105/$BG$13,0) -> 0 | BH105: =ROUNDUP(AC105/$BH$13,0) -> 0
C106: =C44 -> 82111-F2C11 | D106: =D44 -> B 0001 | G106: =G44 -> 6 | H106: =+VLOOKUP($C106,C44:H73,6,0) -> 3.5295433 | I106: =$H44*I44 -> 0 | J106: =$H44*J44 -> 0 | K106: =$H44*K44 -> 0 | L106: =$H44*L44 -> 0 | M106: =$H44*M44 -> 0 | N106: =$H44*N44 -> 0 | O106: =$H44*O44 -> 0 | P106: =$H44*P44 -> 0 | ... AC106: =$H44*AC44 -> 0 | AD106: =AD44*$H$14 -> 0 | AG106: =#REF!*AG44 -> #REF! | AH106: =$H44*AH44 -> 0 | AI106: =$H44*AI44 -> 0 | AJ106: =$H44*AJ44 -> 0 | AK106: =$H44*AK44 -> 0 | AL106: =$H44*AL44 -> 0 | AM106: =$H44*AM44 -> 0 | AN106: =$H44*AN44 -> 0 | AO106: =$H44*AO44 -> 0 | ... AY106: =$H44*AY44 -> 0 | AZ106: =Y106*$F106 -> 0 | BA106: =AC106*$F106 -> 0 | BC106: =ROUNDUP(N106/$BC$13,0) -> 0 | BD106: =ROUNDUP(Q106/$BD$13,0) -> 0 | BE106: =ROUNDUP(T106/$BE$13,0) -> 0 | BF106: =ROUNDUP(W106/$BF$13,0) -> 0 | BG106: =ROUNDUP(Z106/$BG$13,0) -> 0 | BH106: =ROUNDUP(AC106/$BH$13,0) -> 0
B115: A/B CONV
B116: A/B HV
...

Sheet down rate
B1: SIX MONTH PRODUCTION PLAN ( QTY )
L2: TOYOTA PRIUS (433W ) | AB2: PREPARED
B3: S/R NO : 14-DEC-'10(PRD_52023_32G7_201101_3) | M3: Periode : DEC PROD 2010 (ACTUAL)
B4: FAX NO : EMAIL
B5: DATE :14-DEC-10 | AB5: EMU
BD6: AS 400
Z7: NSO
I9: TEMPRORARY UMH | AG9: Cutting Qty
B10: Print Date : | C10: =NOW() -> 46093.481
A11: TYPE | C11: HARNESS No. | D11: LEVEL | E11: ASSY CODE | F11: CCT. | G11: Std Pack | H11: UMH | J11: =GUM!I11 -> FEB | M11: =GUM!L11 -> MAR | P11: =GUM!O11 -> APR | S11: =GUM!R11 -> MAY | V11: =GUM!U11 -> JUN | Y11: =GUM!X11 -> JUL | AB11: =GUM!I11 -> FEB | AE11: BAL | AG11: =J11 -> FEB | AJ11: =M11 -> MAR | AM11: =P11 -> APR | AP11: =S11 -> MAY | AS11: =V11 -> JUN | AV11: =Y11 -> JUL | AY11: =AB11 -> FEB
H12: Jan~Jun | I12: Jul~Dec | J12: =VLOOKUP(J11,[8]Calender!$A$324:$I$383,9,0) -> 02/FEB ~ 25/FEB | M12: =VLOOKUP(M11,[8]Calender!$A$324:$I$383,9,0) -> 01/MAR ~ 4/APR | P12: =VLOOKUP(P11,[8]Calender!$A$324:$I$383,9,0) -> 05/APR ~ 30/APR | S12: =VLOOKUP(S11,[8]Calender!$A$324:$I$383,9,0) -> 03/MAY ~ 27/MAY | V12: =VLOOKUP(V11,[9]Calender!$A$386:$I$400,9,0) -> #N/A | Y12: =VLOOKUP(Y11,[10]Calender!$A$386:$I$424,9,0) -> #N/A | AB12: =VLOOKUP(AB11,[10]Calender!$A$386:$I$424,9,0) -> 01/FEB ~ 28/FEB | AG12: =J12 -> 02/FEB ~ 25/FEB | AJ12: =M12 -> 01/MAR ~ 4/APR | AM12: =P12 -> 05/APR ~ 30/APR | AP12: =S12 -> 03/MAY ~ 27/MAY | AS12: =V12 -> #N/A | AV12: =Y12 -> #N/A | AY12: =AB12 -> 01/FEB ~ 28/FEB | BC12: =M11 -> MAR | BD12: =P11 -> APR | BE12: =S11 -> MAY | BF12: =V11 -> JUN | BG12: =Y11 -> JUL | BH12: =AB11 -> FEB
H13: 2010 | I13: 2010 | J13: BAL | K13: DEL | L13: PROD | M13: BAL | N13: DEL | O13: PROD | P13: BAL | Q13: DEL | R13: PROD | S13: BAL | T13: DEL | U13: PROD | V13: BAL | W13: DEL | X13: PROD | Y13: BAL | Z13: DEL | AA13: PROD | AB13: BAL | AC13: DEL | AD13: PROD | AG13: =J13 -> BAL | AH13: =K13 -> DEL | AI13: =L13 -> PROD | AJ13: =M13 -> BAL | AK13: =N13 -> DEL | AL13: =O13 -> PROD | AM13: =P13 -> BAL | AN13: =Q13 -> DEL | ... BA13: =AD13 -> PROD | BC13: 5 | BD13: 4 | BE13: 4 | BF13: 5 | BG13: 4 | BH13: 4
A14: RHD | B14: DOM | C14: 82111-47330 H | D14: =VLOOKUP(C14,[11]PRIUS!$C$3:$I$26,2,0) -> 0902 | E14: =VLOOKUP(C14,[12]PRIUS!$C$3:$F$17,4,0) -> A424 | F14: 304 | G14: 6 | H14: =VLOOKUP(C14,[13]PRIUS!$C$3:$I$34,3,0) -> 4.1480633 | I14: =VLOOKUP(C14,[13]PRIUS!$C$3:$I$34,7,0) -> 4.1261 | J14: =(GUM!#REF!-(GUM!#REF!*0.2)) -> #REF! | K14: =(GUM!#REF!-(GUM!#REF!*0.2)) -> #REF! | L14: =(GUM!#REF!-(GUM!#REF!*0.2)) -> #REF! | M14: =(GUM!#REF!-(GUM!#REF!*0.2)) -> #REF! | N14: =(GUM!#REF!-(GUM!#REF!*0.2)) -> #REF! | O14: =(GUM!#REF!-(GUM!#REF!*0.2)) -> #REF! | P14: =(GUM!#REF!-(GUM!#REF!*0.2)) -> #REF! | Q14: =(GUM!#REF!-(GUM!#REF!*0.2)) -> #REF! | ... AE14: =(GUM!#REF!-(GUM!#REF!*0.2)) -> #REF! | AF14: 1 | AG14: =J14*$F14 -> #REF! | AH14: =K14*$F14 -> #REF! | AI14: =L14*$F14 -> #REF! | AJ14: =M14*$F14 -> #REF! | AK14: =K14*$F14 -> #REF! | AL14: =O14*$F14 -> #REF! | AM14: =P14*$F14 -> #REF! | AN14: =N14*$F14 -> #REF! | AO14: =R14*$F14 -> #REF! | AP14: =S14*$F14 -> #REF! | AQ14: =Q14*$F14 -> #REF! | AR14: =U14*$F14 -> #REF! | AS14: =V14*$F14 -> #REF! | AT14: =T14*$F14 -> #REF! | AU14: =X14*$F14 -> #REF! | AV14: =Y14*$F14 -> #REF! | AW14: =W14*$F14 -> #REF! | AX14: =AA14*$F14 -> #REF! | AY14: =AB14*$F14 -> #REF! | AZ14: =Z14*$F14 -> #REF! | BA14: =AD14*$F14 -> #REF! | BB14: 82111-47330 | BC14: =ROUNDUP(O14/$BC$13,0) -> #REF! | BD14: =ROUNDUP(R14/$BD$13,0) -> #REF! | BE14: =ROUNDUP(U14/$BE$13,0) -> #REF! | BF14: =ROUNDUP(X14/$BF$13,0) -> #REF! | BG14: =ROUNDUP(AA14/$BG$13,0) -> #REF! | BH14: =ROUNDUP(AD14/$BH$13,0) -> #REF! | BI14: 1
C15: 82111-47340 H | D15: =VLOOKUP(C15,[11]PRIUS!$C$3:$I$26,2,0) -> 0902 | E15: =VLOOKUP(C15,[12]PRIUS!$C$3:$F$17,4,0) -> 9911 | F15: 323 | G15: 6 | H15: =VLOOKUP(C15,[13]PRIUS!$C$3:$I$34,3,0) -> 4.27966 | I15: =VLOOKUP(C15,[13]PRIUS!$C$3:$I$34,7,0) -> 4.2541 | J15: =(GUM!#REF!-(GUM!#REF!*0.2)) -> #REF! | K15: =(GUM!#REF!-(GUM!#REF!*0.2)) -> #REF! | L15: =(GUM!#REF!-(GUM!#REF!*0.2)) -> #REF! | M15: =(GUM!#REF!-(GUM!#REF!*0.2)) -> #REF! | N15: =(GUM!#REF!-(GUM!#REF!*0.2)) -> #REF! | O15: =(GUM!#REF!-(GUM!#REF!*0.2)) -> #REF! | P15: =(GUM!#REF!-(GUM!#REF!*0.2)) -> #REF! | Q15: =(GUM!#REF!-(GUM!#REF!*0.2)) -> #REF! | ... AE15: =(GUM!#REF!-(GUM!#REF!*0.2)) -> #REF! | AF15: =AF14+1 -> 2 | AG15: =J15*$F15 -> #REF! | AH15: =K15*$F15 -> #REF! | AI15: =L15*$F15 -> #REF! | AJ15: =M15*$F15 -> #REF! | AK15: =K15*$F15 -> #REF! | AL15: =O15*$F15 -> #REF! | AM15: =P15*$F15 -> #REF! | AN15: =N15*$F15 -> #REF! | AO15: =R15*$F15 -> #REF! | AP15: =S15*$F15 -> #REF! | AQ15: =Q15*$F15 -> #REF! | AR15: =U15*$F15 -> #REF! | AS15: =V15*$F15 -> #REF! | AT15: =T15*$F15 -> #REF! | AU15: =X15*$F15 -> #REF! | AV15: =Y15*$F15 -> #REF! | AW15: =W15*$F15 -> #REF! | AX15: =AA15*$F15 -> #REF! | AY15: =AB15*$F15 -> #REF! | AZ15: =Z15*$F15 -> #REF! | BA15: =AD15*$F15 -> #REF! | BB15: 82111-47340 | BC15: =ROUNDUP(O15/$BC$13,0) -> #REF! | BD15: =ROUNDUP(R15/$BD$13,0) -> #REF! | BE15: =ROUNDUP(U15/$BE$13,0) -> #REF! | BF15: =ROUNDUP(X15/$BF$13,0) -> #REF! | BG15: =ROUNDUP(AA15/$BG$13,0) -> #REF! | BH15: =ROUNDUP(AD15/$BH$13,0) -> #REF! | BI15: =BI14+1 -> 2
C16: 82111-47350 A | D16: =VLOOKUP(C16,[11]PRIUS!$C$3:$I$26,2,0) -> 0301 | E16: =VLOOKUP(C16,[12]PRIUS!$C$3:$F$17,4,0) -> 7887 | G16: 6 | H16: =VLOOKUP(C16,[13]PRIUS!$C$3:$I$34,3,0) -> 4.25618 | I16: =VLOOKUP(C16,[13]PRIUS!$C$3:$I$34,7,0) -> 4.2483 | J16: =(GUM!#REF!-(GUM!#REF!*0.2)) -> #REF! | K16: =(GUM!#REF!-(GUM!#REF!*0.2)) -> #REF! | L16: =(GUM!#REF!-(GUM!#REF!*0.2)) -> #REF! | M16: =(GUM!#REF!-(GUM!#REF!*0.2)) -> #REF! | N16: =(GUM!#REF!-(GUM!#REF!*0.2)) -> #REF! | O16: =(GUM!#REF!-(GUM!#REF!*0.2)) -> #REF! | P16: =(GUM!#REF!-(GUM!#REF!*0.2)) -> #REF! | Q16: =(GUM!#REF!-(GUM!#REF!*0.2)) -> #REF! | ... AE16: =(GUM!#REF!-(GUM!#REF!*0.2)) -> #REF! | AF16: =AF15+1 -> 3 | AG16: =J16*$F16 -> #REF! | AH16: =K16*$F16 -> #REF! | AI16: =L16*$F16 -> #REF! | AJ16: =M16*$F16 -> #REF! | AK16: =K16*$F16 -> #REF! | AL16: =O16*$F16 -> #REF! | AM16: =P16*$F16 -> #REF! | AN16: =N16*$F16 -> #REF! | AO16: =R16*$F16 -> #REF! | AP16: =S16*$F16 -> #REF! | AQ16: =Q16*$F16 -> #REF! | AR16: =U16*$F16 -> #REF! | AS16: =V16*$F16 -> #REF! | AT16: =T16*$F16 -> #REF! | AU16: =X16*$F16 -> #REF! | AV16: =Y16*$F16 -> #REF! | AW16: =W16*$F16 -> #REF! | AX16: =AA16*$F16 -> #REF! | AY16: =AB16*$F16 -> #REF! | AZ16: =Z16*$F16 -> #REF! | BA16: =AD16*$F16 -> #REF! | BB16: 82111-47350 | BC16: =ROUNDUP(O16/$BC$13,0) -> #REF! | BD16: =ROUNDUP(R16/$BD$13,0) -> #REF! | BE16: =ROUNDUP(U16/$BE$13,0) -> #REF! | BF16: =ROUNDUP(X16/$BF$13,0) -> #REF! | BG16: =ROUNDUP(AA16/$BG$13,0) -> #REF! | BH16: =ROUNDUP(AD16/$BH$13,0) -> #REF! | BI16: =BI15+1 -> 3
B17: EC | C17: 82111-47450 H | D17: =VLOOKUP(C17,[11]PRIUS!$C$3:$I$26,2,0) -> 0902 | E17: =VLOOKUP(C17,[12]PRIUS!$C$3:$F$17,4,0) -> A426 | F17: 332 | G17: 6 | H17: =VLOOKUP(C17,[13]PRIUS!$C$3:$I$34,3,0) -> 4.3249983 | I17: =VLOOKUP(C17,[13]PRIUS!$C$3:$I$34,7,0) -> 4.2968 | J17: =(GUM!#REF!-(GUM!#REF!*0.2)) -> #REF! | K17: =(GUM!#REF!-(GUM!#REF!*0.2)) -> #REF! | L17: =(GUM!#REF!-(GUM!#REF!*0.2)) -> #REF! | M17: =(GUM!#REF!-(GUM!#REF!*0.2)) -> #REF! | N17: =(GUM!#REF!-(GUM!#REF!*0.2)) -> #REF! | O17: =(GUM!#REF!-(GUM!#REF!*0.2)) -> #REF! | P17: =(GUM!#REF!-(GUM!#REF!*0.2)) -> #REF! | Q17: =(GUM!#REF!-(GUM!#REF!*0.2)) -> #REF! | ... AE17: =(GUM!#REF!-(GUM!#REF!*0.2)) -> #REF! | AF17: =AF16+1 -> 4 | AG17: =J17*$F17 -> #REF! | AH17: =K17*$F17 -> #REF! | AI17: =L17*$F17 -> #REF! | AJ17: =M17*$F17 -> #REF! | AK17: =K17*$F17 -> #REF! | AL17: =O17*$F17 -> #REF! | AM17: =P17*$F17 -> #REF! | AN17: =N17*$F17 -> #REF! | AO17: =R17*$F17 -> #REF! | AP17: =S17*$F17 -> #REF! | AQ17: =Q17*$F17 -> #REF! | AR17: =U17*$F17 -> #REF! | AS17: =V17*$F17 -> #REF! | AT17: =T17*$F17 -> #REF! | AU17: =X17*$F17 -> #REF! | AV17: =Y17*$F17 -> #REF! | AW17: =W17*$F17 -> #REF! | AX17: =AA17*$F17 -> #REF! | AY17: =AB17*$F17 -> #REF! | AZ17: =Z17*$F17 -> #REF! | BA17: =AD17*$F17 -> #REF! | BB17: 82111-47450 | BC17: =ROUNDUP(O17/$BC$13,0) -> #REF! | BD17: =ROUNDUP(R17/$BD$13,0) -> #REF! | BE17: =ROUNDUP(U17/$BE$13,0) -> #REF! | BF17: =ROUNDUP(X17/$BF$13,0) -> #REF! | BG17: =ROUNDUP(AA17/$BG$13,0) -> #REF! | BH17: =ROUNDUP(AD17/$BH$13,0) -> #REF! | BI17: =BI16+1 -> 4
C18: 82111-47460 H | D18: =VLOOKUP(C18,[11]PRIUS!$C$3:$I$26,2,0) -> 0802 | E18: =VLOOKUP(C18,[12]PRIUS!$C$3:$F$17,4,0) -> A427 | F18: 351 | G18: 6 | H18: =VLOOKUP(C18,[13]PRIUS!$C$3:$I$34,3,0) -> 4.4175 | I18: =VLOOKUP(C18,[13]PRIUS!$C$3:$I$34,7,0) -> 4.3862 | J18: =(GUM!#REF!-(GUM!#REF!*0.2)) -> #REF! | K18: =(GUM!#REF!-(GUM!#REF!*0.2)) -> #REF! | L18: =(GUM!#REF!-(GUM!#REF!*0.2)) -> #REF! | M18: =(GUM!#REF!-(GUM!#REF!*0.2)) -> #REF! | N18: =(GUM!#REF!-(GUM!#REF!*0.2)) -> #REF! | O18: =(GUM!#REF!-(GUM!#REF!*0.2)) -> #REF! | P18: =(GUM!#REF!-(GUM!#REF!*0.2)) -> #REF! | Q18: =(GUM!#REF!-(GUM!#REF!*0.2)) -> #REF! | ... AE18: =(GUM!#REF!-(GUM!#REF!*0.2)) -> #REF! | AF18: =AF17+1 -> 5 | AG18: =J18*$F18 -> #REF! | AH18: =K18*$F18 -> #REF! | AI18: =L18*$F18 -> #REF! | AJ18: =M18*$F18 -> #REF! | AK18: =K18*$F18 -> #REF! | AL18: =O18*$F18 -> #REF! | AM18: =P18*$F18 -> #REF! | AN18: =N18*$F18 -> #REF! | AO18: =R18*$F18 -> #REF! | AP18: =S18*$F18 -> #REF! | AQ18: =Q18*$F18 -> #REF! | AR18: =U18*$F18 -> #REF! | AS18: =V18*$F18 -> #REF! | AT18: =T18*$F18 -> #REF! | AU18: =X18*$F18 -> #REF! | AV18: =Y18*$F18 -> #REF! | AW18: =W18*$F18 -> #REF! | AX18: =AA18*$F18 -> #REF! | AY18: =AB18*$F18 -> #REF! | AZ18: =Z18*$F18 -> #REF! | BA18: =AD18*$F18 -> #REF! | BB18: 82111-47460 | BC18: =ROUNDUP(O18/$BC$13,0) -> #REF! | BD18: =ROUNDUP(R18/$BD$13,0) -> #REF! | BE18: =ROUNDUP(U18/$BE$13,0) -> #REF! | BF18: =ROUNDUP(X18/$BF$13,0) -> #REF! | BG18: =ROUNDUP(AA18/$BG$13,0) -> #REF! | BH18: =ROUNDUP(AD18/$BH$13,0) -> #REF! | BI18: =BI17+1 -> 5
C19: 82111-47480 B | D19: =VLOOKUP(C19,[11]PRIUS!$C$3:$I$26,2,0) -> 0 | E19: =VLOOKUP(C19,[12]PRIUS!$C$3:$F$17,4,0) -> 8600 | F19: 301 | G19: 6 | H19: =VLOOKUP(C19,[13]PRIUS!$C$3:$I$34,3,0) -> 4.023425 | I19: =VLOOKUP(C19,[13]PRIUS!$C$3:$I$34,7,0) -> 4.023425 | J19: =(GUM!#REF!-(GUM!#REF!*0.2)) -> #REF! | K19: =(GUM!#REF!-(GUM!#REF!*0.2)) -> #REF! | L19: =(GUM!#REF!-(GUM!#REF!*0.2)) -> #REF! | M19: =(GUM!#REF!-(GUM!#REF!*0.2)) -> #REF! | N19: =(GUM!#REF!-(GUM!#REF!*0.2)) -> #REF! | O19: =(GUM!#REF!-(GUM!#REF!*0.2)) -> #REF! | P19: =(GUM!#REF!-(GUM!#REF!*0.2)) -> #REF! | Q19: =(GUM!#REF!-(GUM!#REF!*0.2)) -> #REF! | ... AE19: =(GUM!#REF!-(GUM!#REF!*0.2)) -> #REF! | AF19: =AF18+1 -> 6 | AG19: =J19*$F19 -> #REF! | AH19: =K19*$F19 -> #REF! | AI19: =L19*$F19 -> #REF! | AJ19: =M19*$F19 -> #REF! | AK19: =K19*$F19 -> #REF! | AL19: =O19*$F19 -> #REF! | AM19: =P19*$F19 -> #REF! | AN19: =N19*$F19 -> #REF! | AO19: =R19*$F19 -> #REF! | AP19: =S19*$F19 -> #REF! | AQ19: =Q19*$F19 -> #REF! | AR19: =U19*$F19 -> #REF! | AS19: =V19*$F19 -> #REF! | AT19: =T19*$F19 -> #REF! | AU19: =X19*$F19 -> #REF! | AV19: =Y19*$F19 -> #REF! | AW19: =W19*$F19 -> #REF! | AX19: =AA19*$F19 -> #REF! | AY19: =AB19*$F19 -> #REF! | AZ19: =Z19*$F19 -> #REF! | BA19: =AD19*$F19 -> #REF! | BB19: 82111-47460 | BC19: =ROUNDUP(O19/$BC$13,0) -> #REF! | BD19: =ROUNDUP(R19/$BD$13,0) -> #REF! | BE19: =ROUNDUP(U19/$BE$13,0) -> #REF! | BF19: =ROUNDUP(X19/$BF$13,0) -> #REF! | BG19: =ROUNDUP(AA19/$BG$13,0) -> #REF! | BH19: =ROUNDUP(AD19/$BH$13,0) -> #REF! | BI19: =BI18+1 -> 6
B20: EC | C20: 82111-47461 | D20: =VLOOKUP(C20,[11]PRIUS!$C$3:$I$26,2,0) -> #N/A | E20: =VLOOKUP(C20,[12]PRIUS!$C$3:$F$17,4,0) -> #N/A | F20: 332 | G20: 6 | H20: =VLOOKUP(C20,[13]PRIUS!$C$3:$I$34,3,0) -> 4.4175 | I20: =VLOOKUP(C20,[13]PRIUS!$C$3:$I$34,7,0) -> 4.3971 | J20: =(GUM!#REF!-(GUM!#REF!*0.2)) -> #REF! | K20: =(GUM!#REF!-(GUM!#REF!*0.2)) -> #REF! | L20: =(GUM!#REF!-(GUM!#REF!*0.2)) -> #REF! | M20: =(GUM!#REF!-(GUM!#REF!*0.2)) -> #REF! | N20: =(GUM!#REF!-(GUM!#REF!*0.2)) -> #REF! | O20: =(GUM!#REF!-(GUM!#REF!*0.2)) -> #REF! | P20: =(GUM!#REF!-(GUM!#REF!*0.2)) -> #REF! | Q20: =(GUM!#REF!-(GUM!#REF!*0.2)) -> #REF! | ... AE20: =(GUM!#REF!-(GUM!#REF!*0.2)) -> #REF! | AF20: =AF19+1 -> 7 | AG20: =J20*$F20 -> #REF! | AH20: =K20*$F20 -> #REF! | AI20: =L20*$F20 -> #REF! | AJ20: =M20*$F20 -> #REF! | AK20: =K20*$F20 -> #REF! | AL20: =O20*$F20 -> #REF! | AM20: =P20*$F20 -> #REF! | AN20: =N20*$F20 -> #REF! | AO20: =R20*$F20 -> #REF! | AP20: =S20*$F20 -> #REF! | AQ20: =Q20*$F20 -> #REF! | AR20: =U20*$F20 -> #REF! | AS20: =V20*$F20 -> #REF! | AT20: =T20*$F20 -> #REF! | AU20: =X20*$F20 -> #REF! | AV20: =Y20*$F20 -> #REF! | AW20: =W20*$F20 -> #REF! | AX20: =AA20*$F20 -> #REF! | AY20: =AB20*$F20 -> #REF! | AZ20: =Z20*$F20 -> #REF! | BA20: =AD20*$F20 -> #REF! | BB20: 82111-47450 | BC20: =ROUNDUP(O20/$BC$13,0) -> #REF! | BD20: =ROUNDUP(R20/$BD$13,0) -> #REF! | BE20: =ROUNDUP(U20/$BE$13,0) -> #REF! | BF20: =ROUNDUP(X20/$BF$13,0) -> #REF! | BG20: =ROUNDUP(AA20/$BG$13,0) -> #REF! | BH20: =ROUNDUP(AD20/$BH$13,0) -> #REF! | BI20: =BI19+1 -> 7
C21: 82111-47462 | D21: =VLOOKUP(C21,[11]PRIUS!$C$3:$I$26,2,0) -> #N/A | E21: =VLOOKUP(C21,[12]PRIUS!$C$3:$F$17,4,0) -> #N/A | F21: 332 | G21: 6 | H21: =VLOOKUP(C21,[13]PRIUS!$C$3:$I$34,3,0) -> 4.4175 | I21: =VLOOKUP(C21,[13]PRIUS!$C$3:$I$34,7,0) -> 4.3971 | J21: =(GUM!I14-(GUM!I14*0.2)) -> 0 | K21: =(GUM!J14-(GUM!J14*0.2)) -> 0 | L21: =(GUM!K14-(GUM!K14*0.2)) -> 0 | M21: =(GUM!L14-(GUM!L14*0.2)) -> 0 | N21: =(GUM!M14-(GUM!M14*0.2)) -> 0 | O21: =(GUM!N14-(GUM!N14*0.2)) -> 0 | P21: =(GUM!O14-(GUM!O14*0.2)) -> 0 | Q21: =(GUM!P14-(GUM!P14*0.2)) -> 0 | ... AE21: =(GUM!AD14-(GUM!AD14*0.2)) -> 0 | AF21: =AF20+1 -> 8 | AG21: =J21*$F21 -> 0 | AH21: =K21*$F21 -> 0 | AI21: =L21*$F21 -> 0 | AJ21: =M21*$F21 -> 0 | AK21: =K21*$F21 -> 0 | AL21: =O21*$F21 -> 0 | AM21: =P21*$F21 -> 0 | AN21: =N21*$F21 -> 0 | AO21: =R21*$F21 -> 0 | AP21: =S21*$F21 -> 0 | AQ21: =Q21*$F21 -> 0 | AR21: =U21*$F21 -> 0 | AS21: =V21*$F21 -> 0 | AT21: =T21*$F21 -> 0 | AU21: =X21*$F21 -> 0 | AV21: =Y21*$F21 -> 0 | AW21: =W21*$F21 -> 0 | AX21: =AA21*$F21 -> 0 | AY21: =AB21*$F21 -> 0 | AZ21: =Z21*$F21 -> 0 | BA21: =AD21*$F21 -> 0 | BB21: 82111-47450 | BC21: =ROUNDUP(O21/$BC$13,0) -> 0 | BD21: =ROUNDUP(R21/$BD$13,0) -> 0 | BE21: =ROUNDUP(U21/$BE$13,0) -> 0 | BF21: =ROUNDUP(X21/$BF$13,0) -> 0 | BG21: =ROUNDUP(AA21/$BG$13,0) -> 0 | BH21: =ROUNDUP(AD21/$BH$13,0) -> 0 | BI21: =BI20+1 -> 8
C22: 82111-47341 | D22: =VLOOKUP(C22,[11]PRIUS!$C$3:$I$26,2,0) -> 0 | E22: =VLOOKUP(C22,[12]PRIUS!$C$3:$F$17,4,0) -> #N/A | F22: 351 | G22: 6 | H22: =VLOOKUP(C22,[13]PRIUS!$C$3:$I$34,3,0) -> 4.27966 | I22: =VLOOKUP(C22,[13]PRIUS!$C$3:$I$34,7,0) -> 4.2541 | J22: =(GUM!#REF!-(GUM!#REF!*0.2)) -> #REF! | K22: =(GUM!#REF!-(GUM!#REF!*0.2)) -> #REF! | L22: =(GUM!#REF!-(GUM!#REF!*0.2)) -> #REF! | M22: =(GUM!#REF!-(GUM!#REF!*0.2)) -> #REF! | N22: =(GUM!#REF!-(GUM!#REF!*0.2)) -> #REF! | O22: =(GUM!#REF!-(GUM!#REF!*0.2)) -> #REF! | P22: =(GUM!#REF!-(GUM!#REF!*0.2)) -> #REF! | Q22: =(GUM!#REF!-(GUM!#REF!*0.2)) -> #REF! | ... AE22: =(GUM!#REF!-(GUM!#REF!*0.2)) -> #REF! | AF22: =AF21+1 -> 9 | AG22: =J22*$F22 -> #REF! | AH22: =K22*$F22 -> #REF! | AI22: =L22*$F22 -> #REF! | AJ22: =M22*$F22 -> #REF! | AK22: =K22*$F22 -> #REF! | AL22: =O22*$F22 -> #REF! | AM22: =P22*$F22 -> #REF! | AN22: =N22*$F22 -> #REF! | AO22: =R22*$F22 -> #REF! | AP22: =S22*$F22 -> #REF! | AQ22: =Q22*$F22 -> #REF! | AR22: =U22*$F22 -> #REF! | AS22: =V22*$F22 -> #REF! | AT22: =T22*$F22 -> #REF! | AU22: =X22*$F22 -> #REF! | AV22: =Y22*$F22 -> #REF! | AW22: =W22*$F22 -> #REF! | AX22: =AA22*$F22 -> #REF! | AY22: =AB22*$F22 -> #REF! | AZ22: =Z22*$F22 -> #REF! | BA22: =AD22*$F22 -> #REF! | BB22: 82111-47460 | BC22: =ROUNDUP(O22/$BC$13,0) -> #REF! | BD22: =ROUNDUP(R22/$BD$13,0) -> #REF! | BE22: =ROUNDUP(U22/$BE$13,0) -> #REF! | BF22: =ROUNDUP(X22/$BF$13,0) -> #REF! | BG22: =ROUNDUP(AA22/$BG$13,0) -> #REF! | BH22: =ROUNDUP(AD22/$BH$13,0) -> #REF! | BI22: =BI20+1 -> 8
C23: 82111-47342 | D23: =VLOOKUP(C23,[11]PRIUS!$C$3:$I$26,2,0) -> #N/A | E23: =VLOOKUP(C23,[12]PRIUS!$C$3:$F$17,4,0) -> #N/A | F23: 351 | G23: 6 | H23: =H22 -> 4.27966 | I23: =I22 -> 4.2541 | J23: =(GUM!#REF!-(GUM!#REF!*0.2)) -> #REF! | K23: =(GUM!#REF!-(GUM!#REF!*0.2)) -> #REF! | L23: =(GUM!#REF!-(GUM!#REF!*0.2)) -> #REF! | M23: =(GUM!#REF!-(GUM!#REF!*0.2)) -> #REF! | N23: =(GUM!#REF!-(GUM!#REF!*0.2)) -> #REF! | O23: =(GUM!#REF!-(GUM!#REF!*0.2)) -> #REF! | P23: =(GUM!#REF!-(GUM!#REF!*0.2)) -> #REF! | Q23: =(GUM!#REF!-(GUM!#REF!*0.2)) -> #REF! | ... AE23: =(GUM!#REF!-(GUM!#REF!*0.2)) -> #REF! | AF23: =AF22+1 -> 10 | AG23: =J23*$F23 -> #REF! | AH23: =K23*$F23 -> #REF! | AI23: =L23*$F23 -> #REF! | AJ23: =M23*$F23 -> #REF! | AK23: =K23*$F23 -> #REF! | AL23: =O23*$F23 -> #REF! | AM23: =P23*$F23 -> #REF! | AN23: =N23*$F23 -> #REF! | AO23: =R23*$F23 -> #REF! | AP23: =S23*$F23 -> #REF! | AQ23: =Q23*$F23 -> #REF! | AR23: =U23*$F23 -> #REF! | AS23: =V23*$F23 -> #REF! | AT23: =T23*$F23 -> #REF! | AU23: =X23*$F23 -> #REF! | AV23: =Y23*$F23 -> #REF! | AW23: =W23*$F23 -> #REF! | AX23: =AA23*$F23 -> #REF! | AY23: =AB23*$F23 -> #REF! | AZ23: =Z23*$F23 -> #REF! | BA23: =AD23*$F23 -> #REF! | BB23: 82111-47460 | BC23: =ROUNDUP(O23/$BC$13,0) -> #REF! | BD23: =ROUNDUP(R23/$BD$13,0) -> #REF! | BE23: =ROUNDUP(U23/$BE$13,0) -> #REF! | BF23: =ROUNDUP(X23/$BF$13,0) -> #REF! | BG23: =ROUNDUP(AA23/$BG$13,0) -> #REF! | BH23: =ROUNDUP(AD23/$BH$13,0) -> #REF! | BI23: =BI21+1 -> 9
C24: 82111-47451 | D24: =VLOOKUP(C24,[11]PRIUS!$C$3:$I$26,2,0) -> 0 | E24: =VLOOKUP(C24,[12]PRIUS!$C$3:$F$17,4,0) -> #N/A | F24: 301 | G24: 6 | H24: =VLOOKUP(C24,[13]PRIUS!$C$3:$I$34,3,0) -> 4.3249983 | I24: =VLOOKUP(C24,[13]PRIUS!$C$3:$I$34,7,0) -> 4.2968 | J24: =(GUM!#REF!-(GUM!#REF!*0.2)) -> #REF! | K24: =(GUM!#REF!-(GUM!#REF!*0.2)) -> #REF! | L24: =(GUM!#REF!-(GUM!#REF!*0.2)) -> #REF! | M24: =(GUM!#REF!-(GUM!#REF!*0.2)) -> #REF! | N24: =(GUM!#REF!-(GUM!#REF!*0.2)) -> #REF! | O24: =(GUM!#REF!-(GUM!#REF!*0.2)) -> #REF! | P24: =(GUM!#REF!-(GUM!#REF!*0.2)) -> #REF! | Q24: =(GUM!#REF!-(GUM!#REF!*0.2)) -> #REF! | ... AE24: =(GUM!#REF!-(GUM!#REF!*0.2)) -> #REF! | AF24: =AF23+1 -> 11 | AG24: =J24*$F24 -> #REF! | AH24: =K24*$F24 -> #REF! | AI24: =L24*$F24 -> #REF! | AJ24: =M24*$F24 -> #REF! | AK24: =K24*$F24 -> #REF! | AL24: =O24*$F24 -> #REF! | AM24: =P24*$F24 -> #REF! | AN24: =N24*$F24 -> #REF! | AO24: =R24*$F24 -> #REF! | AP24: =S24*$F24 -> #REF! | AQ24: =Q24*$F24 -> #REF! | AR24: =U24*$F24 -> #REF! | AS24: =V24*$F24 -> #REF! | AT24: =T24*$F24 -> #REF! | AU24: =X24*$F24 -> #REF! | AV24: =Y24*$F24 -> #REF! | AW24: =W24*$F24 -> #REF! | AX24: =AA24*$F24 -> #REF! | AY24: =AB24*$F24 -> #REF! | AZ24: =Z24*$F24 -> #REF! | BA24: =AD24*$F24 -> #REF! | BB24: 82111-47460 | BC24: =ROUNDUP(O24/$BC$13,0) -> #REF! | BD24: =ROUNDUP(R24/$BD$13,0) -> #REF! | BE24: =ROUNDUP(U24/$BE$13,0) -> #REF! | BF24: =ROUNDUP(X24/$BF$13,0) -> #REF! | BG24: =ROUNDUP(AA24/$BG$13,0) -> #REF! | BH24: =ROUNDUP(AD24/$BH$13,0) -> #REF! | BI24: =BI22+1 -> 9
C25: 82111-47360 J | D25: 0 | E25: =VLOOKUP(C25,[14]PRIUS!$C$3:$F$17,4,0) -> #N/A | F25: 309 | G25: 6 | H25: =VLOOKUP(C25,[13]PRIUS!$C$3:$I$34,3,0) -> 4.0269067 | I25: =VLOOKUP(C25,[13]PRIUS!$C$3:$I$34,7,0) -> 4.059 | J25: =(GUM!#REF!-(GUM!#REF!*0.2)) -> #REF! | K25: =(GUM!#REF!-(GUM!#REF!*0.2)) -> #REF! | L25: =(GUM!#REF!-(GUM!#REF!*0.2)) -> #REF! | M25: =(GUM!#REF!-(GUM!#REF!*0.2)) -> #REF! | N25: =(GUM!#REF!-(GUM!#REF!*0.2)) -> #REF! | O25: =(GUM!#REF!-(GUM!#REF!*0.2)) -> #REF! | P25: =(GUM!#REF!-(GUM!#REF!*0.2)) -> #REF! | Q25: =(GUM!#REF!-(GUM!#REF!*0.2)) -> #REF! | ... AE25: =(GUM!#REF!-(GUM!#REF!*0.2)) -> #REF! | AF25: =AF24+1 -> 12 | AG25: =J25*$F25 -> #REF! | AH25: =K25*$F25 -> #REF! | AI25: =L25*$F25 -> #REF! | AJ25: =M25*$F25 -> #REF! | AK25: =K25*$F25 -> #REF! | AL25: =O25*$F25 -> #REF! | AM25: =P25*$F25 -> #REF! | AN25: =N25*$F25 -> #REF! | AO25: =R25*$F25 -> #REF! | AP25: =S25*$F25 -> #REF! | AQ25: =Q25*$F25 -> #REF! | AR25: =U25*$F25 -> #REF! | AS25: =V25*$F25 -> #REF! | AT25: =T25*$F25 -> #REF! | AU25: =X25*$F25 -> #REF! | AV25: =Y25*$F25 -> #REF! | AW25: =W25*$F25 -> #REF! | AX25: =AA25*$F25 -> #REF! | AY25: =AB25*$F25 -> #REF! | AZ25: =Z25*$F25 -> #REF! | BA25: =AD25*$F25 -> #REF! | BB25: 82111-47360 | BC25: =ROUNDUP(O25/$BC$13,0) -> #REF! | BD25: =ROUNDUP(R25/$BD$13,0) -> #REF! | BE25: =ROUNDUP(U25/$BE$13,0) -> #REF! | BF25: =ROUNDUP(X25/$BF$13,0) -> #REF! | BG25: =ROUNDUP(AA25/$BG$13,0) -> #REF! | BH25: =ROUNDUP(AD25/$BH$13,0) -> #REF! | BI25: =BI24+1 -> 10
C26: 82111-47452 | D26: =VLOOKUP(C26,[11]PRIUS!$C$3:$I$26,2,0) -> #N/A | E26: =VLOOKUP(C26,[12]PRIUS!$C$3:$F$17,4,0) -> #N/A | F26: 301 | G26: 6 | H26: =VLOOKUP(C26,[13]PRIUS!$C$3:$I$34,3,0) -> 4.1480633 | I26: =VLOOKUP(C26,[13]PRIUS!$C$3:$I$34,7,0) -> 4.3161 | J26: =(GUM!I19-(GUM!I19*0.2)) -> 19.2 | K26: =(GUM!J19-(GUM!J19*0.2)) -> 105.6 | L26: =(GUM!K19-(GUM!K19*0.2)) -> 148.8 | M26: =(GUM!L19-(GUM!L19*0.2)) -> 62.4 | N26: =(GUM!M19-(GUM!M19*0.2)) -> 153.6 | O26: =(GUM!N19-(GUM!N19*0.2)) -> 110.4 | P26: =(GUM!O19-(GUM!O19*0.2)) -> 19.2 | Q26: =(GUM!P19-(GUM!P19*0.2)) -> 168 | ... AE26: =(GUM!AD19-(GUM!AD19*0.2)) -> 0 | AF26: =AF25+1 -> 13 | AG26: =J26*$F26 -> 5779.2 | AH26: =K26*$F26 -> 31785.6 | AI26: =L26*$F26 -> 44788.8 | AJ26: =M26*$F26 -> 18782.4 | AK26: =K26*$F26 -> 31785.6 | AL26: =O26*$F26 -> 33230.4 | AM26: =P26*$F26 -> 5779.2 | AN26: =N26*$F26 -> 46233.6 | AO26: =R26*$F26 -> 53457.6 | AP26: =S26*$F26 -> 8668.8 | AQ26: =Q26*$F26 -> 50568 | AR26: =U26*$F26 -> 49123.2 | AS26: =V26*$F26 -> 7224 | AT26: =T26*$F26 -> 50568 | AU26: =X26*$F26 -> 62126.4 | AV26: =Y26*$F26 -> 14448 | AW26: =W26*$F26 -> 54902.4 | AX26: =AA26*$F26 -> 39009.6 | AY26: =AB26*$F26 -> 10113.6 | AZ26: =Z26*$F26 -> 43344 | BA26: =AD26*$F26 -> 33230.4 | BB26: 82111-47460 | BC26: =ROUNDUP(O26/$BC$13,0) -> 23 | BD26: =ROUNDUP(R26/$BD$13,0) -> 45 | BE26: =ROUNDUP(U26/$BE$13,0) -> 41 | BF26: =ROUNDUP(X26/$BF$13,0) -> 42 | BG26: =ROUNDUP(AA26/$BG$13,0) -> 33 | BH26: =ROUNDUP(AD26/$BH$13,0) -> 28 | BI26: =BI24+1 -> 10
A27: LHD | B27: USA | C27: 82111-47370 J | D27: =VLOOKUP(C27,[11]PRIUS!$C$3:$I$26,2,0) -> 0401 | E27: =VLOOKUP(C27,[12]PRIUS!$C$3:$F$17,4,0) -> A430 | F27: 315 | G27: 6 | H27: =VLOOKUP(C27,[13]PRIUS!$C$3:$I$34,3,0) -> 4.1404883 | I27: =VLOOKUP(C27,[13]PRIUS!$C$3:$I$34,7,0) -> 4.1083 | J27: =(GUM!#REF!-(GUM!#REF!*0.2)) -> #REF! | K27: =(GUM!#REF!-(GUM!#REF!*0.2)) -> #REF! | L27: =(GUM!#REF!-(GUM!#REF!*0.2)) -> #REF! | M27: =(GUM!#REF!-(GUM!#REF!*0.2)) -> #REF! | N27: =(GUM!#REF!-(GUM!#REF!*0.2)) -> #REF! | O27: =(GUM!#REF!-(GUM!#REF!*0.2)) -> #REF! | P27: =(GUM!#REF!-(GUM!#REF!*0.2)) -> #REF! | Q27: =(GUM!#REF!-(GUM!#REF!*0.2)) -> #REF! | ... AE27: =(GUM!#REF!-(GUM!#REF!*0.2)) -> #REF! | AF27: =AF26+1 -> 14 | AG27: =J27*$F27 -> #REF! | AH27: =K27*$F27 -> #REF! | AI27: =L27*$F27 -> #REF! | AJ27: =M27*$F27 -> #REF! | AK27: =K27*$F27 -> #REF! | AL27: =O27*$F27 -> #REF! | AM27: =P27*$F27 -> #REF! | AN27: =N27*$F27 -> #REF! | AO27: =R27*$F27 -> #REF! | AP27: =S27*$F27 -> #REF! | AQ27: =Q27*$F27 -> #REF! | AR27: =U27*$F27 -> #REF! | AS27: =V27*$F27 -> #REF! | AT27: =T27*$F27 -> #REF! | AU27: =X27*$F27 -> #REF! | AV27: =Y27*$F27 -> #REF! | AW27: =W27*$F27 -> #REF! | AX27: =AA27*$F27 -> #REF! | AY27: =AB27*$F27 -> #REF! | AZ27: =Z27*$F27 -> #REF! | BA27: =AD27*$F27 -> #REF! | BB27: 82111-47370 | BC27: =ROUNDUP(O27/$BC$13,0) -> #REF! | BD27: =ROUNDUP(R27/$BD$13,0) -> #REF! | BE27: =ROUNDUP(U27/$BE$13,0) -> #REF! | BF27: =ROUNDUP(X27/$BF$13,0) -> #REF! | BG27: =ROUNDUP(AA27/$BG$13,0) -> #REF! | BH27: =ROUNDUP(AD27/$BH$13,0) -> #REF! | BI27: =BI25+1 -> 11
C28: 82111-47380 H | D28: =VLOOKUP(C28,[11]PRIUS!$C$3:$I$26,2,0) -> 0 | E28: =VLOOKUP(C28,[12]PRIUS!$C$3:$F$17,4,0) -> 9404 | F28: 347 | G28: 6 | H28: =VLOOKUP(C28,[13]PRIUS!$C$3:$I$34,3,0) -> 4.1453517 | I28: =VLOOKUP(C28,[13]PRIUS!$C$3:$I$34,7,0) -> 4.1453517 | J28: =(GUM!I39-(GUM!I39*0.2)) -> 0 | K28: =(GUM!J39-(GUM!J39*0.2)) -> 0 | L28: =(GUM!K39-(GUM!K39*0.2)) -> 0 | M28: =(GUM!L39-(GUM!L39*0.2)) -> 0 | N28: =(GUM!M39-(GUM!M39*0.2)) -> 0 | O28: =(GUM!N39-(GUM!N39*0.2)) -> 0 | P28: =(GUM!O39-(GUM!O39*0.2)) -> 0 | Q28: =(GUM!P39-(GUM!P39*0.2)) -> 0 | ... AE28: =(GUM!AD39-(GUM!AD39*0.2)) -> 0 | AF28: =AF27+1 -> 15 | AG28: =J28*$F28 -> 0 | AH28: =K28*$F28 -> 0 | AI28: =L28*$F28 -> 0 | AJ28: =M28*$F28 -> 0 | AK28: =K28*$F28 -> 0 | AL28: =O28*$F28 -> 0 | AM28: =P28*$F28 -> 0 | AN28: =N28*$F28 -> 0 | AO28: =R28*$F28 -> 0 | AP28: =S28*$F28 -> 0 | AQ28: =Q28*$F28 -> 0 | AR28: =U28*$F28 -> 0 | AS28: =V28*$F28 -> 0 | AT28: =T28*$F28 -> 0 | AU28: =X28*$F28 -> 0 | AV28: =Y28*$F28 -> 0 | AW28: =W28*$F28 -> 0 | AX28: =AA28*$F28 -> 0 | AY28: =AB28*$F28 -> 0 | AZ28: =Z28*$F28 -> 0 | BA28: =AD28*$F28 -> 0 | BB28: 82111-47380 | BC28: =ROUNDUP(O28/$BC$13,0) -> 0 | BD28: =ROUNDUP(R28/$BD$13,0) -> 0 | BE28: =ROUNDUP(U28/$BE$13,0) -> 0 | BF28: =ROUNDUP(X28/$BF$13,0) -> 0 | BG28: =ROUNDUP(AA28/$BG$13,0) -> 0 | BH28: =ROUNDUP(AD28/$BH$13,0) -> 0 | BI28: =BI27+1 -> 12
B29: CANADA | C29: 82111-47390 J | D29: =VLOOKUP(C29,[11]PRIUS!$C$3:$I$26,2,0) -> 0402 | E29: =VLOOKUP(C29,[12]PRIUS!$C$3:$F$17,4,0) -> A432 | F29: 321 | G29: 6 | H29: =VLOOKUP(C29,[13]PRIUS!$C$3:$I$34,3,0) -> 4.1974933 | I29: =VLOOKUP(C29,[13]PRIUS!$C$3:$I$34,7,0) -> 4.1611 | J29: =(GUM!I46-(GUM!I46*0.2)) -> 0 | K29: =(GUM!J46-(GUM!J46*0.2)) -> 0 | L29: =(GUM!K46-(GUM!K46*0.2)) -> 0 | M29: =(GUM!L46-(GUM!L46*0.2)) -> 0 | N29: =(GUM!M46-(GUM!M46*0.2)) -> 0 | O29: =(GUM!N46-(GUM!N46*0.2)) -> 0 | P29: =(GUM!O46-(GUM!O46*0.2)) -> 0 | Q29: =(GUM!P46-(GUM!P46*0.2)) -> 0 | ... AE29: =(GUM!AD46-(GUM!AD46*0.2)) -> 0 | AF29: =AF28+1 -> 16 | AG29: =J29*$F29 -> 0 | AH29: =K29*$F29 -> 0 | AI29: =L29*$F29 -> 0 | AJ29: =M29*$F29 -> 0 | AK29: =K29*$F29 -> 0 | AL29: =O29*$F29 -> 0 | AM29: =P29*$F29 -> 0 | AN29: =N29*$F29 -> 0 | AO29: =R29*$F29 -> 0 | AP29: =S29*$F29 -> 0 | AQ29: =Q29*$F29 -> 0 | AR29: =U29*$F29 -> 0 | AS29: =V29*$F29 -> 0 | AT29: =T29*$F29 -> 0 | AU29: =X29*$F29 -> 0 | AV29: =Y29*$F29 -> 0 | AW29: =W29*$F29 -> 0 | AX29: =AA29*$F29 -> 0 | AY29: =AB29*$F29 -> 0 | AZ29: =Z29*$F29 -> 0 | BA29: =AD29*$F29 -> 0 | BB29: 82111-47390 | BC29: =ROUNDUP(O29/$BC$13,0) -> 0 | BD29: =ROUNDUP(R29/$BD$13,0) -> 0 | BE29: =ROUNDUP(U29/$BE$13,0) -> 0 | BF29: =ROUNDUP(X29/$BF$13,0) -> 0 | BG29: =ROUNDUP(AA29/$BG$13,0) -> 0 | BH29: =ROUNDUP(AD29/$BH$13,0) -> 0 | BI29: =BI28+1 -> 13
C30: 82111-47400 J | D30: =VLOOKUP(C30,[11]PRIUS!$C$3:$I$26,2,0) -> 0402 | E30: =VLOOKUP(C30,[12]PRIUS!$C$3:$F$17,4,0) -> 9947 | F30: 347 | G30: 6 | H30: =VLOOKUP(C30,[13]PRIUS!$C$3:$I$34,3,0) -> 4.2965533 | I30: =VLOOKUP(C30,[13]PRIUS!$C$3:$I$34,7,0) -> 4.2607 | J30: =(GUM!#REF!-(GUM!#REF!*0.2)) -> #REF! | K30: =(GUM!#REF!-(GUM!#REF!*0.2)) -> #REF! | L30: =(GUM!#REF!-(GUM!#REF!*0.2)) -> #REF! | M30: =(GUM!#REF!-(GUM!#REF!*0.2)) -> #REF! | N30: =(GUM!#REF!-(GUM!#REF!*0.2)) -> #REF! | O30: =(GUM!#REF!-(GUM!#REF!*0.2)) -> #REF! | P30: =(GUM!#REF!-(GUM!#REF!*0.2)) -> #REF! | Q30: =(GUM!#REF!-(GUM!#REF!*0.2)) -> #REF! | ... AE30: =(GUM!#REF!-(GUM!#REF!*0.2)) -> #REF! | AF30: =AF29+1 -> 17 | AG30: =J30*$F30 -> #REF! | AH30: =K30*$F30 -> #REF! | AI30: =L30*$F30 -> #REF! | AJ30: =M30*$F30 -> #REF! | AK30: =K30*$F30 -> #REF! | AL30: =O30*$F30 -> #REF! | AM30: =P30*$F30 -> #REF! | AN30: =N30*$F30 -> #REF! | AO30: =R30*$F30 -> #REF! | AP30: =S30*$F30 -> #REF! | AQ30: =Q30*$F30 -> #REF! | AR30: =U30*$F30 -> #REF! | AS30: =V30*$F30 -> #REF! | AT30: =T30*$F30 -> #REF! | AU30: =X30*$F30 -> #REF! | AV30: =Y30*$F30 -> #REF! | AW30: =W30*$F30 -> #REF! | AX30: =AA30*$F30 -> #REF! | AY30: =AB30*$F30 -> #REF! | AZ30: =Z30*$F30 -> #REF! | BA30: =AD30*$F30 -> #REF! | BB30: 82111-47400 | BC30: =ROUNDUP(O30/$BC$13,0) -> #REF! | BD30: =ROUNDUP(R30/$BD$13,0) -> #REF! | BE30: =ROUNDUP(U30/$BE$13,0) -> #REF! | BF30: =ROUNDUP(X30/$BF$13,0) -> #REF! | BG30: =ROUNDUP(AA30/$BG$13,0) -> #REF! | BH30: =ROUNDUP(AD30/$BH$13,0) -> #REF! | BI30: =BI29+1 -> 14
B31: EC | C31: 82111-47410 J | D31: 0 | E31: =VLOOKUP(C31,[12]PRIUS!$C$3:$F$17,4,0) -> #N/A | F31: 313 | G31: 6 | H31: =VLOOKUP(C31,[13]PRIUS!$C$3:$I$34,3,0) -> 4.03141 | I31: =VLOOKUP(C31,[13]PRIUS!$C$3:$I$34,7,0) -> 4.0054 | J31: =(GUM!#REF!-(GUM!#REF!*0.2)) -> #REF! | K31: =(GUM!#REF!-(GUM!#REF!*0.2)) -> #REF! | L31: =(GUM!#REF!-(GUM!#REF!*0.2)) -> #REF! | M31: =(GUM!#REF!-(GUM!#REF!*0.2)) -> #REF! | N31: =(GUM!#REF!-(GUM!#REF!*0.2)) -> #REF! | O31: =(GUM!#REF!-(GUM!#REF!*0.2)) -> #REF! | P31: =(GUM!#REF!-(GUM!#REF!*0.2)) -> #REF! | Q31: =(GUM!#REF!-(GUM!#REF!*0.2)) -> #REF! | ... AE31: =(GUM!#REF!-(GUM!#REF!*0.2)) -> #REF! | AF31: =AF30+1 -> 18 | AG31: =J31*$F31 -> #REF! | AH31: =K31*$F31 -> #REF! | AI31: =L31*$F31 -> #REF! | AJ31: =M31*$F31 -> #REF! | AK31: =K31*$F31 -> #REF! | AL31: =O31*$F31 -> #REF! | AM31: =P31*$F31 -> #REF! | AN31: =N31*$F31 -> #REF! | AO31: =R31*$F31 -> #REF! | AP31: =S31*$F31 -> #REF! | AQ31: =Q31*$F31 -> #REF! | AR31: =U31*$F31 -> #REF! | AS31: =V31*$F31 -> #REF! | AT31: =T31*$F31 -> #REF! | AU31: =X31*$F31 -> #REF! | AV31: =Y31*$F31 -> #REF! | AW31: =W31*$F31 -> #REF! | AX31: =AA31*$F31 -> #REF! | AY31: =AB31*$F31 -> #REF! | AZ31: =Z31*$F31 -> #REF! | BA31: =AD31*$F31 -> #REF! | BB31: 82111-47410 | BC31: =ROUNDUP(O31/$BC$13,0) -> #REF! | BD31: =ROUNDUP(R31/$BD$13,0) -> #REF! | BE31: =ROUNDUP(U31/$BE$13,0) -> #REF! | BF31: =ROUNDUP(X31/$BF$13,0) -> #REF! | BG31: =ROUNDUP(AA31/$BG$13,0) -> #REF! | BH31: =ROUNDUP(AD31/$BH$13,0) -> #REF! | BI31: =BI30+1 -> 15
C32: 82111-47420 J | D32: =VLOOKUP(C32,[11]PRIUS!$C$3:$I$26,2,0) -> 0401 | E32: =VLOOKUP(C32,[12]PRIUS!$C$3:$F$17,4,0) -> A435 | F32: 337 | G32: 6 | H32: =VLOOKUP(C32,[13]PRIUS!$C$3:$I$34,3,0) -> 4.1739333 | I32: =VLOOKUP(C32,[13]PRIUS!$C$3:$I$34,7,0) -> 4.1443 | J32: =(GUM!#REF!-(GUM!#REF!*0.2)) -> #REF! | K32: =(GUM!#REF!-(GUM!#REF!*0.2)) -> #REF! | L32: =(GUM!#REF!-(GUM!#REF!*0.2)) -> #REF! | M32: =(GUM!#REF!-(GUM!#REF!*0.2)) -> #REF! | N32: =(GUM!#REF!-(GUM!#REF!*0.2)) -> #REF! | O32: =(GUM!#REF!-(GUM!#REF!*0.2)) -> #REF! | P32: =(GUM!#REF!-(GUM!#REF!*0.2)) -> #REF! | Q32: =(GUM!#REF!-(GUM!#REF!*0.2)) -> #REF! | ... AE32: =(GUM!#REF!-(GUM!#REF!*0.2)) -> #REF! | AF32: =AF31+1 -> 19 | AG32: =J32*$F32 -> #REF! | AH32: =K32*$F32 -> #REF! | AI32: =L32*$F32 -> #REF! | AJ32: =M32*$F32 -> #REF! | AK32: =K32*$F32 -> #REF! | AL32: =O32*$F32 -> #REF! | AM32: =P32*$F32 -> #REF! | AN32: =N32*$F32 -> #REF! | AO32: =R32*$F32 -> #REF! | AP32: =S32*$F32 -> #REF! | AQ32: =Q32*$F32 -> #REF! | AR32: =U32*$F32 -> #REF! | AS32: =V32*$F32 -> #REF! | AT32: =T32*$F32 -> #REF! | AU32: =X32*$F32 -> #REF! | AV32: =Y32*$F32 -> #REF! | AW32: =W32*$F32 -> #REF! | AX32: =AA32*$F32 -> #REF! | AY32: =AB32*$F32 -> #REF! | AZ32: =Z32*$F32 -> #REF! | BA32: =AD32*$F32 -> #REF! | BB32: 82111-47420 | BC32: =ROUNDUP(O32/$BC$13,0) -> #REF! | BD32: =ROUNDUP(R32/$BD$13,0) -> #REF! | BE32: =ROUNDUP(U32/$BE$13,0) -> #REF! | BF32: =ROUNDUP(X32/$BF$13,0) -> #REF! | BG32: =ROUNDUP(AA32/$BG$13,0) -> #REF! | BH32: =ROUNDUP(AD32/$BH$13,0) -> #REF! | BI32: =BI31+1 -> 16
C33: 82111-47430 J | D33: =VLOOKUP(C33,[11]PRIUS!$C$3:$I$26,2,0) -> 0401 | E33: =VLOOKUP(C33,[12]PRIUS!$C$3:$F$17,4,0) -> A436 | F33: 313 | G33: 6 | H33: =VLOOKUP(C33,[13]PRIUS!$C$3:$I$34,3,0) -> 4.03141 | I33: =VLOOKUP(C33,[13]PRIUS!$C$3:$I$34,7,0) -> 4.0054 | J33: =(GUM!#REF!-(GUM!#REF!*0.2)) -> #REF! | K33: =(GUM!#REF!-(GUM!#REF!*0.2)) -> #REF! | L33: =(GUM!#REF!-(GUM!#REF!*0.2)) -> #REF! | M33: =(GUM!#REF!-(GUM!#REF!*0.2)) -> #REF! | N33: =(GUM!#REF!-(GUM!#REF!*0.2)) -> #REF! | O33: =(GUM!#REF!-(GUM!#REF!*0.2)) -> #REF! | P33: =(GUM!#REF!-(GUM!#REF!*0.2)) -> #REF! | Q33: =(GUM!#REF!-(GUM!#REF!*0.2)) -> #REF! | ... AE33: =(GUM!#REF!-(GUM!#REF!*0.2)) -> #REF! | AF33: =AF32+1 -> 20 | AG33: =J33*$F33 -> #REF! | AH33: =K33*$F33 -> #REF! | AI33: =L33*$F33 -> #REF! | AJ33: =M33*$F33 -> #REF! | AK33: =K33*$F33 -> #REF! | AL33: =O33*$F33 -> #REF! | AM33: =P33*$F33 -> #REF! | AN33: =N33*$F33 -> #REF! | AO33: =R33*$F33 -> #REF! | AP33: =S33*$F33 -> #REF! | AQ33: =Q33*$F33 -> #REF! | AR33: =U33*$F33 -> #REF! | AS33: =V33*$F33 -> #REF! | AT33: =T33*$F33 -> #REF! | AU33: =X33*$F33 -> #REF! | AV33: =Y33*$F33 -> #REF! | AW33: =W33*$F33 -> #REF! | AX33: =AA33*$F33 -> #REF! | AY33: =AB33*$F33 -> #REF! | AZ33: =Z33*$F33 -> #REF! | BA33: =AD33*$F33 -> #REF! | BB33: 82111-47430 | BC33: =ROUNDUP(O33/$BC$13,0) -> #REF! | BD33: =ROUNDUP(R33/$BD$13,0) -> #REF! | BE33: =ROUNDUP(U33/$BE$13,0) -> #REF! | BF33: =ROUNDUP(X33/$BF$13,0) -> #REF! | BG33: =ROUNDUP(AA33/$BG$13,0) -> #REF! | BH33: =ROUNDUP(AD33/$BH$13,0) -> #REF! | BI33: =BI32+1 -> 17
C34: 82111-47440 J | D34: =VLOOKUP(C34,[11]PRIUS!$C$3:$I$26,2,0) -> 0401 | E34: =VLOOKUP(C34,[12]PRIUS!$C$3:$F$17,4,0) -> A437 | F34: 337 | G34: 6 | H34: =VLOOKUP(C34,[13]PRIUS!$C$3:$I$34,3,0) -> 4.1739333 | I34: =VLOOKUP(C34,[13]PRIUS!$C$3:$I$34,7,0) -> 4.1443 | J34: =(GUM!#REF!-(GUM!#REF!*0.2)) -> #REF! | K34: =(GUM!#REF!-(GUM!#REF!*0.2)) -> #REF! | L34: =(GUM!#REF!-(GUM!#REF!*0.2)) -> #REF! | M34: =(GUM!#REF!-(GUM!#REF!*0.2)) -> #REF! | N34: =(GUM!#REF!-(GUM!#REF!*0.2)) -> #REF! | O34: =(GUM!#REF!-(GUM!#REF!*0.2)) -> #REF! | P34: =(GUM!#REF!-(GUM!#REF!*0.2)) -> #REF! | Q34: =(GUM!#REF!-(GUM!#REF!*0.2)) -> #REF! | ... AE34: =(GUM!#REF!-(GUM!#REF!*0.2)) -> #REF! | AF34: =AF33+1 -> 21 | AG34: =J34*$F34 -> #REF! | AH34: =K34*$F34 -> #REF! | AI34: =L34*$F34 -> #REF! | AJ34: =M34*$F34 -> #REF! | AK34: =K34*$F34 -> #REF! | AL34: =O34*$F34 -> #REF! | AM34: =P34*$F34 -> #REF! | AN34: =N34*$F34 -> #REF! | AO34: =R34*$F34 -> #REF! | AP34: =S34*$F34 -> #REF! | AQ34: =Q34*$F34 -> #REF! | AR34: =U34*$F34 -> #REF! | AS34: =V34*$F34 -> #REF! | AT34: =T34*$F34 -> #REF! | AU34: =X34*$F34 -> #REF! | AV34: =Y34*$F34 -> #REF! | AW34: =W34*$F34 -> #REF! | AX34: =AA34*$F34 -> #REF! | AY34: =AB34*$F34 -> #REF! | AZ34: =Z34*$F34 -> #REF! | BA34: =AD34*$F34 -> #REF! | BB34: 82111-47440 | BC34: =ROUNDUP(O34/$BC$13,0) -> #REF! | BD34: =ROUNDUP(R34/$BD$13,0) -> #REF! | BE34: =ROUNDUP(U34/$BE$13,0) -> #REF! | BF34: =ROUNDUP(X34/$BF$13,0) -> #REF! | BG34: =ROUNDUP(AA34/$BG$13,0) -> #REF! | BH34: =ROUNDUP(AD34/$BH$13,0) -> #REF! | BI34: =BI33+1 -> 18
B35: USA | C35: 82111-47371 | D35: =VLOOKUP(C35,[11]PRIUS!$C$3:$I$26,2,0) -> 0 | E35: =VLOOKUP(C35,[12]PRIUS!$C$3:$F$17,4,0) -> #N/A | F35: 321 | G35: 6 | H35: =VLOOKUP(C35,[13]PRIUS!$C$3:$I$34,3,0) -> 4.1404883 | I35: =VLOOKUP(C35,[13]PRIUS!$C$3:$I$34,7,0) -> 4.1083 | J35: =(GUM!#REF!-(GUM!#REF!*0.2)) -> #REF! | K35: =(GUM!#REF!-(GUM!#REF!*0.2)) -> #REF! | L35: =(GUM!#REF!-(GUM!#REF!*0.2)) -> #REF! | M35: =(GUM!#REF!-(GUM!#REF!*0.2)) -> #REF! | N35: =(GUM!#REF!-(GUM!#REF!*0.2)) -> #REF! | O35: =(GUM!#REF!-(GUM!#REF!*0.2)) -> #REF! | P35: =(GUM!#REF!-(GUM!#REF!*0.2)) -> #REF! | Q35: =(GUM!#REF!-(GUM!#REF!*0.2)) -> #REF! | ... AE35: =(GUM!#REF!-(GUM!#REF!*0.2)) -> #REF! | AF35: =AF34+1 -> 22 | AG35: =J35*$F35 -> #REF! | AH35: =K35*$F35 -> #REF! | AI35: =L35*$F35 -> #REF! | AJ35: =M35*$F35 -> #REF! | AK35: =K35*$F35 -> #REF! | AL35: =O35*$F35 -> #REF! | AM35: =P35*$F35 -> #REF! | AN35: =N35*$F35 -> #REF! | AO35: =R35*$F35 -> #REF! | AP35: =S35*$F35 -> #REF! | AQ35: =Q35*$F35 -> #REF! | AR35: =U35*$F35 -> #REF! | AS35: =V35*$F35 -> #REF! | AT35: =T35*$F35 -> #REF! | AU35: =X35*$F35 -> #REF! | AV35: =Y35*$F35 -> #REF! | AW35: =W35*$F35 -> #REF! | AX35: =AA35*$F35 -> #REF! | AY35: =AB35*$F35 -> #REF! | AZ35: =Z35*$F35 -> #REF! | BA35: =AD35*$F35 -> #REF! | BB35: 82111-47390 | BC35: =ROUNDUP(O35/$BC$13,0) -> #REF! | BD35: =ROUNDUP(R35/$BD$13,0) -> #REF! | BE35: =ROUNDUP(U35/$BE$13,0) -> #REF! | BF35: =ROUNDUP(X35/$BF$13,0) -> #REF! | BG35: =ROUNDUP(AA35/$BG$13,0) -> #REF! | BH35: =ROUNDUP(AD35/$BH$13,0) -> #REF! | BI35: =BI34+1 -> 19
C36: 82111-47372 | D36: =VLOOKUP(C36,[11]PRIUS!$C$3:$I$26,2,0) -> #N/A | E36: =VLOOKUP(C36,[12]PRIUS!$C$3:$F$17,4,0) -> #N/A | F36: 321 | G36: 6 | H36: =VLOOKUP(C36,[13]PRIUS!$C$3:$I$34,3,0) -> 4.1404883 | I36: =VLOOKUP(C36,[13]PRIUS!$C$3:$I$34,7,0) -> 4.1192 | J36: =(GUM!#REF!-(GUM!#REF!*0.2)) -> #REF! | K36: =(GUM!#REF!-(GUM!#REF!*0.2)) -> #REF! | L36: =(GUM!#REF!-(GUM!#REF!*0.2)) -> #REF! | M36: =(GUM!#REF!-(GUM!#REF!*0.2)) -> #REF! | N36: =(GUM!#REF!-(GUM!#REF!*0.2)) -> #REF! | O36: =(GUM!#REF!-(GUM!#REF!*0.2)) -> #REF! | P36: =(GUM!#REF!-(GUM!#REF!*0.2)) -> #REF! | Q36: =(GUM!#REF!-(GUM!#REF!*0.2)) -> #REF! | ... AE36: =(GUM!#REF!-(GUM!#REF!*0.2)) -> #REF! | AF36: =AF35+1 -> 23 | AG36: =J36*$F36 -> #REF! | AH36: =K36*$F36 -> #REF! | AI36: =L36*$F36 -> #REF! | AJ36: =M36*$F36 -> #REF! | AK36: =K36*$F36 -> #REF! | AL36: =O36*$F36 -> #REF! | AM36: =P36*$F36 -> #REF! | AN36: =N36*$F36 -> #REF! | AO36: =R36*$F36 -> #REF! | AP36: =S36*$F36 -> #REF! | AQ36: =Q36*$F36 -> #REF! | AR36: =U36*$F36 -> #REF! | AS36: =V36*$F36 -> #REF! | AT36: =T36*$F36 -> #REF! | AU36: =X36*$F36 -> #REF! | AV36: =Y36*$F36 -> #REF! | AW36: =W36*$F36 -> #REF! | AX36: =AA36*$F36 -> #REF! | AY36: =AB36*$F36 -> #REF! | AZ36: =Z36*$F36 -> #REF! | BA36: =AD36*$F36 -> #REF! | BB36: 82111-47390 | BC36: =ROUNDUP(O36/$BC$13,0) -> #REF! | BD36: =ROUNDUP(R36/$BD$13,0) -> #REF! | BE36: =ROUNDUP(U36/$BE$13,0) -> #REF! | BF36: =ROUNDUP(X36/$BF$13,0) -> #REF! | BG36: =ROUNDUP(AA36/$BG$13,0) -> #REF! | BH36: =ROUNDUP(AD36/$BH$13,0) -> #REF! | BI36: =BI35+1 -> 20
B37: CANADA | C37: 82111-47391 | D37: =VLOOKUP(C37,[11]PRIUS!$C$3:$I$26,2,0) -> 0 | E37: =VLOOKUP(C37,[12]PRIUS!$C$3:$F$17,4,0) -> #N/A | F37: 347 | G37: 6 | H37: =VLOOKUP(C37,[13]PRIUS!$C$3:$I$34,3,0) -> 4.1974933 | I37: =VLOOKUP(C37,[13]PRIUS!$C$3:$I$34,7,0) -> 4.1611 | J37: =(GUM!#REF!-(GUM!#REF!*0.2)) -> #REF! | K37: =(GUM!#REF!-(GUM!#REF!*0.2)) -> #REF! | L37: =(GUM!#REF!-(GUM!#REF!*0.2)) -> #REF! | M37: =(GUM!#REF!-(GUM!#REF!*0.2)) -> #REF! | N37: =(GUM!#REF!-(GUM!#REF!*0.2)) -> #REF! | O37: =(GUM!#REF!-(GUM!#REF!*0.2)) -> #REF! | P37: =(GUM!#REF!-(GUM!#REF!*0.2)) -> #REF! | Q37: =(GUM!#REF!-(GUM!#REF!*0.2)) -> #REF! | ... AE37: =(GUM!#REF!-(GUM!#REF!*0.2)) -> #REF! | AF37: =AF36+1 -> 24 | AG37: =J37*$F37 -> #REF! | AH37: =K37*$F37 -> #REF! | AI37: =L37*$F37 -> #REF! | AJ37: =M37*$F37 -> #REF! | AK37: =K37*$F37 -> #REF! | AL37: =O37*$F37 -> #REF! | AM37: =P37*$F37 -> #REF! | AN37: =N37*$F37 -> #REF! | AO37: =R37*$F37 -> #REF! | AP37: =S37*$F37 -> #REF! | AQ37: =Q37*$F37 -> #REF! | AR37: =U37*$F37 -> #REF! | AS37: =V37*$F37 -> #REF! | AT37: =T37*$F37 -> #REF! | AU37: =X37*$F37 -> #REF! | AV37: =Y37*$F37 -> #REF! | AW37: =W37*$F37 -> #REF! | AX37: =AA37*$F37 -> #REF! | AY37: =AB37*$F37 -> #REF! | AZ37: =Z37*$F37 -> #REF! | BA37: =AD37*$F37 -> #REF! | BB37: 82111-47400 | BC37: =ROUNDUP(O37/$BC$13,0) -> #REF! | BD37: =ROUNDUP(R37/$BD$13,0) -> #REF! | BE37: =ROUNDUP(U37/$BE$13,0) -> #REF! | BF37: =ROUNDUP(X37/$BF$13,0) -> #REF! | BG37: =ROUNDUP(AA37/$BG$13,0) -> #REF! | BH37: =ROUNDUP(AD37/$BH$13,0) -> #REF! | BI37: =BI35+1 -> 20
C38: 82111-47392 | D38: =VLOOKUP(C38,[11]PRIUS!$C$3:$I$26,2,0) -> #N/A | E38: =VLOOKUP(C38,[12]PRIUS!$C$3:$F$17,4,0) -> #N/A | F38: 347 | G38: 6 | H38: =VLOOKUP(C38,[13]PRIUS!$C$3:$I$34,3,0) -> 4.1974933 | I38: =VLOOKUP(C38,[13]PRIUS!$C$3:$I$34,7,0) -> 4.1684 | J38: =(GUM!#REF!-(GUM!#REF!*0.2)) -> #REF! | K38: =(GUM!#REF!-(GUM!#REF!*0.2)) -> #REF! | L38: =(GUM!#REF!-(GUM!#REF!*0.2)) -> #REF! | M38: =(GUM!#REF!-(GUM!#REF!*0.2)) -> #REF! | N38: =(GUM!#REF!-(GUM!#REF!*0.2)) -> #REF! | O38: =(GUM!#REF!-(GUM!#REF!*0.2)) -> #REF! | P38: =(GUM!#REF!-(GUM!#REF!*0.2)) -> #REF! | Q38: =(GUM!#REF!-(GUM!#REF!*0.2)) -> #REF! | ... AE38: =(GUM!#REF!-(GUM!#REF!*0.2)) -> #REF! | AF38: =AF37+1 -> 25 | AG38: =J38*$F38 -> #REF! | AH38: =K38*$F38 -> #REF! | AI38: =L38*$F38 -> #REF! | AJ38: =M38*$F38 -> #REF! | AK38: =K38*$F38 -> #REF! | AL38: =O38*$F38 -> #REF! | AM38: =P38*$F38 -> #REF! | AN38: =N38*$F38 -> #REF! | AO38: =R38*$F38 -> #REF! | AP38: =S38*$F38 -> #REF! | AQ38: =Q38*$F38 -> #REF! | AR38: =U38*$F38 -> #REF! | AS38: =V38*$F38 -> #REF! | AT38: =T38*$F38 -> #REF! | AU38: =X38*$F38 -> #REF! | AV38: =Y38*$F38 -> #REF! | AW38: =W38*$F38 -> #REF! | AX38: =AA38*$F38 -> #REF! | AY38: =AB38*$F38 -> #REF! | AZ38: =Z38*$F38 -> #REF! | BA38: =AD38*$F38 -> #REF! | BB38: 82111-47400 | BC38: =ROUNDUP(O38/$BC$13,0) -> #REF! | BD38: =ROUNDUP(R38/$BD$13,0) -> #REF! | BE38: =ROUNDUP(U38/$BE$13,0) -> #REF! | BF38: =ROUNDUP(X38/$BF$13,0) -> #REF! | BG38: =ROUNDUP(AA38/$BG$13,0) -> #REF! | BH38: =ROUNDUP(AD38/$BH$13,0) -> #REF! | BI38: =BI36+1 -> 21
C39: 82111-47401 | D39: =VLOOKUP(C39,[11]PRIUS!$C$3:$I$26,2,0) -> 0 | E39: =VLOOKUP(C39,[12]PRIUS!$C$3:$F$17,4,0) -> #N/A | F39: 313 | G39: 6 | H39: =VLOOKUP(C39,[13]PRIUS!$C$3:$I$34,3,0) -> 4.2965533 | I39: =VLOOKUP(C39,[13]PRIUS!$C$3:$I$34,7,0) -> 4.2607 | J39: =(GUM!#REF!-(GUM!#REF!*0.2)) -> #REF! | K39: =(GUM!#REF!-(GUM!#REF!*0.2)) -> #REF! | L39: =(GUM!#REF!-(GUM!#REF!*0.2)) -> #REF! | M39: =(GUM!#REF!-(GUM!#REF!*0.2)) -> #REF! | N39: =(GUM!#REF!-(GUM!#REF!*0.2)) -> #REF! | O39: =(GUM!#REF!-(GUM!#REF!*0.2)) -> #REF! | P39: =(GUM!#REF!-(GUM!#REF!*0.2)) -> #REF! | Q39: =(GUM!#REF!-(GUM!#REF!*0.2)) -> #REF! | ... AE39: =(GUM!#REF!-(GUM!#REF!*0.2)) -> #REF! | AF39: =AF38+1 -> 26 | AG39: =J39*$F39 -> #REF! | AH39: =K39*$F39 -> #REF! | AI39: =L39*$F39 -> #REF! | AJ39: =M39*$F39 -> #REF! | AK39: =K39*$F39 -> #REF! | AL39: =O39*$F39 -> #REF! | AM39: =P39*$F39 -> #REF! | AN39: =N39*$F39 -> #REF! | AO39: =R39*$F39 -> #REF! | AP39: =S39*$F39 -> #REF! | AQ39: =Q39*$F39 -> #REF! | AR39: =U39*$F39 -> #REF! | AS39: =V39*$F39 -> #REF! | AT39: =T39*$F39 -> #REF! | AU39: =X39*$F39 -> #REF! | AV39: =Y39*$F39 -> #REF! | AW39: =W39*$F39 -> #REF! | AX39: =AA39*$F39 -> #REF! | AY39: =AB39*$F39 -> #REF! | AZ39: =Z39*$F39 -> #REF! | BA39: =AD39*$F39 -> #REF! | BB39: 82111-47410 | BC39: =ROUNDUP(O39/$BC$13,0) -> #REF! | BD39: =ROUNDUP(R39/$BD$13,0) -> #REF! | BE39: =ROUNDUP(U39/$BE$13,0) -> #REF! | BF39: =ROUNDUP(X39/$BF$13,0) -> #REF! | BG39: =ROUNDUP(AA39/$BG$13,0) -> #REF! | BH39: =ROUNDUP(AD39/$BH$13,0) -> #REF! | BI39: =BI37+1 -> 21
C40: 82111-47402 | D40: =VLOOKUP(C40,[11]PRIUS!$C$3:$I$26,2,0) -> #N/A | E40: =VLOOKUP(C40,[12]PRIUS!$C$3:$F$17,4,0) -> #N/A | F40: 313 | G40: 6 | H40: =H39 -> 4.2965533 | I40: =I39 -> 4.2607 | J40: =(GUM!#REF!-(GUM!#REF!*0.2)) -> #REF! | K40: =(GUM!#REF!-(GUM!#REF!*0.2)) -> #REF! | L40: =(GUM!#REF!-(GUM!#REF!*0.2)) -> #REF! | M40: =(GUM!#REF!-(GUM!#REF!*0.2)) -> #REF! | N40: =(GUM!#REF!-(GUM!#REF!*0.2)) -> #REF! | O40: =(GUM!#REF!-(GUM!#REF!*0.2)) -> #REF! | P40: =(GUM!#REF!-(GUM!#REF!*0.2)) -> #REF! | Q40: =(GUM!#REF!-(GUM!#REF!*0.2)) -> #REF! | ... AE40: =(GUM!#REF!-(GUM!#REF!*0.2)) -> #REF! | AF40: =AF39+1 -> 27 | AG40: =J40*$F40 -> #REF! | AH40: =K40*$F40 -> #REF! | AI40: =L40*$F40 -> #REF! | AJ40: =M40*$F40 -> #REF! | AK40: =K40*$F40 -> #REF! | AL40: =O40*$F40 -> #REF! | AM40: =P40*$F40 -> #REF! | AN40: =N40*$F40 -> #REF! | AO40: =R40*$F40 -> #REF! | AP40: =S40*$F40 -> #REF! | AQ40: =Q40*$F40 -> #REF! | AR40: =U40*$F40 -> #REF! | AS40: =V40*$F40 -> #REF! | AT40: =T40*$F40 -> #REF! | AU40: =X40*$F40 -> #REF! | AV40: =Y40*$F40 -> #REF! | AW40: =W40*$F40 -> #REF! | AX40: =AA40*$F40 -> #REF! | AY40: =AB40*$F40 -> #REF! | AZ40: =Z40*$F40 -> #REF! | BA40: =AD40*$F40 -> #REF! | BB40: 82111-47410 | BC40: =ROUNDUP(O40/$BC$13,0) -> #REF! | BD40: =ROUNDUP(R40/$BD$13,0) -> #REF! | BE40: =ROUNDUP(U40/$BE$13,0) -> #REF! | BF40: =ROUNDUP(X40/$BF$13,0) -> #REF! | BG40: =ROUNDUP(AA40/$BG$13,0) -> #REF! | BH40: =ROUNDUP(AD40/$BH$13,0) -> #REF! | BI40: =BI38+1 -> 22
B41: EC | C41: 82111-47411 | D41: =VLOOKUP(C41,[11]PRIUS!$C$3:$I$26,2,0) -> 0 | E41: =VLOOKUP(C41,[12]PRIUS!$C$3:$F$17,4,0) -> #N/A | F41: 337 | G41: 6 | H41: =VLOOKUP(C41,[13]PRIUS!$C$3:$I$34,3,0) -> 4.03141 | I41: =VLOOKUP(C41,[13]PRIUS!$C$3:$I$34,7,0) -> 4.0054 | J41: =(GUM!#REF!-(GUM!#REF!*0.2)) -> #REF! | K41: =(GUM!#REF!-(GUM!#REF!*0.2)) -> #REF! | L41: =(GUM!#REF!-(GUM!#REF!*0.2)) -> #REF! | M41: =(GUM!#REF!-(GUM!#REF!*0.2)) -> #REF! | N41: =(GUM!#REF!-(GUM!#REF!*0.2)) -> #REF! | O41: =(GUM!#REF!-(GUM!#REF!*0.2)) -> #REF! | P41: =(GUM!#REF!-(GUM!#REF!*0.2)) -> #REF! | Q41: =(GUM!#REF!-(GUM!#REF!*0.2)) -> #REF! | ... AE41: =(GUM!#REF!-(GUM!#REF!*0.2)) -> #REF! | AF41: =AF40+1 -> 28 | AG41: =J41*$F41 -> #REF! | AH41: =K41*$F41 -> #REF! | AI41: =L41*$F41 -> #REF! | AJ41: =M41*$F41 -> #REF! | AK41: =K41*$F41 -> #REF! | AL41: =O41*$F41 -> #REF! | AM41: =P41*$F41 -> #REF! | AN41: =N41*$F41 -> #REF! | AO41: =R41*$F41 -> #REF! | AP41: =S41*$F41 -> #REF! | AQ41: =Q41*$F41 -> #REF! | AR41: =U41*$F41 -> #REF! | AS41: =V41*$F41 -> #REF! | AT41: =T41*$F41 -> #REF! | AU41: =X41*$F41 -> #REF! | AV41: =Y41*$F41 -> #REF! | AW41: =W41*$F41 -> #REF! | AX41: =AA41*$F41 -> #REF! | AY41: =AB41*$F41 -> #REF! | AZ41: =Z41*$F41 -> #REF! | BA41: =AD41*$F41 -> #REF! | BB41: 82111-47420 | BC41: =ROUNDUP(O41/$BC$13,0) -> #REF! | BD41: =ROUNDUP(R41/$BD$13,0) -> #REF! | BE41: =ROUNDUP(U41/$BE$13,0) -> #REF! | BF41: =ROUNDUP(X41/$BF$13,0) -> #REF! | BG41: =ROUNDUP(AA41/$BG$13,0) -> #REF! | BH41: =ROUNDUP(AD41/$BH$13,0) -> #REF! | BI41: =BI39+1 -> 22
C42: 82111-47412 | D42: =VLOOKUP(C42,[11]PRIUS!$C$3:$I$26,2,0) -> #N/A | E42: =VLOOKUP(C42,[12]PRIUS!$C$3:$F$17,4,0) -> #N/A | F42: 337 | G42: 6 | H42: =VLOOKUP(C42,[13]PRIUS!$C$3:$I$34,3,0) -> 4.03141 | I42: =VLOOKUP(C42,[13]PRIUS!$C$3:$I$34,7,0) -> 4.0336 | J42: =(GUM!#REF!-(GUM!#REF!*0.2)) -> #REF! | K42: =(GUM!#REF!-(GUM!#REF!*0.2)) -> #REF! | L42: =(GUM!#REF!-(GUM!#REF!*0.2)) -> #REF! | M42: =(GUM!#REF!-(GUM!#REF!*0.2)) -> #REF! | N42: =(GUM!#REF!-(GUM!#REF!*0.2)) -> #REF! | O42: =(GUM!#REF!-(GUM!#REF!*0.2)) -> #REF! | P42: =(GUM!#REF!-(GUM!#REF!*0.2)) -> #REF! | Q42: =(GUM!#REF!-(GUM!#REF!*0.2)) -> #REF! | ... AE42: =(GUM!#REF!-(GUM!#REF!*0.2)) -> #REF! | AF42: =AF41+1 -> 29 | AG42: =J42*$F42 -> #REF! | AH42: =K42*$F42 -> #REF! | AI42: =L42*$F42 -> #REF! | AJ42: =M42*$F42 -> #REF! | AK42: =K42*$F42 -> #REF! | AL42: =O42*$F42 -> #REF! | AM42: =P42*$F42 -> #REF! | AN42: =N42*$F42 -> #REF! | AO42: =R42*$F42 -> #REF! | AP42: =S42*$F42 -> #REF! | AQ42: =Q42*$F42 -> #REF! | AR42: =U42*$F42 -> #REF! | AS42: =V42*$F42 -> #REF! | AT42: =T42*$F42 -> #REF! | AU42: =X42*$F42 -> #REF! | AV42: =Y42*$F42 -> #REF! | AW42: =W42*$F42 -> #REF! | AX42: =AA42*$F42 -> #REF! | AY42: =AB42*$F42 -> #REF! | AZ42: =Z42*$F42 -> #REF! | BA42: =AD42*$F42 -> #REF! | BB42: 82111-47420 | BC42: =ROUNDUP(O42/$BC$13,0) -> #REF! | BD42: =ROUNDUP(R42/$BD$13,0) -> #REF! | BE42: =ROUNDUP(U42/$BE$13,0) -> #REF! | BF42: =ROUNDUP(X42/$BF$13,0) -> #REF! | BG42: =ROUNDUP(AA42/$BG$13,0) -> #REF! | BH42: =ROUNDUP(AD42/$BH$13,0) -> #REF! | BI42: =BI40+1 -> 23
C43: 82111-47431 | D43: =VLOOKUP(C43,[11]PRIUS!$C$3:$I$26,2,0) -> 0 | E43: =VLOOKUP(C43,[12]PRIUS!$C$3:$F$17,4,0) -> #N/A | F43: 313 | G43: 6 | H43: =VLOOKUP(C43,[13]PRIUS!$C$3:$I$34,3,0) -> 4.03141 | I43: =VLOOKUP(C43,[13]PRIUS!$C$3:$I$34,7,0) -> 4.0054 | J43: =(GUM!#REF!-(GUM!#REF!*0.2)) -> #REF! | K43: =(GUM!#REF!-(GUM!#REF!*0.2)) -> #REF! | L43: =(GUM!#REF!-(GUM!#REF!*0.2)) -> #REF! | M43: =(GUM!#REF!-(GUM!#REF!*0.2)) -> #REF! | N43: =(GUM!#REF!-(GUM!#REF!*0.2)) -> #REF! | O43: =(GUM!#REF!-(GUM!#REF!*0.2)) -> #REF! | P43: =(GUM!#REF!-(GUM!#REF!*0.2)) -> #REF! | Q43: =(GUM!#REF!-(GUM!#REF!*0.2)) -> #REF! | ... AE43: =(GUM!#REF!-(GUM!#REF!*0.2)) -> #REF! | AF43: =AF42+1 -> 30 | AG43: =J43*$F43 -> #REF! | AH43: =K43*$F43 -> #REF! | AI43: =L43*$F43 -> #REF! | AJ43: =M43*$F43 -> #REF! | AK43: =K43*$F43 -> #REF! | AL43: =O43*$F43 -> #REF! | AM43: =P43*$F43 -> #REF! | AN43: =N43*$F43 -> #REF! | AO43: =R43*$F43 -> #REF! | AP43: =S43*$F43 -> #REF! | AQ43: =Q43*$F43 -> #REF! | AR43: =U43*$F43 -> #REF! | AS43: =V43*$F43 -> #REF! | AT43: =T43*$F43 -> #REF! | AU43: =X43*$F43 -> #REF! | AV43: =Y43*$F43 -> #REF! | AW43: =W43*$F43 -> #REF! | AX43: =AA43*$F43 -> #REF! | AY43: =AB43*$F43 -> #REF! | AZ43: =Z43*$F43 -> #REF! | BA43: =AD43*$F43 -> #REF! | BB43: 82111-47430 | BC43: =ROUNDUP(O43/$BC$13,0) -> #REF! | BD43: =ROUNDUP(R43/$BD$13,0) -> #REF! | BE43: =ROUNDUP(U43/$BE$13,0) -> #REF! | BF43: =ROUNDUP(X43/$BF$13,0) -> #REF! | BG43: =ROUNDUP(AA43/$BG$13,0) -> #REF! | BH43: =ROUNDUP(AD43/$BH$13,0) -> #REF! | BI43: =BI41+1 -> 23
C44: 82111-47432 | D44: =VLOOKUP(C44,[11]PRIUS!$C$3:$I$26,2,0) -> #N/A | E44: =VLOOKUP(C44,[12]PRIUS!$C$3:$F$17,4,0) -> #N/A | F44: 313 | G44: 6 | H44: =VLOOKUP(C44,[13]PRIUS!$C$3:$I$34,3,0) -> 4.03141 | I44: =VLOOKUP(C44,[13]PRIUS!$C$3:$I$34,7,0) -> 4.0336 | J44: =(GUM!#REF!-(GUM!#REF!*0.2)) -> #REF! | K44: =(GUM!#REF!-(GUM!#REF!*0.2)) -> #REF! | L44: =(GUM!#REF!-(GUM!#REF!*0.2)) -> #REF! | M44: =(GUM!#REF!-(GUM!#REF!*0.2)) -> #REF! | N44: =(GUM!#REF!-(GUM!#REF!*0.2)) -> #REF! | O44: =(GUM!#REF!-(GUM!#REF!*0.2)) -> #REF! | P44: =(GUM!#REF!-(GUM!#REF!*0.2)) -> #REF! | Q44: =(GUM!#REF!-(GUM!#REF!*0.2)) -> #REF! | ... AE44: =(GUM!#REF!-(GUM!#REF!*0.2)) -> #REF! | AF44: =AF43+1 -> 31 | AG44: =J44*$F44 -> #REF! | AH44: =K44*$F44 -> #REF! | AI44: =L44*$F44 -> #REF! | AJ44: =M44*$F44 -> #REF! | AK44: =K44*$F44 -> #REF! | AL44: =O44*$F44 -> #REF! | AM44: =P44*$F44 -> #REF! | AN44: =N44*$F44 -> #REF! | AO44: =R44*$F44 -> #REF! | AP44: =S44*$F44 -> #REF! | AQ44: =Q44*$F44 -> #REF! | AR44: =U44*$F44 -> #REF! | AS44: =V44*$F44 -> #REF! | AT44: =T44*$F44 -> #REF! | AU44: =X44*$F44 -> #REF! | AV44: =Y44*$F44 -> #REF! | AW44: =W44*$F44 -> #REF! | AX44: =AA44*$F44 -> #REF! | AY44: =AB44*$F44 -> #REF! | AZ44: =Z44*$F44 -> #REF! | BA44: =AD44*$F44 -> #REF! | BB44: 82111-47430 | BC44: =ROUNDUP(O44/$BC$13,0) -> #REF! | BD44: =ROUNDUP(R44/$BD$13,0) -> #REF! | BE44: =ROUNDUP(U44/$BE$13,0) -> #REF! | BF44: =ROUNDUP(X44/$BF$13,0) -> #REF! | BG44: =ROUNDUP(AA44/$BG$13,0) -> #REF! | BH44: =ROUNDUP(AD44/$BH$13,0) -> #REF! | BI44: =BI42+1 -> 24
C45: 82111-47441 | D45: =VLOOKUP(C45,[11]PRIUS!$C$3:$I$26,2,0) -> 0 | E45: =VLOOKUP(C45,[12]PRIUS!$C$3:$F$17,4,0) -> #N/A | F45: 337 | G45: 6 | H45: =VLOOKUP(C45,[13]PRIUS!$C$3:$I$34,3,0) -> 4.1739333 | I45: =VLOOKUP(C45,[13]PRIUS!$C$3:$I$34,7,0) -> 4.1443 | J45: =(GUM!#REF!-(GUM!#REF!*0.2)) -> #REF! | K45: =(GUM!#REF!-(GUM!#REF!*0.2)) -> #REF! | L45: =(GUM!#REF!-(GUM!#REF!*0.2)) -> #REF! | M45: =(GUM!#REF!-(GUM!#REF!*0.2)) -> #REF! | N45: =(GUM!#REF!-(GUM!#REF!*0.2)) -> #REF! | O45: =(GUM!#REF!-(GUM!#REF!*0.2)) -> #REF! | P45: =(GUM!#REF!-(GUM!#REF!*0.2)) -> #REF! | Q45: =(GUM!#REF!-(GUM!#REF!*0.2)) -> #REF! | ... AE45: =(GUM!#REF!-(GUM!#REF!*0.2)) -> #REF! | AF45: =AF44+1 -> 32 | AG45: =J45*$F45 -> #REF! | AH45: =K45*$F45 -> #REF! | AI45: =L45*$F45 -> #REF! | AJ45: =M45*$F45 -> #REF! | AK45: =K45*$F45 -> #REF! | AL45: =O45*$F45 -> #REF! | AM45: =P45*$F45 -> #REF! | AN45: =N45*$F45 -> #REF! | AO45: =R45*$F45 -> #REF! | AP45: =S45*$F45 -> #REF! | AQ45: =Q45*$F45 -> #REF! | AR45: =U45*$F45 -> #REF! | AS45: =V45*$F45 -> #REF! | AT45: =T45*$F45 -> #REF! | AU45: =X45*$F45 -> #REF! | AV45: =Y45*$F45 -> #REF! | AW45: =W45*$F45 -> #REF! | AX45: =AA45*$F45 -> #REF! | AY45: =AB45*$F45 -> #REF! | AZ45: =Z45*$F45 -> #REF! | BA45: =AD45*$F45 -> #REF! | BB45: 82111-47440 | BC45: =ROUNDUP(O45/$BC$13,0) -> #REF! | BD45: =ROUNDUP(R45/$BD$13,0) -> #REF! | BE45: =ROUNDUP(U45/$BE$13,0) -> #REF! | BF45: =ROUNDUP(X45/$BF$13,0) -> #REF! | BG45: =ROUNDUP(AA45/$BG$13,0) -> #REF! | BH45: =ROUNDUP(AD45/$BH$13,0) -> #REF! | BI45: =BI43+1 -> 24
C46: 82111-47442 | D46: =VLOOKUP(C46,[11]PRIUS!$C$3:$I$26,2,0) -> #N/A | E46: =VLOOKUP(C46,[12]PRIUS!$C$3:$F$17,4,0) -> #N/A | F46: 337 | G46: 6 | H46: =VLOOKUP(C46,[13]PRIUS!$C$3:$I$34,3,0) -> 4.1739333 | I46: =VLOOKUP(C46,[13]PRIUS!$C$3:$I$34,7,0) -> 4.1651 | J46: =(GUM!#REF!-(GUM!#REF!*0.2)) -> #REF! | K46: =(GUM!#REF!-(GUM!#REF!*0.2)) -> #REF! | L46: =(GUM!#REF!-(GUM!#REF!*0.2)) -> #REF! | M46: =(GUM!#REF!-(GUM!#REF!*0.2)) -> #REF! | N46: =(GUM!#REF!-(GUM!#REF!*0.2)) -> #REF! | O46: =(GUM!#REF!-(GUM!#REF!*0.2)) -> #REF! | P46: =(GUM!#REF!-(GUM!#REF!*0.2)) -> #REF! | Q46: =(GUM!#REF!-(GUM!#REF!*0.2)) -> #REF! | ... AE46: =(GUM!#REF!-(GUM!#REF!*0.2)) -> #REF! | AF46: =AF45+1 -> 33 | AG46: =J46*$F46 -> #REF! | AH46: =K46*$F46 -> #REF! | AI46: =L46*$F46 -> #REF! | AJ46: =M46*$F46 -> #REF! | AK46: =K46*$F46 -> #REF! | AL46: =O46*$F46 -> #REF! | AM46: =P46*$F46 -> #REF! | AN46: =N46*$F46 -> #REF! | AO46: =R46*$F46 -> #REF! | AP46: =S46*$F46 -> #REF! | AQ46: =Q46*$F46 -> #REF! | AR46: =U46*$F46 -> #REF! | AS46: =V46*$F46 -> #REF! | AT46: =T46*$F46 -> #REF! | AU46: =X46*$F46 -> #REF! | AV46: =Y46*$F46 -> #REF! | AW46: =W46*$F46 -> #REF! | AX46: =AA46*$F46 -> #REF! | AY46: =AB46*$F46 -> #REF! | AZ46: =Z46*$F46 -> #REF! | BA46: =AD46*$F46 -> #REF! | BB46: 82111-47440 | BC46: =ROUNDUP(O46/$BC$13,0) -> #REF! | BD46: =ROUNDUP(R46/$BD$13,0) -> #REF! | BE46: =ROUNDUP(U46/$BE$13,0) -> #REF! | BF46: =ROUNDUP(X46/$BF$13,0) -> #REF! | BG46: =ROUNDUP(AA46/$BG$13,0) -> #REF! | BH46: =ROUNDUP(AD46/$BH$13,0) -> #REF! | BI46: =BI44+1 -> 25
B47: A/B 433W | C47: AB111-47330-1 D | D47: 0001 | E47: 8251 | F47: 2 | J47: =+J14+J15+J16+J17+J18+J19 -> #REF! | K47: =+K14+K15+K16+K17+K18+K19 -> #REF! | L47: =+L14+L15+L16+L17+L18+L19 -> #REF! | M47: =+M14+M15+M16+M17+M18+M19 -> #REF! | N47: =+N14+N15+N16+N17+N18+N19 -> #REF! | O47: =+O14+O15+O16+O17+O18+O19 -> #REF! | P47: =+P14+P15+P16+P17+P18+P19 -> #REF! | Q47: =+Q14+Q15+Q16+Q17+Q18+Q19 -> #REF! | ... AE47: =+AE14+AE15+AE16+AE17+AE18+AE19 -> #REF! | AF47: =AF46+1 -> 34 | BB47: AB111-47330-1 | BC47: =ROUNDUP(O47/$BC$13,0) -> #REF! | BD47: =ROUNDUP(R47/$BD$13,0) -> #REF! | BE47: =ROUNDUP(U47/$BE$13,0) -> #REF! | BF47: =ROUNDUP(X47/$BF$13,0) -> #REF! | BG47: =ROUNDUP(AA47/$BG$13,0) -> #REF! | BH47: =ROUNDUP(AD47/$BH$13,0) -> #REF!
C48: AB111-47330-2 D | D48: 0001 | E48: 8252 | F48: 2 | J48: =+J47 -> #REF! | K48: =+K47 -> #REF! | L48: =+L47 -> #REF! | M48: =+M47 -> #REF! | N48: =+N47 -> #REF! | O48: =+O47 -> #REF! | P48: =+P47 -> #REF! | Q48: =+Q47 -> #REF! | ... AE48: =+AE47 -> #REF! | AF48: =AF47+1 -> 35 | BB48: AB111-47330-2 | BC48: =ROUNDUP(O48/$BC$13,0) -> #REF! | BD48: =ROUNDUP(R48/$BD$13,0) -> #REF! | BE48: =ROUNDUP(U48/$BE$13,0) -> #REF! | BF48: =ROUNDUP(X48/$BF$13,0) -> #REF! | BG48: =ROUNDUP(AA48/$BG$13,0) -> #REF! | BH48: =ROUNDUP(AD48/$BH$13,0) -> #REF!
C49: AB111-47360-1 G | D49: 1011 | E49: 9392 | F49: 2 | J49: =SUM(J27:J34) -> #REF! | K49: =SUM(K27:K34) -> #REF! | L49: =SUM(L27:L34) -> #REF! | M49: =SUM(M27:M34) -> #REF! | N49: =SUM(N27:N34) -> #REF! | O49: =SUM(O27:O34) -> #REF! | P49: =SUM(P27:P34) -> #REF! | Q49: =SUM(Q27:Q34) -> #REF! | ... AE49: =SUM(AE27:AE34) -> #REF! | AF49: =AF48+1 -> 36 | BB49: AB111-47360-1 | BC49: =ROUNDUP(O49/$BC$13,0) -> #REF! | BD49: =ROUNDUP(R49/$BD$13,0) -> #REF! | BE49: =ROUNDUP(U49/$BE$13,0) -> #REF! | BF49: =ROUNDUP(X49/$BF$13,0) -> #REF! | BG49: =ROUNDUP(AA49/$BG$13,0) -> #REF! | BH49: =ROUNDUP(AD49/$BH$13,0) -> #REF!
C50: AB111-47360-2 G | D50: 1011 | E50: 9393 | F50: 2 | J50: =+J49 -> #REF! | K50: =+K49 -> #REF! | L50: =+L49 -> #REF! | M50: =+M49 -> #REF! | N50: =+N49 -> #REF! | O50: =+O49 -> #REF! | P50: =+P49 -> #REF! | Q50: =+Q49 -> #REF! | ... AE50: =+AE49 -> #REF! | AF50: =AF49+1 -> 37 | BB50: AB111-47360-2 | BC50: =ROUNDUP(O50/$BC$13,0) -> #REF! | BD50: =ROUNDUP(R50/$BD$13,0) -> #REF! | BE50: =ROUNDUP(U50/$BE$13,0) -> #REF! | BF50: =ROUNDUP(X50/$BF$13,0) -> #REF! | BG50: =ROUNDUP(AA50/$BG$13,0) -> #REF! | BH50: =ROUNDUP(AD50/$BH$13,0) -> #REF!
B51: A/B 377A | C51: AB111-47330-1 D | D51: 0022 | E51: 8251 | F51: 2 | J51: =J20+J22+J24+J21+J23+J26 -> #REF! | K51: =K20+K22+K24+K21+K23+K26 -> #REF! | L51: =L20+L22+L24+L21+L23+L26 -> #REF! | M51: =M20+M22+M24+M21+M23+M26 -> #REF! | N51: =N20+N22+N24+N21+N23+N26 -> #REF! | O51: =O20+O22+O24+O21+O23+O26 -> #REF! | P51: =P20+P22+P24+P21+P23+P26 -> #REF! | Q51: =Q20+Q22+Q24+Q21+Q23+Q26 -> #REF! | ... AE51: =AE20+AE22+AE24+AE21+AE23+AE26 -> #REF! | AF51: =AF50+1 -> 38 | BB51: AB111-47330-1 | BC51: =ROUNDUP(O51/$BC$13,0) -> #REF! | BD51: =ROUNDUP(R51/$BD$13,0) -> #REF! | BE51: =ROUNDUP(U51/$BE$13,0) -> #REF! | BF51: =ROUNDUP(X51/$BF$13,0) -> #REF! | BG51: =ROUNDUP(AA51/$BG$13,0) -> #REF! | BH51: =ROUNDUP(AD51/$BH$13,0) -> #REF!
C52: AB111-47330-2 D | D52: 0011 | E52: 8252 | F52: 2 | J52: =+J51 -> #REF! | K52: =+K51 -> #REF! | L52: =+L51 -> #REF! | M52: =+M51 -> #REF! | N52: =+N51 -> #REF! | O52: =+O51 -> #REF! | P52: =+P51 -> #REF! | Q52: =+Q51 -> #REF! | ... AE52: =+AE51 -> #REF! | AF52: =AF51+1 -> 39 | BB52: AB111-47330-2 | BC52: =ROUNDUP(O52/$BC$13,0) -> #REF! | BD52: =ROUNDUP(R52/$BD$13,0) -> #REF! | BE52: =ROUNDUP(U52/$BE$13,0) -> #REF! | BF52: =ROUNDUP(X52/$BF$13,0) -> #REF! | BG52: =ROUNDUP(AA52/$BG$13,0) -> #REF! | BH52: =ROUNDUP(AD52/$BH$13,0) -> #REF!
C53: AB111-47360-1 G | D53: 1022 | E53: 9392 | F53: 2 | J53: =SUM(J35:J46) -> #REF! | K53: =SUM(K35:K46) -> #REF! | L53: =SUM(L35:L46) -> #REF! | M53: =SUM(M35:M46) -> #REF! | N53: =SUM(N35:N46) -> #REF! | O53: =SUM(O35:O46) -> #REF! | P53: =SUM(P35:P46) -> #REF! | Q53: =SUM(Q35:Q46) -> #REF! | ... AE53: =SUM(AE35:AE46) -> #REF! | AF53: =AF52+1 -> 40 | BB53: AB111-47360-1 | BC53: =ROUNDUP(O53/$BC$13,0) -> #REF! | BD53: =ROUNDUP(R53/$BD$13,0) -> #REF! | BE53: =ROUNDUP(U53/$BE$13,0) -> #REF! | BF53: =ROUNDUP(X53/$BF$13,0) -> #REF! | BG53: =ROUNDUP(AA53/$BG$13,0) -> #REF! | BH53: =ROUNDUP(AD53/$BH$13,0) -> #REF!
C54: AB111-47360-2 G | D54: 1022 | E54: 9393 | F54: 2 | J54: =+J53 -> #REF! | K54: =+K53 -> #REF! | L54: =+L53 -> #REF! | M54: =+M53 -> #REF! | N54: =+N53 -> #REF! | O54: =+O53 -> #REF! | P54: =+P53 -> #REF! | Q54: =+Q53 -> #REF! | ... AE54: =+AE53 -> #REF! | AF54: =AF53+1 -> 41 | BB54: AB111-47360-2 | BC54: =ROUNDUP(O54/$BC$13,0) -> #REF! | BD54: =ROUNDUP(R54/$BD$13,0) -> #REF! | BE54: =ROUNDUP(U54/$BE$13,0) -> #REF! | BF54: =ROUNDUP(X54/$BF$13,0) -> #REF! | BG54: =ROUNDUP(AA54/$BG$13,0) -> #REF! | BH54: =ROUNDUP(AD54/$BH$13,0) -> #REF!
B55: TOTAL ALL WITHOUT A/B | J55: =SUM(J21:J46) -> #REF! | K55: =SUM(K21:K46) -> #REF! | L55: =SUM(L21:L46) -> #REF! | M55: =SUM(M21:M46) -> #REF! | N55: =SUM(N21:N46) -> #REF! | O55: =SUM(O21:O46) -> #REF! | P55: =SUM(P21:P46) -> #REF! | Q55: =SUM(Q21:Q46) -> #REF! | ... AD55: =SUM(AD21:AD46) -> #REF! | AE55: =SUM(AE14:AE34) -> #REF! | AG55: =SUM(AG25:AG28) -> #REF! | AH55: =SUM(AH25:AH28) -> #REF! | AI55: =SUM(AI25:AI28) -> #REF! | AJ55: =SUM(AJ25:AJ28) -> #REF! | AK55: =SUM(AK25:AK28) -> #REF! | AL55: =SUM(AL25:AL28) -> #REF! | AM55: =SUM(AM25:AM28) -> #REF! | AN55: =SUM(AN25:AN28) -> #REF! | ... BA55: =SUM(BA25:BA28) -> #REF! | BB55: TOTAL WITHOUT A/B | BC55: =ROUNDUP(O55/$BC$13,0) -> #REF! | BD55: =ROUNDUP(R55/$BD$13,0) -> #REF! | BE55: =ROUNDUP(U55/$BE$13,0) -> #REF! | BF55: =ROUNDUP(X55/$BF$13,0) -> #REF! | BG55: =ROUNDUP(AA55/$BG$13,0) -> #REF! | BH55: =ROUNDUP(AD55/$BH$13,0) -> #REF!
B56: Month | J56: =J11 -> FEB | M56: =M11 -> MAR | P56: =P11 -> APR | S56: =S11 -> MAY | V56: =V11 -> JUN | Y56: =Y11 -> JUL | AB56: =AB11 -> FEB | BC56: =SUM(BC14:BC54) -> #REF! | BD56: =SUM(BD14:BD54) -> #REF! | BE56: =SUM(BE14:BE54) -> #REF! | BF56: =SUM(BF14:BF54) -> #REF! | BG56: =SUM(BG14:BG54) -> #REF! | BH56: =SUM(BH14:BH54) -> #REF!
B57: Working Days Normal | J57: =VLOOKUP(J56,[15]Calender!$A$262:$I$321,2,0) -> 21 | M57: =VLOOKUP(M56,[15]Calender!$A$262:$I$321,2,0) -> 24 | P57: =VLOOKUP(P56,[15]Calender!$A$262:$I$321,2,0) -> 18 | S57: =VLOOKUP(S56,[15]Calender!$A$324:$I$383,2,0) -> 17 | V57: =VLOOKUP(V56,[9]Calender!$A$386:$I$400,2,0) -> #N/A | Y57: =VLOOKUP(Y56,[9]Calender!$A$386:$I$400,2,0) -> #N/A | AB57: =VLOOKUP(AB56,[16]Calender!$A$386:$I$410,2,0) -> 19
B58: Overtime | J58: =VLOOKUP(J56,[15]Calender!$A$262:$I$321,3,0) -> 3 | M58: =VLOOKUP(M56,[15]Calender!$A$262:$I$321,3,0) -> 4 | P58: =VLOOKUP(P56,[15]Calender!$A$262:$I$321,3,0) -> 4 | S58: =VLOOKUP(S56,[15]Calender!$A$324:$I$383,3,0) -> 4 | V58: =VLOOKUP(V56,[9]Calender!$A$386:$I$400,3,0) -> #N/A | Y58: =VLOOKUP(Y56,[9]Calender!$A$386:$I$400,3,0) -> #N/A | AB58: =VLOOKUP(AB56,[16]Calender!$A$386:$I$410,3,0) -> 4
B60: Note : | N60: =(N55-[17]GUM!$N$55)/N55 -> #REF! | Q60: =(Q55-[17]GUM!$N$55)/Q55 -> #REF! | T60: =(T55-[17]GUM!$N$55)/T55 -> #REF! | W60: =(W55-[17]GUM!$N$55)/W55 -> #REF! | Z60: =(Z55-[17]GUM!$N$55)/Z55 -> #REF! | AC60: =(AC55-[17]GUM!$N$55)/AC55 -> #REF!
B64: SIX MONTH PRODUCTION PLAN ( UMH )
M65: =L2 -> TOYOTA PRIUS (433W )
B66: =B3 -> S/R NO : 14-DEC-'10(PRD_52023_32G7_201101_3) | M66: =M3 -> Periode : DEC PROD 2010 (ACTUAL)
B67: =B4 -> FAX NO : EMAIL
B68: =B5 -> DATE :14-DEC-10
Z70: NSO
B73: Print Date : | C73: =NOW() -> 46093.481
B74: TYPE | C74: HARNESS No. | D74: LEVEL | E74: ASSY CODE | F74: CCT. | G74: Std Pack | H74: UMH | J74: =J11 -> FEB | M74: =M11 -> MAR | P74: =P11 -> APR | S74: =S11 -> MAY | V74: =V11 -> JUN | Y74: =Y11 -> JUL | AB74: =AB11 -> FEB | AE74: BAL | AG74: =J74 -> FEB | AJ74: =M74 -> MAR | AM74: =P74 -> APR | AP74: =S74 -> MAY | AS74: =V74 -> JUN | AV74: =Y74 -> JUL | AY74: =AB74 -> FEB
H75: Jan~Jun | I75: Jul~Dec | J75: =J12 -> 02/FEB ~ 25/FEB | M75: =M12 -> 01/MAR ~ 4/APR | P75: =P12 -> 05/APR ~ 30/APR | S75: =S12 -> 03/MAY ~ 27/MAY | V75: =V12 -> #N/A | Y75: =Y12 -> #N/A | AB75: =AB12 -> 01/FEB ~ 28/FEB | AG75: =J75 -> 02/FEB ~ 25/FEB | AJ75: =M75 -> 01/MAR ~ 4/APR | AM75: =P75 -> 05/APR ~ 30/APR | AP75: =S75 -> 03/MAY ~ 27/MAY | AS75: =V75 -> #N/A | AV75: =Y75 -> #N/A | AY75: =AB75 -> 01/FEB ~ 28/FEB | BC75: =M74 -> MAR | BD75: =P74 -> APR | BE75: =S74 -> MAY | BF75: =V74 -> JUN | BG75: =Y74 -> JUL | BH75: =AB74 -> FEB
H76: 2009 | I76: 2009 | J76: BAL | K76: DEL | L76: PROD | M76: BAL | N76: DEL | O76: PROD | P76: BAL | Q76: DEL | R76: PROD | S76: BAL | T76: DEL | U76: PROD | V76: BAL | W76: DEL | X76: PROD | Y76: BAL | Z76: DEL | AA76: PROD | AB76: BAL | AC76: DEL | AD76: PROD | AG76: =J76 -> BAL | AH76: =K76 -> DEL | AI76: =L76 -> PROD | AJ76: =M76 -> BAL | AK76: =N76 -> DEL | AL76: =O76 -> PROD | AM76: =P76 -> BAL | AN76: =Q76 -> DEL | ... BA76: =AD76 -> PROD | BC76: =#REF! -> #REF! | BD76: =#REF! -> #REF! | BE76: =#REF! -> #REF! | BF76: =#REF! -> #REF! | BG76: 4 | BH76: =#REF! -> #REF!
A77: RHD | B77: DOM | C77: =C14 -> 82111-47330 H | D77: =D14 -> 0902 | E77: =+E14 -> A424 | F77: =+F14 -> 304 | G77: =+G14 -> 6 | H77: =+H14 -> 4.1480633 | I77: =I14 -> 4.1261 | J77: =$H14*J14 -> #REF! | K77: =$H14*K14 -> #REF! | L77: =$H14*L14 -> #REF! | M77: =$I14*M14 -> #REF! | N77: =$I14*N14 -> #REF! | O77: =$I14*O14 -> #REF! | P77: =$I14*P14 -> #REF! | Q77: =$I14*Q14 -> #REF! | R77: =$I14*R14 -> #REF! | S77: =$I14*S14 -> #REF! | T77: =$I14*T14 -> #REF! | ... AD77: =$I14*AD14 -> #REF! | AE77: =$H14*AE14 -> #REF! | AG77: =J77*$F77 -> #REF! | AH77: =K77*$F77 -> #REF! | AI77: =L77*$F77 -> #REF! | AJ77: =M77*$F77 -> #REF! | AK77: =K77*$F77 -> #REF! | AL77: =O77*$F77 -> #REF! | AM77: =P77*$F77 -> #REF! | AN77: =N77*$F77 -> #REF! | AO77: =R77*$F77 -> #REF! | AP77: =S77*$F77 -> #REF! | AQ77: =Q77*$F77 -> #REF! | AR77: =U77*$F77 -> #REF! | AS77: =V77*$F77 -> #REF! | AT77: =T77*$F77 -> #REF! | AU77: =X77*$F77 -> #REF! | AV77: =Y77*$F77 -> #REF! | AW77: =W77*$F77 -> #REF! | AX77: =AA77*$F77 -> #REF! | AY77: =AB77*$F77 -> #REF! | AZ77: =Z77*$F77 -> #REF! | BA77: =AD77*$F77 -> #REF! | BC77: =ROUNDUP(O77/$BC$13,0) -> #REF! | BD77: =ROUNDUP(R77/$BD$13,0) -> #REF! | BE77: =ROUNDUP(U77/$BE$13,0) -> #REF! | BF77: =ROUNDUP(X77/$BF$13,0) -> #REF! | BG77: =ROUNDUP(AA77/$BG$13,0) -> #REF! | BH77: =ROUNDUP(AD77/$BH$13,0) -> #REF!
C78: =C15 -> 82111-47340 H | D78: =D15 -> 0902 | E78: =+E15 -> 9911 | F78: =+F15 -> 323 | G78: =+G15 -> 6 | H78: =+H15 -> 4.27966 | I78: =I15 -> 4.2541 | J78: =$H15*J15 -> #REF! | K78: =$H15*K15 -> #REF! | L78: =$H15*L15 -> #REF! | M78: =$I15*M15 -> #REF! | N78: =$I15*N15 -> #REF! | O78: =$I15*O15 -> #REF! | P78: =$I15*P15 -> #REF! | Q78: =$I15*Q15 -> #REF! | R78: =$I15*R15 -> #REF! | S78: =$I15*S15 -> #REF! | T78: =$I15*T15 -> #REF! | ... AD78: =$I15*AD15 -> #REF! | AE78: =$H15*AE15 -> #REF! | AG78: =J78*$F78 -> #REF! | AH78: =K78*$F78 -> #REF! | AI78: =L78*$F78 -> #REF! | AJ78: =M78*$F78 -> #REF! | AK78: =K78*$F78 -> #REF! | AL78: =O78*$F78 -> #REF! | AM78: =P78*$F78 -> #REF! | AN78: =N78*$F78 -> #REF! | AO78: =R78*$F78 -> #REF! | AP78: =S78*$F78 -> #REF! | AQ78: =Q78*$F78 -> #REF! | AR78: =U78*$F78 -> #REF! | AS78: =V78*$F78 -> #REF! | AT78: =T78*$F78 -> #REF! | AU78: =X78*$F78 -> #REF! | AV78: =Y78*$F78 -> #REF! | AW78: =W78*$F78 -> #REF! | AX78: =AA78*$F78 -> #REF! | AY78: =AB78*$F78 -> #REF! | AZ78: =Z78*$F78 -> #REF! | BA78: =AD78*$F78 -> #REF! | BC78: =ROUNDUP(O78/$BC$13,0) -> #REF! | BD78: =ROUNDUP(R78/$BD$13,0) -> #REF! | BE78: =ROUNDUP(U78/$BE$13,0) -> #REF! | BF78: =ROUNDUP(X78/$BF$13,0) -> #REF! | BG78: =ROUNDUP(AA78/$BG$13,0) -> #REF! | BH78: =ROUNDUP(AD78/$BH$13,0) -> #REF!
C79: =C16 -> 82111-47350 A | D79: =D16 -> 0301 | E79: =+E16 -> 7887 | F79: =+F16 -> 0 | G79: =+G16 -> 6 | H79: =+H16 -> 4.25618 | I79: =I16 -> 4.2483 | J79: =$H16*J16 -> #REF! | K79: =$H16*K16 -> #REF! | L79: =$H16*L16 -> #REF! | M79: =$I16*M16 -> #REF! | N79: =$I16*N16 -> #REF! | O79: =$I16*O16 -> #REF! | P79: =$I16*P16 -> #REF! | Q79: =$I16*Q16 -> #REF! | R79: =$I16*R16 -> #REF! | S79: =$I16*S16 -> #REF! | T79: =$I16*T16 -> #REF! | ... AD79: =$I16*AD16 -> #REF! | AE79: =$H16*AE16 -> #REF! | AG79: =J79*$F79 -> #REF! | AH79: =K79*$F79 -> #REF! | AI79: =L79*$F79 -> #REF! | AJ79: =M79*$F79 -> #REF! | AK79: =K79*$F79 -> #REF! | AL79: =O79*$F79 -> #REF! | AM79: =P79*$F79 -> #REF! | AN79: =N79*$F79 -> #REF! | AO79: =R79*$F79 -> #REF! | AP79: =S79*$F79 -> #REF! | AQ79: =Q79*$F79 -> #REF! | AR79: =U79*$F79 -> #REF! | AS79: =V79*$F79 -> #REF! | AT79: =T79*$F79 -> #REF! | AU79: =X79*$F79 -> #REF! | AV79: =Y79*$F79 -> #REF! | AW79: =W79*$F79 -> #REF! | AX79: =AA79*$F79 -> #REF! | AY79: =AB79*$F79 -> #REF! | AZ79: =Z79*$F79 -> #REF! | BA79: =AD79*$F79 -> #REF! | BC79: =ROUNDUP(O79/$BC$13,0) -> #REF! | BD79: =ROUNDUP(R79/$BD$13,0) -> #REF! | BE79: =ROUNDUP(U79/$BE$13,0) -> #REF! | BF79: =ROUNDUP(X79/$BF$13,0) -> #REF! | BG79: =ROUNDUP(AA79/$BG$13,0) -> #REF! | BH79: =ROUNDUP(AD79/$BH$13,0) -> #REF!
B80: EC | C80: =C17 -> 82111-47450 H | D80: =D17 -> 0902 | E80: =+E17 -> A426 | F80: =+F17 -> 332 | G80: =+G17 -> 6 | H80: =+H17 -> 4.3249983 | I80: =I17 -> 4.2968 | J80: =$H17*J17 -> #REF! | K80: =$H17*K17 -> #REF! | L80: =$H17*L17 -> #REF! | M80: =$I17*M17 -> #REF! | N80: =$I17*N17 -> #REF! | O80: =$I17*O17 -> #REF! | P80: =$I17*P17 -> #REF! | Q80: =$I17*Q17 -> #REF! | R80: =$I17*R17 -> #REF! | S80: =$I17*S17 -> #REF! | T80: =$I17*T17 -> #REF! | ... AD80: =$I17*AD17 -> #REF! | AE80: =$H17*AE17 -> #REF! | AG80: =J80*$F80 -> #REF! | AH80: =K80*$F80 -> #REF! | AI80: =L80*$F80 -> #REF! | AJ80: =M80*$F80 -> #REF! | AK80: =K80*$F80 -> #REF! | AL80: =O80*$F80 -> #REF! | AM80: =P80*$F80 -> #REF! | AN80: =N80*$F80 -> #REF! | AO80: =R80*$F80 -> #REF! | AP80: =S80*$F80 -> #REF! | AQ80: =Q80*$F80 -> #REF! | AR80: =U80*$F80 -> #REF! | AS80: =V80*$F80 -> #REF! | AT80: =T80*$F80 -> #REF! | AU80: =X80*$F80 -> #REF! | AV80: =Y80*$F80 -> #REF! | AW80: =W80*$F80 -> #REF! | AX80: =AA80*$F80 -> #REF! | AY80: =AB80*$F80 -> #REF! | AZ80: =Z80*$F80 -> #REF! | BA80: =AD80*$F80 -> #REF! | BC80: =ROUNDUP(O80/$BC$13,0) -> #REF! | BD80: =ROUNDUP(R80/$BD$13,0) -> #REF! | BE80: =ROUNDUP(U80/$BE$13,0) -> #REF! | BF80: =ROUNDUP(X80/$BF$13,0) -> #REF! | BG80: =ROUNDUP(AA80/$BG$13,0) -> #REF! | BH80: =ROUNDUP(AD80/$BH$13,0) -> #REF!
C81: =C18 -> 82111-47460 H | D81: =D18 -> 0802 | E81: =+E18 -> A427 | F81: =+F18 -> 351 | G81: =+G18 -> 6 | H81: =+H18 -> 4.4175 | I81: =I18 -> 4.3862 | J81: =$H18*J18 -> #REF! | K81: =$H18*K18 -> #REF! | L81: =$H18*L18 -> #REF! | M81: =$I18*M18 -> #REF! | N81: =$I18*N18 -> #REF! | O81: =$I18*O18 -> #REF! | P81: =$I18*P18 -> #REF! | Q81: =$I18*Q18 -> #REF! | R81: =$I18*R18 -> #REF! | S81: =$I18*S18 -> #REF! | T81: =$I18*T18 -> #REF! | ... AD81: =$I18*AD18 -> #REF! | AE81: =$H18*AE18 -> #REF! | AG81: =J81*$F81 -> #REF! | AH81: =K81*$F81 -> #REF! | AI81: =L81*$F81 -> #REF! | AJ81: =M81*$F81 -> #REF! | AK81: =K81*$F81 -> #REF! | AL81: =O81*$F81 -> #REF! | AM81: =P81*$F81 -> #REF! | AN81: =N81*$F81 -> #REF! | AO81: =R81*$F81 -> #REF! | AP81: =S81*$F81 -> #REF! | AQ81: =Q81*$F81 -> #REF! | AR81: =U81*$F81 -> #REF! | AS81: =V81*$F81 -> #REF! | AT81: =T81*$F81 -> #REF! | AU81: =X81*$F81 -> #REF! | AV81: =Y81*$F81 -> #REF! | AW81: =W81*$F81 -> #REF! | AX81: =AA81*$F81 -> #REF! | AY81: =AB81*$F81 -> #REF! | AZ81: =Z81*$F81 -> #REF! | BA81: =AD81*$F81 -> #REF! | BC81: =ROUNDUP(O81/$BC$13,0) -> #REF! | BD81: =ROUNDUP(R81/$BD$13,0) -> #REF! | BE81: =ROUNDUP(U81/$BE$13,0) -> #REF! | BF81: =ROUNDUP(X81/$BF$13,0) -> #REF! | BG81: =ROUNDUP(AA81/$BG$13,0) -> #REF! | BH81: =ROUNDUP(AD81/$BH$13,0) -> #REF!
C82: =C19 -> 82111-47480 B | D82: =D19 -> 0 | E82: =+E19 -> 8600 | F82: =+F19 -> 301 | G82: =+G19 -> 6 | H82: =+H19 -> 4.023425 | I82: =I19 -> 4.023425 | J82: =$H19*J19 -> #REF! | K82: =$H19*K19 -> #REF! | L82: =$H19*L19 -> #REF! | M82: =$I19*M19 -> #REF! | N82: =$I19*N19 -> #REF! | O82: =$I19*O19 -> #REF! | P82: =$I19*P19 -> #REF! | Q82: =$I19*Q19 -> #REF! | R82: =$I19*R19 -> #REF! | S82: =$I19*S19 -> #REF! | T82: =$I19*T19 -> #REF! | ... AD82: =$I19*AD19 -> #REF! | AE82: =$H19*AE19 -> #REF! | AG82: =J82*$F82 -> #REF! | AH82: =K82*$F82 -> #REF! | AI82: =L82*$F82 -> #REF! | AJ82: =M82*$F82 -> #REF! | AK82: =K82*$F82 -> #REF! | AL82: =O82*$F82 -> #REF! | AM82: =P82*$F82 -> #REF! | AN82: =N82*$F82 -> #REF! | AO82: =R82*$F82 -> #REF! | AP82: =S82*$F82 -> #REF! | AQ82: =Q82*$F82 -> #REF! | AR82: =U82*$F82 -> #REF! | AS82: =V82*$F82 -> #REF! | AT82: =T82*$F82 -> #REF! | AU82: =X82*$F82 -> #REF! | AV82: =Y82*$F82 -> #REF! | AW82: =W82*$F82 -> #REF! | AX82: =AA82*$F82 -> #REF! | AY82: =AB82*$F82 -> #REF! | AZ82: =Z82*$F82 -> #REF! | BA82: =AD82*$F82 -> #REF! | BC82: =ROUNDUP(O82/$BC$13,0) -> #REF! | BD82: =ROUNDUP(R82/$BD$13,0) -> #REF! | BE82: =ROUNDUP(U82/$BE$13,0) -> #REF! | BF82: =ROUNDUP(X82/$BF$13,0) -> #REF! | BG82: =ROUNDUP(AA82/$BG$13,0) -> #REF! | BH82: =ROUNDUP(AD82/$BH$13,0) -> #REF!
B83: EC | C83: =C20 -> 82111-47461 | D83: =D20 -> #N/A | E83: =+E20 -> #N/A | F83: =+F20 -> 332 | G83: =+G20 -> 6 | H83: =+H20 -> 4.4175 | I83: =I20 -> 4.3971 | J83: =$H20*J20 -> #REF! | K83: =$H20*K20 -> #REF! | L83: =$H20*L20 -> #REF! | M83: =$I20*M20 -> #REF! | N83: =$I20*N20 -> #REF! | O83: =$I20*O20 -> #REF! | P83: =$I20*P20 -> #REF! | Q83: =$I20*Q20 -> #REF! | R83: =$I20*R20 -> #REF! | S83: =$I20*S20 -> #REF! | T83: =$I20*T20 -> #REF! | ... AD83: =$I20*AD20 -> #REF! | AE83: =$H20*AE20 -> #REF! | AG83: =J83*$F83 -> #REF! | AH83: =K83*$F83 -> #REF! | AI83: =L83*$F83 -> #REF! | AJ83: =M83*$F83 -> #REF! | AK83: =K83*$F83 -> #REF! | AL83: =O83*$F83 -> #REF! | AM83: =P83*$F83 -> #REF! | AN83: =N83*$F83 -> #REF! | AO83: =R83*$F83 -> #REF! | AP83: =S83*$F83 -> #REF! | AQ83: =Q83*$F83 -> #REF! | AR83: =U83*$F83 -> #REF! | AS83: =V83*$F83 -> #REF! | AT83: =T83*$F83 -> #REF! | AU83: =X83*$F83 -> #REF! | AV83: =Y83*$F83 -> #REF! | AW83: =W83*$F83 -> #REF! | AX83: =AA83*$F83 -> #REF! | AY83: =AB83*$F83 -> #REF! | AZ83: =Z83*$F83 -> #REF! | BA83: =AD83*$F83 -> #REF! | BC83: =ROUNDUP(O83/$BC$13,0) -> #REF! | BD83: =ROUNDUP(R83/$BD$13,0) -> #REF! | BE83: =ROUNDUP(U83/$BE$13,0) -> #REF! | BF83: =ROUNDUP(X83/$BF$13,0) -> #REF! | BG83: =ROUNDUP(AA83/$BG$13,0) -> #REF! | BH83: =ROUNDUP(AD83/$BH$13,0) -> #REF!
C84: =C21 -> 82111-47462 | D84: =D21 -> #N/A | E84: =+E21 -> #N/A | F84: =+F21 -> 332 | G84: =+G21 -> 6 | H84: =+H21 -> 4.4175 | I84: =I21 -> 4.3971 | J84: =$H21*J21 -> 0 | K84: =$H21*K21 -> 0 | L84: =$H21*L21 -> 0 | M84: =$I21*M21 -> 0 | N84: =$I21*N21 -> 0 | O84: =$I21*O21 -> 0 | P84: =$I21*P21 -> 0 | Q84: =$I21*Q21 -> 0 | R84: =$I21*R21 -> 0 | S84: =$I21*S21 -> 0 | T84: =$I21*T21 -> 0 | ... AD84: =$I21*AD21 -> 0 | AE84: =$H21*AE21 -> 0 | AG84: =J84*$F84 -> 0 | AH84: =K84*$F84 -> 0 | AI84: =L84*$F84 -> 0 | AJ84: =M84*$F84 -> 0 | AK84: =K84*$F84 -> 0 | AL84: =O84*$F84 -> 0 | AM84: =P84*$F84 -> 0 | AN84: =N84*$F84 -> 0 | AO84: =R84*$F84 -> 0 | AP84: =S84*$F84 -> 0 | AQ84: =Q84*$F84 -> 0 | AR84: =U84*$F84 -> 0 | AS84: =V84*$F84 -> 0 | AT84: =T84*$F84 -> 0 | AU84: =X84*$F84 -> 0 | AV84: =Y84*$F84 -> 0 | AW84: =W84*$F84 -> 0 | AX84: =AA84*$F84 -> 0 | AY84: =AB84*$F84 -> 0 | AZ84: =Z84*$F84 -> 0 | BA84: =AD84*$F84 -> 0 | BC84: =ROUNDUP(O84/$BC$13,0) -> 0 | BD84: =ROUNDUP(R84/$BD$13,0) -> 0 | BE84: =ROUNDUP(U84/$BE$13,0) -> 0 | BF84: =ROUNDUP(X84/$BF$13,0) -> 0 | BG84: =ROUNDUP(AA84/$BG$13,0) -> 0 | BH84: =ROUNDUP(AD84/$BH$13,0) -> 0
C85: =C22 -> 82111-47341 | D85: =D22 -> 0 | E85: =+E22 -> #N/A | F85: =+F22 -> 351 | G85: =+G22 -> 6 | H85: =+H22 -> 4.27966 | I85: =I22 -> 4.2541 | J85: =$H22*J22 -> #REF! | K85: =$H22*K22 -> #REF! | L85: =$H22*L22 -> #REF! | M85: =$I22*M22 -> #REF! | N85: =$I22*N22 -> #REF! | O85: =$I22*O22 -> #REF! | P85: =$I22*P22 -> #REF! | Q85: =$I22*Q22 -> #REF! | R85: =$I22*R22 -> #REF! | S85: =$I22*S22 -> #REF! | T85: =$I22*T22 -> #REF! | ... AD85: =$I22*AD22 -> #REF! | AE85: =$H22*AE22 -> #REF! | AG85: =J85*$F85 -> #REF! | AH85: =K85*$F85 -> #REF! | AI85: =L85*$F85 -> #REF! | AJ85: =M85*$F85 -> #REF! | AK85: =K85*$F85 -> #REF! | AL85: =O85*$F85 -> #REF! | AM85: =P85*$F85 -> #REF! | AN85: =N85*$F85 -> #REF! | AO85: =R85*$F85 -> #REF! | AP85: =S85*$F85 -> #REF! | AQ85: =Q85*$F85 -> #REF! | AR85: =U85*$F85 -> #REF! | AS85: =V85*$F85 -> #REF! | AT85: =T85*$F85 -> #REF! | AU85: =X85*$F85 -> #REF! | AV85: =Y85*$F85 -> #REF! | AW85: =W85*$F85 -> #REF! | AX85: =AA85*$F85 -> #REF! | AY85: =AB85*$F85 -> #REF! | AZ85: =Z85*$F85 -> #REF! | BA85: =AD85*$F85 -> #REF! | BC85: =ROUNDUP(O85/$BC$13,0) -> #REF! | BD85: =ROUNDUP(R85/$BD$13,0) -> #REF! | BE85: =ROUNDUP(U85/$BE$13,0) -> #REF! | BF85: =ROUNDUP(X85/$BF$13,0) -> #REF! | BG85: =ROUNDUP(AA85/$BG$13,0) -> #REF! | BH85: =ROUNDUP(AD85/$BH$13,0) -> #REF!
C86: =C23 -> 82111-47342 | D86: =D23 -> #N/A | E86: =+E23 -> #N/A | F86: =+F23 -> 351 | G86: =+G23 -> 6 | H86: =+H23 -> 4.27966 | I86: =I23 -> 4.2541 | J86: =$H23*J23 -> #REF! | K86: =$H23*K23 -> #REF! | L86: =$H23*L23 -> #REF! | M86: =$I23*M23 -> #REF! | N86: =$I23*N23 -> #REF! | O86: =$I23*O23 -> #REF! | P86: =$I23*P23 -> #REF! | Q86: =$I23*Q23 -> #REF! | R86: =$I23*R23 -> #REF! | S86: =$I23*S23 -> #REF! | T86: =$I23*T23 -> #REF! | ... AD86: =$I23*AD23 -> #REF! | AE86: =$H23*AE23 -> #REF! | AG86: =J86*$F86 -> #REF! | AH86: =K86*$F86 -> #REF! | AI86: =L86*$F86 -> #REF! | AJ86: =M86*$F86 -> #REF! | AK86: =K86*$F86 -> #REF! | AL86: =O86*$F86 -> #REF! | AM86: =P86*$F86 -> #REF! | AN86: =N86*$F86 -> #REF! | AO86: =R86*$F86 -> #REF! | AP86: =S86*$F86 -> #REF! | AQ86: =Q86*$F86 -> #REF! | AR86: =U86*$F86 -> #REF! | AS86: =V86*$F86 -> #REF! | AT86: =T86*$F86 -> #REF! | AU86: =X86*$F86 -> #REF! | AV86: =Y86*$F86 -> #REF! | AW86: =W86*$F86 -> #REF! | AX86: =AA86*$F86 -> #REF! | AY86: =AB86*$F86 -> #REF! | AZ86: =Z86*$F86 -> #REF! | BA86: =AD86*$F86 -> #REF! | BC86: =ROUNDUP(O86/$BC$13,0) -> #REF! | BD86: =ROUNDUP(R86/$BD$13,0) -> #REF! | BE86: =ROUNDUP(U86/$BE$13,0) -> #REF! | BF86: =ROUNDUP(X86/$BF$13,0) -> #REF! | BG86: =ROUNDUP(AA86/$BG$13,0) -> #REF! | BH86: =ROUNDUP(AD86/$BH$13,0) -> #REF!
C87: =C24 -> 82111-47451 | D87: =D24 -> 0 | E87: =+E24 -> #N/A | F87: =+F24 -> 301 | G87: =+G24 -> 6 | H87: =+H24 -> 4.3249983 | I87: =I24 -> 4.2968 | J87: =$H24*J24 -> #REF! | K87: =$H24*K24 -> #REF! | L87: =$H24*L24 -> #REF! | M87: =$I24*M24 -> #REF! | N87: =$I24*N24 -> #REF! | O87: =$I24*O24 -> #REF! | P87: =$I24*P24 -> #REF! | Q87: =$I24*Q24 -> #REF! | R87: =$I24*R24 -> #REF! | S87: =$I24*S24 -> #REF! | T87: =$I24*T24 -> #REF! | ... AD87: =$I24*AD24 -> #REF! | AE87: =$H24*AE24 -> #REF! | AG87: =J87*$F87 -> #REF! | AH87: =K87*$F87 -> #REF! | AI87: =L87*$F87 -> #REF! | AJ87: =M87*$F87 -> #REF! | AK87: =K87*$F87 -> #REF! | AL87: =O87*$F87 -> #REF! | AM87: =P87*$F87 -> #REF! | AN87: =N87*$F87 -> #REF! | AO87: =R87*$F87 -> #REF! | AP87: =S87*$F87 -> #REF! | AQ87: =Q87*$F87 -> #REF! | AR87: =U87*$F87 -> #REF! | AS87: =V87*$F87 -> #REF! | AT87: =T87*$F87 -> #REF! | AU87: =X87*$F87 -> #REF! | AV87: =Y87*$F87 -> #REF! | AW87: =W87*$F87 -> #REF! | AX87: =AA87*$F87 -> #REF! | AY87: =AB87*$F87 -> #REF! | AZ87: =Z87*$F87 -> #REF! | BA87: =AD87*$F87 -> #REF! | BC87: =ROUNDUP(O87/$BC$13,0) -> #REF! | BD87: =ROUNDUP(R87/$BD$13,0) -> #REF! | BE87: =ROUNDUP(U87/$BE$13,0) -> #REF! | BF87: =ROUNDUP(X87/$BF$13,0) -> #REF! | BG87: =ROUNDUP(AA87/$BG$13,0) -> #REF! | BH87: =ROUNDUP(AD87/$BH$13,0) -> #REF!
C88: =C25 -> 82111-47360 J | D88: =D25 -> 0 | E88: =+E25 -> #N/A | F88: =+F25 -> 309 | G88: =+G25 -> 6 | H88: =+H25 -> 4.0269067 | I88: =I25 -> 4.059 | J88: =$H25*J25 -> #REF! | K88: =$H25*K25 -> #REF! | L88: =$H25*L25 -> #REF! | M88: =$I25*M25 -> #REF! | N88: =$I25*N25 -> #REF! | O88: =$I25*O25 -> #REF! | P88: =$I25*P25 -> #REF! | Q88: =$I25*Q25 -> #REF! | R88: =$I25*R25 -> #REF! | S88: =$I25*S25 -> #REF! | T88: =$I25*T25 -> #REF! | ... AD88: =$I25*AD25 -> #REF! | AE88: =$H25*AE25 -> #REF! | AG88: =J88*$F88 -> #REF! | AH88: =K88*$F88 -> #REF! | AI88: =L88*$F88 -> #REF! | AJ88: =M88*$F88 -> #REF! | AK88: =K88*$F88 -> #REF! | AL88: =O88*$F88 -> #REF! | AM88: =P88*$F88 -> #REF! | AN88: =N88*$F88 -> #REF! | AO88: =R88*$F88 -> #REF! | AP88: =S88*$F88 -> #REF! | AQ88: =Q88*$F88 -> #REF! | AR88: =U88*$F88 -> #REF! | AS88: =V88*$F88 -> #REF! | AT88: =T88*$F88 -> #REF! | AU88: =X88*$F88 -> #REF! | AV88: =Y88*$F88 -> #REF! | AW88: =W88*$F88 -> #REF! | AX88: =AA88*$F88 -> #REF! | AY88: =AB88*$F88 -> #REF! | AZ88: =Z88*$F88 -> #REF! | BA88: =AD88*$F88 -> #REF! | BC88: =ROUNDUP(O88/$BC$13,0) -> #REF! | BD88: =ROUNDUP(R88/$BD$13,0) -> #REF! | BE88: =ROUNDUP(U88/$BE$13,0) -> #REF! | BF88: =ROUNDUP(X88/$BF$13,0) -> #REF! | BG88: =ROUNDUP(AA88/$BG$13,0) -> #REF! | BH88: =ROUNDUP(AD88/$BH$13,0) -> #REF!
A89: LHD | B89: USA | C89: =C25 -> 82111-47360 J | D89: =D25 -> 0 | E89: =+E25 -> #N/A | F89: =+F25 -> 309 | G89: =+G25 -> 6 | H89: =+H25 -> 4.0269067 | I89: =I25 -> 4.059 | J89: =$H25*J25 -> #REF! | K89: =$H25*K25 -> #REF! | L89: =$H25*L25 -> #REF! | M89: =$I25*M25 -> #REF! | N89: =$I25*N25 -> #REF! | O89: =$I25*O25 -> #REF! | P89: =$I25*P25 -> #REF! | Q89: =$I25*Q25 -> #REF! | R89: =$I25*R25 -> #REF! | S89: =$I25*S25 -> #REF! | T89: =$I25*T25 -> #REF! | ... AD89: =$I25*AD25 -> #REF! | AE89: =$H25*AE25 -> #REF! | AG89: =J89*$F89 -> #REF! | AH89: =K89*$F89 -> #REF! | AI89: =L89*$F89 -> #REF! | AJ89: =M89*$F89 -> #REF! | AK89: =K89*$F89 -> #REF! | AL89: =O89*$F89 -> #REF! | AM89: =P89*$F89 -> #REF! | AN89: =N89*$F89 -> #REF! | AO89: =R89*$F89 -> #REF! | AP89: =S89*$F89 -> #REF! | AQ89: =Q89*$F89 -> #REF! | AR89: =U89*$F89 -> #REF! | AS89: =V89*$F89 -> #REF! | AT89: =T89*$F89 -> #REF! | AU89: =X89*$F89 -> #REF! | AV89: =Y89*$F89 -> #REF! | AW89: =W89*$F89 -> #REF! | AX89: =AA89*$F89 -> #REF! | AY89: =AB89*$F89 -> #REF! | AZ89: =Z89*$F89 -> #REF! | BA89: =AD89*$F89 -> #REF! | BC89: =ROUNDUP(O89/$BC$13,0) -> #REF! | BD89: =ROUNDUP(R89/$BD$13,0) -> #REF! | BE89: =ROUNDUP(U89/$BE$13,0) -> #REF! | BF89: =ROUNDUP(X89/$BF$13,0) -> #REF! | BG89: =ROUNDUP(AA89/$BG$13,0) -> #REF! | BH89: =ROUNDUP(AD89/$BH$13,0) -> #REF!
C90: =C27 -> 82111-47370 J | D90: =D27 -> 0401 | E90: =+E27 -> A430 | F90: =+F27 -> 315 | G90: =+G27 -> 6 | H90: =+H27 -> 4.1404883 | I90: =I27 -> 4.1083 | J90: =$H27*J27 -> #REF! | K90: =$H27*K27 -> #REF! | L90: =$H27*L27 -> #REF! | M90: =$I27*M27 -> #REF! | N90: =$I27*N27 -> #REF! | O90: =$I27*O27 -> #REF! | P90: =$I27*P27 -> #REF! | Q90: =$I27*Q27 -> #REF! | R90: =$I27*R27 -> #REF! | S90: =$I27*S27 -> #REF! | T90: =$I27*T27 -> #REF! | ... AD90: =$I27*AD27 -> #REF! | AE90: =$H27*AE27 -> #REF! | AG90: =J90*$F90 -> #REF! | AH90: =K90*$F90 -> #REF! | AI90: =L90*$F90 -> #REF! | AJ90: =M90*$F90 -> #REF! | AK90: =K90*$F90 -> #REF! | AL90: =O90*$F90 -> #REF! | AM90: =P90*$F90 -> #REF! | AN90: =N90*$F90 -> #REF! | AO90: =R90*$F90 -> #REF! | AP90: =S90*$F90 -> #REF! | AQ90: =Q90*$F90 -> #REF! | AR90: =U90*$F90 -> #REF! | AS90: =V90*$F90 -> #REF! | AT90: =T90*$F90 -> #REF! | AU90: =X90*$F90 -> #REF! | AV90: =Y90*$F90 -> #REF! | AW90: =W90*$F90 -> #REF! | AX90: =AA90*$F90 -> #REF! | AY90: =AB90*$F90 -> #REF! | AZ90: =Z90*$F90 -> #REF! | BA90: =AD90*$F90 -> #REF! | BC90: =ROUNDUP(O90/$BC$13,0) -> #REF! | BD90: =ROUNDUP(R90/$BD$13,0) -> #REF! | BE90: =ROUNDUP(U90/$BE$13,0) -> #REF! | BF90: =ROUNDUP(X90/$BF$13,0) -> #REF! | BG90: =ROUNDUP(AA90/$BG$13,0) -> #REF! | BH90: =ROUNDUP(AD90/$BH$13,0) -> #REF!
C91: =C28 -> 82111-47380 H | D91: =D28 -> 0 | E91: =+E28 -> 9404 | F91: =+F28 -> 347 | G91: =+G28 -> 6 | H91: =+H28 -> 4.1453517 | I91: =I28 -> 4.1453517 | J91: =$H28*J28 -> 0 | K91: =$H28*K28 -> 0 | L91: =$H28*L28 -> 0 | M91: =$I28*M28 -> 0 | N91: =$I28*N28 -> 0 | O91: =$I28*O28 -> 0 | P91: =$I28*P28 -> 0 | Q91: =$I28*Q28 -> 0 | R91: =$I28*R28 -> 0 | S91: =$I28*S28 -> 0 | T91: =$I28*T28 -> 0 | ... AD91: =$I28*AD28 -> 0 | AE91: =$H28*AE28 -> 0 | AG91: =J91*$F91 -> 0 | AH91: =K91*$F91 -> 0 | AI91: =L91*$F91 -> 0 | AJ91: =M91*$F91 -> 0 | AK91: =K91*$F91 -> 0 | AL91: =O91*$F91 -> 0 | AM91: =P91*$F91 -> 0 | AN91: =N91*$F91 -> 0 | AO91: =R91*$F91 -> 0 | AP91: =S91*$F91 -> 0 | AQ91: =Q91*$F91 -> 0 | AR91: =U91*$F91 -> 0 | AS91: =V91*$F91 -> 0 | AT91: =T91*$F91 -> 0 | AU91: =X91*$F91 -> 0 | AV91: =Y91*$F91 -> 0 | AW91: =W91*$F91 -> 0 | AX91: =AA91*$F91 -> 0 | AY91: =AB91*$F91 -> 0 | AZ91: =Z91*$F91 -> 0 | BA91: =AD91*$F91 -> 0 | BC91: =ROUNDUP(O91/$BC$13,0) -> 0 | BD91: =ROUNDUP(R91/$BD$13,0) -> 0 | BE91: =ROUNDUP(U91/$BE$13,0) -> 0 | BF91: =ROUNDUP(X91/$BF$13,0) -> 0 | BG91: =ROUNDUP(AA91/$BG$13,0) -> 0 | BH91: =ROUNDUP(AD91/$BH$13,0) -> 0
B92: CANADA | C92: =C29 -> 82111-47390 J | D92: =D29 -> 0402 | E92: =+E29 -> A432 | F92: =+F29 -> 321 | G92: =+G29 -> 6 | H92: =+H29 -> 4.1974933 | I92: =I29 -> 4.1611 | J92: =$H29*J29 -> 0 | K92: =$H29*K29 -> 0 | L92: =$H29*L29 -> 0 | M92: =$I29*M29 -> 0 | N92: =$I29*N29 -> 0 | O92: =$I29*O29 -> 0 | P92: =$I29*P29 -> 0 | Q92: =$I29*Q29 -> 0 | R92: =$I29*R29 -> 0 | S92: =$I29*S29 -> 0 | T92: =$I29*T29 -> 0 | ... AD92: =$I29*AD29 -> 0 | AE92: =$H29*AE29 -> 0 | AG92: =J92*$F92 -> 0 | AH92: =K92*$F92 -> 0 | AI92: =L92*$F92 -> 0 | AJ92: =M92*$F92 -> 0 | AK92: =K92*$F92 -> 0 | AL92: =O92*$F92 -> 0 | AM92: =P92*$F92 -> 0 | AN92: =N92*$F92 -> 0 | AO92: =R92*$F92 -> 0 | AP92: =S92*$F92 -> 0 | AQ92: =Q92*$F92 -> 0 | AR92: =U92*$F92 -> 0 | AS92: =V92*$F92 -> 0 | AT92: =T92*$F92 -> 0 | AU92: =X92*$F92 -> 0 | AV92: =Y92*$F92 -> 0 | AW92: =W92*$F92 -> 0 | AX92: =AA92*$F92 -> 0 | AY92: =AB92*$F92 -> 0 | AZ92: =Z92*$F92 -> 0 | BA92: =AD92*$F92 -> 0 | BC92: =ROUNDUP(O92/$BC$13,0) -> 0 | BD92: =ROUNDUP(R92/$BD$13,0) -> 0 | BE92: =ROUNDUP(U92/$BE$13,0) -> 0 | BF92: =ROUNDUP(X92/$BF$13,0) -> 0 | BG92: =ROUNDUP(AA92/$BG$13,0) -> 0 | BH92: =ROUNDUP(AD92/$BH$13,0) -> 0
C93: =C30 -> 82111-47400 J | D93: =D30 -> 0402 | E93: =+E30 -> 9947 | F93: =+F30 -> 347 | G93: =+G30 -> 6 | H93: =+H30 -> 4.2965533 | I93: =I30 -> 4.2607 | J93: =$H30*J30 -> #REF! | K93: =$H30*K30 -> #REF! | L93: =$H30*L30 -> #REF! | M93: =$I30*M30 -> #REF! | N93: =$I30*N30 -> #REF! | O93: =$I30*O30 -> #REF! | P93: =$I30*P30 -> #REF! | Q93: =$I30*Q30 -> #REF! | R93: =$I30*R30 -> #REF! | S93: =$I30*S30 -> #REF! | T93: =$I30*T30 -> #REF! | ... AD93: =$I30*AD30 -> #REF! | AE93: =$H30*AE30 -> #REF! | AG93: =J93*$F93 -> #REF! | AH93: =K93*$F93 -> #REF! | AI93: =L93*$F93 -> #REF! | AJ93: =M93*$F93 -> #REF! | AK93: =K93*$F93 -> #REF! | AL93: =O93*$F93 -> #REF! | AM93: =P93*$F93 -> #REF! | AN93: =N93*$F93 -> #REF! | AO93: =R93*$F93 -> #REF! | AP93: =S93*$F93 -> #REF! | AQ93: =Q93*$F93 -> #REF! | AR93: =U93*$F93 -> #REF! | AS93: =V93*$F93 -> #REF! | AT93: =T93*$F93 -> #REF! | AU93: =X93*$F93 -> #REF! | AV93: =Y93*$F93 -> #REF! | AW93: =W93*$F93 -> #REF! | AX93: =AA93*$F93 -> #REF! | AY93: =AB93*$F93 -> #REF! | AZ93: =Z93*$F93 -> #REF! | BA93: =AD93*$F93 -> #REF! | BC93: =ROUNDUP(O93/$BC$13,0) -> #REF! | BD93: =ROUNDUP(R93/$BD$13,0) -> #REF! | BE93: =ROUNDUP(U93/$BE$13,0) -> #REF! | BF93: =ROUNDUP(X93/$BF$13,0) -> #REF! | BG93: =ROUNDUP(AA93/$BG$13,0) -> #REF! | BH93: =ROUNDUP(AD93/$BH$13,0) -> #REF!
B94: EC-LHD | C94: =C31 -> 82111-47410 J | D94: =D31 -> 0 | E94: =+E31 -> #N/A | F94: =+F31 -> 313 | G94: =+G31 -> 6 | H94: =+H31 -> 4.03141 | I94: =I31 -> 4.0054 | J94: =$H31*J31 -> #REF! | K94: =$H31*K31 -> #REF! | L94: =$H31*L31 -> #REF! | M94: =$I31*M31 -> #REF! | N94: =$I31*N31 -> #REF! | O94: =$I31*O31 -> #REF! | P94: =$I31*P31 -> #REF! | Q94: =$I31*Q31 -> #REF! | R94: =$I31*R31 -> #REF! | S94: =$I31*S31 -> #REF! | T94: =$I31*T31 -> #REF! | ... AD94: =$I31*AD31 -> #REF! | AE94: =$H31*AE31 -> #REF! | AG94: =J94*$F94 -> #REF! | AH94: =K94*$F94 -> #REF! | AI94: =L94*$F94 -> #REF! | AJ94: =M94*$F94 -> #REF! | AK94: =K94*$F94 -> #REF! | AL94: =O94*$F94 -> #REF! | AM94: =P94*$F94 -> #REF! | AN94: =N94*$F94 -> #REF! | AO94: =R94*$F94 -> #REF! | AP94: =S94*$F94 -> #REF! | AQ94: =Q94*$F94 -> #REF! | AR94: =U94*$F94 -> #REF! | AS94: =V94*$F94 -> #REF! | AT94: =T94*$F94 -> #REF! | AU94: =X94*$F94 -> #REF! | AV94: =Y94*$F94 -> #REF! | AW94: =W94*$F94 -> #REF! | AX94: =AA94*$F94 -> #REF! | AY94: =AB94*$F94 -> #REF! | AZ94: =Z94*$F94 -> #REF! | BA94: =AD94*$F94 -> #REF! | BC94: =ROUNDUP(O94/$BC$13,0) -> #REF! | BD94: =ROUNDUP(R94/$BD$13,0) -> #REF! | BE94: =ROUNDUP(U94/$BE$13,0) -> #REF! | BF94: =ROUNDUP(X94/$BF$13,0) -> #REF! | BG94: =ROUNDUP(AA94/$BG$13,0) -> #REF! | BH94: =ROUNDUP(AD94/$BH$13,0) -> #REF!
C95: =C32 -> 82111-47420 J | D95: =D32 -> 0401 | E95: =+E32 -> A435 | F95: =+F32 -> 337 | G95: =+G32 -> 6 | H95: =+H32 -> 4.1739333 | I95: =I32 -> 4.1443 | J95: =$H32*J32 -> #REF! | K95: =$H32*K32 -> #REF! | L95: =$H32*L32 -> #REF! | M95: =$I32*M32 -> #REF! | N95: =$I32*N32 -> #REF! | O95: =$I32*O32 -> #REF! | P95: =$I32*P32 -> #REF! | Q95: =$I32*Q32 -> #REF! | R95: =$I32*R32 -> #REF! | S95: =$I32*S32 -> #REF! | T95: =$I32*T32 -> #REF! | ... AD95: =$I32*AD32 -> #REF! | AE95: =$H32*AE32 -> #REF! | AG95: =J95*$F95 -> #REF! | AH95: =K95*$F95 -> #REF! | AI95: =L95*$F95 -> #REF! | AJ95: =M95*$F95 -> #REF! | AK95: =K95*$F95 -> #REF! | AL95: =O95*$F95 -> #REF! | AM95: =P95*$F95 -> #REF! | AN95: =N95*$F95 -> #REF! | AO95: =R95*$F95 -> #REF! | AP95: =S95*$F95 -> #REF! | AQ95: =Q95*$F95 -> #REF! | AR95: =U95*$F95 -> #REF! | AS95: =V95*$F95 -> #REF! | AT95: =T95*$F95 -> #REF! | AU95: =X95*$F95 -> #REF! | AV95: =Y95*$F95 -> #REF! | AW95: =W95*$F95 -> #REF! | AX95: =AA95*$F95 -> #REF! | AY95: =AB95*$F95 -> #REF! | AZ95: =Z95*$F95 -> #REF! | BA95: =AD95*$F95 -> #REF! | BC95: =ROUNDUP(O95/$BC$13,0) -> #REF! | BD95: =ROUNDUP(R95/$BD$13,0) -> #REF! | BE95: =ROUNDUP(U95/$BE$13,0) -> #REF! | BF95: =ROUNDUP(X95/$BF$13,0) -> #REF! | BG95: =ROUNDUP(AA95/$BG$13,0) -> #REF! | BH95: =ROUNDUP(AD95/$BH$13,0) -> #REF!
C96: =C33 -> 82111-47430 J | D96: =D33 -> 0401 | E96: =+E33 -> A436 | F96: =+F33 -> 313 | G96: =+G33 -> 6 | H96: =+H33 -> 4.03141 | I96: =I33 -> 4.0054 | J96: =$H33*J33 -> #REF! | K96: =$H33*K33 -> #REF! | L96: =$H33*L33 -> #REF! | M96: =$I33*M33 -> #REF! | N96: =$I33*N33 -> #REF! | O96: =$I33*O33 -> #REF! | P96: =$I33*P33 -> #REF! | Q96: =$I33*Q33 -> #REF! | R96: =$I33*R33 -> #REF! | S96: =$I33*S33 -> #REF! | T96: =$I33*T33 -> #REF! | ... AD96: =$I33*AD33 -> #REF! | AE96: =$H33*AE33 -> #REF! | AG96: =J96*$F96 -> #REF! | AH96: =K96*$F96 -> #REF! | AI96: =L96*$F96 -> #REF! | AJ96: =M96*$F96 -> #REF! | AK96: =K96*$F96 -> #REF! | AL96: =O96*$F96 -> #REF! | AM96: =P96*$F96 -> #REF! | AN96: =N96*$F96 -> #REF! | AO96: =R96*$F96 -> #REF! | AP96: =S96*$F96 -> #REF! | AQ96: =Q96*$F96 -> #REF! | AR96: =U96*$F96 -> #REF! | AS96: =V96*$F96 -> #REF! | AT96: =T96*$F96 -> #REF! | AU96: =X96*$F96 -> #REF! | AV96: =Y96*$F96 -> #REF! | AW96: =W96*$F96 -> #REF! | AX96: =AA96*$F96 -> #REF! | AY96: =AB96*$F96 -> #REF! | AZ96: =Z96*$F96 -> #REF! | BA96: =AD96*$F96 -> #REF! | BC96: =ROUNDUP(O96/$BC$13,0) -> #REF! | BD96: =ROUNDUP(R96/$BD$13,0) -> #REF! | BE96: =ROUNDUP(U96/$BE$13,0) -> #REF! | BF96: =ROUNDUP(X96/$BF$13,0) -> #REF! | BG96: =ROUNDUP(AA96/$BG$13,0) -> #REF! | BH96: =ROUNDUP(AD96/$BH$13,0) -> #REF!
C97: =C34 -> 82111-47440 J | D97: =D34 -> 0401 | E97: =+E34 -> A437 | F97: =+F34 -> 337 | G97: =+G34 -> 6 | H97: =+H34 -> 4.1739333 | I97: =I34 -> 4.1443 | J97: =$H34*J34 -> #REF! | K97: =$H34*K34 -> #REF! | L97: =$H34*L34 -> #REF! | M97: =$I34*M34 -> #REF! | N97: =$I34*N34 -> #REF! | O97: =$I34*O34 -> #REF! | P97: =$I34*P34 -> #REF! | Q97: =$I34*Q34 -> #REF! | R97: =$I34*R34 -> #REF! | S97: =$I34*S34 -> #REF! | T97: =$I34*T34 -> #REF! | ... AD97: =$I34*AD34 -> #REF! | AE97: =$H34*AE34 -> #REF! | AG97: =J97*$F97 -> #REF! | AH97: =K97*$F97 -> #REF! | AI97: =L97*$F97 -> #REF! | AJ97: =M97*$F97 -> #REF! | AK97: =K97*$F97 -> #REF! | AL97: =O97*$F97 -> #REF! | AM97: =P97*$F97 -> #REF! | AN97: =N97*$F97 -> #REF! | AO97: =R97*$F97 -> #REF! | AP97: =S97*$F97 -> #REF! | AQ97: =Q97*$F97 -> #REF! | AR97: =U97*$F97 -> #REF! | AS97: =V97*$F97 -> #REF! | AT97: =T97*$F97 -> #REF! | AU97: =X97*$F97 -> #REF! | AV97: =Y97*$F97 -> #REF! | AW97: =W97*$F97 -> #REF! | AX97: =AA97*$F97 -> #REF! | AY97: =AB97*$F97 -> #REF! | AZ97: =Z97*$F97 -> #REF! | BA97: =AD97*$F97 -> #REF! | BC97: =ROUNDUP(O97/$BC$13,0) -> #REF! | BD97: =ROUNDUP(R97/$BD$13,0) -> #REF! | BE97: =ROUNDUP(U97/$BE$13,0) -> #REF! | BF97: =ROUNDUP(X97/$BF$13,0) -> #REF! | BG97: =ROUNDUP(AA97/$BG$13,0) -> #REF! | BH97: =ROUNDUP(AD97/$BH$13,0) -> #REF!
C98: =C35 -> 82111-47371 | D98: =D35 -> 0 | E98: =+E35 -> #N/A | F98: =+F35 -> 321 | G98: =+G35 -> 6 | H98: =+H35 -> 4.1404883 | I98: =I35 -> 4.1083 | J98: =$H35*J35 -> #REF! | K98: =$H35*K35 -> #REF! | L98: =$H35*L35 -> #REF! | M98: =$I35*M35 -> #REF! | N98: =$I35*N35 -> #REF! | O98: =$I35*O35 -> #REF! | P98: =$I35*P35 -> #REF! | Q98: =$I35*Q35 -> #REF! | R98: =$I35*R35 -> #REF! | S98: =$I35*S35 -> #REF! | T98: =$I35*T35 -> #REF! | ... AD98: =$I35*AD35 -> #REF! | AE98: =$H35*AE35 -> #REF! | AG98: =J98*$F98 -> #REF! | AH98: =K98*$F98 -> #REF! | AI98: =L98*$F98 -> #REF! | AJ98: =M98*$F98 -> #REF! | AK98: =K98*$F98 -> #REF! | AL98: =O98*$F98 -> #REF! | AM98: =P98*$F98 -> #REF! | AN98: =N98*$F98 -> #REF! | AO98: =R98*$F98 -> #REF! | AP98: =S98*$F98 -> #REF! | AQ98: =Q98*$F98 -> #REF! | AR98: =U98*$F98 -> #REF! | AS98: =V98*$F98 -> #REF! | AT98: =T98*$F98 -> #REF! | AU98: =X98*$F98 -> #REF! | AV98: =Y98*$F98 -> #REF! | AW98: =W98*$F98 -> #REF! | AX98: =AA98*$F98 -> #REF! | AY98: =AB98*$F98 -> #REF! | AZ98: =Z98*$F98 -> #REF! | BA98: =AD98*$F98 -> #REF! | BC98: =ROUNDUP(O98/$BC$13,0) -> #REF! | BD98: =ROUNDUP(R98/$BD$13,0) -> #REF! | BE98: =ROUNDUP(U98/$BE$13,0) -> #REF! | BF98: =ROUNDUP(X98/$BF$13,0) -> #REF! | BG98: =ROUNDUP(AA98/$BG$13,0) -> #REF! | BH98: =ROUNDUP(AD98/$BH$13,0) -> #REF!
C99: =C36 -> 82111-47372 | D99: =D36 -> #N/A | E99: =+E36 -> #N/A | F99: =+F36 -> 321 | G99: =+G36 -> 6 | H99: =+H36 -> 4.1404883 | I99: =I36 -> 4.1192 | J99: =$H36*J36 -> #REF! | K99: =$H36*K36 -> #REF! | L99: =$H36*L36 -> #REF! | M99: =$I36*M36 -> #REF! | N99: =$I36*N36 -> #REF! | O99: =$I36*O36 -> #REF! | P99: =$I36*P36 -> #REF! | Q99: =$I36*Q36 -> #REF! | R99: =$I36*R36 -> #REF! | S99: =$I36*S36 -> #REF! | T99: =$I36*T36 -> #REF! | ... AD99: =$I36*AD36 -> #REF! | AE99: =$H36*AE36 -> #REF! | AG99: =J99*$F99 -> #REF! | AH99: =K99*$F99 -> #REF! | AI99: =L99*$F99 -> #REF! | AJ99: =M99*$F99 -> #REF! | AK99: =K99*$F99 -> #REF! | AL99: =O99*$F99 -> #REF! | AM99: =P99*$F99 -> #REF! | AN99: =N99*$F99 -> #REF! | AO99: =R99*$F99 -> #REF! | AP99: =S99*$F99 -> #REF! | AQ99: =Q99*$F99 -> #REF! | AR99: =U99*$F99 -> #REF! | AS99: =V99*$F99 -> #REF! | AT99: =T99*$F99 -> #REF! | AU99: =X99*$F99 -> #REF! | AV99: =Y99*$F99 -> #REF! | AW99: =W99*$F99 -> #REF! | AX99: =AA99*$F99 -> #REF! | AY99: =AB99*$F99 -> #REF! | AZ99: =Z99*$F99 -> #REF! | BA99: =AD99*$F99 -> #REF! | BC99: =ROUNDUP(O99/$BC$13,0) -> #REF! | BD99: =ROUNDUP(R99/$BD$13,0) -> #REF! | BE99: =ROUNDUP(U99/$BE$13,0) -> #REF! | BF99: =ROUNDUP(X99/$BF$13,0) -> #REF! | BG99: =ROUNDUP(AA99/$BG$13,0) -> #REF! | BH99: =ROUNDUP(AD99/$BH$13,0) -> #REF!
C100: =C37 -> 82111-47391 | D100: =D37 -> 0 | E100: =+E37 -> #N/A | F100: =+F37 -> 347 | G100: =+G37 -> 6 | H100: =+H37 -> 4.1974933 | I100: =I37 -> 4.1611 | J100: =$H37*J37 -> #REF! | K100: =$H37*K37 -> #REF! | L100: =$H37*L37 -> #REF! | M100: =$I37*M37 -> #REF! | N100: =$I37*N37 -> #REF! | O100: =$I37*O37 -> #REF! | P100: =$I37*P37 -> #REF! | Q100: =$I37*Q37 -> #REF! | R100: =$I37*R37 -> #REF! | S100: =$I37*S37 -> #REF! | T100: =$I37*T37 -> #REF! | ... AD100: =$I37*AD37 -> #REF! | AE100: =$H37*AE37 -> #REF! | AG100: =J100*$F100 -> #REF! | AH100: =K100*$F100 -> #REF! | AI100: =L100*$F100 -> #REF! | AJ100: =M100*$F100 -> #REF! | AK100: =K100*$F100 -> #REF! | AL100: =O100*$F100 -> #REF! | AM100: =P100*$F100 -> #REF! | AN100: =N100*$F100 -> #REF! | AO100: =R100*$F100 -> #REF! | AP100: =S100*$F100 -> #REF! | AQ100: =Q100*$F100 -> #REF! | AR100: =U100*$F100 -> #REF! | AS100: =V100*$F100 -> #REF! | AT100: =T100*$F100 -> #REF! | AU100: =X100*$F100 -> #REF! | AV100: =Y100*$F100 -> #REF! | AW100: =W100*$F100 -> #REF! | AX100: =AA100*$F100 -> #REF! | AY100: =AB100*$F100 -> #REF! | AZ100: =Z100*$F100 -> #REF! | BA100: =AD100*$F100 -> #REF! | BC100: =ROUNDUP(O100/$BC$13,0) -> #REF! | BD100: =ROUNDUP(R100/$BD$13,0) -> #REF! | BE100: =ROUNDUP(U100/$BE$13,0) -> #REF! | BF100: =ROUNDUP(X100/$BF$13,0) -> #REF! | BG100: =ROUNDUP(AA100/$BG$13,0) -> #REF! | BH100: =ROUNDUP(AD100/$BH$13,0) -> #REF!
C101: =C38 -> 82111-47392 | D101: =D38 -> #N/A | E101: =+E38 -> #N/A | F101: =+F38 -> 347 | G101: =+G38 -> 6 | H101: =+H38 -> 4.1974933 | I101: =I38 -> 4.1684 | J101: =$H38*J38 -> #REF! | K101: =$H38*K38 -> #REF! | L101: =$H38*L38 -> #REF! | M101: =$I38*M38 -> #REF! | N101: =$I38*N38 -> #REF! | O101: =$I38*O38 -> #REF! | P101: =$I38*P38 -> #REF! | Q101: =$I38*Q38 -> #REF! | R101: =$I38*R38 -> #REF! | S101: =$I38*S38 -> #REF! | T101: =$I38*T38 -> #REF! | ... AD101: =$I38*AD38 -> #REF! | AE101: =$H38*AE38 -> #REF! | AG101: =J101*$F101 -> #REF! | AH101: =K101*$F101 -> #REF! | AI101: =L101*$F101 -> #REF! | AJ101: =M101*$F101 -> #REF! | AK101: =K101*$F101 -> #REF! | AL101: =O101*$F101 -> #REF! | AM101: =P101*$F101 -> #REF! | AN101: =N101*$F101 -> #REF! | AO101: =R101*$F101 -> #REF! | AP101: =S101*$F101 -> #REF! | AQ101: =Q101*$F101 -> #REF! | AR101: =U101*$F101 -> #REF! | AS101: =V101*$F101 -> #REF! | AT101: =T101*$F101 -> #REF! | AU101: =X101*$F101 -> #REF! | AV101: =Y101*$F101 -> #REF! | AW101: =W101*$F101 -> #REF! | AX101: =AA101*$F101 -> #REF! | AY101: =AB101*$F101 -> #REF! | AZ101: =Z101*$F101 -> #REF! | BA101: =AD101*$F101 -> #REF! | BC101: =ROUNDUP(O101/$BC$13,0) -> #REF! | BD101: =ROUNDUP(R101/$BD$13,0) -> #REF! | BE101: =ROUNDUP(U101/$BE$13,0) -> #REF! | BF101: =ROUNDUP(X101/$BF$13,0) -> #REF! | BG101: =ROUNDUP(AA101/$BG$13,0) -> #REF! | BH101: =ROUNDUP(AD101/$BH$13,0) -> #REF!
C102: =C39 -> 82111-47401 | D102: =D39 -> 0 | E102: =+E39 -> #N/A | F102: =+F39 -> 313 | G102: =+G39 -> 6 | H102: =+H39 -> 4.2965533 | I102: =I39 -> 4.2607 | J102: =$H39*J39 -> #REF! | K102: =$H39*K39 -> #REF! | L102: =$H39*L39 -> #REF! | M102: =$I39*M39 -> #REF! | N102: =$I39*N39 -> #REF! | O102: =$I39*O39 -> #REF! | P102: =$I39*P39 -> #REF! | Q102: =$I39*Q39 -> #REF! | R102: =$I39*R39 -> #REF! | S102: =$I39*S39 -> #REF! | T102: =$I39*T39 -> #REF! | ... AD102: =$I39*AD39 -> #REF! | AE102: =$H39*AE39 -> #REF! | AG102: =J102*$F102 -> #REF! | AH102: =K102*$F102 -> #REF! | AI102: =L102*$F102 -> #REF! | AJ102: =M102*$F102 -> #REF! | AK102: =K102*$F102 -> #REF! | AL102: =O102*$F102 -> #REF! | AM102: =P102*$F102 -> #REF! | AN102: =N102*$F102 -> #REF! | AO102: =R102*$F102 -> #REF! | AP102: =S102*$F102 -> #REF! | AQ102: =Q102*$F102 -> #REF! | AR102: =U102*$F102 -> #REF! | AS102: =V102*$F102 -> #REF! | AT102: =T102*$F102 -> #REF! | AU102: =X102*$F102 -> #REF! | AV102: =Y102*$F102 -> #REF! | AW102: =W102*$F102 -> #REF! | AX102: =AA102*$F102 -> #REF! | AY102: =AB102*$F102 -> #REF! | AZ102: =Z102*$F102 -> #REF! | BA102: =AD102*$F102 -> #REF! | BC102: =ROUNDUP(O102/$BC$13,0) -> #REF! | BD102: =ROUNDUP(R102/$BD$13,0) -> #REF! | BE102: =ROUNDUP(U102/$BE$13,0) -> #REF! | BF102: =ROUNDUP(X102/$BF$13,0) -> #REF! | BG102: =ROUNDUP(AA102/$BG$13,0) -> #REF! | BH102: =ROUNDUP(AD102/$BH$13,0) -> #REF!
C103: =C40 -> 82111-47402 | D103: =D40 -> #N/A | E103: =+E40 -> #N/A | F103: =+F40 -> 313 | G103: =+G40 -> 6 | H103: =+H40 -> 4.2965533 | I103: =I40 -> 4.2607 | J103: =$H40*J40 -> #REF! | K103: =$H40*K40 -> #REF! | L103: =$H40*L40 -> #REF! | M103: =$I40*M40 -> #REF! | N103: =$I40*N40 -> #REF! | O103: =$I40*O40 -> #REF! | P103: =$I40*P40 -> #REF! | Q103: =$I40*Q40 -> #REF! | R103: =$I40*R40 -> #REF! | S103: =$I40*S40 -> #REF! | T103: =$I40*T40 -> #REF! | ... AD103: =$I40*AD40 -> #REF! | AE103: =$H40*AE40 -> #REF! | AG103: =J103*$F103 -> #REF! | AH103: =K103*$F103 -> #REF! | AI103: =L103*$F103 -> #REF! | AJ103: =M103*$F103 -> #REF! | AK103: =K103*$F103 -> #REF! | AL103: =O103*$F103 -> #REF! | AM103: =P103*$F103 -> #REF! | AN103: =N103*$F103 -> #REF! | AO103: =R103*$F103 -> #REF! | AP103: =S103*$F103 -> #REF! | AQ103: =Q103*$F103 -> #REF! | AR103: =U103*$F103 -> #REF! | AS103: =V103*$F103 -> #REF! | AT103: =T103*$F103 -> #REF! | AU103: =X103*$F103 -> #REF! | AV103: =Y103*$F103 -> #REF! | AW103: =W103*$F103 -> #REF! | AX103: =AA103*$F103 -> #REF! | AY103: =AB103*$F103 -> #REF! | AZ103: =Z103*$F103 -> #REF! | BA103: =AD103*$F103 -> #REF! | BC103: =ROUNDUP(O103/$BC$13,0) -> #REF! | BD103: =ROUNDUP(R103/$BD$13,0) -> #REF! | BE103: =ROUNDUP(U103/$BE$13,0) -> #REF! | BF103: =ROUNDUP(X103/$BF$13,0) -> #REF! | BG103: =ROUNDUP(AA103/$BG$13,0) -> #REF! | BH103: =ROUNDUP(AD103/$BH$13,0) -> #REF!
C104: =C41 -> 82111-47411 | D104: =D41 -> 0 | E104: =+E41 -> #N/A | F104: =+F41 -> 337 | G104: =+G41 -> 6 | H104: =+H41 -> 4.03141 | I104: =I41 -> 4.0054 | J104: =$H41*J41 -> #REF! | K104: =$H41*K41 -> #REF! | L104: =$H41*L41 -> #REF! | M104: =$I41*M41 -> #REF! | N104: =$I41*N41 -> #REF! | O104: =$I41*O41 -> #REF! | P104: =$I41*P41 -> #REF! | Q104: =$I41*Q41 -> #REF! | R104: =$I41*R41 -> #REF! | S104: =$I41*S41 -> #REF! | T104: =$I41*T41 -> #REF! | ... AD104: =$I41*AD41 -> #REF! | AE104: =$H41*AE41 -> #REF! | AG104: =J104*$F104 -> #REF! | AH104: =K104*$F104 -> #REF! | AI104: =L104*$F104 -> #REF! | AJ104: =M104*$F104 -> #REF! | AK104: =K104*$F104 -> #REF! | AL104: =O104*$F104 -> #REF! | AM104: =P104*$F104 -> #REF! | AN104: =N104*$F104 -> #REF! | AO104: =R104*$F104 -> #REF! | AP104: =S104*$F104 -> #REF! | AQ104: =Q104*$F104 -> #REF! | AR104: =U104*$F104 -> #REF! | AS104: =V104*$F104 -> #REF! | AT104: =T104*$F104 -> #REF! | AU104: =X104*$F104 -> #REF! | AV104: =Y104*$F104 -> #REF! | AW104: =W104*$F104 -> #REF! | AX104: =AA104*$F104 -> #REF! | AY104: =AB104*$F104 -> #REF! | AZ104: =Z104*$F104 -> #REF! | BA104: =AD104*$F104 -> #REF! | BC104: =ROUNDUP(O104/$BC$13,0) -> #REF! | BD104: =ROUNDUP(R104/$BD$13,0) -> #REF! | BE104: =ROUNDUP(U104/$BE$13,0) -> #REF! | BF104: =ROUNDUP(X104/$BF$13,0) -> #REF! | BG104: =ROUNDUP(AA104/$BG$13,0) -> #REF! | BH104: =ROUNDUP(AD104/$BH$13,0) -> #REF!
C105: =C42 -> 82111-47412 | D105: =D42 -> #N/A | E105: =+E42 -> #N/A | F105: =+F42 -> 337 | G105: =+G42 -> 6 | H105: =+H42 -> 4.03141 | I105: =I42 -> 4.0336 | J105: =$H42*J42 -> #REF! | K105: =$H42*K42 -> #REF! | L105: =$H42*L42 -> #REF! | M105: =$I42*M42 -> #REF! | N105: =$I42*N42 -> #REF! | O105: =$I42*O42 -> #REF! | P105: =$I42*P42 -> #REF! | Q105: =$I42*Q42 -> #REF! | R105: =$I42*R42 -> #REF! | S105: =$I42*S42 -> #REF! | T105: =$I42*T42 -> #REF! | ... AD105: =$I42*AD42 -> #REF! | AE105: =$H42*AE42 -> #REF! | AG105: =J105*$F105 -> #REF! | AH105: =K105*$F105 -> #REF! | AI105: =L105*$F105 -> #REF! | AJ105: =M105*$F105 -> #REF! | AK105: =K105*$F105 -> #REF! | AL105: =O105*$F105 -> #REF! | AM105: =P105*$F105 -> #REF! | AN105: =N105*$F105 -> #REF! | AO105: =R105*$F105 -> #REF! | AP105: =S105*$F105 -> #REF! | AQ105: =Q105*$F105 -> #REF! | AR105: =U105*$F105 -> #REF! | AS105: =V105*$F105 -> #REF! | AT105: =T105*$F105 -> #REF! | AU105: =X105*$F105 -> #REF! | AV105: =Y105*$F105 -> #REF! | AW105: =W105*$F105 -> #REF! | AX105: =AA105*$F105 -> #REF! | AY105: =AB105*$F105 -> #REF! | AZ105: =Z105*$F105 -> #REF! | BA105: =AD105*$F105 -> #REF! | BC105: =ROUNDUP(O105/$BC$13,0) -> #REF! | BD105: =ROUNDUP(R105/$BD$13,0) -> #REF! | BE105: =ROUNDUP(U105/$BE$13,0) -> #REF! | BF105: =ROUNDUP(X105/$BF$13,0) -> #REF! | BG105: =ROUNDUP(AA105/$BG$13,0) -> #REF! | BH105: =ROUNDUP(AD105/$BH$13,0) -> #REF!
C106: =C43 -> 82111-47431 | D106: =D43 -> 0 | E106: =+E43 -> #N/A | F106: =+F43 -> 313 | G106: =+G43 -> 6 | H106: =+H43 -> 4.03141 | I106: =I43 -> 4.0054 | J106: =$H43*J43 -> #REF! | K106: =$H43*K43 -> #REF! | L106: =$H43*L43 -> #REF! | M106: =$I43*M43 -> #REF! | N106: =$I43*N43 -> #REF! | O106: =$I43*O43 -> #REF! | P106: =$I43*P43 -> #REF! | Q106: =$I43*Q43 -> #REF! | R106: =$I43*R43 -> #REF! | S106: =$I43*S43 -> #REF! | T106: =$I43*T43 -> #REF! | ... AD106: =$I43*AD43 -> #REF! | AE106: =$H43*AE43 -> #REF! | AG106: =J106*$F106 -> #REF! | AH106: =K106*$F106 -> #REF! | AI106: =L106*$F106 -> #REF! | AJ106: =M106*$F106 -> #REF! | AK106: =K106*$F106 -> #REF! | AL106: =O106*$F106 -> #REF! | AM106: =P106*$F106 -> #REF! | AN106: =N106*$F106 -> #REF! | AO106: =R106*$F106 -> #REF! | AP106: =S106*$F106 -> #REF! | AQ106: =Q106*$F106 -> #REF! | AR106: =U106*$F106 -> #REF! | AS106: =V106*$F106 -> #REF! | AT106: =T106*$F106 -> #REF! | AU106: =X106*$F106 -> #REF! | AV106: =Y106*$F106 -> #REF! | AW106: =W106*$F106 -> #REF! | AX106: =AA106*$F106 -> #REF! | AY106: =AB106*$F106 -> #REF! | AZ106: =Z106*$F106 -> #REF! | BA106: =AD106*$F106 -> #REF! | BC106: =ROUNDUP(O106/$BC$13,0) -> #REF! | BD106: =ROUNDUP(R106/$BD$13,0) -> #REF! | BE106: =ROUNDUP(U106/$BE$13,0) -> #REF! | BF106: =ROUNDUP(X106/$BF$13,0) -> #REF! | BG106: =ROUNDUP(AA106/$BG$13,0) -> #REF! | BH106: =ROUNDUP(AD106/$BH$13,0) -> #REF!
... C110: =C47 -> AB111-47330-1 D | D110: =D47 -> 0001 | E110: =+E47 -> 8251 | F110: =+F47 -> 2 | G110: =+G47 -> 0 | H110: =+H47 -> 0 | I110: =I47 -> 0 | J110: =$H47*J47 -> #REF! | K110: =$H47*K47 -> #REF! | L110: =$H47*L47 -> #REF! | M110: =$I47*M47 -> #REF! | N110: =$I47*N47 -> #REF! | O110: =$I47*O47 -> #REF! | P110: =$I47*P47 -> #REF! | Q110: =$I47*Q47 -> #REF! | R110: =$I47*R47 -> #REF! | S110: =$I47*S47 -> #REF! | T110: =$I47*T47 -> #REF! | ... AD110: =$I47*AD47 -> #REF! | AE110: =$H47*AE47 -> #REF! | AG110: =J110*$F110 -> #REF! | AH110: =K110*$F110 -> #REF! | AI110: =L110*$F110 -> #REF! | AJ110: =M110*$F110 -> #REF! | AK110: =K110*$F110 -> #REF! | AL110: =O110*$F110 -> #REF! | AM110: =P110*$F110 -> #REF! | AN110: =N110*$F110 -> #REF! | AO110: =R110*$F110 -> #REF! | AP110: =S110*$F110 -> #REF! | AQ110: =Q110*$F110 -> #REF! | AR110: =U110*$F110 -> #REF! | AS110: =V110*$F110 -> #REF! | AT110: =T110*$F110 -> #REF! | AU110: =X110*$F110 -> #REF! | AV110: =Y110*$F110 -> #REF! | AW110: =W110*$F110 -> #REF! | AX110: =AA110*$F110 -> #REF! | AY110: =AB110*$F110 -> #REF! | AZ110: =Z110*$F110 -> #REF! | BA110: =AD110*$F110 -> #REF! | BC110: =ROUNDUP(O110/$BC$13,0) -> #REF! | BD110: =ROUNDUP(R110/$BD$13,0) -> #REF! | BE110: =ROUNDUP(U110/$BE$13,0) -> #REF! | BF110: =ROUNDUP(X110/$BF$13,0) -> #REF! | BG110: =ROUNDUP(AA110/$BG$13,0) -> #REF! | BH110: =ROUNDUP(AD110/$BH$13,0) -> #REF!
B111: TOTAL ALL WITHOUT A/B | J111: =SUM(J77:J110) -> #REF! | K111: =SUM(K77:K110) -> #REF! | L111: =SUM(L77:L110) -> #REF! | M111: =SUM(M77:M110) -> #REF! | N111: =SUM(N77:N110) -> #REF! | O111: =SUM(O77:O110) -> #REF! | P111: =SUM(P77:P110) -> #REF! | Q111: =SUM(Q77:Q110) -> #REF! | ... AD111: =SUM(AD77:AD110) -> #REF! | AE111: =SUM(AE77:AE97) -> #REF! | AG111: =SUM(AG80:AG82) -> #REF! | AH111: =SUM(AH80:AH82) -> #REF! | AI111: =SUM(AI80:AI82) -> #REF! | AJ111: =SUM(AJ80:AJ82) -> #REF! | AK111: =SUM(AK80:AK82) -> #REF! | AL111: =SUM(AL80:AL82) -> #REF! | AM111: =SUM(AM80:AM82) -> #REF! | AN111: =SUM(AN80:AN82) -> #REF! | ... BA111: =SUM(BA80:BA82) -> #REF! | BB111: TOTAL WITHOUT A/B | BC111: =ROUNDUP(O111/$BC$13,0) -> #REF! | BD111: =ROUNDUP(R111/$BD$13,0) -> #REF! | BE111: =ROUNDUP(U111/$BE$13,0) -> #REF! | BF111: =ROUNDUP(X111/$BF$13,0) -> #REF! | BG111: =ROUNDUP(AA111/$BG$13,0) -> #REF! | BH111: =ROUNDUP(AD111/$BH$13,0) -> #REF!
...

Sheet (AS-400 Jembatan)
D3: 4 | M3: =VLOOKUP(M$5,WEEK!$A$3:$D$14,4,0) -> 5 | V3: =VLOOKUP(V$5,WEEK!$A$3:$D$14,4,0) -> 4 | AE3: =VLOOKUP(AE$5,WEEK!$A$3:$D$14,4,0) -> 4 | AN3: =VLOOKUP(AN$5,WEEK!$A$3:$D$14,4,0) -> 5 | AW3: =VLOOKUP(AW$5,WEEK!A3:D14,4,0) -> 4
A4: Printed : | B4: =NOW() -> 46093.481 | D4: T | M4: W | V4: Z | AE4: AC | AN4: AC | AW4: AC
A5: TYPE | B5: HARNESS No. | C5: LEVEL | D5: =+GUM!L11 -> MAR | M5: =+GUM!O11 -> APR | V5: =+GUM!R11 -> MAY | AE5: =+GUM!U11 -> JUN | AN5: =+GUM!X11 -> JUL | AW5: =+GUM!AA11 -> AUG
D7: 1 | E7: 2 | F7: 3 | G7: 4 | H7: 5 | I7: SR | J7: SPP | K7: BAL | L7: VALUE | M7: 1 | N7: 2 | O7: 3 | P7: 4 | Q7: 5 | R7: SR | S7: SPP | T7: BAL | U7: VALUE | V7: 1 | W7: 2 | X7: 3 | Y7: 4 | Z7: 5 | AA7: SR | AB7: SPP | AC7: BAL | AD7: VALUE | AE7: 1 | AF7: 2 | AG7: 3 | AH7: 4 | AI7: 5 | AJ7: SR | AK7: SPP | AL7: BAL | AM7: VALUE | AN7: 1 | AO7: 2 | AP7: 3 | AQ7: 4 | AR7: 5 | AS7: SR | AT7: SPP | AU7: BAL | AV7: VALUE | AW7: 1 | AX7: 2 | AY7: 3 | AZ7: 4 | BA7: 5 | BB7: SR | BC7: SPP | BD7: BAL | BE7: VALUE | BF7: =+#REF! -> #REF! | BG7: =+J5 -> 0 | BH7: =+S5 -> 0 | BI7: =+AB5 -> 0 | BJ7: =+AK5 -> 0
B8: =+GUM!C14 -> 0 | C8: =GUM!D14 -> 0 | D8: =+VLOOKUP($B8,[18]Sheet1!$B$8:$AC$55,3,0) -> #N/A | E8: =+VLOOKUP($B8,[18]Sheet1!$B$8:$AC$55,4,0) -> #N/A | F8: =+VLOOKUP($B8,[18]Sheet1!$B$8:$AC$55,5,0) -> #N/A | G8: =+VLOOKUP($B8,[18]Sheet1!$B$8:$AC$55,6,0) -> #N/A | I8: =SUM(D8:H8) -> #N/A | J8: =+VLOOKUP($B8,GUM!C14:AD49,12,0) -> #N/A | K8: =ROUNDUP((J8-I8)/$D$3,0) -> #N/A | BF8: =+#REF!*#REF! -> #REF! | BG8: =+D8*D$8 -> #N/A | BH8: =+M8*M$8 -> 0 | BI8: =+V8*V$8 -> 0 | BJ8: =+AE8*AE$8 -> 0 | BK8: 1
A9: ZR_HEV LHD | B9: =+GUM!C15 -> 82111-FET00 | C9: =GUM!D15 -> A 0101 | D9: =+VLOOKUP($B9,[18]Sheet1!$B$8:$AC$55,3,0) -> #N/A | E9: =+VLOOKUP($B9,[18]Sheet1!$B$8:$AC$55,4,0) -> #N/A | F9: =+VLOOKUP($B9,[18]Sheet1!$B$8:$AC$55,5,0) -> #N/A | G9: =+VLOOKUP($B9,[18]Sheet1!$B$8:$AC$55,6,0) -> #N/A | I9: =SUM(D9:H9) -> #N/A | J9: =+VLOOKUP($B9,GUM!C14:AD49,12,0) -> 0 | K9: =ROUNDUP((J9-I9)/$D$3,0) -> #N/A | M9: =VLOOKUP($B9,[1]Sheet1!$B$23:$AG$80,9,0) -> 0 | N9: =VLOOKUP($B9,[1]Sheet1!$B$23:$AG$80,10,0) -> 0 | O9: =VLOOKUP($B9,[1]Sheet1!$B$23:$AG$80,11,0) -> 0 | P9: =VLOOKUP($B9,[1]Sheet1!$B$23:$AG$80,12,0) -> 0 | Q9: =VLOOKUP($B9,[1]Sheet1!$B$23:$AG$80,13,0) -> 0 | R9: =SUM(M9:Q9) -> 0 | S9: =+VLOOKUP($B9,GUM!$C$14:$AD$49,15,0) -> 0 | T9: =ROUNDUP((S9-R9)/$M$3,0) -> 0 | V9: =VLOOKUP($B9,[1]Sheet1!$B$23:$AG$80,15,0) -> 0 | W9: =VLOOKUP($B9,[1]Sheet1!$B$23:$AG$80,16,0) -> 0 | X9: =VLOOKUP($B9,[1]Sheet1!$B$23:$AG$80,17,0) -> 0 | Y9: =VLOOKUP($B9,[1]Sheet1!$B$23:$AG$80,18,0) -> 0 | Z9: =VLOOKUP($B9,[1]Sheet1!$B$23:$AG$80,19,0) -> 0 | AA9: =SUM(V9:Z9) -> 0 | AB9: =+VLOOKUP($B9,GUM!$C$14:$AD$49,18,0) -> 0 | AC9: =ROUNDUP((AB9-AA9)/$V$3,0) -> 0 | AE9: =VLOOKUP($B9,[1]Sheet1!$B$23:$AG$80,21,0) -> 0 | AF9: =VLOOKUP($B9,[1]Sheet1!$B$23:$AG$80,22,0) -> 0 | AG9: =VLOOKUP($B9,[1]Sheet1!$B$23:$AG$80,23,0) -> 0 | AH9: =VLOOKUP($B9,[1]Sheet1!$B$23:$AG$80,24,0) -> 0 | AI9: =VLOOKUP($B9,[1]Sheet1!$B$23:$AG$80,25,0) -> 0 | AJ9: =SUM(AE9:AI9) -> 0 | AK9: =+VLOOKUP($B9,GUM!$C$14:$AD$49,21,0) -> 0 | AL9: =ROUNDUP((AK9-AJ9)/$AE$3,) -> 0 | AN9: =VLOOKUP($B9,[1]Sheet1!$B$23:$AG$80,27,0) -> 0 | AO9: =VLOOKUP($B9,[1]Sheet1!$B$23:$AG$80,28,0) -> 0 | AP9: =VLOOKUP($B9,[1]Sheet1!$B$23:$AG$80,29,0) -> 0 | AQ9: =VLOOKUP($B9,[1]Sheet1!$B$23:$AG$80,30,0) -> 0 | AR9: =VLOOKUP($B9,[1]Sheet1!$B$23:$AG$80,31,0) -> 0 | AS9: =SUM(AN9:AR9) -> 0 | AT9: =+VLOOKUP($B9,GUM!$C$14:$AD$49,24,0) -> 0 | AU9: =ROUNDUP((AT9-AS9)/$AE$3,) -> 0 | AW9: =+AN9 -> 0 | AX9: =+AO9 -> 0 | AY9: =+AP9 -> 0 | AZ9: =+AQ9 -> 0 | BA9: =+AR9 -> 0 | BB9: =SUM(AW9:BA9) -> 0 | BC9: =+VLOOKUP($B9,GUM!$C$14:$AD$49,27,0) -> 0 | BD9: =ROUNDUP((BC9-BB9)/$AE$3,) -> 0 | BF9: =+#REF!*#REF! -> #REF! | BG9: =+D9*D$8 -> #N/A | BH9: =+M9*M$8 -> 0 | BI9: =+V9*V$8 -> 0 | BJ9: =+AE9*AE$8 -> 0 | BK9: =BK8+1 -> 2
B10: =+GUM!C16 -> 82111-FET10 | C10: =GUM!D16 -> A 0101 | D10: =+VLOOKUP($B10,[18]Sheet1!$B$8:$AC$55,3,0) -> #N/A | E10: =+VLOOKUP($B10,[18]Sheet1!$B$8:$AC$55,4,0) -> #N/A | F10: =+VLOOKUP($B10,[18]Sheet1!$B$8:$AC$55,5,0) -> #N/A | G10: =+VLOOKUP($B10,[18]Sheet1!$B$8:$AC$55,6,0) -> #N/A | I10: =SUM(D10:H10) -> #N/A | J10: =+VLOOKUP($B10,GUM!C16:AD49,12,0) -> 0 | K10: =ROUNDUP((J10-I10)/$D$3,0) -> #N/A | M10: =VLOOKUP($B10,[1]Sheet1!$B$23:$AG$80,9,0) -> 0 | N10: =VLOOKUP($B10,[1]Sheet1!$B$23:$AG$80,10,0) -> 0 | O10: =VLOOKUP($B10,[1]Sheet1!$B$23:$AG$80,11,0) -> 0 | P10: =VLOOKUP($B10,[1]Sheet1!$B$23:$AG$80,12,0) -> 0 | Q10: =VLOOKUP($B10,[1]Sheet1!$B$23:$AG$80,13,0) -> 0 | R10: =SUM(M10:Q10) -> 0 | S10: =+VLOOKUP($B10,GUM!$C$14:$AD$49,15,0) -> 0 | T10: =ROUNDUP((S10-R10)/$M$3,0) -> 0 | V10: =VLOOKUP($B10,[1]Sheet1!$B$23:$AG$80,15,0) -> 0 | W10: =VLOOKUP($B10,[1]Sheet1!$B$23:$AG$80,16,0) -> 0 | X10: =VLOOKUP($B10,[1]Sheet1!$B$23:$AG$80,17,0) -> 0 | Y10: =VLOOKUP($B10,[1]Sheet1!$B$23:$AG$80,18,0) -> 0 | Z10: =VLOOKUP($B10,[1]Sheet1!$B$23:$AG$80,19,0) -> 0 | AA10: =SUM(V10:Z10) -> 0 | AB10: =+VLOOKUP($B10,GUM!$C$14:$AD$49,18,0) -> 0 | AC10: =ROUNDUP((AB10-AA10)/$V$3,0) -> 0 | AE10: =VLOOKUP($B10,[1]Sheet1!$B$23:$AG$80,21,0) -> 0 | AF10: =VLOOKUP($B10,[1]Sheet1!$B$23:$AG$80,22,0) -> 0 | AG10: =VLOOKUP($B10,[1]Sheet1!$B$23:$AG$80,23,0) -> 0 | AH10: =VLOOKUP($B10,[1]Sheet1!$B$23:$AG$80,24,0) -> 0 | AI10: =VLOOKUP($B10,[1]Sheet1!$B$23:$AG$80,25,0) -> 0 | AJ10: =SUM(AE10:AI10) -> 0 | AK10: =+VLOOKUP($B10,GUM!$C$14:$AD$49,21,0) -> 0 | AL10: =ROUNDUP((AK10-AJ10)/$AE$3,) -> 0 | AN10: =VLOOKUP($B10,[1]Sheet1!$B$23:$AG$80,27,0) -> 0 | AO10: =VLOOKUP($B10,[1]Sheet1!$B$23:$AG$80,28,0) -> 0 | AP10: =VLOOKUP($B10,[1]Sheet1!$B$23:$AG$80,29,0) -> 0 | AQ10: =VLOOKUP($B10,[1]Sheet1!$B$23:$AG$80,30,0) -> 0 | AR10: =VLOOKUP($B10,[1]Sheet1!$B$23:$AG$80,31,0) -> 0 | AS10: =SUM(AN10:AR10) -> 0 | AT10: =+VLOOKUP($B10,GUM!$C$14:$AD$49,24,0) -> 0 | AU10: =ROUNDUP((AT10-AS10)/$AE$3,) -> 0 | AW10: =+AN10 -> 0 | AX10: =+AO10 -> 0 | AY10: =+AP10 -> 0 | AZ10: =+AQ10 -> 0 | BA10: =+AR10 -> 0 | BB10: =SUM(AW10:BA10) -> 0 | BC10: =+VLOOKUP($B10,GUM!$C$14:$AD$49,27,0) -> 0 | BD10: =ROUNDUP((BC10-BB10)/$AE$3,) -> 0 | BF10: =+#REF!*#REF! -> #REF! | BG10: =+D10*D$8 -> #N/A | BH10: =+M10*M$8 -> 0 | BI10: =+V10*V$8 -> 0 | BJ10: =+AE10*AE$8 -> 0 | BK10: =#REF!+1 -> #REF!
B11: =+GUM!C17 -> 82116-0ZY10 | C11: =GUM!D17 -> A 0101 | D11: =+VLOOKUP($B11,[18]Sheet1!$B$8:$AC$55,3,0) -> #N/A | E11: =+VLOOKUP($B11,[18]Sheet1!$B$8:$AC$55,4,0) -> #N/A | F11: =+VLOOKUP($B11,[18]Sheet1!$B$8:$AC$55,5,0) -> #N/A | G11: =+VLOOKUP($B11,[18]Sheet1!$B$8:$AC$55,6,0) -> #N/A | I11: =SUM(D11:H11) -> #N/A | J11: =+VLOOKUP($B11,GUM!C16:AD52,12,0) -> 96 | K11: =ROUNDUP((J11-I11)/$D$3,0) -> #N/A | M11: =VLOOKUP($B11,[1]Sheet1!$B$23:$AG$80,9,0) -> 24 | N11: =VLOOKUP($B11,[1]Sheet1!$B$23:$AG$80,10,0) -> 24 | O11: =VLOOKUP($B11,[1]Sheet1!$B$23:$AG$80,11,0) -> 24 | P11: =VLOOKUP($B11,[1]Sheet1!$B$23:$AG$80,12,0) -> 24 | Q11: =VLOOKUP($B11,[1]Sheet1!$B$23:$AG$80,13,0) -> 0 | R11: =SUM(M11:Q11) -> 96 | S11: =+VLOOKUP($B11,GUM!$C$14:$AD$49,15,0) -> 102 | T11: =ROUNDUP((S11-R11)/$M$3,0) -> 2 | V11: =VLOOKUP($B11,[1]Sheet1!$B$23:$AG$80,15,0) -> 24 | W11: =VLOOKUP($B11,[1]Sheet1!$B$23:$AG$80,16,0) -> 24 | X11: =VLOOKUP($B11,[1]Sheet1!$B$23:$AG$80,17,0) -> 24 | Y11: =VLOOKUP($B11,[1]Sheet1!$B$23:$AG$80,18,0) -> 24 | Z11: =VLOOKUP($B11,[1]Sheet1!$B$23:$AG$80,19,0) -> 0 | AA11: =SUM(V11:Z11) -> 96 | AB11: =+VLOOKUP($B11,GUM!$C$14:$AD$49,18,0) -> 96 | AC11: =ROUNDUP((AB11-AA11)/$V$3,0) -> 0 | AE11: =VLOOKUP($B11,[1]Sheet1!$B$23:$AG$80,21,0) -> 30 | AF11: =VLOOKUP($B11,[1]Sheet1!$B$23:$AG$80,22,0) -> 30 | AG11: =VLOOKUP($B11,[1]Sheet1!$B$23:$AG$80,23,0) -> 24 | AH11: =VLOOKUP($B11,[1]Sheet1!$B$23:$AG$80,24,0) -> 24 | AI11: =VLOOKUP($B11,[1]Sheet1!$B$23:$AG$80,25,0) -> 0 | AJ11: =SUM(AE11:AI11) -> 108 | AK11: =+VLOOKUP($B11,GUM!$C$14:$AD$49,21,0) -> 90 | AL11: =ROUNDUP((AK11-AJ11)/$AE$3,) -> -5 | AN11: =VLOOKUP($B11,[1]Sheet1!$B$23:$AG$80,27,0) -> 24 | AO11: =VLOOKUP($B11,[1]Sheet1!$B$23:$AG$80,28,0) -> 24 | AP11: =VLOOKUP($B11,[1]Sheet1!$B$23:$AG$80,29,0) -> 18 | AQ11: =VLOOKUP($B11,[1]Sheet1!$B$23:$AG$80,30,0) -> 18 | AR11: =VLOOKUP($B11,[1]Sheet1!$B$23:$AG$80,31,0) -> 0 | AS11: =SUM(AN11:AR11) -> 84 | AT11: =+VLOOKUP($B11,GUM!$C$14:$AD$49,24,0) -> 84 | AU11: =ROUNDUP((AT11-AS11)/$AE$3,) -> 0 | AW11: =+AN11 -> 24 | AX11: =+AO11 -> 24 | AY11: =+AP11 -> 18 | AZ11: =+AQ11 -> 18 | BA11: =+AR11 -> 0 | BB11: =SUM(AW11:BA11) -> 84 | BC11: =+VLOOKUP($B11,GUM!$C$14:$AD$49,27,0) -> 84 | BD11: =ROUNDUP((BC11-BB11)/$AE$3,) -> 0 | BF11: =+#REF!*#REF! -> #REF! | BG11: =+D11*D$8 -> #N/A | BH11: =+M11*M$8 -> 0 | BI11: =+V11*V$8 -> 0 | BJ11: =+AE11*AE$8 -> 0 | BK11: =BK10+1 -> #REF!
B12: =+GUM!C18 -> 82115-F2840 | C12: =GUM!D18 -> 0001 | D12: =+VLOOKUP($B12,[18]Sheet1!$B$8:$AC$55,3,0) -> #N/A | E12: =+VLOOKUP($B12,[18]Sheet1!$B$8:$AC$55,4,0) -> #N/A | F12: =+VLOOKUP($B12,[18]Sheet1!$B$8:$AC$55,5,0) -> #N/A | G12: =+VLOOKUP($B12,[18]Sheet1!$B$8:$AC$55,6,0) -> #N/A | I12: =SUM(D12:H12) -> #N/A | J12: =+VLOOKUP($B12,GUM!C17:AD53,12,0) -> 0 | K12: =ROUNDUP((J12-I12)/$D$3,0) -> #N/A | M12: =VLOOKUP($B12,[1]Sheet1!$B$23:$AG$80,9,0) -> 0 | N12: =VLOOKUP($B12,[1]Sheet1!$B$23:$AG$80,10,0) -> 0 | O12: =VLOOKUP($B12,[1]Sheet1!$B$23:$AG$80,11,0) -> 0 | P12: =VLOOKUP($B12,[1]Sheet1!$B$23:$AG$80,12,0) -> 0 | Q12: =VLOOKUP($B12,[1]Sheet1!$B$23:$AG$80,13,0) -> 0 | R12: =SUM(M12:Q12) -> 0 | S12: =+VLOOKUP($B12,GUM!$C$14:$AD$49,15,0) -> 0 | T12: =ROUNDUP((S12-R12)/$M$3,0) -> 0 | V12: =VLOOKUP($B12,[1]Sheet1!$B$23:$AG$80,15,0) -> 0 | W12: =VLOOKUP($B12,[1]Sheet1!$B$23:$AG$80,16,0) -> 0 | X12: =VLOOKUP($B12,[1]Sheet1!$B$23:$AG$80,17,0) -> 0 | Y12: =VLOOKUP($B12,[1]Sheet1!$B$23:$AG$80,18,0) -> 0 | Z12: =VLOOKUP($B12,[1]Sheet1!$B$23:$AG$80,19,0) -> 0 | AA12: =SUM(V12:Z12) -> 0 | AB12: =+VLOOKUP($B12,GUM!$C$14:$AD$49,18,0) -> 0 | AC12: =ROUNDUP((AB12-AA12)/$V$3,0) -> 0 | AE12: =VLOOKUP($B12,[1]Sheet1!$B$23:$AG$80,21,0) -> 0 | AF12: =VLOOKUP($B12,[1]Sheet1!$B$23:$AG$80,22,0) -> 0 | AG12: =VLOOKUP($B12,[1]Sheet1!$B$23:$AG$80,23,0) -> 0 | AH12: =VLOOKUP($B12,[1]Sheet1!$B$23:$AG$80,24,0) -> 0 | AI12: =VLOOKUP($B12,[1]Sheet1!$B$23:$AG$80,25,0) -> 0 | AJ12: =SUM(AE12:AI12) -> 0 | AK12: =+VLOOKUP($B12,GUM!$C$14:$AD$49,21,0) -> 0 | AL12: =ROUNDUP((AK12-AJ12)/$AE$3,) -> 0 | AN12: =VLOOKUP($B12,[1]Sheet1!$B$23:$AG$80,27,0) -> 0 | AO12: =VLOOKUP($B12,[1]Sheet1!$B$23:$AG$80,28,0) -> 0 | AP12: =VLOOKUP($B12,[1]Sheet1!$B$23:$AG$80,29,0) -> 0 | AQ12: =VLOOKUP($B12,[1]Sheet1!$B$23:$AG$80,30,0) -> 0 | AR12: =VLOOKUP($B12,[1]Sheet1!$B$23:$AG$80,31,0) -> 0 | AS12: =SUM(AN12:AR12) -> 0 | AT12: =+VLOOKUP($B12,GUM!$C$14:$AD$49,24,0) -> 0 | AU12: =ROUNDUP((AT12-AS12)/$AE$3,) -> 0 | AW12: =+AN12 -> 0 | AX12: =+AO12 -> 0 | AY12: =+AP12 -> 0 | AZ12: =+AQ12 -> 0 | BA12: =+AR12 -> 0 | BB12: =SUM(AW12:BA12) -> 0 | BC12: =+VLOOKUP($B12,GUM!$C$14:$AD$49,27,0) -> 0 | BD12: =ROUNDUP((BC12-BB12)/$AE$3,) -> 0 | BF12: =+#REF!*#REF! -> #REF! | BG12: =+D12*D$8 -> #N/A | BH12: =+M12*M$8 -> 0 | BI12: =+V12*V$8 -> 0 | BJ12: =+AE12*AE$8 -> 0 | BK12: =BK11+1 -> #REF!
B13: =+GUM!C19 -> 82116-0ZW70 | C13: =GUM!D19 -> A 0101 | D13: =+VLOOKUP($B13,[18]Sheet1!$B$8:$AC$55,3,0) -> #N/A | E13: =+VLOOKUP($B13,[18]Sheet1!$B$8:$AC$55,4,0) -> #N/A | F13: =+VLOOKUP($B13,[18]Sheet1!$B$8:$AC$55,5,0) -> #N/A | G13: =+VLOOKUP($B13,[18]Sheet1!$B$8:$AC$55,6,0) -> #N/A | I13: =SUM(D13:H13) -> #N/A | J13: =+VLOOKUP($B13,GUM!C16:AD52,12,0) -> 138 | K13: =ROUNDUP((J13-I13)/$D$3,0) -> #N/A | M13: =VLOOKUP($B13,[1]Sheet1!$B$23:$AG$80,9,0) -> 54 | N13: =VLOOKUP($B13,[1]Sheet1!$B$23:$AG$80,10,0) -> 54 | O13: =VLOOKUP($B13,[1]Sheet1!$B$23:$AG$80,11,0) -> 54 | P13: =VLOOKUP($B13,[1]Sheet1!$B$23:$AG$80,12,0) -> 48 | Q13: =VLOOKUP($B13,[1]Sheet1!$B$23:$AG$80,13,0) -> 0 | R13: =SUM(M13:Q13) -> 210 | S13: =+VLOOKUP($B13,GUM!$C$14:$AD$49,15,0) -> 222 | T13: =ROUNDUP((S13-R13)/$M$3,0) -> 3 | V13: =VLOOKUP($B13,[1]Sheet1!$B$23:$AG$80,15,0) -> 54 | W13: =VLOOKUP($B13,[1]Sheet1!$B$23:$AG$80,16,0) -> 54 | X13: =VLOOKUP($B13,[1]Sheet1!$B$23:$AG$80,17,0) -> 54 | Y13: =VLOOKUP($B13,[1]Sheet1!$B$23:$AG$80,18,0) -> 48 | Z13: =VLOOKUP($B13,[1]Sheet1!$B$23:$AG$80,19,0) -> 0 | AA13: =SUM(V13:Z13) -> 210 | AB13: =+VLOOKUP($B13,GUM!$C$14:$AD$49,18,0) -> 204 | AC13: =ROUNDUP((AB13-AA13)/$V$3,0) -> -2 | AE13: =VLOOKUP($B13,[1]Sheet1!$B$23:$AG$80,21,0) -> 48 | AF13: =VLOOKUP($B13,[1]Sheet1!$B$23:$AG$80,22,0) -> 48 | AG13: =VLOOKUP($B13,[1]Sheet1!$B$23:$AG$80,23,0) -> 48 | AH13: =VLOOKUP($B13,[1]Sheet1!$B$23:$AG$80,24,0) -> 42 | AI13: =VLOOKUP($B13,[1]Sheet1!$B$23:$AG$80,25,0) -> 42 | AJ13: =SUM(AE13:AI13) -> 228 | AK13: =+VLOOKUP($B13,GUM!$C$14:$AD$49,21,0) -> 258 | AL13: =ROUNDUP((AK13-AJ13)/$AE$3,) -> 8 | AN13: =VLOOKUP($B13,[1]Sheet1!$B$23:$AG$80,27,0) -> 48 | AO13: =VLOOKUP($B13,[1]Sheet1!$B$23:$AG$80,28,0) -> 48 | AP13: =VLOOKUP($B13,[1]Sheet1!$B$23:$AG$80,29,0) -> 42 | AQ13: =VLOOKUP($B13,[1]Sheet1!$B$23:$AG$80,30,0) -> 42 | AR13: =VLOOKUP($B13,[1]Sheet1!$B$23:$AG$80,31,0) -> 0 | AS13: =SUM(AN13:AR13) -> 180 | AT13: =+VLOOKUP($B13,GUM!$C$14:$AD$49,24,0) -> 162 | AU13: =ROUNDUP((AT13-AS13)/$AE$3,) -> -5 | AW13: =+AN13 -> 48 | AX13: =+AO13 -> 48 | AY13: =+AP13 -> 42 | AZ13: =+AQ13 -> 42 | BA13: =+AR13 -> 0 | BB13: =SUM(AW13:BA13) -> 180 | BC13: =+VLOOKUP($B13,GUM!$C$14:$AD$49,27,0) -> 138 | BD13: =ROUNDUP((BC13-BB13)/$AE$3,) -> -11 | BF13: =+#REF!*#REF! -> #REF! | BG13: =+D13*D$8 -> #N/A | BH13: =+M13*M$8 -> 0 | BI13: =+V13*V$8 -> 0 | BJ13: =+AE13*AE$8 -> 0 | BK13: =BK10+1 -> #REF!
A14: ZR_TNGA LHD | B14: =+GUM!C20 -> 82115-F2390 | C14: =GUM!D20 -> B 0101 | D14: =+VLOOKUP($B14,[18]Sheet1!$B$8:$AC$55,3,0) -> #N/A | E14: =+VLOOKUP($B14,[18]Sheet1!$B$8:$AC$55,4,0) -> #N/A | F14: =+VLOOKUP($B14,[18]Sheet1!$B$8:$AC$55,5,0) -> #N/A | G14: =+VLOOKUP($B14,[18]Sheet1!$B$8:$AC$55,6,0) -> #N/A | I14: =SUM(D14:H14) -> #N/A | J14: =+VLOOKUP($B14,GUM!C19:AD53,12,0) -> 12 | K14: =ROUNDUP((J14-I14)/$D$3,0) -> #N/A | M14: =VLOOKUP($B14,[1]Sheet1!$B$23:$AG$80,9,0) -> 12 | N14: =VLOOKUP($B14,[1]Sheet1!$B$23:$AG$80,10,0) -> 0 | O14: =VLOOKUP($B14,[1]Sheet1!$B$23:$AG$80,11,0) -> 0 | P14: =VLOOKUP($B14,[1]Sheet1!$B$23:$AG$80,12,0) -> 0 | Q14: =VLOOKUP($B14,[1]Sheet1!$B$23:$AG$80,13,0) -> 0 | R14: =SUM(M14:Q14) -> 12 | S14: =+VLOOKUP($B14,GUM!$C$14:$AD$49,15,0) -> 12 | T14: =ROUNDUP((S14-R14)/$M$3,0) -> 0 | V14: =VLOOKUP($B14,[1]Sheet1!$B$23:$AG$80,15,0) -> 12 | W14: =VLOOKUP($B14,[1]Sheet1!$B$23:$AG$80,16,0) -> 0 | X14: =VLOOKUP($B14,[1]Sheet1!$B$23:$AG$80,17,0) -> 0 | Y14: =VLOOKUP($B14,[1]Sheet1!$B$23:$AG$80,18,0) -> 0 | Z14: =VLOOKUP($B14,[1]Sheet1!$B$23:$AG$80,19,0) -> 0 | AA14: =SUM(V14:Z14) -> 12 | AB14: =+VLOOKUP($B14,GUM!$C$14:$AD$49,18,0) -> 12 | AC14: =ROUNDUP((AB14-AA14)/$V$3,0) -> 0 | AE14: =VLOOKUP($B14,[1]Sheet1!$B$23:$AG$80,21,0) -> 12 | AF14: =VLOOKUP($B14,[1]Sheet1!$B$23:$AG$80,22,0) -> 12 | AG14: =VLOOKUP($B14,[1]Sheet1!$B$23:$AG$80,23,0) -> 0 | AH14: =VLOOKUP($B14,[1]Sheet1!$B$23:$AG$80,24,0) -> 0 | AI14: =VLOOKUP($B14,[1]Sheet1!$B$23:$AG$80,25,0) -> 0 | AJ14: =SUM(AE14:AI14) -> 24 | AK14: =+VLOOKUP($B14,GUM!$C$14:$AD$49,21,0) -> 24 | AL14: =ROUNDUP((AK14-AJ14)/$AE$3,) -> 0 | AN14: =VLOOKUP($B14,[1]Sheet1!$B$23:$AG$80,27,0) -> 6 | AO14: =VLOOKUP($B14,[1]Sheet1!$B$23:$AG$80,28,0) -> 0 | AP14: =VLOOKUP($B14,[1]Sheet1!$B$23:$AG$80,29,0) -> 0 | AQ14: =VLOOKUP($B14,[1]Sheet1!$B$23:$AG$80,30,0) -> 0 | AR14: =VLOOKUP($B14,[1]Sheet1!$B$23:$AG$80,31,0) -> 0 | AS14: =SUM(AN14:AR14) -> 6 | AT14: =+VLOOKUP($B14,GUM!$C$14:$AD$49,24,0) -> 6 | AU14: =ROUNDUP((AT14-AS14)/$AE$3,) -> 0 | AW14: =+AN14 -> 6 | AX14: =+AO14 -> 0 | AY14: =+AP14 -> 0 | AZ14: =+AQ14 -> 0 | BA14: =+AR14 -> 0 | BB14: =SUM(AW14:BA14) -> 6 | BC14: =+VLOOKUP($B14,GUM!$C$14:$AD$49,27,0) -> 6 | BD14: =ROUNDUP((BC14-BB14)/$AE$3,) -> 0 | BF14: =+#REF!*#REF! -> #REF! | BG14: =+D14*D$8 -> #N/A | BH14: =+M14*M$8 -> 0 | BI14: =+V14*V$8 -> 0 | BJ14: =+AE14*AE$8 -> 0 | BK14: =BK13+1 -> #REF!
B15: =+GUM!C21 -> 82111-FET20 | C15: =GUM!D21 -> A 0101 | D15: =+VLOOKUP($B15,[18]Sheet1!$B$8:$AC$55,3,0) -> #N/A | E15: =+VLOOKUP($B15,[18]Sheet1!$B$8:$AC$55,4,0) -> #N/A | F15: =+VLOOKUP($B15,[18]Sheet1!$B$8:$AC$55,5,0) -> #N/A | G15: =+VLOOKUP($B15,[18]Sheet1!$B$8:$AC$55,6,0) -> #N/A | I15: =SUM(D15:H15) -> #N/A | J15: =+VLOOKUP($B15,GUM!C17:AD53,12,0) -> 0 | K15: =ROUNDUP((J15-I15)/$D$3,0) -> #N/A | M15: =VLOOKUP($B15,[1]Sheet1!$B$23:$AG$80,9,0) -> 0 | N15: =VLOOKUP($B15,[1]Sheet1!$B$23:$AG$80,10,0) -> 0 | O15: =VLOOKUP($B15,[1]Sheet1!$B$23:$AG$80,11,0) -> 0 | P15: =VLOOKUP($B15,[1]Sheet1!$B$23:$AG$80,12,0) -> 0 | Q15: =VLOOKUP($B15,[1]Sheet1!$B$23:$AG$80,13,0) -> 0 | R15: =SUM(M15:Q15) -> 0 | S15: =+VLOOKUP($B15,GUM!$C$14:$AD$49,15,0) -> 0 | T15: =ROUNDUP((S15-R15)/$M$3,0) -> 0 | V15: =VLOOKUP($B15,[1]Sheet1!$B$23:$AG$80,15,0) -> 0 | W15: =VLOOKUP($B15,[1]Sheet1!$B$23:$AG$80,16,0) -> 0 | X15: =VLOOKUP($B15,[1]Sheet1!$B$23:$AG$80,17,0) -> 0 | Y15: =VLOOKUP($B15,[1]Sheet1!$B$23:$AG$80,18,0) -> 0 | Z15: =VLOOKUP($B15,[1]Sheet1!$B$23:$AG$80,19,0) -> 0 | AA15: =SUM(V15:Z15) -> 0 | AB15: =+VLOOKUP($B15,GUM!$C$14:$AD$49,18,0) -> 0 | AC15: =ROUNDUP((AB15-AA15)/$V$3,0) -> 0 | AE15: =VLOOKUP($B15,[1]Sheet1!$B$23:$AG$80,21,0) -> 0 | AF15: =VLOOKUP($B15,[1]Sheet1!$B$23:$AG$80,22,0) -> 0 | AG15: =VLOOKUP($B15,[1]Sheet1!$B$23:$AG$80,23,0) -> 0 | AH15: =VLOOKUP($B15,[1]Sheet1!$B$23:$AG$80,24,0) -> 0 | AI15: =VLOOKUP($B15,[1]Sheet1!$B$23:$AG$80,25,0) -> 0 | AJ15: =SUM(AE15:AI15) -> 0 | AK15: =+VLOOKUP($B15,GUM!$C$14:$AD$49,21,0) -> 0 | AL15: =ROUNDUP((AK15-AJ15)/$AE$3,) -> 0 | AN15: =VLOOKUP($B15,[1]Sheet1!$B$23:$AG$80,27,0) -> 0 | AO15: =VLOOKUP($B15,[1]Sheet1!$B$23:$AG$80,28,0) -> 0 | AP15: =VLOOKUP($B15,[1]Sheet1!$B$23:$AG$80,29,0) -> 0 | AQ15: =VLOOKUP($B15,[1]Sheet1!$B$23:$AG$80,30,0) -> 0 | AR15: =VLOOKUP($B15,[1]Sheet1!$B$23:$AG$80,31,0) -> 0 | AS15: =SUM(AN15:AR15) -> 0 | AT15: =+VLOOKUP($B15,GUM!$C$14:$AD$49,24,0) -> 0 | AU15: =ROUNDUP((AT15-AS15)/$AE$3,) -> 0 | AW15: =+AN15 -> 0 | AX15: =+AO15 -> 0 | AY15: =+AP15 -> 0 | AZ15: =+AQ15 -> 0 | BA15: =+AR15 -> 0 | BB15: =SUM(AW15:BA15) -> 0 | BC15: =+VLOOKUP($B15,GUM!$C$14:$AD$49,27,0) -> 0 | BD15: =ROUNDUP((BC15-BB15)/$AE$3,) -> 0 | BF15: =+#REF!*#REF! -> #REF! | BG15: =+D15*D$8 -> #N/A | BH15: =+M15*M$8 -> 0 | BI15: =+V15*V$8 -> 0 | BJ15: =+AE15*AE$8 -> 0 | BK15: =BK13+1 -> #REF!
B16: =+GUM!C22 -> 82111-FET30 | C16: =GUM!D22 -> A 0101 | D16: =+VLOOKUP($B16,[18]Sheet1!$B$8:$AC$55,3,0) -> #N/A | E16: =+VLOOKUP($B16,[18]Sheet1!$B$8:$AC$55,4,0) -> #N/A | F16: =+VLOOKUP($B16,[18]Sheet1!$B$8:$AC$55,5,0) -> #N/A | G16: =+VLOOKUP($B16,[18]Sheet1!$B$8:$AC$55,6,0) -> #N/A | I16: =SUM(D16:H16) -> #N/A | J16: =+VLOOKUP($B16,GUM!C19:AD53,12,0) -> 348 | K16: =ROUNDUP((J16-I16)/$D$3,0) -> #N/A | M16: =VLOOKUP($B16,[1]Sheet1!$B$23:$AG$80,9,0) -> 90 | N16: =VLOOKUP($B16,[1]Sheet1!$B$23:$AG$80,10,0) -> 90 | O16: =VLOOKUP($B16,[1]Sheet1!$B$23:$AG$80,11,0) -> 90 | P16: =VLOOKUP($B16,[1]Sheet1!$B$23:$AG$80,12,0) -> 84 | Q16: =VLOOKUP($B16,[1]Sheet1!$B$23:$AG$80,13,0) -> 0 | R16: =SUM(M16:Q16) -> 354 | S16: =+VLOOKUP($B16,GUM!$C$14:$AD$49,15,0) -> 384 | T16: =ROUNDUP((S16-R16)/$M$3,0) -> 6 | V16: =VLOOKUP($B16,[1]Sheet1!$B$23:$AG$80,15,0) -> 96 | W16: =VLOOKUP($B16,[1]Sheet1!$B$23:$AG$80,16,0) -> 96 | X16: =VLOOKUP($B16,[1]Sheet1!$B$23:$AG$80,17,0) -> 90 | Y16: =VLOOKUP($B16,[1]Sheet1!$B$23:$AG$80,18,0) -> 90 | Z16: =VLOOKUP($B16,[1]Sheet1!$B$23:$AG$80,19,0) -> 0 | AA16: =SUM(V16:Z16) -> 372 | AB16: =+VLOOKUP($B16,GUM!$C$14:$AD$49,18,0) -> 360 | AC16: =ROUNDUP((AB16-AA16)/$V$3,0) -> -3 | AE16: =VLOOKUP($B16,[1]Sheet1!$B$23:$AG$80,21,0) -> 84 | AF16: =VLOOKUP($B16,[1]Sheet1!$B$23:$AG$80,22,0) -> 84 | AG16: =VLOOKUP($B16,[1]Sheet1!$B$23:$AG$80,23,0) -> 78 | AH16: =VLOOKUP($B16,[1]Sheet1!$B$23:$AG$80,24,0) -> 78 | AI16: =VLOOKUP($B16,[1]Sheet1!$B$23:$AG$80,25,0) -> 78 | AJ16: =SUM(AE16:AI16) -> 402 | AK16: =+VLOOKUP($B16,GUM!$C$14:$AD$49,21,0) -> 342 | AL16: =ROUNDUP((AK16-AJ16)/$AE$3,) -> -15 | AN16: =VLOOKUP($B16,[1]Sheet1!$B$23:$AG$80,27,0) -> 84 | AO16: =VLOOKUP($B16,[1]Sheet1!$B$23:$AG$80,28,0) -> 84 | AP16: =VLOOKUP($B16,[1]Sheet1!$B$23:$AG$80,29,0) -> 78 | AQ16: =VLOOKUP($B16,[1]Sheet1!$B$23:$AG$80,30,0) -> 78 | AR16: =VLOOKUP($B16,[1]Sheet1!$B$23:$AG$80,31,0) -> 0 | AS16: =SUM(AN16:AR16) -> 324 | AT16: =+VLOOKUP($B16,GUM!$C$14:$AD$49,24,0) -> 414 | AU16: =ROUNDUP((AT16-AS16)/$AE$3,) -> 23 | AW16: =+AN16 -> 84 | AX16: =+AO16 -> 84 | AY16: =+AP16 -> 78 | AZ16: =+AQ16 -> 78 | BA16: =+AR16 -> 0 | BB16: =SUM(AW16:BA16) -> 324 | BC16: =+VLOOKUP($B16,GUM!$C$14:$AD$49,27,0) -> 186 | BD16: =ROUNDUP((BC16-BB16)/$AE$3,) -> -35 | BF16: =+#REF!*#REF! -> #REF! | BG16: =+D16*D$8 -> #N/A | BH16: =+M16*M$8 -> 0 | BI16: =+V16*V$8 -> 0 | BJ16: =+AE16*AE$8 -> 0 | BK16: =BK15+1 -> #REF!
B17: =+GUM!C23 -> 82111-FET40 | C17: =GUM!D23 -> A 0101 | D17: 0 | E17: 0 | F17: 0 | G17: 0 | H17: 0 | I17: =SUM(D17:H17) -> 0 | J17: 0 | K17: 0 | M17: =VLOOKUP($B17,[1]Sheet1!$B$23:$AG$80,9,0) -> 138 | N17: =VLOOKUP($B17,[1]Sheet1!$B$23:$AG$80,10,0) -> 138 | O17: =VLOOKUP($B17,[1]Sheet1!$B$23:$AG$80,11,0) -> 138 | P17: =VLOOKUP($B17,[1]Sheet1!$B$23:$AG$80,12,0) -> 132 | Q17: =VLOOKUP($B17,[1]Sheet1!$B$23:$AG$80,13,0) -> 0 | R17: =SUM(M17:Q17) -> 546 | S17: =+VLOOKUP($B17,GUM!$C$14:$AD$49,15,0) -> 702 | T17: =ROUNDUP((S17-R17)/$M$3,0) -> 32 | V17: =VLOOKUP($B17,[1]Sheet1!$B$23:$AG$80,15,0) -> 162 | W17: =VLOOKUP($B17,[1]Sheet1!$B$23:$AG$80,16,0) -> 162 | X17: =VLOOKUP($B17,[1]Sheet1!$B$23:$AG$80,17,0) -> 156 | Y17: =VLOOKUP($B17,[1]Sheet1!$B$23:$AG$80,18,0) -> 156 | Z17: =VLOOKUP($B17,[1]Sheet1!$B$23:$AG$80,19,0) -> 0 | AA17: =SUM(V17:Z17) -> 636 | AB17: =+VLOOKUP($B17,GUM!$C$14:$AD$49,18,0) -> 498 | AC17: =ROUNDUP((AB17-AA17)/$V$3,0) -> -35 | AE17: =VLOOKUP($B17,[1]Sheet1!$B$23:$AG$80,21,0) -> 144 | AF17: =VLOOKUP($B17,[1]Sheet1!$B$23:$AG$80,22,0) -> 138 | AG17: =VLOOKUP($B17,[1]Sheet1!$B$23:$AG$80,23,0) -> 138 | AH17: =VLOOKUP($B17,[1]Sheet1!$B$23:$AG$80,24,0) -> 138 | AI17: =VLOOKUP($B17,[1]Sheet1!$B$23:$AG$80,25,0) -> 138 | AJ17: =SUM(AE17:AI17) -> 696 | AK17: =+VLOOKUP($B17,GUM!$C$14:$AD$49,21,0) -> 654 | AL17: =ROUNDUP((AK17-AJ17)/$AE$3,) -> -11 | AN17: =VLOOKUP($B17,[1]Sheet1!$B$23:$AG$80,27,0) -> 138 | AO17: =VLOOKUP($B17,[1]Sheet1!$B$23:$AG$80,28,0) -> 138 | AP17: =VLOOKUP($B17,[1]Sheet1!$B$23:$AG$80,29,0) -> 138 | AQ17: =VLOOKUP($B17,[1]Sheet1!$B$23:$AG$80,30,0) -> 132 | AR17: =VLOOKUP($B17,[1]Sheet1!$B$23:$AG$80,31,0) -> 0 | AS17: =SUM(AN17:AR17) -> 546 | AT17: =+VLOOKUP($B17,GUM!$C$14:$AD$49,24,0) -> 570 | AU17: =ROUNDUP((AT17-AS17)/$AE$3,) -> 6 | AW17: =+AN17 -> 138 | AX17: =+AO17 -> 138 | AY17: =+AP17 -> 138 | AZ17: =+AQ17 -> 132 | BA17: =+AR17 -> 0 | BB17: =SUM(AW17:BA17) -> 546 | BC17: =+VLOOKUP($B17,GUM!$C$14:$AD$49,27,0) -> 384 | BD17: =ROUNDUP((BC17-BB17)/$AE$3,) -> -41 | BF17: =+#REF!*#REF! -> #REF! | BG17: =+D17*D$8 -> #N/A | BH17: =+M17*M$8 -> 0 | BI17: =+V17*V$8 -> 0 | BJ17: =+AE17*AE$8 -> 0 | BK17: =BK13+1 -> #REF!
B18: =+GUM!C24 -> 82116-0ZX70 | C18: =GUM!D24 -> A 0101 | M18: =VLOOKUP($B18,[1]Sheet1!$B$23:$AG$80,9,0) -> 6 | N18: =VLOOKUP($B18,[1]Sheet1!$B$23:$AG$80,10,0) -> 0 | O18: =VLOOKUP($B18,[1]Sheet1!$B$23:$AG$80,11,0) -> 0 | P18: =VLOOKUP($B18,[1]Sheet1!$B$23:$AG$80,12,0) -> 0 | Q18: =VLOOKUP($B18,[1]Sheet1!$B$23:$AG$80,13,0) -> 0 | R18: =SUM(M18:Q18) -> 6 | S18: =+VLOOKUP($B18,GUM!$C$14:$AD$49,15,0) -> 6 | T18: =ROUNDUP((S18-R18)/$M$3,0) -> 0 | V18: =VLOOKUP($B18,[1]Sheet1!$B$23:$AG$80,15,0) -> 6 | W18: =VLOOKUP($B18,[1]Sheet1!$B$23:$AG$80,16,0) -> 0 | X18: =VLOOKUP($B18,[1]Sheet1!$B$23:$AG$80,17,0) -> 0 | Y18: =VLOOKUP($B18,[1]Sheet1!$B$23:$AG$80,18,0) -> 0 | Z18: =VLOOKUP($B18,[1]Sheet1!$B$23:$AG$80,19,0) -> 0 | AA18: =SUM(V18:Z18) -> 6 | AB18: =+VLOOKUP($B18,GUM!$C$14:$AD$49,18,0) -> 6 | AC18: =ROUNDUP((AB18-AA18)/$V$3,0) -> 0 | AE18: =VLOOKUP($B18,[1]Sheet1!$B$23:$AG$80,21,0) -> 6 | AF18: =VLOOKUP($B18,[1]Sheet1!$B$23:$AG$80,22,0) -> 0 | AG18: =VLOOKUP($B18,[1]Sheet1!$B$23:$AG$80,23,0) -> 0 | AH18: =VLOOKUP($B18,[1]Sheet1!$B$23:$AG$80,24,0) -> 0 | AI18: =VLOOKUP($B18,[1]Sheet1!$B$23:$AG$80,25,0) -> 0 | AJ18: =SUM(AE18:AI18) -> 6 | AK18: =+VLOOKUP($B18,GUM!$C$14:$AD$49,21,0) -> 6 | AL18: =ROUNDUP((AK18-AJ18)/$AE$3,) -> 0 | AN18: =VLOOKUP($B18,[1]Sheet1!$B$23:$AG$80,27,0) -> 6 | AO18: =VLOOKUP($B18,[1]Sheet1!$B$23:$AG$80,28,0) -> 0 | AP18: =VLOOKUP($B18,[1]Sheet1!$B$23:$AG$80,29,0) -> 0 | AQ18: =VLOOKUP($B18,[1]Sheet1!$B$23:$AG$80,30,0) -> 0 | AR18: =VLOOKUP($B18,[1]Sheet1!$B$23:$AG$80,31,0) -> 0 | AS18: =SUM(AN18:AR18) -> 6 | AT18: =+VLOOKUP($B18,GUM!$C$14:$AD$49,24,0) -> 6 | AU18: =ROUNDUP((AT18-AS18)/$AE$3,) -> 0 | AW18: =+AN18 -> 6 | AX18: =+AO18 -> 0 | AY18: =+AP18 -> 0 | AZ18: =+AQ18 -> 0 | BA18: =+AR18 -> 0 | BB18: =SUM(AW18:BA18) -> 6 | BC18: =+VLOOKUP($B18,GUM!$C$14:$AD$49,27,0) -> 6 | BD18: =ROUNDUP((BC18-BB18)/$AE$3,) -> 0 | BF18: =+#REF!*#REF! -> #REF! | BG18: =+D18*D$8 -> #N/A | BH18: =+M18*M$8 -> 0 | BI18: =+V18*V$8 -> 0 | BJ18: =+AE18*AE$8 -> 0 | BK18: =#REF!+1 -> #REF!
B19: =+GUM!C25 -> 82116-0ZY00 | C19: =GUM!D25 -> A 0101 | M19: =VLOOKUP($B19,[1]Sheet1!$B$23:$AG$80,9,0) -> 150 | N19: =VLOOKUP($B19,[1]Sheet1!$B$23:$AG$80,10,0) -> 150 | O19: =VLOOKUP($B19,[1]Sheet1!$B$23:$AG$80,11,0) -> 144 | P19: =VLOOKUP($B19,[1]Sheet1!$B$23:$AG$80,12,0) -> 144 | Q19: =VLOOKUP($B19,[1]Sheet1!$B$23:$AG$80,13,0) -> 0 | R19: =SUM(M19:Q19) -> 588 | S19: =+VLOOKUP($B19,GUM!$C$14:$AD$49,15,0) -> 732 | T19: =ROUNDUP((S19-R19)/$M$3,0) -> 29 | V19: =VLOOKUP($B19,[1]Sheet1!$B$23:$AG$80,15,0) -> 174 | W19: =VLOOKUP($B19,[1]Sheet1!$B$23:$AG$80,16,0) -> 174 | X19: =VLOOKUP($B19,[1]Sheet1!$B$23:$AG$80,17,0) -> 168 | Y19: =VLOOKUP($B19,[1]Sheet1!$B$23:$AG$80,18,0) -> 168 | Z19: =VLOOKUP($B19,[1]Sheet1!$B$23:$AG$80,19,0) -> 0 | AA19: =SUM(V19:Z19) -> 684 | AB19: =+VLOOKUP($B19,GUM!$C$14:$AD$49,18,0) -> 600 | AC19: =ROUNDUP((AB19-AA19)/$V$3,0) -> -21 | AE19: =VLOOKUP($B19,[1]Sheet1!$B$23:$AG$80,21,0) -> 150 | AF19: =VLOOKUP($B19,[1]Sheet1!$B$23:$AG$80,22,0) -> 150 | AG19: =VLOOKUP($B19,[1]Sheet1!$B$23:$AG$80,23,0) -> 150 | AH19: =VLOOKUP($B19,[1]Sheet1!$B$23:$AG$80,24,0) -> 150 | AI19: =VLOOKUP($B19,[1]Sheet1!$B$23:$AG$80,25,0) -> 144 | AJ19: =SUM(AE19:AI19) -> 744 | AK19: =+VLOOKUP($B19,GUM!$C$14:$AD$49,21,0) -> 660 | AL19: =ROUNDUP((AK19-AJ19)/$AE$3,) -> -21 | AN19: =VLOOKUP($B19,[1]Sheet1!$B$23:$AG$80,27,0) -> 150 | AO19: =VLOOKUP($B19,[1]Sheet1!$B$23:$AG$80,28,0) -> 144 | AP19: =VLOOKUP($B19,[1]Sheet1!$B$23:$AG$80,29,0) -> 144 | AQ19: =VLOOKUP($B19,[1]Sheet1!$B$23:$AG$80,30,0) -> 144 | AR19: =VLOOKUP($B19,[1]Sheet1!$B$23:$AG$80,31,0) -> 0 | AS19: =SUM(AN19:AR19) -> 582 | AT19: =+VLOOKUP($B19,GUM!$C$14:$AD$49,24,0) -> 630 | AU19: =ROUNDUP((AT19-AS19)/$AE$3,) -> 12 | AW19: =+AN19 -> 150 | AX19: =+AO19 -> 144 | AY19: =+AP19 -> 144 | AZ19: =+AQ19 -> 144 | BA19: =+AR19 -> 0 | BB19: =SUM(AW19:BA19) -> 582 | BC19: =+VLOOKUP($B19,GUM!$C$14:$AD$49,27,0) -> 384 | BD19: =ROUNDUP((BC19-BB19)/$AE$3,) -> -50 | BF19: =+#REF!*#REF! -> #REF! | BG19: =+D19*D$8 -> #N/A | BH19: =+M19*M$8 -> 0 | BI19: =+V19*V$8 -> 0 | BJ19: =+AE19*AE$8 -> 0 | BK19: =BK18+1 -> #REF!
A20: ZR_CONV LHD | B20: =+GUM!C26 -> 82116-0ZW80 | C20: =GUM!D26 -> A 0101 | M20: =VLOOKUP($B20,[1]Sheet1!$B$23:$AG$80,9,0) -> 0 | N20: =VLOOKUP($B20,[1]Sheet1!$B$23:$AG$80,10,0) -> 0 | O20: =VLOOKUP($B20,[1]Sheet1!$B$23:$AG$80,11,0) -> 0 | P20: =VLOOKUP($B20,[1]Sheet1!$B$23:$AG$80,12,0) -> 0 | Q20: =VLOOKUP($B20,[1]Sheet1!$B$23:$AG$80,13,0) -> 0 | R20: =SUM(M20:Q20) -> 0 | S20: =+VLOOKUP($B20,GUM!$C$14:$AD$49,15,0) -> 0 | T20: =ROUNDUP((S20-R20)/$M$3,0) -> 0 | V20: =VLOOKUP($B20,[1]Sheet1!$B$23:$AG$80,15,0) -> 0 | W20: =VLOOKUP($B20,[1]Sheet1!$B$23:$AG$80,16,0) -> 0 | X20: =VLOOKUP($B20,[1]Sheet1!$B$23:$AG$80,17,0) -> 0 | Y20: =VLOOKUP($B20,[1]Sheet1!$B$23:$AG$80,18,0) -> 0 | Z20: =VLOOKUP($B20,[1]Sheet1!$B$23:$AG$80,19,0) -> 0 | AA20: =SUM(V20:Z20) -> 0 | AB20: =+VLOOKUP($B20,GUM!$C$14:$AD$49,18,0) -> 0 | AC20: =ROUNDUP((AB20-AA20)/$V$3,0) -> 0 | AE20: =VLOOKUP($B20,[1]Sheet1!$B$23:$AG$80,21,0) -> 0 | AF20: =VLOOKUP($B20,[1]Sheet1!$B$23:$AG$80,22,0) -> 0 | AG20: =VLOOKUP($B20,[1]Sheet1!$B$23:$AG$80,23,0) -> 0 | AH20: =VLOOKUP($B20,[1]Sheet1!$B$23:$AG$80,24,0) -> 0 | AI20: =VLOOKUP($B20,[1]Sheet1!$B$23:$AG$80,25,0) -> 0 | AJ20: =SUM(AE20:AI20) -> 0 | AK20: =+VLOOKUP($B20,GUM!$C$14:$AD$49,21,0) -> 0 | AL20: =ROUNDUP((AK20-AJ20)/$AE$3,) -> 0 | AN20: =VLOOKUP($B20,[1]Sheet1!$B$23:$AG$80,27,0) -> 0 | AO20: =VLOOKUP($B20,[1]Sheet1!$B$23:$AG$80,28,0) -> 0 | AP20: =VLOOKUP($B20,[1]Sheet1!$B$23:$AG$80,29,0) -> 0 | AQ20: =VLOOKUP($B20,[1]Sheet1!$B$23:$AG$80,30,0) -> 0 | AR20: =VLOOKUP($B20,[1]Sheet1!$B$23:$AG$80,31,0) -> 0 | AS20: =SUM(AN20:AR20) -> 0 | AT20: =+VLOOKUP($B20,GUM!$C$14:$AD$49,24,0) -> 0 | AU20: =ROUNDUP((AT20-AS20)/$AE$3,) -> 0 | AW20: =+AN20 -> 0 | AX20: =+AO20 -> 0 | AY20: =+AP20 -> 0 | AZ20: =+AQ20 -> 0 | BA20: =+AR20 -> 0 | BB20: =SUM(AW20:BA20) -> 0 | BC20: =+VLOOKUP($B20,GUM!$C$14:$AD$49,27,0) -> 0 | BD20: =ROUNDUP((BC20-BB20)/$AE$3,) -> 0 | BF20: =+#REF!*#REF! -> #REF! | BG20: =+D20*D$8 -> #N/A | BH20: =+M20*M$8 -> 0 | BI20: =+V20*V$8 -> 0 | BJ20: =+AE20*AE$8 -> 0 | BK20: =BK18+1 -> #REF!
B21: =+GUM!C27 -> 82116-0ZW90 | C21: =GUM!D27 -> A 0101 | M21: =VLOOKUP($B21,[1]Sheet1!$B$23:$AG$80,9,0) -> 90 | N21: =VLOOKUP($B21,[1]Sheet1!$B$23:$AG$80,10,0) -> 90 | O21: =VLOOKUP($B21,[1]Sheet1!$B$23:$AG$80,11,0) -> 90 | P21: =VLOOKUP($B21,[1]Sheet1!$B$23:$AG$80,12,0) -> 90 | Q21: =VLOOKUP($B21,[1]Sheet1!$B$23:$AG$80,13,0) -> 0 | R21: =SUM(M21:Q21) -> 360 | S21: =+VLOOKUP($B21,GUM!$C$14:$AD$49,15,0) -> 402 | T21: =ROUNDUP((S21-R21)/$M$3,0) -> 9 | V21: =VLOOKUP($B21,[1]Sheet1!$B$23:$AG$80,15,0) -> 114 | W21: =VLOOKUP($B21,[1]Sheet1!$B$23:$AG$80,16,0) -> 114 | X21: =VLOOKUP($B21,[1]Sheet1!$B$23:$AG$80,17,0) -> 114 | Y21: =VLOOKUP($B21,[1]Sheet1!$B$23:$AG$80,18,0) -> 108 | Z21: =VLOOKUP($B21,[1]Sheet1!$B$23:$AG$80,19,0) -> 0 | AA21: =SUM(V21:Z21) -> 450 | AB21: =+VLOOKUP($B21,GUM!$C$14:$AD$49,18,0) -> 426 | AC21: =ROUNDUP((AB21-AA21)/$V$3,0) -> -6 | AE21: =VLOOKUP($B21,[1]Sheet1!$B$23:$AG$80,21,0) -> 102 | AF21: =VLOOKUP($B21,[1]Sheet1!$B$23:$AG$80,22,0) -> 102 | AG21: =VLOOKUP($B21,[1]Sheet1!$B$23:$AG$80,23,0) -> 102 | AH21: =VLOOKUP($B21,[1]Sheet1!$B$23:$AG$80,24,0) -> 96 | AI21: =VLOOKUP($B21,[1]Sheet1!$B$23:$AG$80,25,0) -> 96 | AJ21: =SUM(AE21:AI21) -> 498 | AK21: =+VLOOKUP($B21,GUM!$C$14:$AD$49,21,0) -> 390 | AL21: =ROUNDUP((AK21-AJ21)/$AE$3,) -> -27 | AN21: =VLOOKUP($B21,[1]Sheet1!$B$23:$AG$80,27,0) -> 102 | AO21: =VLOOKUP($B21,[1]Sheet1!$B$23:$AG$80,28,0) -> 96 | AP21: =VLOOKUP($B21,[1]Sheet1!$B$23:$AG$80,29,0) -> 96 | AQ21: =VLOOKUP($B21,[1]Sheet1!$B$23:$AG$80,30,0) -> 96 | AR21: =VLOOKUP($B21,[1]Sheet1!$B$23:$AG$80,31,0) -> 0 | AS21: =SUM(AN21:AR21) -> 390 | AT21: =+VLOOKUP($B21,GUM!$C$14:$AD$49,24,0) -> 438 | AU21: =ROUNDUP((AT21-AS21)/$AE$3,) -> 12 | AW21: =+AN21 -> 102 | AX21: =+AO21 -> 96 | AY21: =+AP21 -> 96 | AZ21: =+AQ21 -> 96 | BA21: =+AR21 -> 0 | BB21: =SUM(AW21:BA21) -> 390 | BC21: =+VLOOKUP($B21,GUM!$C$14:$AD$49,27,0) -> 342 | BD21: =ROUNDUP((BC21-BB21)/$AE$3,) -> -12 | BF21: =+#REF!*#REF! -> #REF! | BG21: =+D21*D$8 -> #N/A | BH21: =+M21*M$8 -> 0 | BI21: =+V21*V$8 -> 0 | BJ21: =+AE21*AE$8 -> 0 | BK21: =BK20+1 -> #REF!
B22: =+GUM!C28 -> 82111-FE460 | C22: =GUM!D28 -> 0001 | M22: =VLOOKUP($B22,[1]Sheet1!$B$23:$AG$80,9,0) -> 18 | N22: =VLOOKUP($B22,[1]Sheet1!$B$23:$AG$80,10,0) -> 12 | O22: =VLOOKUP($B22,[1]Sheet1!$B$23:$AG$80,11,0) -> 0 | P22: =VLOOKUP($B22,[1]Sheet1!$B$23:$AG$80,12,0) -> 0 | Q22: =VLOOKUP($B22,[1]Sheet1!$B$23:$AG$80,13,0) -> 0 | R22: =SUM(M22:Q22) -> 30 | S22: =+VLOOKUP($B22,GUM!$C$14:$AD$49,15,0) -> 12 | T22: =ROUNDUP((S22-R22)/$M$3,0) -> -4 | V22: =VLOOKUP($B22,[1]Sheet1!$B$23:$AG$80,15,0) -> 18 | W22: =VLOOKUP($B22,[1]Sheet1!$B$23:$AG$80,16,0) -> 18 | X22: =VLOOKUP($B22,[1]Sheet1!$B$23:$AG$80,17,0) -> 0 | Y22: =VLOOKUP($B22,[1]Sheet1!$B$23:$AG$80,18,0) -> 0 | Z22: =VLOOKUP($B22,[1]Sheet1!$B$23:$AG$80,19,0) -> 0 | AA22: =SUM(V22:Z22) -> 36 | AB22: =+VLOOKUP($B22,GUM!$C$14:$AD$49,18,0) -> 36 | AC22: =ROUNDUP((AB22-AA22)/$V$3,0) -> 0 | AE22: =VLOOKUP($B22,[1]Sheet1!$B$23:$AG$80,21,0) -> 18 | AF22: =VLOOKUP($B22,[1]Sheet1!$B$23:$AG$80,22,0) -> 18 | AG22: =VLOOKUP($B22,[1]Sheet1!$B$23:$AG$80,23,0) -> 0 | AH22: =VLOOKUP($B22,[1]Sheet1!$B$23:$AG$80,24,0) -> 0 | AI22: =VLOOKUP($B22,[1]Sheet1!$B$23:$AG$80,25,0) -> 0 | AJ22: =SUM(AE22:AI22) -> 36 | AK22: =+VLOOKUP($B22,GUM!$C$14:$AD$49,21,0) -> 36 | AL22: =ROUNDUP((AK22-AJ22)/$AE$3,) -> 0 | AN22: =VLOOKUP($B22,[1]Sheet1!$B$23:$AG$80,27,0) -> 18 | AO22: =VLOOKUP($B22,[1]Sheet1!$B$23:$AG$80,28,0) -> 12 | AP22: =VLOOKUP($B22,[1]Sheet1!$B$23:$AG$80,29,0) -> 0 | AQ22: =VLOOKUP($B22,[1]Sheet1!$B$23:$AG$80,30,0) -> 0 | AR22: =VLOOKUP($B22,[1]Sheet1!$B$23:$AG$80,31,0) -> 0 | AS22: =SUM(AN22:AR22) -> 30 | AT22: =+VLOOKUP($B22,GUM!$C$14:$AD$49,24,0) -> 30 | AU22: =ROUNDUP((AT22-AS22)/$AE$3,) -> 0 | AW22: =+AN22 -> 18 | AX22: =+AO22 -> 12 | AY22: =+AP22 -> 0 | AZ22: =+AQ22 -> 0 | BA22: =+AR22 -> 0 | BB22: =SUM(AW22:BA22) -> 30 | BC22: =+VLOOKUP($B22,GUM!$C$14:$AD$49,27,0) -> 30 | BD22: =ROUNDUP((BC22-BB22)/$AE$3,) -> 0 | BF22: =+#REF!*#REF! -> #REF! | BG22: =+D22*D$8 -> #N/A | BH22: =+M22*M$8 -> 0 | BI22: =+V22*V$8 -> 0 | BJ22: =+AE22*AE$8 -> 0 | BK22: 1
B23: =+GUM!C29 -> 82111-FE470 | C23: =GUM!D29 -> 0001 | M23: =VLOOKUP($B23,[1]Sheet1!$B$23:$AG$80,9,0) -> 48 | N23: =VLOOKUP($B23,[1]Sheet1!$B$23:$AG$80,10,0) -> 48 | O23: =VLOOKUP($B23,[1]Sheet1!$B$23:$AG$80,11,0) -> 42 | P23: =VLOOKUP($B23,[1]Sheet1!$B$23:$AG$80,12,0) -> 42 | Q23: =VLOOKUP($B23,[1]Sheet1!$B$23:$AG$80,13,0) -> 0 | R23: =SUM(M23:Q23) -> 180 | S23: =+VLOOKUP($B23,GUM!$C$14:$AD$49,15,0) -> 228 | T23: =ROUNDUP((S23-R23)/$M$3,0) -> 10 | V23: =VLOOKUP($B23,[1]Sheet1!$B$23:$AG$80,15,0) -> 60 | W23: =VLOOKUP($B23,[1]Sheet1!$B$23:$AG$80,16,0) -> 60 | X23: =VLOOKUP($B23,[1]Sheet1!$B$23:$AG$80,17,0) -> 54 | Y23: =VLOOKUP($B23,[1]Sheet1!$B$23:$AG$80,18,0) -> 54 | Z23: =VLOOKUP($B23,[1]Sheet1!$B$23:$AG$80,19,0) -> 0 | AA23: =SUM(V23:Z23) -> 228 | AB23: =+VLOOKUP($B23,GUM!$C$14:$AD$49,18,0) -> 180 | AC23: =ROUNDUP((AB23-AA23)/$V$3,0) -> -12 | AE23: =VLOOKUP($B23,[1]Sheet1!$B$23:$AG$80,21,0) -> 42 | AF23: =VLOOKUP($B23,[1]Sheet1!$B$23:$AG$80,22,0) -> 42 | AG23: =VLOOKUP($B23,[1]Sheet1!$B$23:$AG$80,23,0) -> 42 | AH23: =VLOOKUP($B23,[1]Sheet1!$B$23:$AG$80,24,0) -> 42 | AI23: =VLOOKUP($B23,[1]Sheet1!$B$23:$AG$80,25,0) -> 42 | AJ23: =SUM(AE23:AI23) -> 210 | AK23: =+VLOOKUP($B23,GUM!$C$14:$AD$49,21,0) -> 162 | AL23: =ROUNDUP((AK23-AJ23)/$AE$3,) -> -12 | AN23: =VLOOKUP($B23,[1]Sheet1!$B$23:$AG$80,27,0) -> 48 | AO23: =VLOOKUP($B23,[1]Sheet1!$B$23:$AG$80,28,0) -> 48 | AP23: =VLOOKUP($B23,[1]Sheet1!$B$23:$AG$80,29,0) -> 48 | AQ23: =VLOOKUP($B23,[1]Sheet1!$B$23:$AG$80,30,0) -> 42 | AR23: =VLOOKUP($B23,[1]Sheet1!$B$23:$AG$80,31,0) -> 0 | AS23: =SUM(AN23:AR23) -> 186 | AT23: =+VLOOKUP($B23,GUM!$C$14:$AD$49,24,0) -> 186 | AU23: =ROUNDUP((AT23-AS23)/$AE$3,) -> 0 | AW23: =+AN23 -> 48 | AX23: =+AO23 -> 48 | AY23: =+AP23 -> 48 | AZ23: =+AQ23 -> 42 | BA23: =+AR23 -> 0 | BB23: =SUM(AW23:BA23) -> 186 | BC23: =+VLOOKUP($B23,GUM!$C$14:$AD$49,27,0) -> 186 | BD23: =ROUNDUP((BC23-BB23)/$AE$3,) -> 0 | BF23: =+#REF!*#REF! -> #REF! | BG23: =+D23*D$8 -> #N/A | BH23: =+M23*M$8 -> 0 | BI23: =+V23*V$8 -> 0 | BJ23: =+AE23*AE$8 -> 0 | BK23: =BK22+1 -> 2
