Workbook
Name Z_5A09EF62_2088_41CB_8AC0_E952E61C3F91_.wvu.PrintArea: 'Qty & UMH GUM'!$B$1:$AE$234
Name Z_5A09EF62_2088_41CB_8AC0_E952E61C3F91_.wvu.PrintArea: 'Summ Qty & UMH'!$B$1:$AD$135
Name Z_5A09EF62_2088_41CB_8AC0_E952E61C3F91_.wvu.PrintArea: 'Summ Qty&UMH GUM '!$B$1:$AE$85
Name Z_5A09EF62_2088_41CB_8AC0_E952E61C3F91_.wvu.PrintTitles: 'Qty & UMH GUM'!$A$6:$IV$8
Name Z_5A09EF62_2088_41CB_8AC0_E952E61C3F91_.wvu.PrintTitles: 'Summ Qty & UMH'!$A$6:$IV$8
Name Z_5A09EF62_2088_41CB_8AC0_E952E61C3F91_.wvu.PrintTitles: 'Summ Qty&UMH GUM '!$A$6:$IV$8
Name Z_D6C13563_5D10_42C9_9394_960CAA966088_.wvu.PrintArea: 'Qty & UMH GUM'!$B$1:$AE$234
Name Z_D6C13563_5D10_42C9_9394_960CAA966088_.wvu.PrintArea: 'Summ Qty & UMH'!$B$1:$AD$135
Name Z_D6C13563_5D10_42C9_9394_960CAA966088_.wvu.PrintArea: 'Summ Qty&UMH GUM '!$B$1:$AE$85

Sheet Sheet1

Sheet XXXXXX

Sheet XXXXXXXX

Sheet XXXXXXXXXX

Sheet XXXXXXXXX0

Sheet Qty & UMH GUM
L1: SIX MONTH PRODUCTION PLAN ( QTY ) ACTUAL | AD1: PREPARED
A2: S/R NO : | B2: 202603-10 | O2: 900B-486D
A3: FAX NO : | B3: EMAIL | O3: 46082
A4: DATE : | B4: 46092 | T4: AZ | AD4: LSR | AG4: Cutting Qty
K5: AQ | N5: AT | Q5: AW | W5: BC | Z5: BF | AC5: BG
A6: DEST | B6: TYPE | C6: HARNESS No. | D6: LEVEL | E6: ASSY CODE | F6: CCT | G6: Std Pack | I6: UMH | J6: FEB | M6: MAR | P6: APR | S6: MAY | V6: JUN | Y6: JUL | AB6: AUG | AG6: JAN | AJ6: FEB | AM6: MAR | AP6: APR | AS6: MAY | AV6: JUN | AY6: JUL
J7: =VLOOKUP(J$6,WEEK!$A$55:$D$66,2,0) -> 02/FEB ~ 27/FEB | M7: =VLOOKUP(M$6,WEEK!$A$55:$D$66,2,0) -> 02/MAR ~ 31/MAR | P7: =VLOOKUP(P$6,WEEK!$A$55:$D$66,2,0) -> 01/APR ~ 30/APR | S7: =VLOOKUP(S$6,WEEK!$A$55:$D$66,2,0) -> 02/MAY ~ 30/MAY | V7: =VLOOKUP(V$6,WEEK!$A$55:$D$66,2,0) -> 02/JUN ~ 30/JUN | Y7: =VLOOKUP(Y$6,WEEK!$A$55:$D$66,2,0) -> 01/JUL ~ 31/JUL | AB7: =VLOOKUP(AB$6,WEEK!$A$55:$D$66,2,0) -> 03/AUG ~ 31/AUG | AG7: 27/DEC ~ 23/JAN | AJ7: 24/JAN ~ 20/FEB | AM7: 21/FEB ~ 27/MAR | AP7: 28/MAR ~ 24/APR | AS7: 25/APR ~ 22/MAY | AV7: 23/MAY ~ 26/JUN | AY7: 27/JUN ~ 24/JUL
J8: BAL | K8: DEL | L8: PROD | M8: BAL | N8: DEL | O8: PROD | P8: BAL | Q8: DEL | R8: PROD | S8: BAL | T8: DEL | U8: PROD | V8: BAL | W8: DEL | X8: PROD | Y8: BAL | Z8: DEL | AA8: PROD | AB8: BAL | AC8: DEL | AD8: PROD | AG8: BAL | AH8: DEL | AI8: PROD | AJ8: BAL | AK8: DEL | AL8: PROD | AM8: BAL | AN8: DEL | AO8: PROD | AP8: BAL | AQ8: DEL | AR8: PROD | AS8: BAL | AT8: DEL | AU8: PROD | AV8: BAL | AW8: DEL | AX8: PROD | AY8: BAL | AZ8: DEL | BA8: PROD
A9: 613D | B9: HEV-LHD | C9: 82111-4DT30 | I9: 5.69724 | J9: 0 | K9: =VLOOKUP($C9,#REF!,9,0) -> #REF! | L9: =IF(J9>K9,0,K9-J9) -> 0 | M9: =J9+L9-K9 -> #REF! | N9: =VLOOKUP($C9,#REF!,9,0) -> #REF! | O9: =IF(M9>N9,0,N9-M9) -> #REF! | P9: =M9+O9-N9 -> #REF! | Q9: =VLOOKUP($C9,#REF!,15,0) -> #REF! | R9: =IF(P9>Q9,0,Q9-P9) -> #REF! | S9: =P9+R9-Q9 -> #REF! | T9: =VLOOKUP($C9,#REF!,21,0) -> #REF! | U9: =IF(S9>T9,0,T9-S9) -> #REF! | V9: =S9+U9-T9 -> #REF! | W9: =VLOOKUP($C9,#REF!,27,0) -> #REF! | X9: =IF(V9>W9,0,W9-V9) -> #REF! | Y9: =V9+X9-W9 -> #REF! | Z9: =VLOOKUP($C9,#REF!,33,0) -> #REF! | AA9: =IF(Y9>Z9,0,Z9-Y9) -> #REF! | AB9: =Y9+AA9-Z9 -> #REF! | AC9: =VLOOKUP($C9,#REF!,39,0) -> #REF! | AD9: =IF(AB9>AC9,0,AC9-AB9) -> #REF! | AG9: =J9*F9 -> 0 | AH9: =K9*F9 -> #REF! | AI9: =L9*F9 -> 0 | AJ9: =M9*F9 -> #REF! | AK9: =N9*F9 -> #REF! | AL9: =O9*F9 -> #REF! | AM9: =P9*F9 -> #REF! | AN9: =Q9*F9 -> #REF! | AO9: =R9*F9 -> #REF! | AP9: =S9*F9 -> #REF! | AQ9: =T9*F9 -> #REF! | AR9: =U9*F9 -> #REF! | AS9: =V9*F9 -> #REF! | AT9: =W9*F9 -> #REF! | AU9: =X9*F9 -> #REF! | AV9: =Y9*F9 -> #REF! | AW9: =Z9*F9 -> #REF! | AX9: =AA9*F9 -> #REF! | AY9: =AB9*F9 -> #REF! | AZ9: =AC9*F9 -> #REF! | BA9: =AD9*F9 -> #REF!
B10: HEV-LHD | C10: 82111-4DT40 | I10: 6.6366733 | J10: 0 | K10: =VLOOKUP($C10,#REF!,9,0) -> #REF! | L10: =IF(J10>K10,0,K10-J10) -> 0 | M10: =J10+L10-K10 -> #REF! | N10: =VLOOKUP($C10,#REF!,9,0) -> #REF! | O10: =IF(M10>N10,0,N10-M10) -> #REF! | P10: =M10+O10-N10 -> #REF! | Q10: =VLOOKUP($C10,#REF!,15,0) -> #REF! | R10: =IF(P10>Q10,0,Q10-P10) -> #REF! | S10: =P10+R10-Q10 -> #REF! | T10: =VLOOKUP($C10,#REF!,21,0) -> #REF! | U10: =IF(S10>T10,0,T10-S10) -> #REF! | V10: =S10+U10-T10 -> #REF! | W10: =VLOOKUP($C10,#REF!,27,0) -> #REF! | X10: =IF(V10>W10,0,W10-V10) -> #REF! | Y10: =V10+X10-W10 -> #REF! | Z10: =VLOOKUP($C10,#REF!,33,0) -> #REF! | AA10: =IF(Y10>Z10,0,Z10-Y10) -> #REF! | AB10: =Y10+AA10-Z10 -> #REF! | AC10: =VLOOKUP($C10,#REF!,39,0) -> #REF! | AD10: =IF(AB10>AC10,0,AC10-AB10) -> #REF! | AG10: =J10*F10 -> 0 | AH10: =K10*F10 -> #REF! | AI10: =L10*F10 -> 0 | AJ10: =M10*F10 -> #REF! | AK10: =N10*F10 -> #REF! | AL10: =O10*F10 -> #REF! | AM10: =P10*F10 -> #REF! | AN10: =Q10*F10 -> #REF! | AO10: =R10*F10 -> #REF! | AP10: =S10*F10 -> #REF! | AQ10: =T10*F10 -> #REF! | AR10: =U10*F10 -> #REF! | AS10: =V10*F10 -> #REF! | AT10: =W10*F10 -> #REF! | AU10: =X10*F10 -> #REF! | AV10: =Y10*F10 -> #REF! | AW10: =Z10*F10 -> #REF! | AX10: =AA10*F10 -> #REF! | AY10: =AB10*F10 -> #REF! | AZ10: =AC10*F10 -> #REF! | BA10: =AD10*F10 -> #REF!
B11: HEV-LHD | C11: 82111-4DT50 | I11: 6.63118 | J11: 0 | K11: =VLOOKUP($C11,#REF!,9,0) -> #REF! | L11: =IF(J11>K11,0,K11-J11) -> 0 | M11: =J11+L11-K11 -> #REF! | N11: =VLOOKUP($C11,#REF!,9,0) -> #REF! | O11: =IF(M11>N11,0,N11-M11) -> #REF! | P11: =M11+O11-N11 -> #REF! | Q11: =VLOOKUP($C11,#REF!,15,0) -> #REF! | R11: =IF(P11>Q11,0,Q11-P11) -> #REF! | S11: =P11+R11-Q11 -> #REF! | T11: =VLOOKUP($C11,#REF!,21,0) -> #REF! | U11: =IF(S11>T11,0,T11-S11) -> #REF! | V11: =S11+U11-T11 -> #REF! | W11: =VLOOKUP($C11,#REF!,27,0) -> #REF! | X11: =IF(V11>W11,0,W11-V11) -> #REF! | Y11: =V11+X11-W11 -> #REF! | Z11: =VLOOKUP($C11,#REF!,33,0) -> #REF! | AA11: =IF(Y11>Z11,0,Z11-Y11) -> #REF! | AB11: =Y11+AA11-Z11 -> #REF! | AC11: =VLOOKUP($C11,#REF!,39,0) -> #REF! | AD11: =IF(AB11>AC11,0,AC11-AB11) -> #REF! | AG11: =J11*F11 -> 0 | AH11: =K11*F11 -> #REF! | AI11: =L11*F11 -> 0 | AJ11: =M11*F11 -> #REF! | AK11: =N11*F11 -> #REF! | AL11: =O11*F11 -> #REF! | AM11: =P11*F11 -> #REF! | AN11: =Q11*F11 -> #REF! | AO11: =R11*F11 -> #REF! | AP11: =S11*F11 -> #REF! | AQ11: =T11*F11 -> #REF! | AR11: =U11*F11 -> #REF! | AS11: =V11*F11 -> #REF! | AT11: =W11*F11 -> #REF! | AU11: =X11*F11 -> #REF! | AV11: =Y11*F11 -> #REF! | AW11: =Z11*F11 -> #REF! | AX11: =AA11*F11 -> #REF! | AY11: =AB11*F11 -> #REF! | AZ11: =AC11*F11 -> #REF! | BA11: =AD11*F11 -> #REF!
B12: GAS-LHD | C12: 82111-4DT60 | I12: 5.3516667 | J12: 0 | K12: =VLOOKUP($C12,#REF!,9,0) -> #REF! | L12: =IF(J12>K12,0,K12-J12) -> 0 | M12: =J12+L12-K12 -> #REF! | N12: =VLOOKUP($C12,#REF!,9,0) -> #REF! | O12: =IF(M12>N12,0,N12-M12) -> #REF! | P12: =M12+O12-N12 -> #REF! | Q12: =VLOOKUP($C12,#REF!,15,0) -> #REF! | R12: =IF(P12>Q12,0,Q12-P12) -> #REF! | S12: =P12+R12-Q12 -> #REF! | T12: =VLOOKUP($C12,#REF!,21,0) -> #REF! | U12: =IF(S12>T12,0,T12-S12) -> #REF! | V12: =S12+U12-T12 -> #REF! | W12: =VLOOKUP($C12,#REF!,27,0) -> #REF! | X12: =IF(V12>W12,0,W12-V12) -> #REF! | Y12: =V12+X12-W12 -> #REF! | Z12: =VLOOKUP($C12,#REF!,33,0) -> #REF! | AA12: =IF(Y12>Z12,0,Z12-Y12) -> #REF! | AB12: =Y12+AA12-Z12 -> #REF! | AC12: =VLOOKUP($C12,#REF!,39,0) -> #REF! | AD12: =IF(AB12>AC12,0,AC12-AB12) -> #REF! | AG12: =J12*F12 -> 0 | AH12: =K12*F12 -> #REF! | AI12: =L12*F12 -> 0 | AJ12: =M12*F12 -> #REF! | AK12: =N12*F12 -> #REF! | AL12: =O12*F12 -> #REF! | AM12: =P12*F12 -> #REF! | AN12: =Q12*F12 -> #REF! | AO12: =R12*F12 -> #REF! | AP12: =S12*F12 -> #REF! | AQ12: =T12*F12 -> #REF! | AR12: =U12*F12 -> #REF! | AS12: =V12*F12 -> #REF! | AT12: =W12*F12 -> #REF! | AU12: =X12*F12 -> #REF! | AV12: =Y12*F12 -> #REF! | AW12: =Z12*F12 -> #REF! | AX12: =AA12*F12 -> #REF! | AY12: =AB12*F12 -> #REF! | AZ12: =AC12*F12 -> #REF! | BA12: =AD12*F12 -> #REF!
B13: HEV-LHD | C13: 82111-4DT70 | I13: 6.03334 | J13: 0 | K13: =VLOOKUP($C13,#REF!,9,0) -> #REF! | L13: =IF(J13>K13,0,K13-J13) -> 0 | M13: =J13+L13-K13 -> #REF! | N13: =VLOOKUP($C13,#REF!,9,0) -> #REF! | O13: =IF(M13>N13,0,N13-M13) -> #REF! | P13: =M13+O13-N13 -> #REF! | Q13: =VLOOKUP($C13,#REF!,15,0) -> #REF! | R13: =IF(P13>Q13,0,Q13-P13) -> #REF! | S13: =P13+R13-Q13 -> #REF! | T13: =VLOOKUP($C13,#REF!,21,0) -> #REF! | U13: =IF(S13>T13,0,T13-S13) -> #REF! | V13: =S13+U13-T13 -> #REF! | W13: =VLOOKUP($C13,#REF!,27,0) -> #REF! | X13: =IF(V13>W13,0,W13-V13) -> #REF! | Y13: =V13+X13-W13 -> #REF! | Z13: =VLOOKUP($C13,#REF!,33,0) -> #REF! | AA13: =IF(Y13>Z13,0,Z13-Y13) -> #REF! | AB13: =Y13+AA13-Z13 -> #REF! | AC13: =VLOOKUP($C13,#REF!,39,0) -> #REF! | AD13: =IF(AB13>AC13,0,AC13-AB13) -> #REF! | AG13: =J13*F13 -> 0 | AH13: =K13*F13 -> #REF! | AI13: =L13*F13 -> 0 | AJ13: =M13*F13 -> #REF! | AK13: =N13*F13 -> #REF! | AL13: =O13*F13 -> #REF! | AM13: =P13*F13 -> #REF! | AN13: =Q13*F13 -> #REF! | AO13: =R13*F13 -> #REF! | AP13: =S13*F13 -> #REF! | AQ13: =T13*F13 -> #REF! | AR13: =U13*F13 -> #REF! | AS13: =V13*F13 -> #REF! | AT13: =W13*F13 -> #REF! | AU13: =X13*F13 -> #REF! | AV13: =Y13*F13 -> #REF! | AW13: =Z13*F13 -> #REF! | AX13: =AA13*F13 -> #REF! | AY13: =AB13*F13 -> #REF! | AZ13: =AC13*F13 -> #REF! | BA13: =AD13*F13 -> #REF!
B14: HEV-LHD | C14: 82111-4DT80 | I14: 5.962445 | J14: 0 | K14: =VLOOKUP($C14,#REF!,9,0) -> #REF! | L14: =IF(J14>K14,0,K14-J14) -> 0 | M14: =J14+L14-K14 -> #REF! | N14: =VLOOKUP($C14,#REF!,9,0) -> #REF! | O14: =IF(M14>N14,0,N14-M14) -> #REF! | P14: =M14+O14-N14 -> #REF! | Q14: =VLOOKUP($C14,#REF!,15,0) -> #REF! | R14: =IF(P14>Q14,0,Q14-P14) -> #REF! | S14: =P14+R14-Q14 -> #REF! | T14: =VLOOKUP($C14,#REF!,21,0) -> #REF! | U14: =IF(S14>T14,0,T14-S14) -> #REF! | V14: =S14+U14-T14 -> #REF! | W14: =VLOOKUP($C14,#REF!,27,0) -> #REF! | X14: =IF(V14>W14,0,W14-V14) -> #REF! | Y14: =V14+X14-W14 -> #REF! | Z14: =VLOOKUP($C14,#REF!,33,0) -> #REF! | AA14: =IF(Y14>Z14,0,Z14-Y14) -> #REF! | AB14: =Y14+AA14-Z14 -> #REF! | AC14: =VLOOKUP($C14,#REF!,39,0) -> #REF! | AD14: =IF(AB14>AC14,0,AC14-AB14) -> #REF! | AG14: =J14*F14 -> 0 | AH14: =K14*F14 -> #REF! | AI14: =L14*F14 -> 0 | AJ14: =M14*F14 -> #REF! | AK14: =N14*F14 -> #REF! | AL14: =O14*F14 -> #REF! | AM14: =P14*F14 -> #REF! | AN14: =Q14*F14 -> #REF! | AO14: =R14*F14 -> #REF! | AP14: =S14*F14 -> #REF! | AQ14: =T14*F14 -> #REF! | AR14: =U14*F14 -> #REF! | AS14: =V14*F14 -> #REF! | AT14: =W14*F14 -> #REF! | AU14: =X14*F14 -> #REF! | AV14: =Y14*F14 -> #REF! | AW14: =Z14*F14 -> #REF! | AX14: =AA14*F14 -> #REF! | AY14: =AB14*F14 -> #REF! | AZ14: =AC14*F14 -> #REF! | BA14: =AD14*F14 -> #REF!
B15: HEV-LHD | C15: 82111-4DT90 | I15: 5.9974267 | J15: 0 | K15: =VLOOKUP($C15,#REF!,9,0) -> #REF! | L15: =IF(J15>K15,0,K15-J15) -> 0 | M15: =J15+L15-K15 -> #REF! | N15: =VLOOKUP($C15,#REF!,9,0) -> #REF! | O15: =IF(M15>N15,0,N15-M15) -> #REF! | P15: =M15+O15-N15 -> #REF! | Q15: =VLOOKUP($C15,#REF!,15,0) -> #REF! | R15: =IF(P15>Q15,0,Q15-P15) -> #REF! | S15: =P15+R15-Q15 -> #REF! | T15: =VLOOKUP($C15,#REF!,21,0) -> #REF! | U15: =IF(S15>T15,0,T15-S15) -> #REF! | V15: =S15+U15-T15 -> #REF! | W15: =VLOOKUP($C15,#REF!,27,0) -> #REF! | X15: =IF(V15>W15,0,W15-V15) -> #REF! | Y15: =V15+X15-W15 -> #REF! | Z15: =VLOOKUP($C15,#REF!,33,0) -> #REF! | AA15: =IF(Y15>Z15,0,Z15-Y15) -> #REF! | AB15: =Y15+AA15-Z15 -> #REF! | AC15: =VLOOKUP($C15,#REF!,39,0) -> #REF! | AD15: =IF(AB15>AC15,0,AC15-AB15) -> #REF! | AG15: =J15*F15 -> 0 | AH15: =K15*F15 -> #REF! | AI15: =L15*F15 -> 0 | AJ15: =M15*F15 -> #REF! | AK15: =N15*F15 -> #REF! | AL15: =O15*F15 -> #REF! | AM15: =P15*F15 -> #REF! | AN15: =Q15*F15 -> #REF! | AO15: =R15*F15 -> #REF! | AP15: =S15*F15 -> #REF! | AQ15: =T15*F15 -> #REF! | AR15: =U15*F15 -> #REF! | AS15: =V15*F15 -> #REF! | AT15: =W15*F15 -> #REF! | AU15: =X15*F15 -> #REF! | AV15: =Y15*F15 -> #REF! | AW15: =Z15*F15 -> #REF! | AX15: =AA15*F15 -> #REF! | AY15: =AB15*F15 -> #REF! | AZ15: =AC15*F15 -> #REF! | BA15: =AD15*F15 -> #REF!
B16: HEV-LHD | C16: 82111-4DU00 | I16: 5.96211 | J16: 0 | K16: =VLOOKUP($C16,#REF!,9,0) -> #REF! | L16: =IF(J16>K16,0,K16-J16) -> 0 | M16: =J16+L16-K16 -> #REF! | N16: =VLOOKUP($C16,#REF!,9,0) -> #REF! | O16: =IF(M16>N16,0,N16-M16) -> #REF! | P16: =M16+O16-N16 -> #REF! | Q16: =VLOOKUP($C16,#REF!,15,0) -> #REF! | R16: =IF(P16>Q16,0,Q16-P16) -> #REF! | S16: =P16+R16-Q16 -> #REF! | T16: =VLOOKUP($C16,#REF!,21,0) -> #REF! | U16: =IF(S16>T16,0,T16-S16) -> #REF! | V16: =S16+U16-T16 -> #REF! | W16: =VLOOKUP($C16,#REF!,27,0) -> #REF! | X16: =IF(V16>W16,0,W16-V16) -> #REF! | Y16: =V16+X16-W16 -> #REF! | Z16: =VLOOKUP($C16,#REF!,33,0) -> #REF! | AA16: =IF(Y16>Z16,0,Z16-Y16) -> #REF! | AB16: =Y16+AA16-Z16 -> #REF! | AC16: =VLOOKUP($C16,#REF!,39,0) -> #REF! | AD16: =IF(AB16>AC16,0,AC16-AB16) -> #REF! | AG16: =J16*F16 -> 0 | AH16: =K16*F16 -> #REF! | AI16: =L16*F16 -> 0 | AJ16: =M16*F16 -> #REF! | AK16: =N16*F16 -> #REF! | AL16: =O16*F16 -> #REF! | AM16: =P16*F16 -> #REF! | AN16: =Q16*F16 -> #REF! | AO16: =R16*F16 -> #REF! | AP16: =S16*F16 -> #REF! | AQ16: =T16*F16 -> #REF! | AR16: =U16*F16 -> #REF! | AS16: =V16*F16 -> #REF! | AT16: =W16*F16 -> #REF! | AU16: =X16*F16 -> #REF! | AV16: =Y16*F16 -> #REF! | AW16: =Z16*F16 -> #REF! | AX16: =AA16*F16 -> #REF! | AY16: =AB16*F16 -> #REF! | AZ16: =AC16*F16 -> #REF! | BA16: =AD16*F16 -> #REF!
B17: HEV-LHD | C17: 82111-4DU10 | I17: 5.8925217 | J17: 0 | K17: =VLOOKUP($C17,#REF!,9,0) -> #REF! | L17: =IF(J17>K17,0,K17-J17) -> 0 | M17: =J17+L17-K17 -> #REF! | N17: =VLOOKUP($C17,#REF!,9,0) -> #REF! | O17: =IF(M17>N17,0,N17-M17) -> #REF! | P17: =M17+O17-N17 -> #REF! | Q17: =VLOOKUP($C17,#REF!,15,0) -> #REF! | R17: =IF(P17>Q17,0,Q17-P17) -> #REF! | S17: =P17+R17-Q17 -> #REF! | T17: =VLOOKUP($C17,#REF!,21,0) -> #REF! | U17: =IF(S17>T17,0,T17-S17) -> #REF! | V17: =S17+U17-T17 -> #REF! | W17: =VLOOKUP($C17,#REF!,27,0) -> #REF! | X17: =IF(V17>W17,0,W17-V17) -> #REF! | Y17: =V17+X17-W17 -> #REF! | Z17: =VLOOKUP($C17,#REF!,33,0) -> #REF! | AA17: =IF(Y17>Z17,0,Z17-Y17) -> #REF! | AB17: =Y17+AA17-Z17 -> #REF! | AC17: =VLOOKUP($C17,#REF!,39,0) -> #REF! | AD17: =IF(AB17>AC17,0,AC17-AB17) -> #REF! | AG17: =J17*F17 -> 0 | AH17: =K17*F17 -> #REF! | AI17: =L17*F17 -> 0 | AJ17: =M17*F17 -> #REF! | AK17: =N17*F17 -> #REF! | AL17: =O17*F17 -> #REF! | AM17: =P17*F17 -> #REF! | AN17: =Q17*F17 -> #REF! | AO17: =R17*F17 -> #REF! | AP17: =S17*F17 -> #REF! | AQ17: =T17*F17 -> #REF! | AR17: =U17*F17 -> #REF! | AS17: =V17*F17 -> #REF! | AT17: =W17*F17 -> #REF! | AU17: =X17*F17 -> #REF! | AV17: =Y17*F17 -> #REF! | AW17: =Z17*F17 -> #REF! | AX17: =AA17*F17 -> #REF! | AY17: =AB17*F17 -> #REF! | AZ17: =AC17*F17 -> #REF! | BA17: =AD17*F17 -> #REF!
B18: HEV-LHD | C18: 82111-4DU20 | I18: =VLOOKUP(C18,#REF!,18,0) -> #REF! | J18: 0 | K18: =VLOOKUP($C18,#REF!,9,0) -> #REF! | L18: =IF(J18>K18,0,K18-J18) -> 0 | M18: =J18+L18-K18 -> #REF! | N18: =VLOOKUP($C18,#REF!,9,0) -> #REF! | O18: =IF(M18>N18,0,N18-M18) -> #REF! | P18: =M18+O18-N18 -> #REF! | Q18: =VLOOKUP($C18,#REF!,15,0) -> #REF! | R18: =IF(P18>Q18,0,Q18-P18) -> #REF! | S18: =P18+R18-Q18 -> #REF! | T18: =VLOOKUP($C18,#REF!,21,0) -> #REF! | U18: =IF(S18>T18,0,T18-S18) -> #REF! | V18: =S18+U18-T18 -> #REF! | W18: =VLOOKUP($C18,#REF!,27,0) -> #REF! | X18: =IF(V18>W18,0,W18-V18) -> #REF! | Y18: =V18+X18-W18 -> #REF! | Z18: =VLOOKUP($C18,#REF!,33,0) -> #REF! | AA18: =IF(Y18>Z18,0,Z18-Y18) -> #REF! | AB18: =Y18+AA18-Z18 -> #REF! | AC18: =VLOOKUP($C18,#REF!,39,0) -> #REF! | AD18: =IF(AB18>AC18,0,AC18-AB18) -> #REF! | AG18: =J18*F18 -> 0 | AH18: =K18*F18 -> #REF! | AI18: =L18*F18 -> 0 | AJ18: =M18*F18 -> #REF! | AK18: =N18*F18 -> #REF! | AL18: =O18*F18 -> #REF! | AM18: =P18*F18 -> #REF! | AN18: =Q18*F18 -> #REF! | AO18: =R18*F18 -> #REF! | AP18: =S18*F18 -> #REF! | AQ18: =T18*F18 -> #REF! | AR18: =U18*F18 -> #REF! | AS18: =V18*F18 -> #REF! | AT18: =W18*F18 -> #REF! | AU18: =X18*F18 -> #REF! | AV18: =Y18*F18 -> #REF! | AW18: =Z18*F18 -> #REF! | AX18: =AA18*F18 -> #REF! | AY18: =AB18*F18 -> #REF! | AZ18: =AC18*F18 -> #REF! | BA18: =AD18*F18 -> #REF!
B19: HEV-LHD | C19: 82111-4DU30 | I19: =VLOOKUP(C19,#REF!,18,0) -> #REF! | J19: 0 | K19: =VLOOKUP($C19,#REF!,9,0) -> #REF! | L19: =IF(J19>K19,0,K19-J19) -> 0 | M19: =J19+L19-K19 -> #REF! | N19: =VLOOKUP($C19,#REF!,9,0) -> #REF! | O19: =IF(M19>N19,0,N19-M19) -> #REF! | P19: =M19+O19-N19 -> #REF! | Q19: =VLOOKUP($C19,#REF!,15,0) -> #REF! | R19: =IF(P19>Q19,0,Q19-P19) -> #REF! | S19: =P19+R19-Q19 -> #REF! | T19: =VLOOKUP($C19,#REF!,21,0) -> #REF! | U19: =IF(S19>T19,0,T19-S19) -> #REF! | V19: =S19+U19-T19 -> #REF! | W19: =VLOOKUP($C19,#REF!,27,0) -> #REF! | X19: =IF(V19>W19,0,W19-V19) -> #REF! | Y19: =V19+X19-W19 -> #REF! | Z19: =VLOOKUP($C19,#REF!,33,0) -> #REF! | AA19: =IF(Y19>Z19,0,Z19-Y19) -> #REF! | AB19: =Y19+AA19-Z19 -> #REF! | AC19: =VLOOKUP($C19,#REF!,39,0) -> #REF! | AD19: =IF(AB19>AC19,0,AC19-AB19) -> #REF! | AG19: =J19*F19 -> 0 | AH19: =K19*F19 -> #REF! | AI19: =L19*F19 -> 0 | AJ19: =M19*F19 -> #REF! | AK19: =N19*F19 -> #REF! | AL19: =O19*F19 -> #REF! | AM19: =P19*F19 -> #REF! | AN19: =Q19*F19 -> #REF! | AO19: =R19*F19 -> #REF! | AP19: =S19*F19 -> #REF! | AQ19: =T19*F19 -> #REF! | AR19: =U19*F19 -> #REF! | AS19: =V19*F19 -> #REF! | AT19: =W19*F19 -> #REF! | AU19: =X19*F19 -> #REF! | AV19: =Y19*F19 -> #REF! | AW19: =Z19*F19 -> #REF! | AX19: =AA19*F19 -> #REF! | AY19: =AB19*F19 -> #REF! | AZ19: =AC19*F19 -> #REF! | BA19: =AD19*F19 -> #REF!
B20: HEV-LHD | C20: 82111-4DU40 | I20: =VLOOKUP(C20,#REF!,18,0) -> #REF! | J20: 0 | K20: =VLOOKUP($C20,#REF!,9,0) -> #REF! | L20: =IF(J20>K20,0,K20-J20) -> 0 | M20: =J20+L20-K20 -> #REF! | N20: =VLOOKUP($C20,#REF!,9,0) -> #REF! | O20: =IF(M20>N20,0,N20-M20) -> #REF! | P20: =M20+O20-N20 -> #REF! | Q20: =VLOOKUP($C20,#REF!,15,0) -> #REF! | R20: =IF(P20>Q20,0,Q20-P20) -> #REF! | S20: =P20+R20-Q20 -> #REF! | T20: =VLOOKUP($C20,#REF!,21,0) -> #REF! | U20: =IF(S20>T20,0,T20-S20) -> #REF! | V20: =S20+U20-T20 -> #REF! | W20: =VLOOKUP($C20,#REF!,27,0) -> #REF! | X20: =IF(V20>W20,0,W20-V20) -> #REF! | Y20: =V20+X20-W20 -> #REF! | Z20: =VLOOKUP($C20,#REF!,33,0) -> #REF! | AA20: =IF(Y20>Z20,0,Z20-Y20) -> #REF! | AB20: =Y20+AA20-Z20 -> #REF! | AC20: =VLOOKUP($C20,#REF!,39,0) -> #REF! | AD20: =IF(AB20>AC20,0,AC20-AB20) -> #REF! | AG20: =J20*F20 -> 0 | AH20: =K20*F20 -> #REF! | AI20: =L20*F20 -> 0 | AJ20: =M20*F20 -> #REF! | AK20: =N20*F20 -> #REF! | AL20: =O20*F20 -> #REF! | AM20: =P20*F20 -> #REF! | AN20: =Q20*F20 -> #REF! | AO20: =R20*F20 -> #REF! | AP20: =S20*F20 -> #REF! | AQ20: =T20*F20 -> #REF! | AR20: =U20*F20 -> #REF! | AS20: =V20*F20 -> #REF! | AT20: =W20*F20 -> #REF! | AU20: =X20*F20 -> #REF! | AV20: =Y20*F20 -> #REF! | AW20: =Z20*F20 -> #REF! | AX20: =AA20*F20 -> #REF! | AY20: =AB20*F20 -> #REF! | AZ20: =AC20*F20 -> #REF! | BA20: =AD20*F20 -> #REF!
B21: HEV-RHD | C21: 82111-4DU60 | I21: =VLOOKUP(C21,#REF!,18,0) -> #REF! | J21: 7 | K21: =VLOOKUP($C21,#REF!,9,0) -> #REF! | L21: =IF(J21>K21,0,K21-J21) -> 0 | M21: =J21+L21-K21 -> #REF! | N21: =VLOOKUP($C21,#REF!,9,0) -> #REF! | O21: =IF(M21>N21,0,N21-M21) -> #REF! | P21: =M21+O21-N21 -> #REF! | Q21: =VLOOKUP($C21,#REF!,15,0) -> #REF! | R21: =IF(P21>Q21,0,Q21-P21) -> #REF! | S21: =P21+R21-Q21 -> #REF! | T21: =VLOOKUP($C21,#REF!,21,0) -> #REF! | U21: =IF(S21>T21,0,T21-S21) -> #REF! | V21: =S21+U21-T21 -> #REF! | W21: =VLOOKUP($C21,#REF!,27,0) -> #REF! | X21: =IF(V21>W21,0,W21-V21) -> #REF! | Y21: =V21+X21-W21 -> #REF! | Z21: =VLOOKUP($C21,#REF!,33,0) -> #REF! | AA21: =IF(Y21>Z21,0,Z21-Y21) -> #REF! | AB21: =Y21+AA21-Z21 -> #REF! | AC21: =VLOOKUP($C21,#REF!,39,0) -> #REF! | AD21: =IF(AB21>AC21,0,AC21-AB21) -> #REF! | AG21: =J21*F21 -> 0 | AH21: =K21*F21 -> #REF! | AI21: =L21*F21 -> 0 | AJ21: =M21*F21 -> #REF! | AK21: =N21*F21 -> #REF! | AL21: =O21*F21 -> #REF! | AM21: =P21*F21 -> #REF! | AN21: =Q21*F21 -> #REF! | AO21: =R21*F21 -> #REF! | AP21: =S21*F21 -> #REF! | AQ21: =T21*F21 -> #REF! | AR21: =U21*F21 -> #REF! | AS21: =V21*F21 -> #REF! | AT21: =W21*F21 -> #REF! | AU21: =X21*F21 -> #REF! | AV21: =Y21*F21 -> #REF! | AW21: =Z21*F21 -> #REF! | AX21: =AA21*F21 -> #REF! | AY21: =AB21*F21 -> #REF! | AZ21: =AC21*F21 -> #REF! | BA21: =AD21*F21 -> #REF!
B22: HEV-RHD | C22: 82111-4DU70 | I22: =VLOOKUP(C22,#REF!,18,0) -> #REF! | J22: 0 | K22: =VLOOKUP($C22,#REF!,9,0) -> #REF! | L22: =IF(J22>K22,0,K22-J22) -> 0 | M22: =J22+L22-K22 -> #REF! | N22: =VLOOKUP($C22,#REF!,9,0) -> #REF! | O22: =IF(M22>N22,0,N22-M22) -> #REF! | P22: =M22+O22-N22 -> #REF! | Q22: =VLOOKUP($C22,#REF!,15,0) -> #REF! | R22: =IF(P22>Q22,0,Q22-P22) -> #REF! | S22: =P22+R22-Q22 -> #REF! | T22: =VLOOKUP($C22,#REF!,21,0) -> #REF! | U22: =IF(S22>T22,0,T22-S22) -> #REF! | V22: =S22+U22-T22 -> #REF! | W22: =VLOOKUP($C22,#REF!,27,0) -> #REF! | X22: =IF(V22>W22,0,W22-V22) -> #REF! | Y22: =V22+X22-W22 -> #REF! | Z22: =VLOOKUP($C22,#REF!,33,0) -> #REF! | AA22: =IF(Y22>Z22,0,Z22-Y22) -> #REF! | AB22: =Y22+AA22-Z22 -> #REF! | AC22: =VLOOKUP($C22,#REF!,39,0) -> #REF! | AD22: =IF(AB22>AC22,0,AC22-AB22) -> #REF! | AG22: =J22*F22 -> 0 | AH22: =K22*F22 -> #REF! | AI22: =L22*F22 -> 0 | AJ22: =M22*F22 -> #REF! | AK22: =N22*F22 -> #REF! | AL22: =O22*F22 -> #REF! | AM22: =P22*F22 -> #REF! | AN22: =Q22*F22 -> #REF! | AO22: =R22*F22 -> #REF! | AP22: =S22*F22 -> #REF! | AQ22: =T22*F22 -> #REF! | AR22: =U22*F22 -> #REF! | AS22: =V22*F22 -> #REF! | AT22: =W22*F22 -> #REF! | AU22: =X22*F22 -> #REF! | AV22: =Y22*F22 -> #REF! | AW22: =Z22*F22 -> #REF! | AX22: =AA22*F22 -> #REF! | AY22: =AB22*F22 -> #REF! | AZ22: =AC22*F22 -> #REF! | BA22: =AD22*F22 -> #REF!
B23: HEV-RHD | C23: 82111-4DU80 | I23: =VLOOKUP(C23,#REF!,18,0) -> #REF! | J23: 2 | K23: =VLOOKUP($C23,#REF!,9,0) -> #REF! | L23: =IF(J23>K23,0,K23-J23) -> 0 | M23: =J23+L23-K23 -> #REF! | N23: =VLOOKUP($C23,#REF!,9,0) -> #REF! | O23: =IF(M23>N23,0,N23-M23) -> #REF! | P23: =M23+O23-N23 -> #REF! | Q23: =VLOOKUP($C23,#REF!,15,0) -> #REF! | R23: =IF(P23>Q23,0,Q23-P23) -> #REF! | S23: =P23+R23-Q23 -> #REF! | T23: =VLOOKUP($C23,#REF!,21,0) -> #REF! | U23: =IF(S23>T23,0,T23-S23) -> #REF! | V23: =S23+U23-T23 -> #REF! | W23: =VLOOKUP($C23,#REF!,27,0) -> #REF! | X23: =IF(V23>W23,0,W23-V23) -> #REF! | Y23: =V23+X23-W23 -> #REF! | Z23: =VLOOKUP($C23,#REF!,33,0) -> #REF! | AA23: =IF(Y23>Z23,0,Z23-Y23) -> #REF! | AB23: =Y23+AA23-Z23 -> #REF! | AC23: =VLOOKUP($C23,#REF!,39,0) -> #REF! | AD23: =IF(AB23>AC23,0,AC23-AB23) -> #REF! | AG23: =J23*F23 -> 0 | AH23: =K23*F23 -> #REF! | AI23: =L23*F23 -> 0 | AJ23: =M23*F23 -> #REF! | AK23: =N23*F23 -> #REF! | AL23: =O23*F23 -> #REF! | AM23: =P23*F23 -> #REF! | AN23: =Q23*F23 -> #REF! | AO23: =R23*F23 -> #REF! | AP23: =S23*F23 -> #REF! | AQ23: =T23*F23 -> #REF! | AR23: =U23*F23 -> #REF! | AS23: =V23*F23 -> #REF! | AT23: =W23*F23 -> #REF! | AU23: =X23*F23 -> #REF! | AV23: =Y23*F23 -> #REF! | AW23: =Z23*F23 -> #REF! | AX23: =AA23*F23 -> #REF! | AY23: =AB23*F23 -> #REF! | AZ23: =AC23*F23 -> #REF! | BA23: =AD23*F23 -> #REF!
B24: HEV-RHD | C24: 82111-4DU90 | I24: =VLOOKUP(C24,#REF!,18,0) -> #REF! | J24: 0 | K24: =VLOOKUP($C24,#REF!,9,0) -> #REF! | L24: =IF(J24>K24,0,K24-J24) -> 0 | M24: =J24+L24-K24 -> #REF! | N24: =VLOOKUP($C24,#REF!,9,0) -> #REF! | O24: =IF(M24>N24,0,N24-M24) -> #REF! | P24: =M24+O24-N24 -> #REF! | Q24: =VLOOKUP($C24,#REF!,15,0) -> #REF! | R24: =IF(P24>Q24,0,Q24-P24) -> #REF! | S24: =P24+R24-Q24 -> #REF! | T24: =VLOOKUP($C24,#REF!,21,0) -> #REF! | U24: =IF(S24>T24,0,T24-S24) -> #REF! | V24: =S24+U24-T24 -> #REF! | W24: =VLOOKUP($C24,#REF!,27,0) -> #REF! | X24: =IF(V24>W24,0,W24-V24) -> #REF! | Y24: =V24+X24-W24 -> #REF! | Z24: =VLOOKUP($C24,#REF!,33,0) -> #REF! | AA24: =IF(Y24>Z24,0,Z24-Y24) -> #REF! | AB24: =Y24+AA24-Z24 -> #REF! | AC24: =VLOOKUP($C24,#REF!,39,0) -> #REF! | AD24: =IF(AB24>AC24,0,AC24-AB24) -> #REF! | AG24: =J24*F24 -> 0 | AH24: =K24*F24 -> #REF! | AI24: =L24*F24 -> 0 | AJ24: =M24*F24 -> #REF! | AK24: =N24*F24 -> #REF! | AL24: =O24*F24 -> #REF! | AM24: =P24*F24 -> #REF! | AN24: =Q24*F24 -> #REF! | AO24: =R24*F24 -> #REF! | AP24: =S24*F24 -> #REF! | AQ24: =T24*F24 -> #REF! | AR24: =U24*F24 -> #REF! | AS24: =V24*F24 -> #REF! | AT24: =W24*F24 -> #REF! | AU24: =X24*F24 -> #REF! | AV24: =Y24*F24 -> #REF! | AW24: =Z24*F24 -> #REF! | AX24: =AA24*F24 -> #REF! | AY24: =AB24*F24 -> #REF! | AZ24: =AC24*F24 -> #REF! | BA24: =AD24*F24 -> #REF!
B25: GAS-LHD | C25: 82111-4DV00 | I25: =VLOOKUP(C25,#REF!,18,0) -> #REF! | J25: 0 | K25: =VLOOKUP($C25,#REF!,9,0) -> #REF! | L25: =IF(J25>K25,0,K25-J25) -> 0 | M25: =J25+L25-K25 -> #REF! | N25: =VLOOKUP($C25,#REF!,9,0) -> #REF! | O25: =IF(M25>N25,0,N25-M25) -> #REF! | P25: =M25+O25-N25 -> #REF! | Q25: =VLOOKUP($C25,#REF!,15,0) -> #REF! | R25: =IF(P25>Q25,0,Q25-P25) -> #REF! | S25: =P25+R25-Q25 -> #REF! | T25: =VLOOKUP($C25,#REF!,21,0) -> #REF! | U25: =IF(S25>T25,0,T25-S25) -> #REF! | V25: =S25+U25-T25 -> #REF! | W25: =VLOOKUP($C25,#REF!,27,0) -> #REF! | X25: =IF(V25>W25,0,W25-V25) -> #REF! | Y25: =V25+X25-W25 -> #REF! | Z25: =VLOOKUP($C25,#REF!,33,0) -> #REF! | AA25: =IF(Y25>Z25,0,Z25-Y25) -> #REF! | AB25: =Y25+AA25-Z25 -> #REF! | AC25: =VLOOKUP($C25,#REF!,39,0) -> #REF! | AD25: =IF(AB25>AC25,0,AC25-AB25) -> #REF! | AG25: =J25*F25 -> 0 | AH25: =K25*F25 -> #REF! | AI25: =L25*F25 -> 0 | AJ25: =M25*F25 -> #REF! | AK25: =N25*F25 -> #REF! | AL25: =O25*F25 -> #REF! | AM25: =P25*F25 -> #REF! | AN25: =Q25*F25 -> #REF! | AO25: =R25*F25 -> #REF! | AP25: =S25*F25 -> #REF! | AQ25: =T25*F25 -> #REF! | AR25: =U25*F25 -> #REF! | AS25: =V25*F25 -> #REF! | AT25: =W25*F25 -> #REF! | AU25: =X25*F25 -> #REF! | AV25: =Y25*F25 -> #REF! | AW25: =Z25*F25 -> #REF! | AX25: =AA25*F25 -> #REF! | AY25: =AB25*F25 -> #REF! | AZ25: =AC25*F25 -> #REF! | BA25: =AD25*F25 -> #REF!
B26: HEV-LHD | C26: 82111-4DV10 | I26: =VLOOKUP(C26,#REF!,18,0) -> #REF! | J26: 0 | K26: =VLOOKUP($C26,#REF!,9,0) -> #REF! | L26: =IF(J26>K26,0,K26-J26) -> 0 | M26: =J26+L26-K26 -> #REF! | N26: =VLOOKUP($C26,#REF!,9,0) -> #REF! | O26: =IF(M26>N26,0,N26-M26) -> #REF! | P26: =M26+O26-N26 -> #REF! | Q26: =VLOOKUP($C26,#REF!,15,0) -> #REF! | R26: =IF(P26>Q26,0,Q26-P26) -> #REF! | S26: =P26+R26-Q26 -> #REF! | T26: =VLOOKUP($C26,#REF!,21,0) -> #REF! | U26: =IF(S26>T26,0,T26-S26) -> #REF! | V26: =S26+U26-T26 -> #REF! | W26: =VLOOKUP($C26,#REF!,27,0) -> #REF! | X26: =IF(V26>W26,0,W26-V26) -> #REF! | Y26: =V26+X26-W26 -> #REF! | Z26: =VLOOKUP($C26,#REF!,33,0) -> #REF! | AA26: =IF(Y26>Z26,0,Z26-Y26) -> #REF! | AB26: =Y26+AA26-Z26 -> #REF! | AC26: =VLOOKUP($C26,#REF!,39,0) -> #REF! | AD26: =IF(AB26>AC26,0,AC26-AB26) -> #REF! | AG26: =J26*F26 -> 0 | AH26: =K26*F26 -> #REF! | AI26: =L26*F26 -> 0 | AJ26: =M26*F26 -> #REF! | AK26: =N26*F26 -> #REF! | AL26: =O26*F26 -> #REF! | AM26: =P26*F26 -> #REF! | AN26: =Q26*F26 -> #REF! | AO26: =R26*F26 -> #REF! | AP26: =S26*F26 -> #REF! | AQ26: =T26*F26 -> #REF! | AR26: =U26*F26 -> #REF! | AS26: =V26*F26 -> #REF! | AT26: =W26*F26 -> #REF! | AU26: =X26*F26 -> #REF! | AV26: =Y26*F26 -> #REF! | AW26: =Z26*F26 -> #REF! | AX26: =AA26*F26 -> #REF! | AY26: =AB26*F26 -> #REF! | AZ26: =AC26*F26 -> #REF! | BA26: =AD26*F26 -> #REF!
B27: HEV-RHD | C27: 82111-4DV30 | I27: =VLOOKUP(C27,#REF!,18,0) -> #REF! | J27: 0 | K27: =VLOOKUP($C27,#REF!,9,0) -> #REF! | L27: =IF(J27>K27,0,K27-J27) -> 0 | M27: =J27+L27-K27 -> #REF! | N27: =VLOOKUP($C27,#REF!,9,0) -> #REF! | O27: =IF(M27>N27,0,N27-M27) -> #REF! | P27: =M27+O27-N27 -> #REF! | Q27: =VLOOKUP($C27,#REF!,15,0) -> #REF! | R27: =IF(P27>Q27,0,Q27-P27) -> #REF! | S27: =P27+R27-Q27 -> #REF! | T27: =VLOOKUP($C27,#REF!,21,0) -> #REF! | U27: =IF(S27>T27,0,T27-S27) -> #REF! | V27: =S27+U27-T27 -> #REF! | W27: =VLOOKUP($C27,#REF!,27,0) -> #REF! | X27: =IF(V27>W27,0,W27-V27) -> #REF! | Y27: =V27+X27-W27 -> #REF! | Z27: =VLOOKUP($C27,#REF!,33,0) -> #REF! | AA27: =IF(Y27>Z27,0,Z27-Y27) -> #REF! | AB27: =Y27+AA27-Z27 -> #REF! | AC27: =VLOOKUP($C27,#REF!,39,0) -> #REF! | AD27: =IF(AB27>AC27,0,AC27-AB27) -> #REF! | AG27: =J27*F27 -> 0 | AH27: =K27*F27 -> #REF! | AI27: =L27*F27 -> 0 | AJ27: =M27*F27 -> #REF! | AK27: =N27*F27 -> #REF! | AL27: =O27*F27 -> #REF! | AM27: =P27*F27 -> #REF! | AN27: =Q27*F27 -> #REF! | AO27: =R27*F27 -> #REF! | AP27: =S27*F27 -> #REF! | AQ27: =T27*F27 -> #REF! | AR27: =U27*F27 -> #REF! | AS27: =V27*F27 -> #REF! | AT27: =W27*F27 -> #REF! | AU27: =X27*F27 -> #REF! | AV27: =Y27*F27 -> #REF! | AW27: =Z27*F27 -> #REF! | AX27: =AA27*F27 -> #REF! | AY27: =AB27*F27 -> #REF! | AZ27: =AC27*F27 -> #REF! | BA27: =AD27*F27 -> #REF!
I28: =VLOOKUP(C28,#REF!,18,0) -> #REF! | L28: =IF(J28>K28,0,K28-J28) -> 0 | O28: =IF(M28>N28,0,N28-M28) -> 0 | R28: =IF(P28>Q28,0,Q28-P28) -> 0 | U28: =IF(S28>T28,0,T28-S28) -> 0 | X28: =IF(V28>W28,0,W28-V28) -> 0 | AG28: =J28*F28 -> 0 | AH28: =K28*F28 -> 0 | AI28: =L28*F28 -> 0 | AJ28: =M28*F28 -> 0 | AK28: =N28*F28 -> 0 | AL28: =O28*F28 -> 0 | AM28: =P28*F28 -> 0 | AN28: =Q28*F28 -> 0 | AO28: =R28*F28 -> 0 | AP28: =S28*F28 -> 0 | AQ28: =T28*F28 -> 0 | AR28: =U28*F28 -> 0 | AS28: =V28*F28 -> 0 | AT28: =W28*F28 -> 0 | AU28: =X28*F28 -> 0 | AV28: =Y28*F28 -> 0 | AW28: =Z28*F28 -> 0 | AX28: =AA28*F28 -> 0 | AY28: =AB28*F28 -> 0 | AZ28: =AC28*F28 -> 0 | BA28: =AD28*F28 -> 0
I29: =VLOOKUP(C29,#REF!,18,0) -> #REF! | L29: =IF(J29>K29,0,K29-J29) -> 0 | O29: =IF(M29>N29,0,N29-M29) -> 0 | R29: =IF(P29>Q29,0,Q29-P29) -> 0 | U29: =IF(S29>T29,0,T29-S29) -> 0 | X29: =IF(V29>W29,0,W29-V29) -> 0 | AG29: =J29*F29 -> 0 | AH29: =K29*F29 -> 0 | AI29: =L29*F29 -> 0 | AJ29: =M29*F29 -> 0 | AK29: =N29*F29 -> 0 | AL29: =O29*F29 -> 0 | AM29: =P29*F29 -> 0 | AN29: =Q29*F29 -> 0 | AO29: =R29*F29 -> 0 | AP29: =S29*F29 -> 0 | AQ29: =T29*F29 -> 0 | AR29: =U29*F29 -> 0 | AS29: =V29*F29 -> 0 | AT29: =W29*F29 -> 0 | AU29: =X29*F29 -> 0 | AV29: =Y29*F29 -> 0 | AW29: =Z29*F29 -> 0 | AX29: =AA29*F29 -> 0 | AY29: =AB29*F29 -> 0 | AZ29: =AC29*F29 -> 0 | BA29: =AD29*F29 -> 0
I30: =VLOOKUP(C30,#REF!,18,0) -> #REF! | L30: =IF(J30>K30,0,K30-J30) -> 0 | O30: =IF(M30>N30,0,N30-M30) -> 0 | R30: =IF(P30>Q30,0,Q30-P30) -> 0 | U30: =IF(S30>T30,0,T30-S30) -> 0 | X30: =IF(V30>W30,0,W30-V30) -> 0 | AG30: =J30*F30 -> 0 | AH30: =K30*F30 -> 0 | AI30: =L30*F30 -> 0 | AJ30: =M30*F30 -> 0 | AK30: =N30*F30 -> 0 | AL30: =O30*F30 -> 0 | AM30: =P30*F30 -> 0 | AN30: =Q30*F30 -> 0 | AO30: =R30*F30 -> 0 | AP30: =S30*F30 -> 0 | AQ30: =T30*F30 -> 0 | AR30: =U30*F30 -> 0 | AS30: =V30*F30 -> 0 | AT30: =W30*F30 -> 0 | AU30: =X30*F30 -> 0 | AV30: =Y30*F30 -> 0 | AW30: =Z30*F30 -> 0 | AX30: =AA30*F30 -> 0 | AY30: =AB30*F30 -> 0 | AZ30: =AC30*F30 -> 0 | BA30: =AD30*F30 -> 0
I31: =VLOOKUP(C31,#REF!,18,0) -> #REF! | L31: =IF(J31>K31,0,K31-J31) -> 0 | O31: =IF(M31>N31,0,N31-M31) -> 0 | R31: =IF(P31>Q31,0,Q31-P31) -> 0 | U31: =IF(S31>T31,0,T31-S31) -> 0 | X31: =IF(V31>W31,0,W31-V31) -> 0 | AG31: =J31*F31 -> 0 | AH31: =K31*F31 -> 0 | AI31: =L31*F31 -> 0 | AJ31: =M31*F31 -> 0 | AK31: =N31*F31 -> 0 | AL31: =O31*F31 -> 0 | AM31: =P31*F31 -> 0 | AN31: =Q31*F31 -> 0 | AO31: =R31*F31 -> 0 | AP31: =S31*F31 -> 0 | AQ31: =T31*F31 -> 0 | AR31: =U31*F31 -> 0 | AS31: =V31*F31 -> 0 | AT31: =W31*F31 -> 0 | AU31: =X31*F31 -> 0 | AV31: =Y31*F31 -> 0 | AW31: =Z31*F31 -> 0 | AX31: =AA31*F31 -> 0 | AY31: =AB31*F31 -> 0 | AZ31: =AC31*F31 -> 0 | BA31: =AD31*F31 -> 0
I32: =VLOOKUP(C32,#REF!,18,0) -> #REF! | L32: =IF(J32>K32,0,K32-J32) -> 0 | O32: =IF(M32>N32,0,N32-M32) -> 0 | R32: =IF(P32>Q32,0,Q32-P32) -> 0 | U32: =IF(S32>T32,0,T32-S32) -> 0 | X32: =IF(V32>W32,0,W32-V32) -> 0 | AG32: =J32*F32 -> 0 | AH32: =K32*F32 -> 0 | AI32: =L32*F32 -> 0 | AJ32: =M32*F32 -> 0 | AK32: =N32*F32 -> 0 | AL32: =O32*F32 -> 0 | AM32: =P32*F32 -> 0 | AN32: =Q32*F32 -> 0 | AO32: =R32*F32 -> 0 | AP32: =S32*F32 -> 0 | AQ32: =T32*F32 -> 0 | AR32: =U32*F32 -> 0 | AS32: =V32*F32 -> 0 | AT32: =W32*F32 -> 0 | AU32: =X32*F32 -> 0 | AV32: =Y32*F32 -> 0 | AW32: =Z32*F32 -> 0 | AX32: =AA32*F32 -> 0 | AY32: =AB32*F32 -> 0 | AZ32: =AC32*F32 -> 0 | BA32: =AD32*F32 -> 0
I33: =VLOOKUP(C33,#REF!,18,0) -> #REF! | L33: =IF(J33>K33,0,K33-J33) -> 0 | O33: =IF(M33>N33,0,N33-M33) -> 0 | R33: =IF(P33>Q33,0,Q33-P33) -> 0 | U33: =IF(S33>T33,0,T33-S33) -> 0 | X33: =IF(V33>W33,0,W33-V33) -> 0 | AG33: =J33*F33 -> 0 | AH33: =K33*F33 -> 0 | AI33: =L33*F33 -> 0 | AJ33: =M33*F33 -> 0 | AK33: =N33*F33 -> 0 | AL33: =O33*F33 -> 0 | AM33: =P33*F33 -> 0 | AN33: =Q33*F33 -> 0 | AO33: =R33*F33 -> 0 | AP33: =S33*F33 -> 0 | AQ33: =T33*F33 -> 0 | AR33: =U33*F33 -> 0 | AS33: =V33*F33 -> 0 | AT33: =W33*F33 -> 0 | AU33: =X33*F33 -> 0 | AV33: =Y33*F33 -> 0 | AW33: =Z33*F33 -> 0 | AX33: =AA33*F33 -> 0 | AY33: =AB33*F33 -> 0 | AZ33: =AC33*F33 -> 0 | BA33: =AD33*F33 -> 0
I34: =VLOOKUP(C34,#REF!,18,0) -> #REF! | L34: =IF(J34>K34,0,K34-J34) -> 0 | O34: =IF(M34>N34,0,N34-M34) -> 0 | R34: =IF(P34>Q34,0,Q34-P34) -> 0 | U34: =IF(S34>T34,0,T34-S34) -> 0 | X34: =IF(V34>W34,0,W34-V34) -> 0 | AG34: =J34*F34 -> 0 | AH34: =K34*F34 -> 0 | AI34: =L34*F34 -> 0 | AJ34: =M34*F34 -> 0 | AK34: =N34*F34 -> 0 | AL34: =O34*F34 -> 0 | AM34: =P34*F34 -> 0 | AN34: =Q34*F34 -> 0 | AO34: =R34*F34 -> 0 | AP34: =S34*F34 -> 0 | AQ34: =T34*F34 -> 0 | AR34: =U34*F34 -> 0 | AS34: =V34*F34 -> 0 | AT34: =W34*F34 -> 0 | AU34: =X34*F34 -> 0 | AV34: =Y34*F34 -> 0 | AW34: =Z34*F34 -> 0 | AX34: =AA34*F34 -> 0 | AY34: =AB34*F34 -> 0 | AZ34: =AC34*F34 -> 0 | BA34: =AD34*F34 -> 0
I35: =VLOOKUP(C35,#REF!,18,0) -> #REF! | L35: =IF(J35>K35,0,K35-J35) -> 0 | O35: =IF(M35>N35,0,N35-M35) -> 0 | R35: =IF(P35>Q35,0,Q35-P35) -> 0 | U35: =IF(S35>T35,0,T35-S35) -> 0 | X35: =IF(V35>W35,0,W35-V35) -> 0 | AG35: =J35*F35 -> 0 | AH35: =K35*F35 -> 0 | AI35: =L35*F35 -> 0 | AJ35: =M35*F35 -> 0 | AK35: =N35*F35 -> 0 | AL35: =O35*F35 -> 0 | AM35: =P35*F35 -> 0 | AN35: =Q35*F35 -> 0 | AO35: =R35*F35 -> 0 | AP35: =S35*F35 -> 0 | AQ35: =T35*F35 -> 0 | AR35: =U35*F35 -> 0 | AS35: =V35*F35 -> 0 | AT35: =W35*F35 -> 0 | AU35: =X35*F35 -> 0 | AV35: =Y35*F35 -> 0 | AW35: =Z35*F35 -> 0 | AX35: =AA35*F35 -> 0 | AY35: =AB35*F35 -> 0 | AZ35: =AC35*F35 -> 0 | BA35: =AD35*F35 -> 0
A36: 486D | B36: HEV-LHD | C36: 82111-4DG90 | J36: 0 | K36: =VLOOKUP($C36,#REF!,9,0) -> #REF! | L36: =IF(J36>K36,0,K36-J36) -> 0 | M36: =J36+L36-K36 -> #REF! | N36: =VLOOKUP($C36,#REF!,9,0) -> #REF! | O36: =IF(M36>N36,0,N36-M36) -> #REF! | P36: =M36+O36-N36 -> #REF! | Q36: =VLOOKUP($C36,#REF!,15,0) -> #REF! | R36: =IF(P36>Q36,0,Q36-P36) -> #REF! | S36: =P36+R36-Q36 -> #REF! | T36: =VLOOKUP($C36,#REF!,21,0) -> #REF! | U36: =IF(S36>T36,0,T36-S36) -> #REF! | V36: =S36+U36-T36 -> #REF! | W36: =VLOOKUP($C36,#REF!,27,0) -> #REF! | X36: =IF(V36>W36,0,W36-V36) -> #REF! | Y36: =V36+X36-W36 -> #REF! | Z36: =VLOOKUP($C36,#REF!,33,0) -> #REF! | AA36: =IF(Y36>Z36,0,Z36-Y36) -> #REF! | AB36: =Y36+AA36-Z36 -> #REF! | AC36: =VLOOKUP($C36,#REF!,39,0) -> #REF! | AD36: =IF(AB36>AC36,0,AC36-AB36) -> #REF! | AG36: =J36*F36 -> 0 | AH36: =K36*F36 -> #REF! | AI36: =L36*F36 -> 0 | AJ36: =M36*F36 -> #REF! | AK36: =N36*F36 -> #REF! | AL36: =O36*F36 -> #REF! | AM36: =P36*F36 -> #REF! | AN36: =Q36*F36 -> #REF! | AO36: =R36*F36 -> #REF! | AP36: =S36*F36 -> #REF! | AQ36: =T36*F36 -> #REF! | AR36: =U36*F36 -> #REF! | AS36: =V36*F36 -> #REF! | AT36: =W36*F36 -> #REF! | AU36: =X36*F36 -> #REF! | AV36: =Y36*F36 -> #REF! | AW36: =Z36*F36 -> #REF! | AX36: =AA36*F36 -> #REF! | AY36: =AB36*F36 -> #REF! | AZ36: =AC36*F36 -> #REF! | BA36: =AD36*F36 -> #REF!
B37: HEV-LHD | C37: 82111-4DJ00 | J37: 0 | K37: =VLOOKUP($C37,#REF!,9,0) -> #REF! | L37: =IF(J37>K37,0,K37-J37) -> 0 | M37: =J37+L37-K37 -> #REF! | N37: =VLOOKUP($C37,#REF!,9,0) -> #REF! | O37: =IF(M37>N37,0,N37-M37) -> #REF! | P37: =M37+O37-N37 -> #REF! | Q37: =VLOOKUP($C37,#REF!,15,0) -> #REF! | R37: =IF(P37>Q37,0,Q37-P37) -> #REF! | S37: =P37+R37-Q37 -> #REF! | T37: =VLOOKUP($C37,#REF!,21,0) -> #REF! | U37: =IF(S37>T37,0,T37-S37) -> #REF! | V37: =S37+U37-T37 -> #REF! | W37: =VLOOKUP($C37,#REF!,27,0) -> #REF! | X37: =IF(V37>W37,0,W37-V37) -> #REF! | Y37: =V37+X37-W37 -> #REF! | Z37: =VLOOKUP($C37,#REF!,33,0) -> #REF! | AA37: =IF(Y37>Z37,0,Z37-Y37) -> #REF! | AB37: =Y37+AA37-Z37 -> #REF! | AC37: =VLOOKUP($C37,#REF!,39,0) -> #REF! | AD37: =IF(AB37>AC37,0,AC37-AB37) -> #REF! | AG37: =J37*F37 -> 0 | AH37: =K37*F37 -> #REF! | AI37: =L37*F37 -> 0 | AJ37: =M37*F37 -> #REF! | AK37: =N37*F37 -> #REF! | AL37: =O37*F37 -> #REF! | AM37: =P37*F37 -> #REF! | AN37: =Q37*F37 -> #REF! | AO37: =R37*F37 -> #REF! | AP37: =S37*F37 -> #REF! | AQ37: =T37*F37 -> #REF! | AR37: =U37*F37 -> #REF! | AS37: =V37*F37 -> #REF! | AT37: =W37*F37 -> #REF! | AU37: =X37*F37 -> #REF! | AV37: =Y37*F37 -> #REF! | AW37: =Z37*F37 -> #REF! | AX37: =AA37*F37 -> #REF! | AY37: =AB37*F37 -> #REF! | AZ37: =AC37*F37 -> #REF! | BA37: =AD37*F37 -> #REF!
B38: GAS-LHD | C38: 82111-4DL51 | I38: =VLOOKUP(C38,#REF!,18,0) -> #REF! | J38: 0 | K38: =VLOOKUP($C38,#REF!,9,0) -> #REF! | L38: =IF(J38>K38,0,K38-J38) -> 0 | M38: =J38+L38-K38 -> #REF! | N38: =VLOOKUP($C38,#REF!,9,0) -> #REF! | O38: =IF(M38>N38,0,N38-M38) -> #REF! | P38: =M38+O38-N38 -> #REF! | Q38: =VLOOKUP($C38,#REF!,15,0) -> #REF! | R38: =IF(P38>Q38,0,Q38-P38) -> #REF! | S38: =P38+R38-Q38 -> #REF! | T38: =VLOOKUP($C38,#REF!,21,0) -> #REF! | U38: =IF(S38>T38,0,T38-S38) -> #REF! | V38: =S38+U38-T38 -> #REF! | W38: =VLOOKUP($C38,#REF!,27,0) -> #REF! | X38: =IF(V38>W38,0,W38-V38) -> #REF! | Y38: =V38+X38-W38 -> #REF! | Z38: =VLOOKUP($C38,#REF!,33,0) -> #REF! | AA38: =IF(Y38>Z38,0,Z38-Y38) -> #REF! | AB38: =Y38+AA38-Z38 -> #REF! | AC38: =VLOOKUP($C38,#REF!,39,0) -> #REF! | AD38: =IF(AB38>AC38,0,AC38-AB38) -> #REF! | AG38: =J38*F38 -> 0 | AH38: =K38*F38 -> #REF! | AI38: =L38*F38 -> 0 | AJ38: =M38*F38 -> #REF! | AK38: =N38*F38 -> #REF! | AL38: =O38*F38 -> #REF! | AM38: =P38*F38 -> #REF! | AN38: =Q38*F38 -> #REF! | AO38: =R38*F38 -> #REF! | AP38: =S38*F38 -> #REF! | AQ38: =T38*F38 -> #REF! | AR38: =U38*F38 -> #REF! | AS38: =V38*F38 -> #REF! | AT38: =W38*F38 -> #REF! | AU38: =X38*F38 -> #REF! | AV38: =Y38*F38 -> #REF! | AW38: =Z38*F38 -> #REF! | AX38: =AA38*F38 -> #REF! | AY38: =AB38*F38 -> #REF! | AZ38: =AC38*F38 -> #REF! | BA38: =AD38*F38 -> #REF!
B39: GAS-LHD | C39: 82111-4DL61 | J39: 0 | K39: =VLOOKUP($C39,#REF!,9,0) -> #REF! | L39: =IF(J39>K39,0,K39-J39) -> 0 | M39: =J39+L39-K39 -> #REF! | N39: =VLOOKUP($C39,#REF!,9,0) -> #REF! | O39: =IF(M39>N39,0,N39-M39) -> #REF! | P39: =M39+O39-N39 -> #REF! | Q39: =VLOOKUP($C39,#REF!,15,0) -> #REF! | R39: =IF(P39>Q39,0,Q39-P39) -> #REF! | S39: =P39+R39-Q39 -> #REF! | T39: =VLOOKUP($C39,#REF!,21,0) -> #REF! | U39: =IF(S39>T39,0,T39-S39) -> #REF! | V39: =S39+U39-T39 -> #REF! | W39: =VLOOKUP($C39,#REF!,27,0) -> #REF! | X39: =IF(V39>W39,0,W39-V39) -> #REF! | Y39: =V39+X39-W39 -> #REF! | Z39: =VLOOKUP($C39,#REF!,33,0) -> #REF! | AA39: =IF(Y39>Z39,0,Z39-Y39) -> #REF! | AB39: =Y39+AA39-Z39 -> #REF! | AC39: =VLOOKUP($C39,#REF!,39,0) -> #REF! | AD39: =IF(AB39>AC39,0,AC39-AB39) -> #REF! | AG39: =J39*F39 -> 0 | AH39: =K39*F39 -> #REF! | AI39: =L39*F39 -> 0 | AJ39: =M39*F39 -> #REF! | AK39: =N39*F39 -> #REF! | AL39: =O39*F39 -> #REF! | AM39: =P39*F39 -> #REF! | AN39: =Q39*F39 -> #REF! | AO39: =R39*F39 -> #REF! | AP39: =S39*F39 -> #REF! | AQ39: =T39*F39 -> #REF! | AR39: =U39*F39 -> #REF! | AS39: =V39*F39 -> #REF! | AT39: =W39*F39 -> #REF! | AU39: =X39*F39 -> #REF! | AV39: =Y39*F39 -> #REF! | AW39: =Z39*F39 -> #REF! | AX39: =AA39*F39 -> #REF! | AY39: =AB39*F39 -> #REF! | AZ39: =AC39*F39 -> #REF! | BA39: =AD39*F39 -> #REF!
B40: GAS-LHD | C40: 82111-4DL71 | I40: =VLOOKUP(C40,#REF!,18,0) -> #REF! | J40: 0 | K40: =VLOOKUP($C40,#REF!,9,0) -> #REF! | L40: =IF(J40>K40,0,K40-J40) -> 0 | M40: =J40+L40-K40 -> #REF! | N40: =VLOOKUP($C40,#REF!,9,0) -> #REF! | O40: =IF(M40>N40,0,N40-M40) -> #REF! | P40: =M40+O40-N40 -> #REF! | Q40: =VLOOKUP($C40,#REF!,15,0) -> #REF! | R40: =IF(P40>Q40,0,Q40-P40) -> #REF! | S40: =P40+R40-Q40 -> #REF! | T40: =VLOOKUP($C40,#REF!,21,0) -> #REF! | U40: =IF(S40>T40,0,T40-S40) -> #REF! | V40: =S40+U40-T40 -> #REF! | W40: =VLOOKUP($C40,#REF!,27,0) -> #REF! | X40: =IF(V40>W40,0,W40-V40) -> #REF! | Y40: =V40+X40-W40 -> #REF! | Z40: =VLOOKUP($C40,#REF!,33,0) -> #REF! | AA40: =IF(Y40>Z40,0,Z40-Y40) -> #REF! | AB40: =Y40+AA40-Z40 -> #REF! | AC40: =VLOOKUP($C40,#REF!,39,0) -> #REF! | AD40: =IF(AB40>AC40,0,AC40-AB40) -> #REF! | AG40: =J40*F40 -> 0 | AH40: =K40*F40 -> #REF! | AI40: =L40*F40 -> 0 | AJ40: =M40*F40 -> #REF! | AK40: =N40*F40 -> #REF! | AL40: =O40*F40 -> #REF! | AM40: =P40*F40 -> #REF! | AN40: =Q40*F40 -> #REF! | AO40: =R40*F40 -> #REF! | AP40: =S40*F40 -> #REF! | AQ40: =T40*F40 -> #REF! | AR40: =U40*F40 -> #REF! | AS40: =V40*F40 -> #REF! | AT40: =W40*F40 -> #REF! | AU40: =X40*F40 -> #REF! | AV40: =Y40*F40 -> #REF! | AW40: =Z40*F40 -> #REF! | AX40: =AA40*F40 -> #REF! | AY40: =AB40*F40 -> #REF! | AZ40: =AC40*F40 -> #REF! | BA40: =AD40*F40 -> #REF!
B41: HEV-LHD | C41: 82111-4DL81 | J41: 0 | K41: =VLOOKUP($C41,#REF!,9,0) -> #REF! | L41: =IF(J41>K41,0,K41-J41) -> 0 | M41: =J41+L41-K41 -> #REF! | N41: =VLOOKUP($C41,#REF!,9,0) -> #REF! | O41: =IF(M41>N41,0,N41-M41) -> #REF! | P41: =M41+O41-N41 -> #REF! | Q41: =VLOOKUP($C41,#REF!,15,0) -> #REF! | R41: =IF(P41>Q41,0,Q41-P41) -> #REF! | S41: =P41+R41-Q41 -> #REF! | T41: =VLOOKUP($C41,#REF!,21,0) -> #REF! | U41: =IF(S41>T41,0,T41-S41) -> #REF! | V41: =S41+U41-T41 -> #REF! | W41: =VLOOKUP($C41,#REF!,27,0) -> #REF! | X41: =IF(V41>W41,0,W41-V41) -> #REF! | Y41: =V41+X41-W41 -> #REF! | Z41: =VLOOKUP($C41,#REF!,33,0) -> #REF! | AA41: =IF(Y41>Z41,0,Z41-Y41) -> #REF! | AB41: =Y41+AA41-Z41 -> #REF! | AC41: =VLOOKUP($C41,#REF!,39,0) -> #REF! | AD41: =IF(AB41>AC41,0,AC41-AB41) -> #REF! | AG41: =J41*F41 -> 0 | AH41: =K41*F41 -> #REF! | AI41: =L41*F41 -> 0 | AJ41: =M41*F41 -> #REF! | AK41: =N41*F41 -> #REF! | AL41: =O41*F41 -> #REF! | AM41: =P41*F41 -> #REF! | AN41: =Q41*F41 -> #REF! | AO41: =R41*F41 -> #REF! | AP41: =S41*F41 -> #REF! | AQ41: =T41*F41 -> #REF! | AR41: =U41*F41 -> #REF! | AS41: =V41*F41 -> #REF! | AT41: =W41*F41 -> #REF! | AU41: =X41*F41 -> #REF! | AV41: =Y41*F41 -> #REF! | AW41: =Z41*F41 -> #REF! | AX41: =AA41*F41 -> #REF! | AY41: =AB41*F41 -> #REF! | AZ41: =AC41*F41 -> #REF! | BA41: =AD41*F41 -> #REF!
B42: HEV-LHD | C42: 82111-4DL91 | J42: 0 | K42: =VLOOKUP($C42,#REF!,9,0) -> #REF! | L42: =IF(J42>K42,0,K42-J42) -> 0 | M42: =J42+L42-K42 -> #REF! | N42: =VLOOKUP($C42,#REF!,9,0) -> #REF! | O42: =IF(M42>N42,0,N42-M42) -> #REF! | P42: =M42+O42-N42 -> #REF! | Q42: =VLOOKUP($C42,#REF!,15,0) -> #REF! | R42: =IF(P42>Q42,0,Q42-P42) -> #REF! | S42: =P42+R42-Q42 -> #REF! | T42: =VLOOKUP($C42,#REF!,21,0) -> #REF! | U42: =IF(S42>T42,0,T42-S42) -> #REF! | V42: =S42+U42-T42 -> #REF! | W42: =VLOOKUP($C42,#REF!,27,0) -> #REF! | X42: =IF(V42>W42,0,W42-V42) -> #REF! | Y42: =V42+X42-W42 -> #REF! | Z42: =VLOOKUP($C42,#REF!,33,0) -> #REF! | AA42: =IF(Y42>Z42,0,Z42-Y42) -> #REF! | AB42: =Y42+AA42-Z42 -> #REF! | AC42: =VLOOKUP($C42,#REF!,39,0) -> #REF! | AD42: =IF(AB42>AC42,0,AC42-AB42) -> #REF! | AG42: =J42*F42 -> 0 | AH42: =K42*F42 -> #REF! | AI42: =L42*F42 -> 0 | AJ42: =M42*F42 -> #REF! | AK42: =N42*F42 -> #REF! | AL42: =O42*F42 -> #REF! | AM42: =P42*F42 -> #REF! | AN42: =Q42*F42 -> #REF! | AO42: =R42*F42 -> #REF! | AP42: =S42*F42 -> #REF! | AQ42: =T42*F42 -> #REF! | AR42: =U42*F42 -> #REF! | AS42: =V42*F42 -> #REF! | AT42: =W42*F42 -> #REF! | AU42: =X42*F42 -> #REF! | AV42: =Y42*F42 -> #REF! | AW42: =Z42*F42 -> #REF! | AX42: =AA42*F42 -> #REF! | AY42: =AB42*F42 -> #REF! | AZ42: =AC42*F42 -> #REF! | BA42: =AD42*F42 -> #REF!
B43: HEV-LHD | C43: 82111-4DM01 | J43: 0 | K43: =VLOOKUP($C43,#REF!,9,0) -> #REF! | L43: =IF(J43>K43,0,K43-J43) -> 0 | M43: =J43+L43-K43 -> #REF! | N43: =VLOOKUP($C43,#REF!,9,0) -> #REF! | O43: =IF(M43>N43,0,N43-M43) -> #REF! | P43: =M43+O43-N43 -> #REF! | Q43: =VLOOKUP($C43,#REF!,15,0) -> #REF! | R43: =IF(P43>Q43,0,Q43-P43) -> #REF! | S43: =P43+R43-Q43 -> #REF! | T43: =VLOOKUP($C43,#REF!,21,0) -> #REF! | U43: =IF(S43>T43,0,T43-S43) -> #REF! | V43: =S43+U43-T43 -> #REF! | W43: =VLOOKUP($C43,#REF!,27,0) -> #REF! | X43: =IF(V43>W43,0,W43-V43) -> #REF! | Y43: =V43+X43-W43 -> #REF! | Z43: =VLOOKUP($C43,#REF!,33,0) -> #REF! | AA43: =IF(Y43>Z43,0,Z43-Y43) -> #REF! | AB43: =Y43+AA43-Z43 -> #REF! | AC43: =VLOOKUP($C43,#REF!,39,0) -> #REF! | AD43: =IF(AB43>AC43,0,AC43-AB43) -> #REF! | AG43: =J43*F43 -> 0 | AH43: =K43*F43 -> #REF! | AI43: =L43*F43 -> 0 | AJ43: =M43*F43 -> #REF! | AK43: =N43*F43 -> #REF! | AL43: =O43*F43 -> #REF! | AM43: =P43*F43 -> #REF! | AN43: =Q43*F43 -> #REF! | AO43: =R43*F43 -> #REF! | AP43: =S43*F43 -> #REF! | AQ43: =T43*F43 -> #REF! | AR43: =U43*F43 -> #REF! | AS43: =V43*F43 -> #REF! | AT43: =W43*F43 -> #REF! | AU43: =X43*F43 -> #REF! | AV43: =Y43*F43 -> #REF! | AW43: =Z43*F43 -> #REF! | AX43: =AA43*F43 -> #REF! | AY43: =AB43*F43 -> #REF! | AZ43: =AC43*F43 -> #REF! | BA43: =AD43*F43 -> #REF!
B44: HEV-LHD | C44: 82111-4DM11 | J44: 0 | K44: =VLOOKUP($C44,#REF!,9,0) -> #REF! | L44: =IF(J44>K44,0,K44-J44) -> 0 | M44: =J44+L44-K44 -> #REF! | N44: =VLOOKUP($C44,#REF!,9,0) -> #REF! | O44: =IF(M44>N44,0,N44-M44) -> #REF! | P44: =M44+O44-N44 -> #REF! | Q44: =VLOOKUP($C44,#REF!,15,0) -> #REF! | R44: =IF(P44>Q44,0,Q44-P44) -> #REF! | S44: =P44+R44-Q44 -> #REF! | T44: =VLOOKUP($C44,#REF!,21,0) -> #REF! | U44: =IF(S44>T44,0,T44-S44) -> #REF! | V44: =S44+U44-T44 -> #REF! | W44: =VLOOKUP($C44,#REF!,27,0) -> #REF! | X44: =IF(V44>W44,0,W44-V44) -> #REF! | Y44: =V44+X44-W44 -> #REF! | Z44: =VLOOKUP($C44,#REF!,33,0) -> #REF! | AA44: =IF(Y44>Z44,0,Z44-Y44) -> #REF! | AB44: =Y44+AA44-Z44 -> #REF! | AC44: =VLOOKUP($C44,#REF!,39,0) -> #REF! | AD44: =IF(AB44>AC44,0,AC44-AB44) -> #REF! | AG44: =J44*F44 -> 0 | AH44: =K44*F44 -> #REF! | AI44: =L44*F44 -> 0 | AJ44: =M44*F44 -> #REF! | AK44: =N44*F44 -> #REF! | AL44: =O44*F44 -> #REF! | AM44: =P44*F44 -> #REF! | AN44: =Q44*F44 -> #REF! | AO44: =R44*F44 -> #REF! | AP44: =S44*F44 -> #REF! | AQ44: =T44*F44 -> #REF! | AR44: =U44*F44 -> #REF! | AS44: =V44*F44 -> #REF! | AT44: =W44*F44 -> #REF! | AU44: =X44*F44 -> #REF! | AV44: =Y44*F44 -> #REF! | AW44: =Z44*F44 -> #REF! | AX44: =AA44*F44 -> #REF! | AY44: =AB44*F44 -> #REF! | AZ44: =AC44*F44 -> #REF! | BA44: =AD44*F44 -> #REF!
B45: HEV-LHD | C45: 82111-4DM31 | I45: =VLOOKUP(C45,#REF!,18,0) -> #REF! | J45: 0 | K45: =VLOOKUP($C45,#REF!,9,0) -> #REF! | L45: =IF(J45>K45,0,K45-J45) -> 0 | M45: =J45+L45-K45 -> #REF! | N45: =VLOOKUP($C45,#REF!,9,0) -> #REF! | O45: =IF(M45>N45,0,N45-M45) -> #REF! | P45: =M45+O45-N45 -> #REF! | Q45: =VLOOKUP($C45,#REF!,15,0) -> #REF! | R45: =IF(P45>Q45,0,Q45-P45) -> #REF! | S45: =P45+R45-Q45 -> #REF! | T45: =VLOOKUP($C45,#REF!,21,0) -> #REF! | U45: =IF(S45>T45,0,T45-S45) -> #REF! | V45: =S45+U45-T45 -> #REF! | W45: =VLOOKUP($C45,#REF!,27,0) -> #REF! | X45: =IF(V45>W45,0,W45-V45) -> #REF! | Y45: =V45+X45-W45 -> #REF! | Z45: =VLOOKUP($C45,#REF!,33,0) -> #REF! | AA45: =IF(Y45>Z45,0,Z45-Y45) -> #REF! | AB45: =Y45+AA45-Z45 -> #REF! | AC45: =VLOOKUP($C45,#REF!,39,0) -> #REF! | AD45: =IF(AB45>AC45,0,AC45-AB45) -> #REF! | AG45: =J45*F45 -> 0 | AH45: =K45*F45 -> #REF! | AI45: =L45*F45 -> 0 | AJ45: =M45*F45 -> #REF! | AK45: =N45*F45 -> #REF! | AL45: =O45*F45 -> #REF! | AM45: =P45*F45 -> #REF! | AN45: =Q45*F45 -> #REF! | AO45: =R45*F45 -> #REF! | AP45: =S45*F45 -> #REF! | AQ45: =T45*F45 -> #REF! | AR45: =U45*F45 -> #REF! | AS45: =V45*F45 -> #REF! | AT45: =W45*F45 -> #REF! | AU45: =X45*F45 -> #REF! | AV45: =Y45*F45 -> #REF! | AW45: =Z45*F45 -> #REF! | AX45: =AA45*F45 -> #REF! | AY45: =AB45*F45 -> #REF! | AZ45: =AC45*F45 -> #REF! | BA45: =AD45*F45 -> #REF!
B46: HEV-LHD | C46: 82111-4DM41 | I46: =VLOOKUP(C46,#REF!,18,0) -> #REF! | J46: 0 | K46: =VLOOKUP($C46,#REF!,9,0) -> #REF! | L46: =IF(J46>K46,0,K46-J46) -> 0 | M46: =J46+L46-K46 -> #REF! | N46: =VLOOKUP($C46,#REF!,9,0) -> #REF! | O46: =IF(M46>N46,0,N46-M46) -> #REF! | P46: =M46+O46-N46 -> #REF! | Q46: =VLOOKUP($C46,#REF!,15,0) -> #REF! | R46: =IF(P46>Q46,0,Q46-P46) -> #REF! | S46: =P46+R46-Q46 -> #REF! | T46: =VLOOKUP($C46,#REF!,21,0) -> #REF! | U46: =IF(S46>T46,0,T46-S46) -> #REF! | V46: =S46+U46-T46 -> #REF! | W46: =VLOOKUP($C46,#REF!,27,0) -> #REF! | X46: =IF(V46>W46,0,W46-V46) -> #REF! | Y46: =V46+X46-W46 -> #REF! | Z46: =VLOOKUP($C46,#REF!,33,0) -> #REF! | AA46: =IF(Y46>Z46,0,Z46-Y46) -> #REF! | AB46: =Y46+AA46-Z46 -> #REF! | AC46: =VLOOKUP($C46,#REF!,39,0) -> #REF! | AD46: =IF(AB46>AC46,0,AC46-AB46) -> #REF! | AG46: =J46*F46 -> 0 | AH46: =K46*F46 -> #REF! | AI46: =L46*F46 -> 0 | AJ46: =M46*F46 -> #REF! | AK46: =N46*F46 -> #REF! | AL46: =O46*F46 -> #REF! | AM46: =P46*F46 -> #REF! | AN46: =Q46*F46 -> #REF! | AO46: =R46*F46 -> #REF! | AP46: =S46*F46 -> #REF! | AQ46: =T46*F46 -> #REF! | AR46: =U46*F46 -> #REF! | AS46: =V46*F46 -> #REF! | AT46: =W46*F46 -> #REF! | AU46: =X46*F46 -> #REF! | AV46: =Y46*F46 -> #REF! | AW46: =Z46*F46 -> #REF! | AX46: =AA46*F46 -> #REF! | AY46: =AB46*F46 -> #REF! | AZ46: =AC46*F46 -> #REF! | BA46: =AD46*F46 -> #REF!
B47: HEV-LHD | C47: 82111-4DM51 | I47: =VLOOKUP(C47,#REF!,18,0) -> #REF! | J47: 0 | K47: =VLOOKUP($C47,#REF!,9,0) -> #REF! | L47: =IF(J47>K47,0,K47-J47) -> 0 | M47: =J47+L47-K47 -> #REF! | N47: =VLOOKUP($C47,#REF!,9,0) -> #REF! | O47: =IF(M47>N47,0,N47-M47) -> #REF! | P47: =M47+O47-N47 -> #REF! | Q47: =VLOOKUP($C47,#REF!,15,0) -> #REF! | R47: =IF(P47>Q47,0,Q47-P47) -> #REF! | S47: =P47+R47-Q47 -> #REF! | T47: =VLOOKUP($C47,#REF!,21,0) -> #REF! | U47: =IF(S47>T47,0,T47-S47) -> #REF! | V47: =S47+U47-T47 -> #REF! | W47: =VLOOKUP($C47,#REF!,27,0) -> #REF! | X47: =IF(V47>W47,0,W47-V47) -> #REF! | Y47: =V47+X47-W47 -> #REF! | Z47: =VLOOKUP($C47,#REF!,33,0) -> #REF! | AA47: =IF(Y47>Z47,0,Z47-Y47) -> #REF! | AB47: =Y47+AA47-Z47 -> #REF! | AC47: =VLOOKUP($C47,#REF!,39,0) -> #REF! | AD47: =IF(AB47>AC47,0,AC47-AB47) -> #REF! | AG47: =J47*F47 -> 0 | AH47: =K47*F47 -> #REF! | AI47: =L47*F47 -> 0 | AJ47: =M47*F47 -> #REF! | AK47: =N47*F47 -> #REF! | AL47: =O47*F47 -> #REF! | AM47: =P47*F47 -> #REF! | AN47: =Q47*F47 -> #REF! | AO47: =R47*F47 -> #REF! | AP47: =S47*F47 -> #REF! | AQ47: =T47*F47 -> #REF! | AR47: =U47*F47 -> #REF! | AS47: =V47*F47 -> #REF! | AT47: =W47*F47 -> #REF! | AU47: =X47*F47 -> #REF! | AV47: =Y47*F47 -> #REF! | AW47: =Z47*F47 -> #REF! | AX47: =AA47*F47 -> #REF! | AY47: =AB47*F47 -> #REF! | AZ47: =AC47*F47 -> #REF! | BA47: =AD47*F47 -> #REF!
B48: HEV-LHD | C48: 82111-4DM61 | I48: =VLOOKUP(C48,#REF!,18,0) -> #REF! | J48: 12 | K48: =VLOOKUP($C48,#REF!,9,0) -> #REF! | L48: =IF(J48>K48,0,K48-J48) -> 0 | M48: =J48+L48-K48 -> #REF! | N48: =VLOOKUP($C48,#REF!,9,0) -> #REF! | O48: =IF(M48>N48,0,N48-M48) -> #REF! | P48: =M48+O48-N48 -> #REF! | Q48: =VLOOKUP($C48,#REF!,15,0) -> #REF! | R48: =IF(P48>Q48,0,Q48-P48) -> #REF! | S48: =P48+R48-Q48 -> #REF! | T48: =VLOOKUP($C48,#REF!,21,0) -> #REF! | U48: =IF(S48>T48,0,T48-S48) -> #REF! | V48: =S48+U48-T48 -> #REF! | W48: =VLOOKUP($C48,#REF!,27,0) -> #REF! | X48: =IF(V48>W48,0,W48-V48) -> #REF! | Y48: =V48+X48-W48 -> #REF! | Z48: =VLOOKUP($C48,#REF!,33,0) -> #REF! | AA48: =IF(Y48>Z48,0,Z48-Y48) -> #REF! | AB48: =Y48+AA48-Z48 -> #REF! | AC48: =VLOOKUP($C48,#REF!,39,0) -> #REF! | AD48: =IF(AB48>AC48,0,AC48-AB48) -> #REF! | AG48: =J48*F48 -> 0 | AH48: =K48*F48 -> #REF! | AI48: =L48*F48 -> 0 | AJ48: =M48*F48 -> #REF! | AK48: =N48*F48 -> #REF! | AL48: =O48*F48 -> #REF! | AM48: =P48*F48 -> #REF! | AN48: =Q48*F48 -> #REF! | AO48: =R48*F48 -> #REF! | AP48: =S48*F48 -> #REF! | AQ48: =T48*F48 -> #REF! | AR48: =U48*F48 -> #REF! | AS48: =V48*F48 -> #REF! | AT48: =W48*F48 -> #REF! | AU48: =X48*F48 -> #REF! | AV48: =Y48*F48 -> #REF! | AW48: =Z48*F48 -> #REF! | AX48: =AA48*F48 -> #REF! | AY48: =AB48*F48 -> #REF! | AZ48: =AC48*F48 -> #REF! | BA48: =AD48*F48 -> #REF!
B49: HEV-LHD | C49: 82111-4DM71 | J49: 0 | K49: =VLOOKUP($C49,#REF!,9,0) -> #REF! | L49: =IF(J49>K49,0,K49-J49) -> 0 | M49: =J49+L49-K49 -> #REF! | N49: =VLOOKUP($C49,#REF!,9,0) -> #REF! | O49: =IF(M49>N49,0,N49-M49) -> #REF! | P49: =M49+O49-N49 -> #REF! | Q49: =VLOOKUP($C49,#REF!,15,0) -> #REF! | R49: =IF(P49>Q49,0,Q49-P49) -> #REF! | S49: =P49+R49-Q49 -> #REF! | T49: =VLOOKUP($C49,#REF!,21,0) -> #REF! | U49: =IF(S49>T49,0,T49-S49) -> #REF! | V49: =S49+U49-T49 -> #REF! | W49: =VLOOKUP($C49,#REF!,27,0) -> #REF! | X49: =IF(V49>W49,0,W49-V49) -> #REF! | Y49: =V49+X49-W49 -> #REF! | Z49: =VLOOKUP($C49,#REF!,33,0) -> #REF! | AA49: =IF(Y49>Z49,0,Z49-Y49) -> #REF! | AB49: =Y49+AA49-Z49 -> #REF! | AC49: =VLOOKUP($C49,#REF!,39,0) -> #REF! | AD49: =IF(AB49>AC49,0,AC49-AB49) -> #REF! | AG49: =J49*F49 -> 0 | AH49: =K49*F49 -> #REF! | AI49: =L49*F49 -> 0 | AJ49: =M49*F49 -> #REF! | AK49: =N49*F49 -> #REF! | AL49: =O49*F49 -> #REF! | AM49: =P49*F49 -> #REF! | AN49: =Q49*F49 -> #REF! | AO49: =R49*F49 -> #REF! | AP49: =S49*F49 -> #REF! | AQ49: =T49*F49 -> #REF! | AR49: =U49*F49 -> #REF! | AS49: =V49*F49 -> #REF! | AT49: =W49*F49 -> #REF! | AU49: =X49*F49 -> #REF! | AV49: =Y49*F49 -> #REF! | AW49: =Z49*F49 -> #REF! | AX49: =AA49*F49 -> #REF! | AY49: =AB49*F49 -> #REF! | AZ49: =AC49*F49 -> #REF! | BA49: =AD49*F49 -> #REF!
B50: HEV-LHD | C50: 82111-4DM81 | J50: 0 | K50: =VLOOKUP($C50,#REF!,9,0) -> #REF! | L50: =IF(J50>K50,0,K50-J50) -> 0 | M50: =J50+L50-K50 -> #REF! | N50: =VLOOKUP($C50,#REF!,9,0) -> #REF! | O50: =IF(M50>N50,0,N50-M50) -> #REF! | P50: =M50+O50-N50 -> #REF! | Q50: =VLOOKUP($C50,#REF!,15,0) -> #REF! | R50: =IF(P50>Q50,0,Q50-P50) -> #REF! | S50: =P50+R50-Q50 -> #REF! | T50: =VLOOKUP($C50,#REF!,21,0) -> #REF! | U50: =IF(S50>T50,0,T50-S50) -> #REF! | V50: =S50+U50-T50 -> #REF! | W50: =VLOOKUP($C50,#REF!,27,0) -> #REF! | X50: =IF(V50>W50,0,W50-V50) -> #REF! | Y50: =V50+X50-W50 -> #REF! | Z50: =VLOOKUP($C50,#REF!,33,0) -> #REF! | AA50: =IF(Y50>Z50,0,Z50-Y50) -> #REF! | AB50: =Y50+AA50-Z50 -> #REF! | AC50: =VLOOKUP($C50,#REF!,39,0) -> #REF! | AD50: =IF(AB50>AC50,0,AC50-AB50) -> #REF! | AG50: =J50*F50 -> 0 | AH50: =K50*F50 -> #REF! | AI50: =L50*F50 -> 0 | AJ50: =M50*F50 -> #REF! | AK50: =N50*F50 -> #REF! | AL50: =O50*F50 -> #REF! | AM50: =P50*F50 -> #REF! | AN50: =Q50*F50 -> #REF! | AO50: =R50*F50 -> #REF! | AP50: =S50*F50 -> #REF! | AQ50: =T50*F50 -> #REF! | AR50: =U50*F50 -> #REF! | AS50: =V50*F50 -> #REF! | AT50: =W50*F50 -> #REF! | AU50: =X50*F50 -> #REF! | AV50: =Y50*F50 -> #REF! | AW50: =Z50*F50 -> #REF! | AX50: =AA50*F50 -> #REF! | AY50: =AB50*F50 -> #REF! | AZ50: =AC50*F50 -> #REF! | BA50: =AD50*F50 -> #REF!
B51: HEV-LHD | C51: 82111-4DM91 | J51: 0 | K51: =VLOOKUP($C51,#REF!,9,0) -> #REF! | L51: =IF(J51>K51,0,K51-J51) -> 0 | M51: =J51+L51-K51 -> #REF! | N51: =VLOOKUP($C51,#REF!,9,0) -> #REF! | O51: =IF(M51>N51,0,N51-M51) -> #REF! | P51: =M51+O51-N51 -> #REF! | Q51: =VLOOKUP($C51,#REF!,15,0) -> #REF! | R51: =IF(P51>Q51,0,Q51-P51) -> #REF! | S51: =P51+R51-Q51 -> #REF! | T51: =VLOOKUP($C51,#REF!,21,0) -> #REF! | U51: =IF(S51>T51,0,T51-S51) -> #REF! | V51: =S51+U51-T51 -> #REF! | W51: =VLOOKUP($C51,#REF!,27,0) -> #REF! | X51: =IF(V51>W51,0,W51-V51) -> #REF! | Y51: =V51+X51-W51 -> #REF! | Z51: =VLOOKUP($C51,#REF!,33,0) -> #REF! | AA51: =IF(Y51>Z51,0,Z51-Y51) -> #REF! | AB51: =Y51+AA51-Z51 -> #REF! | AC51: =VLOOKUP($C51,#REF!,39,0) -> #REF! | AD51: =IF(AB51>AC51,0,AC51-AB51) -> #REF! | AG51: =J51*F51 -> 0 | AH51: =K51*F51 -> #REF! | AI51: =L51*F51 -> 0 | AJ51: =M51*F51 -> #REF! | AK51: =N51*F51 -> #REF! | AL51: =O51*F51 -> #REF! | AM51: =P51*F51 -> #REF! | AN51: =Q51*F51 -> #REF! | AO51: =R51*F51 -> #REF! | AP51: =S51*F51 -> #REF! | AQ51: =T51*F51 -> #REF! | AR51: =U51*F51 -> #REF! | AS51: =V51*F51 -> #REF! | AT51: =W51*F51 -> #REF! | AU51: =X51*F51 -> #REF! | AV51: =Y51*F51 -> #REF! | AW51: =Z51*F51 -> #REF! | AX51: =AA51*F51 -> #REF! | AY51: =AB51*F51 -> #REF! | AZ51: =AC51*F51 -> #REF! | BA51: =AD51*F51 -> #REF!
B52: HEV-RHD | C52: 82111-4DN31 | J52: 0 | K52: =VLOOKUP($C52,#REF!,9,0) -> #REF! | L52: =IF(J52>K52,0,K52-J52) -> 0 | M52: =J52+L52-K52 -> #REF! | N52: =VLOOKUP($C52,#REF!,9,0) -> #REF! | O52: =IF(M52>N52,0,N52-M52) -> #REF! | P52: =M52+O52-N52 -> #REF! | Q52: =VLOOKUP($C52,#REF!,15,0) -> #REF! | R52: =IF(P52>Q52,0,Q52-P52) -> #REF! | S52: =P52+R52-Q52 -> #REF! | T52: =VLOOKUP($C52,#REF!,21,0) -> #REF! | U52: =IF(S52>T52,0,T52-S52) -> #REF! | V52: =S52+U52-T52 -> #REF! | W52: =VLOOKUP($C52,#REF!,27,0) -> #REF! | X52: =IF(V52>W52,0,W52-V52) -> #REF! | Y52: =V52+X52-W52 -> #REF! | Z52: =VLOOKUP($C52,#REF!,33,0) -> #REF! | AA52: =IF(Y52>Z52,0,Z52-Y52) -> #REF! | AB52: =Y52+AA52-Z52 -> #REF! | AC52: =VLOOKUP($C52,#REF!,39,0) -> #REF! | AD52: =IF(AB52>AC52,0,AC52-AB52) -> #REF! | AG52: =J52*F52 -> 0 | AH52: =K52*F52 -> #REF! | AI52: =L52*F52 -> 0 | AJ52: =M52*F52 -> #REF! | AK52: =N52*F52 -> #REF! | AL52: =O52*F52 -> #REF! | AM52: =P52*F52 -> #REF! | AN52: =Q52*F52 -> #REF! | AO52: =R52*F52 -> #REF! | AP52: =S52*F52 -> #REF! | AQ52: =T52*F52 -> #REF! | AR52: =U52*F52 -> #REF! | AS52: =V52*F52 -> #REF! | AT52: =W52*F52 -> #REF! | AU52: =X52*F52 -> #REF! | AV52: =Y52*F52 -> #REF! | AW52: =Z52*F52 -> #REF! | AX52: =AA52*F52 -> #REF! | AY52: =AB52*F52 -> #REF! | AZ52: =AC52*F52 -> #REF! | BA52: =AD52*F52 -> #REF!
B53: HEV-RHD | C53: 82111-4DN41 | J53: 0 | K53: =VLOOKUP($C53,#REF!,9,0) -> #REF! | L53: =IF(J53>K53,0,K53-J53) -> 0 | M53: =J53+L53-K53 -> #REF! | N53: =VLOOKUP($C53,#REF!,9,0) -> #REF! | O53: =IF(M53>N53,0,N53-M53) -> #REF! | P53: =M53+O53-N53 -> #REF! | Q53: =VLOOKUP($C53,#REF!,15,0) -> #REF! | R53: =IF(P53>Q53,0,Q53-P53) -> #REF! | S53: =P53+R53-Q53 -> #REF! | T53: =VLOOKUP($C53,#REF!,21,0) -> #REF! | U53: =IF(S53>T53,0,T53-S53) -> #REF! | V53: =S53+U53-T53 -> #REF! | W53: =VLOOKUP($C53,#REF!,27,0) -> #REF! | X53: =IF(V53>W53,0,W53-V53) -> #REF! | Y53: =V53+X53-W53 -> #REF! | Z53: =VLOOKUP($C53,#REF!,33,0) -> #REF! | AA53: =IF(Y53>Z53,0,Z53-Y53) -> #REF! | AB53: =Y53+AA53-Z53 -> #REF! | AC53: =VLOOKUP($C53,#REF!,39,0) -> #REF! | AD53: =IF(AB53>AC53,0,AC53-AB53) -> #REF! | AG53: =J53*F53 -> 0 | AH53: =K53*F53 -> #REF! | AI53: =L53*F53 -> 0 | AJ53: =M53*F53 -> #REF! | AK53: =N53*F53 -> #REF! | AL53: =O53*F53 -> #REF! | AM53: =P53*F53 -> #REF! | AN53: =Q53*F53 -> #REF! | AO53: =R53*F53 -> #REF! | AP53: =S53*F53 -> #REF! | AQ53: =T53*F53 -> #REF! | AR53: =U53*F53 -> #REF! | AS53: =V53*F53 -> #REF! | AT53: =W53*F53 -> #REF! | AU53: =X53*F53 -> #REF! | AV53: =Y53*F53 -> #REF! | AW53: =Z53*F53 -> #REF! | AX53: =AA53*F53 -> #REF! | AY53: =AB53*F53 -> #REF! | AZ53: =AC53*F53 -> #REF! | BA53: =AD53*F53 -> #REF!
B54: HEV-RHD | C54: 82111-4DN51 | J54: 0 | K54: =VLOOKUP($C54,#REF!,9,0) -> #REF! | L54: =IF(J54>K54,0,K54-J54) -> 0 | M54: =J54+L54-K54 -> #REF! | N54: =VLOOKUP($C54,#REF!,9,0) -> #REF! | O54: =IF(M54>N54,0,N54-M54) -> #REF! | P54: =M54+O54-N54 -> #REF! | Q54: =VLOOKUP($C54,#REF!,15,0) -> #REF! | R54: =IF(P54>Q54,0,Q54-P54) -> #REF! | S54: =P54+R54-Q54 -> #REF! | T54: =VLOOKUP($C54,#REF!,21,0) -> #REF! | U54: =IF(S54>T54,0,T54-S54) -> #REF! | V54: =S54+U54-T54 -> #REF! | W54: =VLOOKUP($C54,#REF!,27,0) -> #REF! | X54: =IF(V54>W54,0,W54-V54) -> #REF! | Y54: =V54+X54-W54 -> #REF! | Z54: =VLOOKUP($C54,#REF!,33,0) -> #REF! | AA54: =IF(Y54>Z54,0,Z54-Y54) -> #REF! | AB54: =Y54+AA54-Z54 -> #REF! | AC54: =VLOOKUP($C54,#REF!,39,0) -> #REF! | AD54: =IF(AB54>AC54,0,AC54-AB54) -> #REF! | AG54: =J54*F54 -> 0 | AH54: =K54*F54 -> #REF! | AI54: =L54*F54 -> 0 | AJ54: =M54*F54 -> #REF! | AK54: =N54*F54 -> #REF! | AL54: =O54*F54 -> #REF! | AM54: =P54*F54 -> #REF! | AN54: =Q54*F54 -> #REF! | AO54: =R54*F54 -> #REF! | AP54: =S54*F54 -> #REF! | AQ54: =T54*F54 -> #REF! | AR54: =U54*F54 -> #REF! | AS54: =V54*F54 -> #REF! | AT54: =W54*F54 -> #REF! | AU54: =X54*F54 -> #REF! | AV54: =Y54*F54 -> #REF! | AW54: =Z54*F54 -> #REF! | AX54: =AA54*F54 -> #REF! | AY54: =AB54*F54 -> #REF! | AZ54: =AC54*F54 -> #REF! | BA54: =AD54*F54 -> #REF!
B55: HEV-RHD | C55: 82111-4DN61 | I55: =VLOOKUP(C55,#REF!,18,0) -> #REF! | J55: 0 | K55: =VLOOKUP($C55,#REF!,9,0) -> #REF! | L55: =IF(J55>K55,0,K55-J55) -> 0 | M55: =J55+L55-K55 -> #REF! | N55: =VLOOKUP($C55,#REF!,9,0) -> #REF! | O55: =IF(M55>N55,0,N55-M55) -> #REF! | P55: =M55+O55-N55 -> #REF! | Q55: =VLOOKUP($C55,#REF!,15,0) -> #REF! | R55: =IF(P55>Q55,0,Q55-P55) -> #REF! | S55: =P55+R55-Q55 -> #REF! | T55: =VLOOKUP($C55,#REF!,21,0) -> #REF! | U55: =IF(S55>T55,0,T55-S55) -> #REF! | V55: =S55+U55-T55 -> #REF! | W55: =VLOOKUP($C55,#REF!,27,0) -> #REF! | X55: =IF(V55>W55,0,W55-V55) -> #REF! | Y55: =V55+X55-W55 -> #REF! | Z55: =VLOOKUP($C55,#REF!,33,0) -> #REF! | AA55: =IF(Y55>Z55,0,Z55-Y55) -> #REF! | AB55: =Y55+AA55-Z55 -> #REF! | AC55: =VLOOKUP($C55,#REF!,39,0) -> #REF! | AD55: =IF(AB55>AC55,0,AC55-AB55) -> #REF! | AG55: =J55*F55 -> 0 | AH55: =K55*F55 -> #REF! | AI55: =L55*F55 -> 0 | AJ55: =M55*F55 -> #REF! | AK55: =N55*F55 -> #REF! | AL55: =O55*F55 -> #REF! | AM55: =P55*F55 -> #REF! | AN55: =Q55*F55 -> #REF! | AO55: =R55*F55 -> #REF! | AP55: =S55*F55 -> #REF! | AQ55: =T55*F55 -> #REF! | AR55: =U55*F55 -> #REF! | AS55: =V55*F55 -> #REF! | AT55: =W55*F55 -> #REF! | AU55: =X55*F55 -> #REF! | AV55: =Y55*F55 -> #REF! | AW55: =Z55*F55 -> #REF! | AX55: =AA55*F55 -> #REF! | AY55: =AB55*F55 -> #REF! | AZ55: =AC55*F55 -> #REF! | BA55: =AD55*F55 -> #REF!
B56: HEV-RHD | C56: 82111-4DN71 | J56: 0 | K56: =VLOOKUP($C56,#REF!,9,0) -> #REF! | L56: =IF(J56>K56,0,K56-J56) -> 0 | M56: =J56+L56-K56 -> #REF! | N56: =VLOOKUP($C56,#REF!,9,0) -> #REF! | O56: =IF(M56>N56,0,N56-M56) -> #REF! | P56: =M56+O56-N56 -> #REF! | Q56: =VLOOKUP($C56,#REF!,15,0) -> #REF! | R56: =IF(P56>Q56,0,Q56-P56) -> #REF! | S56: =P56+R56-Q56 -> #REF! | T56: =VLOOKUP($C56,#REF!,21,0) -> #REF! | U56: =IF(S56>T56,0,T56-S56) -> #REF! | V56: =S56+U56-T56 -> #REF! | W56: =VLOOKUP($C56,#REF!,27,0) -> #REF! | X56: =IF(V56>W56,0,W56-V56) -> #REF! | Y56: =V56+X56-W56 -> #REF! | Z56: =VLOOKUP($C56,#REF!,33,0) -> #REF! | AA56: =IF(Y56>Z56,0,Z56-Y56) -> #REF! | AB56: =Y56+AA56-Z56 -> #REF! | AC56: =VLOOKUP($C56,#REF!,39,0) -> #REF! | AD56: =IF(AB56>AC56,0,AC56-AB56) -> #REF! | AG56: =J56*F56 -> 0 | AH56: =K56*F56 -> #REF! | AI56: =L56*F56 -> 0 | AJ56: =M56*F56 -> #REF! | AK56: =N56*F56 -> #REF! | AL56: =O56*F56 -> #REF! | AM56: =P56*F56 -> #REF! | AN56: =Q56*F56 -> #REF! | AO56: =R56*F56 -> #REF! | AP56: =S56*F56 -> #REF! | AQ56: =T56*F56 -> #REF! | AR56: =U56*F56 -> #REF! | AS56: =V56*F56 -> #REF! | AT56: =W56*F56 -> #REF! | AU56: =X56*F56 -> #REF! | AV56: =Y56*F56 -> #REF! | AW56: =Z56*F56 -> #REF! | AX56: =AA56*F56 -> #REF! | AY56: =AB56*F56 -> #REF! | AZ56: =AC56*F56 -> #REF! | BA56: =AD56*F56 -> #REF!
B57: GAS-LHD | C57: 82111-4DQ01 | I57: =VLOOKUP(C57,#REF!,18,0) -> #REF! | J57: 0 | K57: =VLOOKUP($C57,#REF!,9,0) -> #REF! | L57: =IF(J57>K57,0,K57-J57) -> 0 | M57: =J57+L57-K57 -> #REF! | N57: =VLOOKUP($C57,#REF!,9,0) -> #REF! | O57: =IF(M57>N57,0,N57-M57) -> #REF! | P57: =M57+O57-N57 -> #REF! | Q57: =VLOOKUP($C57,#REF!,15,0) -> #REF! | R57: =IF(P57>Q57,0,Q57-P57) -> #REF! | S57: =P57+R57-Q57 -> #REF! | T57: =VLOOKUP($C57,#REF!,21,0) -> #REF! | U57: =IF(S57>T57,0,T57-S57) -> #REF! | V57: =S57+U57-T57 -> #REF! | W57: =VLOOKUP($C57,#REF!,27,0) -> #REF! | X57: =IF(V57>W57,0,W57-V57) -> #REF! | Y57: =V57+X57-W57 -> #REF! | Z57: =VLOOKUP($C57,#REF!,33,0) -> #REF! | AA57: =IF(Y57>Z57,0,Z57-Y57) -> #REF! | AB57: =Y57+AA57-Z57 -> #REF! | AC57: =VLOOKUP($C57,#REF!,39,0) -> #REF! | AD57: =IF(AB57>AC57,0,AC57-AB57) -> #REF! | AG57: =J57*F57 -> 0 | AH57: =K57*F57 -> #REF! | AI57: =L57*F57 -> 0 | AJ57: =M57*F57 -> #REF! | AK57: =N57*F57 -> #REF! | AL57: =O57*F57 -> #REF! | AM57: =P57*F57 -> #REF! | AN57: =Q57*F57 -> #REF! | AO57: =R57*F57 -> #REF! | AP57: =S57*F57 -> #REF! | AQ57: =T57*F57 -> #REF! | AR57: =U57*F57 -> #REF! | AS57: =V57*F57 -> #REF! | AT57: =W57*F57 -> #REF! | AU57: =X57*F57 -> #REF! | AV57: =Y57*F57 -> #REF! | AW57: =Z57*F57 -> #REF! | AX57: =AA57*F57 -> #REF! | AY57: =AB57*F57 -> #REF! | AZ57: =AC57*F57 -> #REF! | BA57: =AD57*F57 -> #REF!
B58: GAS-LHD | C58: 82111-4DQ11 | J58: 0 | K58: =VLOOKUP($C58,#REF!,9,0) -> #REF! | L58: =IF(J58>K58,0,K58-J58) -> 0 | M58: =J58+L58-K58 -> #REF! | N58: =VLOOKUP($C58,#REF!,9,0) -> #REF! | O58: =IF(M58>N58,0,N58-M58) -> #REF! | P58: =M58+O58-N58 -> #REF! | Q58: =VLOOKUP($C58,#REF!,15,0) -> #REF! | R58: =IF(P58>Q58,0,Q58-P58) -> #REF! | S58: =P58+R58-Q58 -> #REF! | T58: =VLOOKUP($C58,#REF!,21,0) -> #REF! | U58: =IF(S58>T58,0,T58-S58) -> #REF! | V58: =S58+U58-T58 -> #REF! | W58: =VLOOKUP($C58,#REF!,27,0) -> #REF! | X58: =IF(V58>W58,0,W58-V58) -> #REF! | Y58: =V58+X58-W58 -> #REF! | Z58: =VLOOKUP($C58,#REF!,33,0) -> #REF! | AA58: =IF(Y58>Z58,0,Z58-Y58) -> #REF! | AB58: =Y58+AA58-Z58 -> #REF! | AC58: =VLOOKUP($C58,#REF!,39,0) -> #REF! | AD58: =IF(AB58>AC58,0,AC58-AB58) -> #REF! | AG58: =J58*F58 -> 0 | AH58: =K58*F58 -> #REF! | AI58: =L58*F58 -> 0 | AJ58: =M58*F58 -> #REF! | AK58: =N58*F58 -> #REF! | AL58: =O58*F58 -> #REF! | AM58: =P58*F58 -> #REF! | AN58: =Q58*F58 -> #REF! | AO58: =R58*F58 -> #REF! | AP58: =S58*F58 -> #REF! | AQ58: =T58*F58 -> #REF! | AR58: =U58*F58 -> #REF! | AS58: =V58*F58 -> #REF! | AT58: =W58*F58 -> #REF! | AU58: =X58*F58 -> #REF! | AV58: =Y58*F58 -> #REF! | AW58: =Z58*F58 -> #REF! | AX58: =AA58*F58 -> #REF! | AY58: =AB58*F58 -> #REF! | AZ58: =AC58*F58 -> #REF! | BA58: =AD58*F58 -> #REF!
B59: HEV-LHD | C59: 82111-4DQ21 | J59: 0 | K59: =VLOOKUP($C59,#REF!,9,0) -> #REF! | L59: =IF(J59>K59,0,K59-J59) -> 0 | M59: =J59+L59-K59 -> #REF! | N59: =VLOOKUP($C59,#REF!,9,0) -> #REF! | O59: =IF(M59>N59,0,N59-M59) -> #REF! | P59: =M59+O59-N59 -> #REF! | Q59: =VLOOKUP($C59,#REF!,15,0) -> #REF! | R59: =IF(P59>Q59,0,Q59-P59) -> #REF! | S59: =P59+R59-Q59 -> #REF! | T59: =VLOOKUP($C59,#REF!,21,0) -> #REF! | U59: =IF(S59>T59,0,T59-S59) -> #REF! | V59: =S59+U59-T59 -> #REF! | W59: =VLOOKUP($C59,#REF!,27,0) -> #REF! | X59: =IF(V59>W59,0,W59-V59) -> #REF! | Y59: =V59+X59-W59 -> #REF! | Z59: =VLOOKUP($C59,#REF!,33,0) -> #REF! | AA59: =IF(Y59>Z59,0,Z59-Y59) -> #REF! | AB59: =Y59+AA59-Z59 -> #REF! | AC59: =VLOOKUP($C59,#REF!,39,0) -> #REF! | AD59: =IF(AB59>AC59,0,AC59-AB59) -> #REF! | AG59: =J59*F59 -> 0 | AH59: =K59*F59 -> #REF! | AI59: =L59*F59 -> 0 | AJ59: =M59*F59 -> #REF! | AK59: =N59*F59 -> #REF! | AL59: =O59*F59 -> #REF! | AM59: =P59*F59 -> #REF! | AN59: =Q59*F59 -> #REF! | AO59: =R59*F59 -> #REF! | AP59: =S59*F59 -> #REF! | AQ59: =T59*F59 -> #REF! | AR59: =U59*F59 -> #REF! | AS59: =V59*F59 -> #REF! | AT59: =W59*F59 -> #REF! | AU59: =X59*F59 -> #REF! | AV59: =Y59*F59 -> #REF! | AW59: =Z59*F59 -> #REF! | AX59: =AA59*F59 -> #REF! | AY59: =AB59*F59 -> #REF! | AZ59: =AC59*F59 -> #REF! | BA59: =AD59*F59 -> #REF!
B60: HEV-RHD | C60: 82111-4DQ41 | J60: 0 | K60: =VLOOKUP($C60,#REF!,9,0) -> #REF! | L60: =IF(J60>K60,0,K60-J60) -> 0 | M60: =J60+L60-K60 -> #REF! | N60: =VLOOKUP($C60,#REF!,9,0) -> #REF! | O60: =IF(M60>N60,0,N60-M60) -> #REF! | P60: =M60+O60-N60 -> #REF! | Q60: =VLOOKUP($C60,#REF!,15,0) -> #REF! | R60: =IF(P60>Q60,0,Q60-P60) -> #REF! | S60: =P60+R60-Q60 -> #REF! | T60: =VLOOKUP($C60,#REF!,21,0) -> #REF! | U60: =IF(S60>T60,0,T60-S60) -> #REF! | V60: =S60+U60-T60 -> #REF! | W60: =VLOOKUP($C60,#REF!,27,0) -> #REF! | X60: =IF(V60>W60,0,W60-V60) -> #REF! | Y60: =V60+X60-W60 -> #REF! | Z60: =VLOOKUP($C60,#REF!,33,0) -> #REF! | AA60: =IF(Y60>Z60,0,Z60-Y60) -> #REF! | AB60: =Y60+AA60-Z60 -> #REF! | AC60: =VLOOKUP($C60,#REF!,39,0) -> #REF! | AD60: =IF(AB60>AC60,0,AC60-AB60) -> #REF! | AG60: =J60*F60 -> 0 | AH60: =K60*F60 -> #REF! | AI60: =L60*F60 -> 0 | AJ60: =M60*F60 -> #REF! | AK60: =N60*F60 -> #REF! | AL60: =O60*F60 -> #REF! | AM60: =P60*F60 -> #REF! | AN60: =Q60*F60 -> #REF! | AO60: =R60*F60 -> #REF! | AP60: =S60*F60 -> #REF! | AQ60: =T60*F60 -> #REF! | AR60: =U60*F60 -> #REF! | AS60: =V60*F60 -> #REF! | AT60: =W60*F60 -> #REF! | AU60: =X60*F60 -> #REF! | AV60: =Y60*F60 -> #REF! | AW60: =Z60*F60 -> #REF! | AX60: =AA60*F60 -> #REF! | AY60: =AB60*F60 -> #REF! | AZ60: =AC60*F60 -> #REF! | BA60: =AD60*F60 -> #REF!
B61: HEV-LHD | C61: 82111-4DR50 | I61: =VLOOKUP(C61,#REF!,18,0) -> #REF! | J61: 0 | K61: =VLOOKUP($C61,#REF!,9,0) -> #REF! | L61: =IF(J61>K61,0,K61-J61) -> 0 | M61: =J61+L61-K61 -> #REF! | N61: =VLOOKUP($C61,#REF!,9,0) -> #REF! | O61: =IF(M61>N61,0,N61-M61) -> #REF! | P61: =M61+O61-N61 -> #REF! | Q61: =VLOOKUP($C61,#REF!,15,0) -> #REF! | R61: =IF(P61>Q61,0,Q61-P61) -> #REF! | S61: =P61+R61-Q61 -> #REF! | T61: =VLOOKUP($C61,#REF!,21,0) -> #REF! | U61: =IF(S61>T61,0,T61-S61) -> #REF! | V61: =S61+U61-T61 -> #REF! | W61: =VLOOKUP($C61,#REF!,27,0) -> #REF! | X61: =IF(V61>W61,0,W61-V61) -> #REF! | Y61: =V61+X61-W61 -> #REF! | Z61: =VLOOKUP($C61,#REF!,33,0) -> #REF! | AA61: =IF(Y61>Z61,0,Z61-Y61) -> #REF! | AB61: =Y61+AA61-Z61 -> #REF! | AC61: =VLOOKUP($C61,#REF!,39,0) -> #REF! | AD61: =IF(AB61>AC61,0,AC61-AB61) -> #REF! | AG61: =J61*F61 -> 0 | AH61: =K61*F61 -> #REF! | AI61: =L61*F61 -> 0 | AJ61: =M61*F61 -> #REF! | AK61: =N61*F61 -> #REF! | AL61: =O61*F61 -> #REF! | AM61: =P61*F61 -> #REF! | AN61: =Q61*F61 -> #REF! | AO61: =R61*F61 -> #REF! | AP61: =S61*F61 -> #REF! | AQ61: =T61*F61 -> #REF! | AR61: =U61*F61 -> #REF! | AS61: =V61*F61 -> #REF! | AT61: =W61*F61 -> #REF! | AU61: =X61*F61 -> #REF! | AV61: =Y61*F61 -> #REF! | AW61: =Z61*F61 -> #REF! | AX61: =AA61*F61 -> #REF! | AY61: =AB61*F61 -> #REF! | AZ61: =AC61*F61 -> #REF! | BA61: =AD61*F61 -> #REF!
B62: HEV-LHD | C62: 82111-4DM21 | J62: 0 | K62: =VLOOKUP($C62,#REF!,9,0) -> #REF! | L62: =IF(J62>K62,0,K62-J62) -> 0 | M62: =J62+L62-K62 -> #REF! | N62: =VLOOKUP($C62,#REF!,9,0) -> #REF! | O62: =IF(M62>N62,0,N62-M62) -> #REF! | P62: =M62+O62-N62 -> #REF! | Q62: =VLOOKUP($C62,#REF!,15,0) -> #REF! | R62: =IF(P62>Q62,0,Q62-P62) -> #REF! | S62: =P62+R62-Q62 -> #REF! | T62: =VLOOKUP($C62,#REF!,21,0) -> #REF! | U62: =IF(S62>T62,0,T62-S62) -> #REF! | V62: =S62+U62-T62 -> #REF! | W62: =VLOOKUP($C62,#REF!,27,0) -> #REF! | X62: =IF(V62>W62,0,W62-V62) -> #REF! | Y62: =V62+X62-W62 -> #REF! | Z62: =VLOOKUP($C62,#REF!,33,0) -> #REF! | AA62: =IF(Y62>Z62,0,Z62-Y62) -> #REF! | AB62: =Y62+AA62-Z62 -> #REF! | AC62: =VLOOKUP($C62,#REF!,39,0) -> #REF! | AD62: =IF(AB62>AC62,0,AC62-AB62) -> #REF! | AG62: =J62*F62 -> 0 | AH62: =K62*F62 -> #REF! | AI62: =L62*F62 -> 0 | AJ62: =M62*F62 -> #REF! | AK62: =N62*F62 -> #REF! | AL62: =O62*F62 -> #REF! | AM62: =P62*F62 -> #REF! | AN62: =Q62*F62 -> #REF! | AO62: =R62*F62 -> #REF! | AP62: =S62*F62 -> #REF! | AQ62: =T62*F62 -> #REF! | AR62: =U62*F62 -> #REF! | AS62: =V62*F62 -> #REF! | AT62: =W62*F62 -> #REF! | AU62: =X62*F62 -> #REF! | AV62: =Y62*F62 -> #REF! | AW62: =Z62*F62 -> #REF! | AX62: =AA62*F62 -> #REF! | AY62: =AB62*F62 -> #REF! | AZ62: =AC62*F62 -> #REF! | BA62: =AD62*F62 -> #REF!
B63: HEV-LHD | C63: 82111-4D590 | J63: 0 | K63: =VLOOKUP($C63,#REF!,9,0) -> #REF! | L63: =IF(J63>K63,0,K63-J63) -> 0 | M63: =J63+L63-K63 -> #REF! | N63: =VLOOKUP($C63,#REF!,9,0) -> #REF! | O63: =IF(M63>N63,0,N63-M63) -> #REF! | P63: =M63+O63-N63 -> #REF! | Q63: =VLOOKUP($C63,#REF!,15,0) -> #REF! | R63: =IF(P63>Q63,0,Q63-P63) -> #REF! | S63: =P63+R63-Q63 -> #REF! | T63: =VLOOKUP($C63,#REF!,21,0) -> #REF! | U63: =IF(S63>T63,0,T63-S63) -> #REF! | V63: =S63+U63-T63 -> #REF! | W63: =VLOOKUP($C63,#REF!,27,0) -> #REF! | X63: =IF(V63>W63,0,W63-V63) -> #REF! | Y63: =V63+X63-W63 -> #REF! | Z63: =VLOOKUP($C63,#REF!,33,0) -> #REF! | AA63: =IF(Y63>Z63,0,Z63-Y63) -> #REF! | AB63: =Y63+AA63-Z63 -> #REF! | AC63: =VLOOKUP($C63,#REF!,39,0) -> #REF! | AD63: =IF(AB63>AC63,0,AC63-AB63) -> #REF! | AG63: =J63*F63 -> 0 | AH63: =K63*F63 -> #REF! | AI63: =L63*F63 -> 0 | AJ63: =M63*F63 -> #REF! | AK63: =N63*F63 -> #REF! | AL63: =O63*F63 -> #REF! | AM63: =P63*F63 -> #REF! | AN63: =Q63*F63 -> #REF! | AO63: =R63*F63 -> #REF! | AP63: =S63*F63 -> #REF! | AQ63: =T63*F63 -> #REF! | AR63: =U63*F63 -> #REF! | AS63: =V63*F63 -> #REF! | AT63: =W63*F63 -> #REF! | AU63: =X63*F63 -> #REF! | AV63: =Y63*F63 -> #REF! | AW63: =Z63*F63 -> #REF! | AX63: =AA63*F63 -> #REF! | AY63: =AB63*F63 -> #REF! | AZ63: =AC63*F63 -> #REF! | BA63: =AD63*F63 -> #REF!
A64: 694D | B64: GAS-LHD | C64: 82111-4DV80 | I64: =VLOOKUP(C64,#REF!,18,0) -> #REF! | J64: 0 | K64: =VLOOKUP($C64,#REF!,9,0) -> #REF! | L64: =IF(J64>K64,0,K64-J64) -> 0 | M64: =J64+L64-K64 -> #REF! | N64: =VLOOKUP($C64,#REF!,9,0) -> #REF! | O64: =IF(M64>N64,0,N64-M64) -> #REF! | P64: =M64+O64-N64 -> #REF! | Q64: =VLOOKUP($C64,#REF!,15,0) -> #REF! | R64: =IF(P64>Q64,0,Q64-P64) -> #REF! | S64: =P64+R64-Q64 -> #REF! | T64: =VLOOKUP($C64,#REF!,21,0) -> #REF! | U64: =IF(S64>T64,0,T64-S64) -> #REF! | V64: =S64+U64-T64 -> #REF! | W64: =VLOOKUP($C64,#REF!,27,0) -> #REF! | X64: =IF(V64>W64,0,W64-V64) -> #REF! | Y64: =V64+X64-W64 -> #REF! | Z64: =VLOOKUP($C64,#REF!,33,0) -> #REF! | AA64: =IF(Y64>Z64,0,Z64-Y64) -> #REF! | AB64: =Y64+AA64-Z64 -> #REF! | AC64: =VLOOKUP($C64,#REF!,39,0) -> #REF! | AD64: =IF(AB64>AC64,0,AC64-AB64) -> #REF! | AG64: =J64*F64 -> 0 | AH64: =K64*F64 -> #REF! | AI64: =L64*F64 -> 0 | AJ64: =M64*F64 -> #REF! | AK64: =N64*F64 -> #REF! | AL64: =O64*F64 -> #REF! | AM64: =P64*F64 -> #REF! | AN64: =Q64*F64 -> #REF! | AO64: =R64*F64 -> #REF! | AP64: =S64*F64 -> #REF! | AQ64: =T64*F64 -> #REF! | AR64: =U64*F64 -> #REF! | AS64: =V64*F64 -> #REF! | AT64: =W64*F64 -> #REF! | AU64: =X64*F64 -> #REF! | AV64: =Y64*F64 -> #REF! | AW64: =Z64*F64 -> #REF! | AX64: =AA64*F64 -> #REF! | AY64: =AB64*F64 -> #REF! | AZ64: =AC64*F64 -> #REF! | BA64: =AD64*F64 -> #REF!
B65: GAS-LHD | C65: 82111-4DV90 | I65: =VLOOKUP(C65,#REF!,18,0) -> #REF! | J65: 24 | K65: =VLOOKUP($C65,#REF!,9,0) -> #REF! | L65: =IF(J65>K65,0,K65-J65) -> 0 | M65: =J65+L65-K65 -> #REF! | N65: =VLOOKUP($C65,#REF!,9,0) -> #REF! | O65: =IF(M65>N65,0,N65-M65) -> #REF! | P65: =M65+O65-N65 -> #REF! | Q65: =VLOOKUP($C65,#REF!,15,0) -> #REF! | R65: =IF(P65>Q65,0,Q65-P65) -> #REF! | S65: =P65+R65-Q65 -> #REF! | T65: =VLOOKUP($C65,#REF!,21,0) -> #REF! | U65: =IF(S65>T65,0,T65-S65) -> #REF! | V65: =S65+U65-T65 -> #REF! | W65: =VLOOKUP($C65,#REF!,27,0) -> #REF! | X65: =IF(V65>W65,0,W65-V65) -> #REF! | Y65: =V65+X65-W65 -> #REF! | Z65: =VLOOKUP($C65,#REF!,33,0) -> #REF! | AA65: =IF(Y65>Z65,0,Z65-Y65) -> #REF! | AB65: =Y65+AA65-Z65 -> #REF! | AC65: =VLOOKUP($C65,#REF!,39,0) -> #REF! | AD65: =IF(AB65>AC65,0,AC65-AB65) -> #REF! | AG65: =J65*F65 -> 0 | AH65: =K65*F65 -> #REF! | AI65: =L65*F65 -> 0 | AJ65: =M65*F65 -> #REF! | AK65: =N65*F65 -> #REF! | AL65: =O65*F65 -> #REF! | AM65: =P65*F65 -> #REF! | AN65: =Q65*F65 -> #REF! | AO65: =R65*F65 -> #REF! | AP65: =S65*F65 -> #REF! | AQ65: =T65*F65 -> #REF! | AR65: =U65*F65 -> #REF! | AS65: =V65*F65 -> #REF! | AT65: =W65*F65 -> #REF! | AU65: =X65*F65 -> #REF! | AV65: =Y65*F65 -> #REF! | AW65: =Z65*F65 -> #REF! | AX65: =AA65*F65 -> #REF! | AY65: =AB65*F65 -> #REF! | AZ65: =AC65*F65 -> #REF! | BA65: =AD65*F65 -> #REF!
B66: HEV-LHD | C66: 82111-4DW00 | I66: =VLOOKUP(C66,#REF!,18,0) -> #REF! | J66: 60 | K66: =VLOOKUP($C66,#REF!,9,0) -> #REF! | L66: =IF(J66>K66,0,K66-J66) -> 0 | M66: =J66+L66-K66 -> #REF! | N66: =VLOOKUP($C66,#REF!,9,0) -> #REF! | O66: =IF(M66>N66,0,N66-M66) -> #REF! | P66: =M66+O66-N66 -> #REF! | Q66: =VLOOKUP($C66,#REF!,15,0) -> #REF! | R66: =IF(P66>Q66,0,Q66-P66) -> #REF! | S66: =P66+R66-Q66 -> #REF! | T66: =VLOOKUP($C66,#REF!,21,0) -> #REF! | U66: =IF(S66>T66,0,T66-S66) -> #REF! | V66: =S66+U66-T66 -> #REF! | W66: =VLOOKUP($C66,#REF!,27,0) -> #REF! | X66: =IF(V66>W66,0,W66-V66) -> #REF! | Y66: =V66+X66-W66 -> #REF! | Z66: =VLOOKUP($C66,#REF!,33,0) -> #REF! | AA66: =IF(Y66>Z66,0,Z66-Y66) -> #REF! | AB66: =Y66+AA66-Z66 -> #REF! | AC66: =VLOOKUP($C66,#REF!,39,0) -> #REF! | AD66: =IF(AB66>AC66,0,AC66-AB66) -> #REF! | AG66: =J66*F66 -> 0 | AH66: =K66*F66 -> #REF! | AI66: =L66*F66 -> 0 | AJ66: =M66*F66 -> #REF! | AK66: =N66*F66 -> #REF! | AL66: =O66*F66 -> #REF! | AM66: =P66*F66 -> #REF! | AN66: =Q66*F66 -> #REF! | AO66: =R66*F66 -> #REF! | AP66: =S66*F66 -> #REF! | AQ66: =T66*F66 -> #REF! | AR66: =U66*F66 -> #REF! | AS66: =V66*F66 -> #REF! | AT66: =W66*F66 -> #REF! | AU66: =X66*F66 -> #REF! | AV66: =Y66*F66 -> #REF! | AW66: =Z66*F66 -> #REF! | AX66: =AA66*F66 -> #REF! | AY66: =AB66*F66 -> #REF! | AZ66: =AC66*F66 -> #REF! | BA66: =AD66*F66 -> #REF!
B67: HEV-LHD | C67: 82111-4DW10 | I67: =VLOOKUP(C67,#REF!,18,0) -> #REF! | J67: 0 | K67: =VLOOKUP($C67,#REF!,9,0) -> #REF! | L67: =IF(J67>K67,0,K67-J67) -> 0 | M67: =J67+L67-K67 -> #REF! | N67: =VLOOKUP($C67,#REF!,9,0) -> #REF! | O67: =IF(M67>N67,0,N67-M67) -> #REF! | P67: =M67+O67-N67 -> #REF! | Q67: =VLOOKUP($C67,#REF!,15,0) -> #REF! | R67: =IF(P67>Q67,0,Q67-P67) -> #REF! | S67: =P67+R67-Q67 -> #REF! | T67: =VLOOKUP($C67,#REF!,21,0) -> #REF! | U67: =IF(S67>T67,0,T67-S67) -> #REF! | V67: =S67+U67-T67 -> #REF! | W67: =VLOOKUP($C67,#REF!,27,0) -> #REF! | X67: =IF(V67>W67,0,W67-V67) -> #REF! | Y67: =V67+X67-W67 -> #REF! | Z67: =VLOOKUP($C67,#REF!,33,0) -> #REF! | AA67: =IF(Y67>Z67,0,Z67-Y67) -> #REF! | AB67: =Y67+AA67-Z67 -> #REF! | AC67: =VLOOKUP($C67,#REF!,39,0) -> #REF! | AD67: =IF(AB67>AC67,0,AC67-AB67) -> #REF! | AG67: =J67*F67 -> 0 | AH67: =K67*F67 -> #REF! | AI67: =L67*F67 -> 0 | AJ67: =M67*F67 -> #REF! | AK67: =N67*F67 -> #REF! | AL67: =O67*F67 -> #REF! | AM67: =P67*F67 -> #REF! | AN67: =Q67*F67 -> #REF! | AO67: =R67*F67 -> #REF! | AP67: =S67*F67 -> #REF! | AQ67: =T67*F67 -> #REF! | AR67: =U67*F67 -> #REF! | AS67: =V67*F67 -> #REF! | AT67: =W67*F67 -> #REF! | AU67: =X67*F67 -> #REF! | AV67: =Y67*F67 -> #REF! | AW67: =Z67*F67 -> #REF! | AX67: =AA67*F67 -> #REF! | AY67: =AB67*F67 -> #REF! | AZ67: =AC67*F67 -> #REF! | BA67: =AD67*F67 -> #REF!
B68: GAS-LHD | C68: 82111-4DW20 | I68: =VLOOKUP(C68,#REF!,18,0) -> #REF! | J68: 0 | K68: =VLOOKUP($C68,#REF!,9,0) -> #REF! | L68: =IF(J68>K68,0,K68-J68) -> 0 | M68: =J68+L68-K68 -> #REF! | N68: =VLOOKUP($C68,#REF!,9,0) -> #REF! | O68: =IF(M68>N68,0,N68-M68) -> #REF! | P68: =M68+O68-N68 -> #REF! | Q68: =VLOOKUP($C68,#REF!,15,0) -> #REF! | R68: =IF(P68>Q68,0,Q68-P68) -> #REF! | S68: =P68+R68-Q68 -> #REF! | T68: =VLOOKUP($C68,#REF!,21,0) -> #REF! | U68: =IF(S68>T68,0,T68-S68) -> #REF! | V68: =S68+U68-T68 -> #REF! | W68: =VLOOKUP($C68,#REF!,27,0) -> #REF! | X68: =IF(V68>W68,0,W68-V68) -> #REF! | Y68: =V68+X68-W68 -> #REF! | Z68: =VLOOKUP($C68,#REF!,33,0) -> #REF! | AA68: =IF(Y68>Z68,0,Z68-Y68) -> #REF! | AB68: =Y68+AA68-Z68 -> #REF! | AC68: =VLOOKUP($C68,#REF!,39,0) -> #REF! | AD68: =IF(AB68>AC68,0,AC68-AB68) -> #REF! | AG68: =J68*F68 -> 0 | AH68: =K68*F68 -> #REF! | AI68: =L68*F68 -> 0 | AJ68: =M68*F68 -> #REF! | AK68: =N68*F68 -> #REF! | AL68: =O68*F68 -> #REF! | AM68: =P68*F68 -> #REF! | AN68: =Q68*F68 -> #REF! | AO68: =R68*F68 -> #REF! | AP68: =S68*F68 -> #REF! | AQ68: =T68*F68 -> #REF! | AR68: =U68*F68 -> #REF! | AS68: =V68*F68 -> #REF! | AT68: =W68*F68 -> #REF! | AU68: =X68*F68 -> #REF! | AV68: =Y68*F68 -> #REF! | AW68: =Z68*F68 -> #REF! | AX68: =AA68*F68 -> #REF! | AY68: =AB68*F68 -> #REF! | AZ68: =AC68*F68 -> #REF! | BA68: =AD68*F68 -> #REF!
B69: HEV-LHD | C69: 82111-4DW30 | I69: =VLOOKUP(C69,#REF!,18,0) -> #REF! | J69: 0 | K69: =VLOOKUP($C69,#REF!,9,0) -> #REF! | L69: =IF(J69>K69,0,K69-J69) -> 0 | M69: =J69+L69-K69 -> #REF! | N69: =VLOOKUP($C69,#REF!,9,0) -> #REF! | O69: =IF(M69>N69,0,N69-M69) -> #REF! | P69: =M69+O69-N69 -> #REF! | Q69: =VLOOKUP($C69,#REF!,15,0) -> #REF! | R69: =IF(P69>Q69,0,Q69-P69) -> #REF! | S69: =P69+R69-Q69 -> #REF! | T69: =VLOOKUP($C69,#REF!,21,0) -> #REF! | U69: =IF(S69>T69,0,T69-S69) -> #REF! | V69: =S69+U69-T69 -> #REF! | W69: =VLOOKUP($C69,#REF!,27,0) -> #REF! | X69: =IF(V69>W69,0,W69-V69) -> #REF! | Y69: =V69+X69-W69 -> #REF! | Z69: =VLOOKUP($C69,#REF!,33,0) -> #REF! | AA69: =IF(Y69>Z69,0,Z69-Y69) -> #REF! | AB69: =Y69+AA69-Z69 -> #REF! | AC69: =VLOOKUP($C69,#REF!,39,0) -> #REF! | AD69: =IF(AB69>AC69,0,AC69-AB69) -> #REF! | AG69: =J69*F69 -> 0 | AH69: =K69*F69 -> #REF! | AI69: =L69*F69 -> 0 | AJ69: =M69*F69 -> #REF! | AK69: =N69*F69 -> #REF! | AL69: =O69*F69 -> #REF! | AM69: =P69*F69 -> #REF! | AN69: =Q69*F69 -> #REF! | AO69: =R69*F69 -> #REF! | AP69: =S69*F69 -> #REF! | AQ69: =T69*F69 -> #REF! | AR69: =U69*F69 -> #REF! | AS69: =V69*F69 -> #REF! | AT69: =W69*F69 -> #REF! | AU69: =X69*F69 -> #REF! | AV69: =Y69*F69 -> #REF! | AW69: =Z69*F69 -> #REF! | AX69: =AA69*F69 -> #REF! | AY69: =AB69*F69 -> #REF! | AZ69: =AC69*F69 -> #REF! | BA69: =AD69*F69 -> #REF!
B70: HEV-LHD | C70: 82111-4DW50 | I70: =VLOOKUP(C70,#REF!,18,0) -> #REF! | J70: 0 | K70: =VLOOKUP($C70,#REF!,9,0) -> #REF! | L70: =IF(J70>K70,0,K70-J70)+204 -> 204 | M70: =J70+L70-K70 -> #REF! | N70: =VLOOKUP($C70,#REF!,9,0) -> #REF! | O70: =IF(M70>N70,0,N70-M70) -> #REF! | P70: =M70+O70-N70 -> #REF! | Q70: =VLOOKUP($C70,#REF!,15,0) -> #REF! | R70: =IF(P70>Q70,0,Q70-P70) -> #REF! | S70: =P70+R70-Q70 -> #REF! | T70: =VLOOKUP($C70,#REF!,21,0) -> #REF! | U70: =IF(S70>T70,0,T70-S70) -> #REF! | V70: =S70+U70-T70 -> #REF! | W70: =VLOOKUP($C70,#REF!,27,0) -> #REF! | X70: =IF(V70>W70,0,W70-V70) -> #REF! | Y70: =V70+X70-W70 -> #REF! | Z70: =VLOOKUP($C70,#REF!,33,0) -> #REF! | AA70: =IF(Y70>Z70,0,Z70-Y70) -> #REF! | AB70: =Y70+AA70-Z70 -> #REF! | AC70: =VLOOKUP($C70,#REF!,39,0) -> #REF! | AD70: =IF(AB70>AC70,0,AC70-AB70) -> #REF! | AG70: =J70*F70 -> 0 | AH70: =K70*F70 -> #REF! | AI70: =L70*F70 -> 0 | AJ70: =M70*F70 -> #REF! | AK70: =N70*F70 -> #REF! | AL70: =O70*F70 -> #REF! | AM70: =P70*F70 -> #REF! | AN70: =Q70*F70 -> #REF! | AO70: =R70*F70 -> #REF! | AP70: =S70*F70 -> #REF! | AQ70: =T70*F70 -> #REF! | AR70: =U70*F70 -> #REF! | AS70: =V70*F70 -> #REF! | AT70: =W70*F70 -> #REF! | AU70: =X70*F70 -> #REF! | AV70: =Y70*F70 -> #REF! | AW70: =Z70*F70 -> #REF! | AX70: =AA70*F70 -> #REF! | AY70: =AB70*F70 -> #REF! | AZ70: =AC70*F70 -> #REF! | BA70: =AD70*F70 -> #REF!
B71: HEV-LHD | C71: 82111-4DW60 | I71: =VLOOKUP(C71,#REF!,18,0) -> #REF! | J71: 0 | K71: =VLOOKUP($C71,#REF!,9,0) -> #REF! | L71: =IF(J71>K71,0,K71-J71) -> 0 | M71: =J71+L71-K71 -> #REF! | N71: =VLOOKUP($C71,#REF!,9,0) -> #REF! | O71: =IF(M71>N71,0,N71-M71) -> #REF! | P71: =M71+O71-N71 -> #REF! | Q71: =VLOOKUP($C71,#REF!,15,0) -> #REF! | R71: =IF(P71>Q71,0,Q71-P71) -> #REF! | S71: =P71+R71-Q71 -> #REF! | T71: =VLOOKUP($C71,#REF!,21,0) -> #REF! | U71: =IF(S71>T71,0,T71-S71) -> #REF! | V71: =S71+U71-T71 -> #REF! | W71: =VLOOKUP($C71,#REF!,27,0) -> #REF! | X71: =IF(V71>W71,0,W71-V71) -> #REF! | Y71: =V71+X71-W71 -> #REF! | Z71: =VLOOKUP($C71,#REF!,33,0) -> #REF! | AA71: =IF(Y71>Z71,0,Z71-Y71) -> #REF! | AB71: =Y71+AA71-Z71 -> #REF! | AC71: =VLOOKUP($C71,#REF!,39,0) -> #REF! | AD71: =IF(AB71>AC71,0,AC71-AB71) -> #REF! | AG71: =J71*F71 -> 0 | AH71: =K71*F71 -> #REF! | AI71: =L71*F71 -> 0 | AJ71: =M71*F71 -> #REF! | AK71: =N71*F71 -> #REF! | AL71: =O71*F71 -> #REF! | AM71: =P71*F71 -> #REF! | AN71: =Q71*F71 -> #REF! | AO71: =R71*F71 -> #REF! | AP71: =S71*F71 -> #REF! | AQ71: =T71*F71 -> #REF! | AR71: =U71*F71 -> #REF! | AS71: =V71*F71 -> #REF! | AT71: =W71*F71 -> #REF! | AU71: =X71*F71 -> #REF! | AV71: =Y71*F71 -> #REF! | AW71: =Z71*F71 -> #REF! | AX71: =AA71*F71 -> #REF! | AY71: =AB71*F71 -> #REF! | AZ71: =AC71*F71 -> #REF! | BA71: =AD71*F71 -> #REF!
B72: HEV-LHD | C72: 82111-4DW70 | I72: =VLOOKUP(C72,#REF!,18,0) -> #REF! | J72: 24 | K72: =VLOOKUP($C72,#REF!,9,0) -> #REF! | L72: =IF(J72>K72,0,K72-J72) -> 0 | M72: =J72+L72-K72 -> #REF! | N72: =VLOOKUP($C72,#REF!,9,0) -> #REF! | O72: =IF(M72>N72,0,N72-M72) -> #REF! | P72: =M72+O72-N72 -> #REF! | Q72: =VLOOKUP($C72,#REF!,15,0) -> #REF! | R72: =IF(P72>Q72,0,Q72-P72) -> #REF! | S72: =P72+R72-Q72 -> #REF! | T72: =VLOOKUP($C72,#REF!,21,0) -> #REF! | U72: =IF(S72>T72,0,T72-S72) -> #REF! | V72: =S72+U72-T72 -> #REF! | W72: =VLOOKUP($C72,#REF!,27,0) -> #REF! | X72: =IF(V72>W72,0,W72-V72) -> #REF! | Y72: =V72+X72-W72 -> #REF! | Z72: =VLOOKUP($C72,#REF!,33,0) -> #REF! | AA72: =IF(Y72>Z72,0,Z72-Y72) -> #REF! | AB72: =Y72+AA72-Z72 -> #REF! | AC72: =VLOOKUP($C72,#REF!,39,0) -> #REF! | AD72: =IF(AB72>AC72,0,AC72-AB72) -> #REF! | AG72: =J72*F72 -> 0 | AH72: =K72*F72 -> #REF! | AI72: =L72*F72 -> 0 | AJ72: =M72*F72 -> #REF! | AK72: =N72*F72 -> #REF! | AL72: =O72*F72 -> #REF! | AM72: =P72*F72 -> #REF! | AN72: =Q72*F72 -> #REF! | AO72: =R72*F72 -> #REF! | AP72: =S72*F72 -> #REF! | AQ72: =T72*F72 -> #REF! | AR72: =U72*F72 -> #REF! | AS72: =V72*F72 -> #REF! | AT72: =W72*F72 -> #REF! | AU72: =X72*F72 -> #REF! | AV72: =Y72*F72 -> #REF! | AW72: =Z72*F72 -> #REF! | AX72: =AA72*F72 -> #REF! | AY72: =AB72*F72 -> #REF! | AZ72: =AC72*F72 -> #REF! | BA72: =AD72*F72 -> #REF!
B73: GAS-LHD | C73: 82111-4DW80 | I73: =VLOOKUP(C73,#REF!,18,0) -> #REF! | J73: 0 | K73: =VLOOKUP($C73,#REF!,9,0) -> #REF! | L73: =IF(J73>K73,0,K73-J73)+216+216 -> 432 | M73: =J73+L73-K73 -> #REF! | N73: =VLOOKUP($C73,#REF!,9,0) -> #REF! | O73: =IF(M73>N73,0,N73-M73) -> #REF! | P73: =M73+O73-N73 -> #REF! | Q73: =VLOOKUP($C73,#REF!,15,0) -> #REF! | R73: =IF(P73>Q73,0,Q73-P73) -> #REF! | S73: =P73+R73-Q73 -> #REF! | T73: =VLOOKUP($C73,#REF!,21,0) -> #REF! | U73: =IF(S73>T73,0,T73-S73) -> #REF! | V73: =S73+U73-T73 -> #REF! | W73: =VLOOKUP($C73,#REF!,27,0) -> #REF! | X73: =IF(V73>W73,0,W73-V73) -> #REF! | Y73: =V73+X73-W73 -> #REF! | Z73: =VLOOKUP($C73,#REF!,33,0) -> #REF! | AA73: =IF(Y73>Z73,0,Z73-Y73) -> #REF! | AB73: =Y73+AA73-Z73 -> #REF! | AC73: =VLOOKUP($C73,#REF!,39,0) -> #REF! | AD73: =IF(AB73>AC73,0,AC73-AB73) -> #REF! | AG73: =J73*F73 -> 0 | AH73: =K73*F73 -> #REF! | AI73: =L73*F73 -> 0 | AJ73: =M73*F73 -> #REF! | AK73: =N73*F73 -> #REF! | AL73: =O73*F73 -> #REF! | AM73: =P73*F73 -> #REF! | AN73: =Q73*F73 -> #REF! | AO73: =R73*F73 -> #REF! | AP73: =S73*F73 -> #REF! | AQ73: =T73*F73 -> #REF! | AR73: =U73*F73 -> #REF! | AS73: =V73*F73 -> #REF! | AT73: =W73*F73 -> #REF! | AU73: =X73*F73 -> #REF! | AV73: =Y73*F73 -> #REF! | AW73: =Z73*F73 -> #REF! | AX73: =AA73*F73 -> #REF! | AY73: =AB73*F73 -> #REF! | AZ73: =AC73*F73 -> #REF! | BA73: =AD73*F73 -> #REF!
B74: HEV-LHD | C74: 82111-4DW90 | I74: =VLOOKUP(C74,#REF!,18,0) -> #REF! | J74: 0 | K74: =VLOOKUP($C74,#REF!,9,0) -> #REF! | L74: =IF(J74>K74,0,K74-J74) -> 0 | M74: =J74+L74-K74 -> #REF! | N74: =VLOOKUP($C74,#REF!,9,0) -> #REF! | O74: =IF(M74>N74,0,N74-M74) -> #REF! | P74: =M74+O74-N74 -> #REF! | Q74: =VLOOKUP($C74,#REF!,15,0) -> #REF! | R74: =IF(P74>Q74,0,Q74-P74) -> #REF! | S74: =P74+R74-Q74 -> #REF! | T74: =VLOOKUP($C74,#REF!,21,0) -> #REF! | U74: =IF(S74>T74,0,T74-S74) -> #REF! | V74: =S74+U74-T74 -> #REF! | W74: =VLOOKUP($C74,#REF!,27,0) -> #REF! | X74: =IF(V74>W74,0,W74-V74) -> #REF! | Y74: =V74+X74-W74 -> #REF! | Z74: =VLOOKUP($C74,#REF!,33,0) -> #REF! | AA74: =IF(Y74>Z74,0,Z74-Y74) -> #REF! | AB74: =Y74+AA74-Z74 -> #REF! | AC74: =VLOOKUP($C74,#REF!,39,0) -> #REF! | AD74: =IF(AB74>AC74,0,AC74-AB74) -> #REF! | AG74: =J74*F74 -> 0 | AH74: =K74*F74 -> #REF! | AI74: =L74*F74 -> 0 | AJ74: =M74*F74 -> #REF! | AK74: =N74*F74 -> #REF! | AL74: =O74*F74 -> #REF! | AM74: =P74*F74 -> #REF! | AN74: =Q74*F74 -> #REF! | AO74: =R74*F74 -> #REF! | AP74: =S74*F74 -> #REF! | AQ74: =T74*F74 -> #REF! | AR74: =U74*F74 -> #REF! | AS74: =V74*F74 -> #REF! | AT74: =W74*F74 -> #REF! | AU74: =X74*F74 -> #REF! | AV74: =Y74*F74 -> #REF! | AW74: =Z74*F74 -> #REF! | AX74: =AA74*F74 -> #REF! | AY74: =AB74*F74 -> #REF! | AZ74: =AC74*F74 -> #REF! | BA74: =AD74*F74 -> #REF!
B75: HEV-LHD | C75: 82111-4DX00 | I75: =VLOOKUP(C75,#REF!,18,0) -> #REF! | J75: 0 | K75: =VLOOKUP($C75,#REF!,9,0) -> #REF! | L75: =IF(J75>K75,0,K75-J75) -> 0 | M75: =J75+L75-K75 -> #REF! | N75: =VLOOKUP($C75,#REF!,9,0) -> #REF! | O75: =IF(M75>N75,0,N75-M75) -> #REF! | P75: =M75+O75-N75 -> #REF! | Q75: =VLOOKUP($C75,#REF!,15,0) -> #REF! | R75: =IF(P75>Q75,0,Q75-P75) -> #REF! | S75: =P75+R75-Q75 -> #REF! | T75: =VLOOKUP($C75,#REF!,21,0) -> #REF! | U75: =IF(S75>T75,0,T75-S75) -> #REF! | V75: =S75+U75-T75 -> #REF! | W75: =VLOOKUP($C75,#REF!,27,0) -> #REF! | X75: =IF(V75>W75,0,W75-V75) -> #REF! | Y75: =V75+X75-W75 -> #REF! | Z75: =VLOOKUP($C75,#REF!,33,0) -> #REF! | AA75: =IF(Y75>Z75,0,Z75-Y75) -> #REF! | AB75: =Y75+AA75-Z75 -> #REF! | AC75: =VLOOKUP($C75,#REF!,39,0) -> #REF! | AD75: =IF(AB75>AC75,0,AC75-AB75) -> #REF! | AG75: =J75*F75 -> 0 | AH75: =K75*F75 -> #REF! | AI75: =L75*F75 -> 0 | AJ75: =M75*F75 -> #REF! | AK75: =N75*F75 -> #REF! | AL75: =O75*F75 -> #REF! | AM75: =P75*F75 -> #REF! | AN75: =Q75*F75 -> #REF! | AO75: =R75*F75 -> #REF! | AP75: =S75*F75 -> #REF! | AQ75: =T75*F75 -> #REF! | AR75: =U75*F75 -> #REF! | AS75: =V75*F75 -> #REF! | AT75: =W75*F75 -> #REF! | AU75: =X75*F75 -> #REF! | AV75: =Y75*F75 -> #REF! | AW75: =Z75*F75 -> #REF! | AX75: =AA75*F75 -> #REF! | AY75: =AB75*F75 -> #REF! | AZ75: =AC75*F75 -> #REF! | BA75: =AD75*F75 -> #REF!
B76: HEV-LHD | C76: 82111-4DX10 | I76: =VLOOKUP(C76,#REF!,18,0) -> #REF! | J76: 0 | K76: =VLOOKUP($C76,#REF!,9,0) -> #REF! | L76: =IF(J76>K76,0,K76-J76) -> 0 | M76: =J76+L76-K76 -> #REF! | N76: =VLOOKUP($C76,#REF!,9,0) -> #REF! | O76: =IF(M76>N76,0,N76-M76) -> #REF! | P76: =M76+O76-N76 -> #REF! | Q76: =VLOOKUP($C76,#REF!,15,0) -> #REF! | R76: =IF(P76>Q76,0,Q76-P76) -> #REF! | S76: =P76+R76-Q76 -> #REF! | T76: =VLOOKUP($C76,#REF!,21,0) -> #REF! | U76: =IF(S76>T76,0,T76-S76) -> #REF! | V76: =S76+U76-T76 -> #REF! | W76: =VLOOKUP($C76,#REF!,27,0) -> #REF! | X76: =IF(V76>W76,0,W76-V76) -> #REF! | Y76: =V76+X76-W76 -> #REF! | Z76: =VLOOKUP($C76,#REF!,33,0) -> #REF! | AA76: =IF(Y76>Z76,0,Z76-Y76) -> #REF! | AB76: =Y76+AA76-Z76 -> #REF! | AC76: =VLOOKUP($C76,#REF!,39,0) -> #REF! | AD76: =IF(AB76>AC76,0,AC76-AB76) -> #REF! | AG76: =J76*F76 -> 0 | AH76: =K76*F76 -> #REF! | AI76: =L76*F76 -> 0 | AJ76: =M76*F76 -> #REF! | AK76: =N76*F76 -> #REF! | AL76: =O76*F76 -> #REF! | AM76: =P76*F76 -> #REF! | AN76: =Q76*F76 -> #REF! | AO76: =R76*F76 -> #REF! | AP76: =S76*F76 -> #REF! | AQ76: =T76*F76 -> #REF! | AR76: =U76*F76 -> #REF! | AS76: =V76*F76 -> #REF! | AT76: =W76*F76 -> #REF! | AU76: =X76*F76 -> #REF! | AV76: =Y76*F76 -> #REF! | AW76: =Z76*F76 -> #REF! | AX76: =AA76*F76 -> #REF! | AY76: =AB76*F76 -> #REF! | AZ76: =AC76*F76 -> #REF! | BA76: =AD76*F76 -> #REF!
B77: HEV-LHD | C77: 82111-4DX20 | I77: =VLOOKUP(C77,#REF!,18,0) -> #REF! | J77: 0 | K77: =VLOOKUP($C77,#REF!,9,0) -> #REF! | L77: =IF(J77>K77,0,K77-J77) -> 0 | M77: =J77+L77-K77 -> #REF! | N77: =VLOOKUP($C77,#REF!,9,0) -> #REF! | O77: =IF(M77>N77,0,N77-M77) -> #REF! | P77: =M77+O77-N77 -> #REF! | Q77: =VLOOKUP($C77,#REF!,15,0) -> #REF! | R77: =IF(P77>Q77,0,Q77-P77) -> #REF! | S77: =P77+R77-Q77 -> #REF! | T77: =VLOOKUP($C77,#REF!,21,0) -> #REF! | U77: =IF(S77>T77,0,T77-S77) -> #REF! | V77: =S77+U77-T77 -> #REF! | W77: =VLOOKUP($C77,#REF!,27,0) -> #REF! | X77: =IF(V77>W77,0,W77-V77) -> #REF! | Y77: =V77+X77-W77 -> #REF! | Z77: =VLOOKUP($C77,#REF!,33,0) -> #REF! | AA77: =IF(Y77>Z77,0,Z77-Y77) -> #REF! | AB77: =Y77+AA77-Z77 -> #REF! | AC77: =VLOOKUP($C77,#REF!,39,0) -> #REF! | AD77: =IF(AB77>AC77,0,AC77-AB77) -> #REF! | AG77: =J77*F77 -> 0 | AH77: =K77*F77 -> #REF! | AI77: =L77*F77 -> 0 | AJ77: =M77*F77 -> #REF! | AK77: =N77*F77 -> #REF! | AL77: =O77*F77 -> #REF! | AM77: =P77*F77 -> #REF! | AN77: =Q77*F77 -> #REF! | AO77: =R77*F77 -> #REF! | AP77: =S77*F77 -> #REF! | AQ77: =T77*F77 -> #REF! | AR77: =U77*F77 -> #REF! | AS77: =V77*F77 -> #REF! | AT77: =W77*F77 -> #REF! | AU77: =X77*F77 -> #REF! | AV77: =Y77*F77 -> #REF! | AW77: =Z77*F77 -> #REF! | AX77: =AA77*F77 -> #REF! | AY77: =AB77*F77 -> #REF! | AZ77: =AC77*F77 -> #REF! | BA77: =AD77*F77 -> #REF!
B78: HEV-LHD | C78: 82111-4DX30 | I78: =VLOOKUP(C78,#REF!,18,0) -> #REF! | J78: 0 | K78: =VLOOKUP($C78,#REF!,9,0) -> #REF! | L78: =IF(J78>K78,0,K78-J78) -> 0 | M78: =J78+L78-K78 -> #REF! | N78: =VLOOKUP($C78,#REF!,9,0) -> #REF! | O78: =IF(M78>N78,0,N78-M78) -> #REF! | P78: =M78+O78-N78 -> #REF! | Q78: =VLOOKUP($C78,#REF!,15,0) -> #REF! | R78: =IF(P78>Q78,0,Q78-P78) -> #REF! | S78: =P78+R78-Q78 -> #REF! | T78: =VLOOKUP($C78,#REF!,21,0) -> #REF! | U78: =IF(S78>T78,0,T78-S78) -> #REF! | V78: =S78+U78-T78 -> #REF! | W78: =VLOOKUP($C78,#REF!,27,0) -> #REF! | X78: =IF(V78>W78,0,W78-V78) -> #REF! | Y78: =V78+X78-W78 -> #REF! | Z78: =VLOOKUP($C78,#REF!,33,0) -> #REF! | AA78: =IF(Y78>Z78,0,Z78-Y78) -> #REF! | AB78: =Y78+AA78-Z78 -> #REF! | AC78: =VLOOKUP($C78,#REF!,39,0) -> #REF! | AD78: =IF(AB78>AC78,0,AC78-AB78) -> #REF! | AG78: =J78*F78 -> 0 | AH78: =K78*F78 -> #REF! | AI78: =L78*F78 -> 0 | AJ78: =M78*F78 -> #REF! | AK78: =N78*F78 -> #REF! | AL78: =O78*F78 -> #REF! | AM78: =P78*F78 -> #REF! | AN78: =Q78*F78 -> #REF! | AO78: =R78*F78 -> #REF! | AP78: =S78*F78 -> #REF! | AQ78: =T78*F78 -> #REF! | AR78: =U78*F78 -> #REF! | AS78: =V78*F78 -> #REF! | AT78: =W78*F78 -> #REF! | AU78: =X78*F78 -> #REF! | AV78: =Y78*F78 -> #REF! | AW78: =Z78*F78 -> #REF! | AX78: =AA78*F78 -> #REF! | AY78: =AB78*F78 -> #REF! | AZ78: =AC78*F78 -> #REF! | BA78: =AD78*F78 -> #REF!
B79: HEV-RHD | C79: 82111-4DX50 | I79: =VLOOKUP(C79,#REF!,18,0) -> #REF! | J79: 24 | K79: =VLOOKUP($C79,#REF!,9,0) -> #REF! | L79: =IF(J79>K79,0,K79-J79) -> 0 | M79: =J79+L79-K79 -> #REF! | N79: =VLOOKUP($C79,#REF!,9,0) -> #REF! | O79: =IF(M79>N79,0,N79-M79) -> #REF! | P79: =M79+O79-N79 -> #REF! | Q79: =VLOOKUP($C79,#REF!,15,0) -> #REF! | R79: =IF(P79>Q79,0,Q79-P79) -> #REF! | S79: =P79+R79-Q79 -> #REF! | T79: =VLOOKUP($C79,#REF!,21,0) -> #REF! | U79: =IF(S79>T79,0,T79-S79) -> #REF! | V79: =S79+U79-T79 -> #REF! | W79: =VLOOKUP($C79,#REF!,27,0) -> #REF! | X79: =IF(V79>W79,0,W79-V79) -> #REF! | Y79: =V79+X79-W79 -> #REF! | Z79: =VLOOKUP($C79,#REF!,33,0) -> #REF! | AA79: =IF(Y79>Z79,0,Z79-Y79) -> #REF! | AB79: =Y79+AA79-Z79 -> #REF! | AC79: =VLOOKUP($C79,#REF!,39,0) -> #REF! | AD79: =IF(AB79>AC79,0,AC79-AB79) -> #REF! | AG79: =J79*F79 -> 0 | AH79: =K79*F79 -> #REF! | AI79: =L79*F79 -> 0 | AJ79: =M79*F79 -> #REF! | AK79: =N79*F79 -> #REF! | AL79: =O79*F79 -> #REF! | AM79: =P79*F79 -> #REF! | AN79: =Q79*F79 -> #REF! | AO79: =R79*F79 -> #REF! | AP79: =S79*F79 -> #REF! | AQ79: =T79*F79 -> #REF! | AR79: =U79*F79 -> #REF! | AS79: =V79*F79 -> #REF! | AT79: =W79*F79 -> #REF! | AU79: =X79*F79 -> #REF! | AV79: =Y79*F79 -> #REF! | AW79: =Z79*F79 -> #REF! | AX79: =AA79*F79 -> #REF! | AY79: =AB79*F79 -> #REF! | AZ79: =AC79*F79 -> #REF! | BA79: =AD79*F79 -> #REF!
B80: HEV-RHD | C80: 82111-4DX60 | I80: =VLOOKUP(C80,#REF!,18,0) -> #REF! | J80: 0 | K80: =VLOOKUP($C80,#REF!,9,0) -> #REF! | L80: =IF(J80>K80,0,K80-J80) -> 0 | M80: =J80+L80-K80 -> #REF! | N80: =VLOOKUP($C80,#REF!,9,0) -> #REF! | O80: =IF(M80>N80,0,N80-M80) -> #REF! | P80: =M80+O80-N80 -> #REF! | Q80: =VLOOKUP($C80,#REF!,15,0) -> #REF! | R80: =IF(P80>Q80,0,Q80-P80) -> #REF! | S80: =P80+R80-Q80 -> #REF! | T80: =VLOOKUP($C80,#REF!,21,0) -> #REF! | U80: =IF(S80>T80,0,T80-S80) -> #REF! | V80: =S80+U80-T80 -> #REF! | W80: =VLOOKUP($C80,#REF!,27,0) -> #REF! | X80: =IF(V80>W80,0,W80-V80) -> #REF! | Y80: =V80+X80-W80 -> #REF! | Z80: =VLOOKUP($C80,#REF!,33,0) -> #REF! | AA80: =IF(Y80>Z80,0,Z80-Y80) -> #REF! | AB80: =Y80+AA80-Z80 -> #REF! | AC80: =VLOOKUP($C80,#REF!,39,0) -> #REF! | AD80: =IF(AB80>AC80,0,AC80-AB80) -> #REF! | AG80: =J80*F80 -> 0 | AH80: =K80*F80 -> #REF! | AI80: =L80*F80 -> 0 | AJ80: =M80*F80 -> #REF! | AK80: =N80*F80 -> #REF! | AL80: =O80*F80 -> #REF! | AM80: =P80*F80 -> #REF! | AN80: =Q80*F80 -> #REF! | AO80: =R80*F80 -> #REF! | AP80: =S80*F80 -> #REF! | AQ80: =T80*F80 -> #REF! | AR80: =U80*F80 -> #REF! | AS80: =V80*F80 -> #REF! | AT80: =W80*F80 -> #REF! | AU80: =X80*F80 -> #REF! | AV80: =Y80*F80 -> #REF! | AW80: =Z80*F80 -> #REF! | AX80: =AA80*F80 -> #REF! | AY80: =AB80*F80 -> #REF! | AZ80: =AC80*F80 -> #REF! | BA80: =AD80*F80 -> #REF!
B81: HEV-RHD | C81: 82111-4DX70 | I81: =VLOOKUP(C81,#REF!,18,0) -> #REF! | J81: 0 | K81: =VLOOKUP($C81,#REF!,9,0) -> #REF! | L81: =IF(J81>K81,0,K81-J81) -> 0 | M81: =J81+L81-K81 -> #REF! | N81: =VLOOKUP($C81,#REF!,9,0) -> #REF! | O81: =IF(M81>N81,0,N81-M81) -> #REF! | P81: =M81+O81-N81 -> #REF! | Q81: =VLOOKUP($C81,#REF!,15,0) -> #REF! | R81: =IF(P81>Q81,0,Q81-P81) -> #REF! | S81: =P81+R81-Q81 -> #REF! | T81: =VLOOKUP($C81,#REF!,21,0) -> #REF! | U81: =IF(S81>T81,0,T81-S81) -> #REF! | V81: =S81+U81-T81 -> #REF! | W81: =VLOOKUP($C81,#REF!,27,0) -> #REF! | X81: =IF(V81>W81,0,W81-V81) -> #REF! | Y81: =V81+X81-W81 -> #REF! | Z81: =VLOOKUP($C81,#REF!,33,0) -> #REF! | AA81: =IF(Y81>Z81,0,Z81-Y81) -> #REF! | AB81: =Y81+AA81-Z81 -> #REF! | AC81: =VLOOKUP($C81,#REF!,39,0) -> #REF! | AD81: =IF(AB81>AC81,0,AC81-AB81) -> #REF! | AG81: =J81*F81 -> 0 | AH81: =K81*F81 -> #REF! | AI81: =L81*F81 -> 0 | AJ81: =M81*F81 -> #REF! | AK81: =N81*F81 -> #REF! | AL81: =O81*F81 -> #REF! | AM81: =P81*F81 -> #REF! | AN81: =Q81*F81 -> #REF! | AO81: =R81*F81 -> #REF! | AP81: =S81*F81 -> #REF! | AQ81: =T81*F81 -> #REF! | AR81: =U81*F81 -> #REF! | AS81: =V81*F81 -> #REF! | AT81: =W81*F81 -> #REF! | AU81: =X81*F81 -> #REF! | AV81: =Y81*F81 -> #REF! | AW81: =Z81*F81 -> #REF! | AX81: =AA81*F81 -> #REF! | AY81: =AB81*F81 -> #REF! | AZ81: =AC81*F81 -> #REF! | BA81: =AD81*F81 -> #REF!
B82: GAS-LHD | C82: 82111-4DX80 | I82: =VLOOKUP(C82,#REF!,18,0) -> #REF! | J82: 0 | K82: =VLOOKUP($C82,#REF!,9,0) -> #REF! | L82: =IF(J82>K82,0,K82-J82)+48+48 -> 96 | M82: =J82+L82-K82 -> #REF! | N82: =VLOOKUP($C82,#REF!,9,0) -> #REF! | O82: =IF(M82>N82,0,N82-M82) -> #REF! | P82: =M82+O82-N82 -> #REF! | Q82: =VLOOKUP($C82,#REF!,15,0) -> #REF! | R82: =IF(P82>Q82,0,Q82-P82) -> #REF! | S82: =P82+R82-Q82 -> #REF! | T82: =VLOOKUP($C82,#REF!,21,0) -> #REF! | U82: =IF(S82>T82,0,T82-S82) -> #REF! | V82: =S82+U82-T82 -> #REF! | W82: =VLOOKUP($C82,#REF!,27,0) -> #REF! | X82: =IF(V82>W82,0,W82-V82) -> #REF! | Y82: =V82+X82-W82 -> #REF! | Z82: =VLOOKUP($C82,#REF!,33,0) -> #REF! | AA82: =IF(Y82>Z82,0,Z82-Y82) -> #REF! | AB82: =Y82+AA82-Z82 -> #REF! | AC82: =VLOOKUP($C82,#REF!,39,0) -> #REF! | AD82: =IF(AB82>AC82,0,AC82-AB82) -> #REF! | AG82: =J82*F82 -> 0 | AH82: =K82*F82 -> #REF! | AI82: =L82*F82 -> 0 | AJ82: =M82*F82 -> #REF! | AK82: =N82*F82 -> #REF! | AL82: =O82*F82 -> #REF! | AM82: =P82*F82 -> #REF! | AN82: =Q82*F82 -> #REF! | AO82: =R82*F82 -> #REF! | AP82: =S82*F82 -> #REF! | AQ82: =T82*F82 -> #REF! | AR82: =U82*F82 -> #REF! | AS82: =V82*F82 -> #REF! | AT82: =W82*F82 -> #REF! | AU82: =X82*F82 -> #REF! | AV82: =Y82*F82 -> #REF! | AW82: =Z82*F82 -> #REF! | AX82: =AA82*F82 -> #REF! | AY82: =AB82*F82 -> #REF! | AZ82: =AC82*F82 -> #REF! | BA82: =AD82*F82 -> #REF!
B83: HEV-LHD | C83: 82111-4DX90 | I83: =VLOOKUP(C83,#REF!,18,0) -> #REF! | J83: 24 | K83: =VLOOKUP($C83,#REF!,9,0) -> #REF! | L83: =IF(J83>K83,0,K83-J83) -> 0 | M83: =J83+L83-K83 -> #REF! | N83: =VLOOKUP($C83,#REF!,9,0) -> #REF! | O83: =IF(M83>N83,0,N83-M83) -> #REF! | P83: =M83+O83-N83 -> #REF! | Q83: =VLOOKUP($C83,#REF!,15,0) -> #REF! | R83: =IF(P83>Q83,0,Q83-P83) -> #REF! | S83: =P83+R83-Q83 -> #REF! | T83: =VLOOKUP($C83,#REF!,21,0) -> #REF! | U83: =IF(S83>T83,0,T83-S83) -> #REF! | V83: =S83+U83-T83 -> #REF! | W83: =VLOOKUP($C83,#REF!,27,0) -> #REF! | X83: =IF(V83>W83,0,W83-V83) -> #REF! | Y83: =V83+X83-W83 -> #REF! | Z83: =VLOOKUP($C83,#REF!,33,0) -> #REF! | AA83: =IF(Y83>Z83,0,Z83-Y83) -> #REF! | AB83: =Y83+AA83-Z83 -> #REF! | AC83: =VLOOKUP($C83,#REF!,39,0) -> #REF! | AD83: =IF(AB83>AC83,0,AC83-AB83) -> #REF! | AG83: =J83*F83 -> 0 | AH83: =K83*F83 -> #REF! | AI83: =L83*F83 -> 0 | AJ83: =M83*F83 -> #REF! | AK83: =N83*F83 -> #REF! | AL83: =O83*F83 -> #REF! | AM83: =P83*F83 -> #REF! | AN83: =Q83*F83 -> #REF! | AO83: =R83*F83 -> #REF! | AP83: =S83*F83 -> #REF! | AQ83: =T83*F83 -> #REF! | AR83: =U83*F83 -> #REF! | AS83: =V83*F83 -> #REF! | AT83: =W83*F83 -> #REF! | AU83: =X83*F83 -> #REF! | AV83: =Y83*F83 -> #REF! | AW83: =Z83*F83 -> #REF! | AX83: =AA83*F83 -> #REF! | AY83: =AB83*F83 -> #REF! | AZ83: =AC83*F83 -> #REF! | BA83: =AD83*F83 -> #REF!
B84: HEV-RHD | C84: 82111-4DY10 | I84: =VLOOKUP(C84,#REF!,18,0) -> #REF! | J84: 0 | K84: =VLOOKUP($C84,#REF!,9,0) -> #REF! | L84: =IF(J84>K84,0,K84-J84) -> 0 | M84: =J84+L84-K84 -> #REF! | N84: =VLOOKUP($C84,#REF!,9,0) -> #REF! | O84: =IF(M84>N84,0,N84-M84) -> #REF! | P84: =M84+O84-N84 -> #REF! | Q84: =VLOOKUP($C84,#REF!,15,0) -> #REF! | R84: =IF(P84>Q84,0,Q84-P84) -> #REF! | S84: =P84+R84-Q84 -> #REF! | T84: =VLOOKUP($C84,#REF!,21,0) -> #REF! | U84: =IF(S84>T84,0,T84-S84) -> #REF! | V84: =S84+U84-T84 -> #REF! | W84: =VLOOKUP($C84,#REF!,27,0) -> #REF! | X84: =IF(V84>W84,0,W84-V84) -> #REF! | Y84: =V84+X84-W84 -> #REF! | Z84: =VLOOKUP($C84,#REF!,33,0) -> #REF! | AA84: =IF(Y84>Z84,0,Z84-Y84) -> #REF! | AB84: =Y84+AA84-Z84 -> #REF! | AC84: =VLOOKUP($C84,#REF!,39,0) -> #REF! | AD84: =IF(AB84>AC84,0,AC84-AB84) -> #REF! | AG84: =J84*F84 -> 0 | AH84: =K84*F84 -> #REF! | AI84: =L84*F84 -> 0 | AJ84: =M84*F84 -> #REF! | AK84: =N84*F84 -> #REF! | AL84: =O84*F84 -> #REF! | AM84: =P84*F84 -> #REF! | AN84: =Q84*F84 -> #REF! | AO84: =R84*F84 -> #REF! | AP84: =S84*F84 -> #REF! | AQ84: =T84*F84 -> #REF! | AR84: =U84*F84 -> #REF! | AS84: =V84*F84 -> #REF! | AT84: =W84*F84 -> #REF! | AU84: =X84*F84 -> #REF! | AV84: =Y84*F84 -> #REF! | AW84: =Z84*F84 -> #REF! | AX84: =AA84*F84 -> #REF! | AY84: =AB84*F84 -> #REF! | AZ84: =AC84*F84 -> #REF! | BA84: =AD84*F84 -> #REF!
L85: 0 | O85: =IF(M85>N85,0,N85-M85) -> 0 | R85: =IF(P85>Q85,0,Q85-P85) -> 0 | AG85: =J85*F85 -> 0 | AH85: =K85*F85 -> 0 | AI85: =L85*F85 -> 0 | AJ85: =M85*F85 -> 0 | AK85: =N85*F85 -> 0 | AL85: =O85*F85 -> 0 | AM85: =P85*F85 -> 0 | AN85: =Q85*F85 -> 0 | AO85: =R85*F85 -> 0 | AP85: =S85*F85 -> 0 | AQ85: =T85*F85 -> 0 | AR85: =U85*F85 -> 0 | AS85: =V85*F85 -> 0 | AT85: =W85*F85 -> 0 | AU85: =X85*F85 -> 0 | AV85: =Y85*F85 -> 0 | AW85: =Z85*F85 -> 0 | AX85: =AA85*F85 -> 0 | AY85: =AB85*F85 -> 0 | AZ85: =AC85*F85 -> 0 | BA85: =AD85*F85 -> 0
L86: 0 | O86: =IF(M86>N86,0,N86-M86) -> 0 | R86: =IF(P86>Q86,0,Q86-P86) -> 0 | AG86: =J86*F86 -> 0 | AH86: =K86*F86 -> 0 | AI86: =L86*F86 -> 0 | AJ86: =M86*F86 -> 0 | AK86: =N86*F86 -> 0 | AL86: =O86*F86 -> 0 | AM86: =P86*F86 -> 0 | AN86: =Q86*F86 -> 0 | AO86: =R86*F86 -> 0 | AP86: =S86*F86 -> 0 | AQ86: =T86*F86 -> 0 | AR86: =U86*F86 -> 0 | AS86: =V86*F86 -> 0 | AT86: =W86*F86 -> 0 | AU86: =X86*F86 -> 0 | AV86: =Y86*F86 -> 0 | AW86: =Z86*F86 -> 0 | AX86: =AA86*F86 -> 0 | AY86: =AB86*F86 -> 0 | AZ86: =AC86*F86 -> 0 | BA86: =AD86*F86 -> 0
L87: 0 | O87: =IF(M87>N87,0,N87-M87) -> 0 | R87: =IF(P87>Q87,0,Q87-P87) -> 0 | AG87: =J87*F87 -> 0 | AH87: =K87*F87 -> 0 | AI87: =L87*F87 -> 0 | AJ87: =M87*F87 -> 0 | AK87: =N87*F87 -> 0 | AL87: =O87*F87 -> 0 | AM87: =P87*F87 -> 0 | AN87: =Q87*F87 -> 0 | AO87: =R87*F87 -> 0 | AP87: =S87*F87 -> 0 | AQ87: =T87*F87 -> 0 | AR87: =U87*F87 -> 0 | AS87: =V87*F87 -> 0 | AT87: =W87*F87 -> 0 | AU87: =X87*F87 -> 0 | AV87: =Y87*F87 -> 0 | AW87: =Z87*F87 -> 0 | AX87: =AA87*F87 -> 0 | AY87: =AB87*F87 -> 0 | AZ87: =AC87*F87 -> 0 | BA87: =AD87*F87 -> 0
L88: 0 | O88: =IF(M88>N88,0,N88-M88) -> 0 | R88: =IF(P88>Q88,0,Q88-P88) -> 0 | AG88: =J88*F88 -> 0 | AH88: =K88*F88 -> 0 | AI88: =L88*F88 -> 0 | AJ88: =M88*F88 -> 0 | AK88: =N88*F88 -> 0 | AL88: =O88*F88 -> 0 | AM88: =P88*F88 -> 0 | AN88: =Q88*F88 -> 0 | AO88: =R88*F88 -> 0 | AP88: =S88*F88 -> 0 | AQ88: =T88*F88 -> 0 | AR88: =U88*F88 -> 0 | AS88: =V88*F88 -> 0 | AT88: =W88*F88 -> 0 | AU88: =X88*F88 -> 0 | AV88: =Y88*F88 -> 0 | AW88: =Z88*F88 -> 0 | AX88: =AA88*F88 -> 0 | AY88: =AB88*F88 -> 0 | AZ88: =AC88*F88 -> 0 | BA88: =AD88*F88 -> 0
L89: 0 | O89: =IF(M89>N89,0,N89-M89) -> 0 | R89: =IF(P89>Q89,0,Q89-P89) -> 0 | AG89: =J89*F89 -> 0 | AH89: =K89*F89 -> 0 | AI89: =L89*F89 -> 0 | AJ89: =M89*F89 -> 0 | AK89: =N89*F89 -> 0 | AL89: =O89*F89 -> 0 | AM89: =P89*F89 -> 0 | AN89: =Q89*F89 -> 0 | AO89: =R89*F89 -> 0 | AP89: =S89*F89 -> 0 | AQ89: =T89*F89 -> 0 | AR89: =U89*F89 -> 0 | AS89: =V89*F89 -> 0 | AT89: =W89*F89 -> 0 | AU89: =X89*F89 -> 0 | AV89: =Y89*F89 -> 0 | AW89: =Z89*F89 -> 0 | AX89: =AA89*F89 -> 0 | AY89: =AB89*F89 -> 0 | AZ89: =AC89*F89 -> 0 | BA89: =AD89*F89 -> 0
L90: 0 | O90: =IF(M90>N90,0,N90-M90) -> 0 | R90: =IF(P90>Q90,0,Q90-P90) -> 0 | AG90: =J90*F90 -> 0 | AH90: =K90*F90 -> 0 | AI90: =L90*F90 -> 0 | AJ90: =M90*F90 -> 0 | AK90: =N90*F90 -> 0 | AL90: =O90*F90 -> 0 | AM90: =P90*F90 -> 0 | AN90: =Q90*F90 -> 0 | AO90: =R90*F90 -> 0 | AP90: =S90*F90 -> 0 | AQ90: =T90*F90 -> 0 | AR90: =U90*F90 -> 0 | AS90: =V90*F90 -> 0 | AT90: =W90*F90 -> 0 | AU90: =X90*F90 -> 0 | AV90: =Y90*F90 -> 0 | AW90: =Z90*F90 -> 0 | AX90: =AA90*F90 -> 0 | AY90: =AB90*F90 -> 0 | AZ90: =AC90*F90 -> 0 | BA90: =AD90*F90 -> 0
L91: 0 | O91: =IF(M91>N91,0,N91-M91) -> 0 | R91: =IF(P91>Q91,0,Q91-P91) -> 0 | AG91: =J91*F91 -> 0 | AH91: =K91*F91 -> 0 | AI91: =L91*F91 -> 0 | AJ91: =M91*F91 -> 0 | AK91: =N91*F91 -> 0 | AL91: =O91*F91 -> 0 | AM91: =P91*F91 -> 0 | AN91: =Q91*F91 -> 0 | AO91: =R91*F91 -> 0 | AP91: =S91*F91 -> 0 | AQ91: =T91*F91 -> 0 | AR91: =U91*F91 -> 0 | AS91: =V91*F91 -> 0 | AT91: =W91*F91 -> 0 | AU91: =X91*F91 -> 0 | AV91: =Y91*F91 -> 0 | AW91: =Z91*F91 -> 0 | AX91: =AA91*F91 -> 0 | AY91: =AB91*F91 -> 0 | AZ91: =AC91*F91 -> 0 | BA91: =AD91*F91 -> 0
L92: 0 | O92: =IF(M92>N92,0,N92-M92) -> 0 | R92: =IF(P92>Q92,0,Q92-P92) -> 0 | AG92: =J92*F92 -> 0 | AH92: =K92*F92 -> 0 | AI92: =L92*F92 -> 0 | AJ92: =M92*F92 -> 0 | AK92: =N92*F92 -> 0 | AL92: =O92*F92 -> 0 | AM92: =P92*F92 -> 0 | AN92: =Q92*F92 -> 0 | AO92: =R92*F92 -> 0 | AP92: =S92*F92 -> 0 | AQ92: =T92*F92 -> 0 | AR92: =U92*F92 -> 0 | AS92: =V92*F92 -> 0 | AT92: =W92*F92 -> 0 | AU92: =X92*F92 -> 0 | AV92: =Y92*F92 -> 0 | AW92: =Z92*F92 -> 0 | AX92: =AA92*F92 -> 0 | AY92: =AB92*F92 -> 0 | AZ92: =AC92*F92 -> 0 | BA92: =AD92*F92 -> 0
L93: 0 | O93: =IF(M93>N93,0,N93-M93) -> 0 | R93: =IF(P93>Q93,0,Q93-P93) -> 0 | AG93: =J93*F93 -> 0 | AH93: =K93*F93 -> 0 | AI93: =L93*F93 -> 0 | AJ93: =M93*F93 -> 0 | AK93: =N93*F93 -> 0 | AL93: =O93*F93 -> 0 | AM93: =P93*F93 -> 0 | AN93: =Q93*F93 -> 0 | AO93: =R93*F93 -> 0 | AP93: =S93*F93 -> 0 | AQ93: =T93*F93 -> 0 | AR93: =U93*F93 -> 0 | AS93: =V93*F93 -> 0 | AT93: =W93*F93 -> 0 | AU93: =X93*F93 -> 0 | AV93: =Y93*F93 -> 0 | AW93: =Z93*F93 -> 0 | AX93: =AA93*F93 -> 0 | AY93: =AB93*F93 -> 0 | AZ93: =AC93*F93 -> 0 | BA93: =AD93*F93 -> 0
O94: =IF(M94>N94,0,N94-M94) -> 0 | R94: =IF(P94>Q94,0,Q94-P94) -> 0 | AG94: =J94*F94 -> 0 | AH94: =K94*F94 -> 0 | AI94: =L94*F94 -> 0 | AJ94: =M94*F94 -> 0 | AK94: =N94*F94 -> 0 | AL94: =O94*F94 -> 0 | AM94: =P94*F94 -> 0 | AN94: =Q94*F94 -> 0 | AO94: =R94*F94 -> 0 | AP94: =S94*F94 -> 0 | AQ94: =T94*F94 -> 0 | AR94: =U94*F94 -> 0 | AS94: =V94*F94 -> 0 | AT94: =W94*F94 -> 0 | AU94: =X94*F94 -> 0 | AV94: =Y94*F94 -> 0 | AW94: =Z94*F94 -> 0 | AX94: =AA94*F94 -> 0 | AY94: =AB94*F94 -> 0 | AZ94: =AC94*F94 -> 0 | BA94: =AD94*F94 -> 0
C95: TOTAL GAS-LHD | I95: GAS-LHD | J95: =SUMIF($B$9:$B$94,$I$95,J$9:J$94) -> 24 | K95: =SUMIF($B$9:$B$94,$I$95,K$9:K$94) -> #REF! | L95: =SUMIF($B$9:$B$94,$I$95,L$9:L$94) -> 528 | M95: =SUMIF($B$9:$B$94,$I$95,M$9:M$94) -> #REF! | N95: =SUMIF($B$9:$B$94,$I$95,N$9:N$94) -> #REF! | O95: =SUMIF($B$9:$B$94,$I$95,O$9:O$94) -> #REF! | P95: =SUMIF($B$9:$B$94,$I$95,P$9:P$94) -> #REF! | Q95: =SUMIF($B$9:$B$94,$I$95,Q$9:Q$94) -> #REF! | ... AD95: =SUMIF($B$9:$B$94,$I$95,AD$9:AD$94) -> #REF! | AG95: =J95*F95 -> 0 | AH95: =K95*F95 -> #REF! | AI95: =L95*F95 -> 0 | AJ95: =M95*F95 -> #REF! | AK95: =N95*F95 -> #REF! | AL95: =O95*F95 -> #REF! | AM95: =P95*F95 -> #REF! | AN95: =Q95*F95 -> #REF! | AO95: =R95*F95 -> #REF! | AP95: =S95*F95 -> #REF! | AQ95: =T95*F95 -> #REF! | AR95: =U95*F95 -> #REF! | AS95: =V95*F95 -> #REF! | AT95: =W95*F95 -> #REF! | AU95: =X95*F95 -> #REF! | AV95: =Y95*F95 -> #REF! | AW95: =Z95*F95 -> #REF! | AX95: =AA95*F95 -> #REF! | AY95: =AB95*F95 -> #REF! | AZ95: =AC95*F95 -> #REF! | BA95: =AD95*F95 -> #REF!
C96: TOTAL HV-RHD | I96: HEV-RHD | J96: =SUMIF($B$9:$B$94,$I$96,J$9:J$94) -> 33 | K96: =SUMIF($B$9:$B$94,$I$96,K$9:K$94) -> #REF! | L96: =SUMIF($B$9:$B$94,$I$96,L$9:L$94) -> 0 | M96: =SUMIF($B$9:$B$94,$I$96,M$9:M$94) -> #REF! | N96: =SUMIF($B$9:$B$94,$I$96,N$9:N$94) -> #REF! | O96: =SUMIF($B$9:$B$94,$I$96,O$9:O$94) -> #REF! | P96: =SUMIF($B$9:$B$94,$I$96,P$9:P$94) -> #REF! | Q96: =SUMIF($B$9:$B$94,$I$96,Q$9:Q$94) -> #REF! | ... AD96: =SUMIF($B$9:$B$94,$I$96,AD$9:AD$94) -> #REF! | AG96: =J96*F96 -> 0 | AH96: =K96*F96 -> #REF! | AI96: =L96*F96 -> 0 | AJ96: =M96*F96 -> #REF! | AK96: =N96*F96 -> #REF! | AL96: =O96*F96 -> #REF! | AM96: =P96*F96 -> #REF! | AN96: =Q96*F96 -> #REF! | AO96: =R96*F96 -> #REF! | AP96: =S96*F96 -> #REF! | AQ96: =T96*F96 -> #REF! | AR96: =U96*F96 -> #REF! | AS96: =V96*F96 -> #REF! | AT96: =W96*F96 -> #REF! | AU96: =X96*F96 -> #REF! | AV96: =Y96*F96 -> #REF! | AW96: =Z96*F96 -> #REF! | AX96: =AA96*F96 -> #REF! | AY96: =AB96*F96 -> #REF! | AZ96: =AC96*F96 -> #REF! | BA96: =AD96*F96 -> #REF!
C97: TOTAL HV-LHD | I97: HEV-LHD | J97: =SUMIF($B$9:$B$94,$I$97,J$9:J$94) -> 120 | K97: =SUMIF($B$9:$B$94,$I$97,K$9:K$94) -> #REF! | L97: =SUMIF($B$9:$B$94,$I$97,L$9:L$94) -> 204 | M97: =SUMIF($B$9:$B$94,$I$97,M$9:M$94) -> #REF! | N97: =SUMIF($B$9:$B$94,$I$97,N$9:N$94) -> #REF! | O97: =SUMIF($B$9:$B$94,$I$97,O$9:O$94) -> #REF! | P97: =SUMIF($B$9:$B$94,$I$97,P$9:P$94) -> #REF! | Q97: =SUMIF($B$9:$B$94,$I$97,Q$9:Q$94) -> #REF! | ... AD97: =SUMIF($B$9:$B$94,$I$97,AD$9:AD$94) -> #REF! | AG97: =J97*F97 -> 0 | AH97: =K97*F97 -> #REF! | AI97: =L97*F97 -> 0 | AJ97: =M97*F97 -> #REF! | AK97: =N97*F97 -> #REF! | AL97: =O97*F97 -> #REF! | AM97: =P97*F97 -> #REF! | AN97: =Q97*F97 -> #REF! | AO97: =R97*F97 -> #REF! | AP97: =S97*F97 -> #REF! | AQ97: =T97*F97 -> #REF! | AR97: =U97*F97 -> #REF! | AS97: =V97*F97 -> #REF! | AT97: =W97*F97 -> #REF! | AU97: =X97*F97 -> #REF! | AV97: =Y97*F97 -> #REF! | AW97: =Z97*F97 -> #REF! | AX97: =AA97*F97 -> #REF! | AY97: =AB97*F97 -> #REF! | AZ97: =AC97*F97 -> #REF! | BA97: =AD97*F97 -> #REF!
C98: TOTAL 900B | J98: =SUM(J9:J93) -> 177 | K98: =SUM(K9:K93) -> #REF! | L98: =SUM(L9:L93) -> 732 | M98: =SUM(M9:M93) -> #REF! | N98: =SUM(N9:N93) -> #REF! | O98: =SUM(O9:O93) -> #REF! | P98: =SUM(P9:P93) -> #REF! | Q98: =SUM(Q9:Q93) -> #REF! | ... AD98: =SUM(AD9:AD93) -> #REF! | AG98: =SUM(AG8:AG35) -> 0 | AH98: =SUM(AH8:AH35) -> #REF! | AI98: =SUM(AI8:AI35) -> 0 | AJ98: =SUM(AJ8:AJ35) -> #REF! | AK98: =SUM(AK8:AK35) -> #REF! | AL98: =SUM(AL8:AL35) -> #REF! | AM98: =SUM(AM8:AM35) -> #REF! | AN98: =SUM(AN8:AN35) -> #REF! | ... BA98: =SUM(BA8:BA35) -> #REF!
C99: Working Days | J99: =J6 -> FEB | M99: =M6 -> MAR | P99: =P6 -> APR | S99: =S6 -> MAY | V99: =V6 -> JUN | Y99: =Y6 -> JUL | AB99: =AB6 -> AUG
C100: Working Days Normal | J100: 20 | M100: 23 | P100: 17 | S100: 21 | V100: 21 | Y100: 20 | AB100: 20
...

Sheet Summ Qty&UMH GUM 
M1: SIX MONTH PRODUCTION PLAN ( QTY ) | AD1: PREPARED
A2: ='Qty & UMH GUM'!A2:C2 -> S/R NO : | B2: ='Qty & UMH GUM'!B2 -> 202603-10 | O2: ='Qty & UMH GUM'!O2 -> 900B-486D
A3: ='Qty & UMH GUM'!A3:C3 -> FAX NO : | B3: ='Qty & UMH GUM'!B3 -> EMAIL | O3: ='Qty & UMH GUM'!O3 -> 46082
A4: ='Qty & UMH GUM'!A4:C4 -> DATE : | B4: ='Qty & UMH GUM'!B4 -> 46092 | R4: #REF! | X4: #REF! | AD4: ='Qty & UMH GUM'!AD4:AE4 -> LSR | AG4: Cutting Qty
C5: =NOW() -> 46196.165 | U5: ='Qty & UMH GUM'!U5
A6: DEST | B6: TYPE | C6: HARNESS No. | D6: LEVEL | E6: ASSY CODE | F6: CCT | G6: Std Pack | H6: UMH GUM JUL-DEC | I6: UMH GUM JAN - JUN | J6: ='Qty & UMH GUM'!J6 -> FEB | M6: ='Qty & UMH GUM'!M6 -> MAR | P6: ='Qty & UMH GUM'!P6 -> APR | S6: ='Qty & UMH GUM'!S6 -> MAY | V6: ='Qty & UMH GUM'!V6 -> JUN | Y6: ='Qty & UMH GUM'!Y6 -> JUL | AB6: ='Qty & UMH GUM'!AB6 -> AUG | AE6: BAL | AG6: JAN | AJ6: FEB | AM6: MAR | AP6: APR | AS6: MAY | AV6: JUN | AY6: JUL
J7: ='Qty & UMH GUM'!J7 -> 02/FEB ~ 27/FEB | M7: ='Qty & UMH GUM'!M7 -> 02/MAR ~ 31/MAR | P7: ='Qty & UMH GUM'!P7 -> 01/APR ~ 30/APR | S7: ='Qty & UMH GUM'!S7 -> 02/MAY ~ 30/MAY | V7: ='Qty & UMH GUM'!V7 -> 02/JUN ~ 30/JUN | Y7: ='Qty & UMH GUM'!Y7 -> 01/JUL ~ 31/JUL | AB7: ='Qty & UMH GUM'!AB7 -> 03/AUG ~ 31/AUG | AG7: 27/DEC ~ 23/JAN | AJ7: 24/JAN ~ 20/FEB | AM7: 21/FEB ~ 27/MAR | AP7: 28/MAR ~ 24/APR | AS7: 25/APR ~ 22/MAY | AV7: 23/MAY ~ 26/JUN | AY7: 27/JUN ~ 24/JUL
J8: BAL | K8: DEL | L8: PROD | M8: BAL | N8: DEL | O8: PROD | P8: BAL | Q8: DEL | R8: PROD | S8: BAL | T8: DEL | U8: PROD | V8: BAL | W8: DEL | X8: PROD | Y8: BAL | Z8: DEL | AA8: PROD | AB8: BAL | AC8: DEL | AD8: PROD | AG8: BAL | AH8: DEL | AI8: PROD | AJ8: BAL | AK8: DEL | AL8: PROD | AM8: BAL | AN8: DEL | AO8: PROD | AP8: BAL | AQ8: DEL | AR8: PROD | AS8: BAL | AT8: DEL | AU8: PROD | AV8: BAL | AW8: DEL | AX8: PROD | AY8: BAL | AZ8: DEL | BA8: PROD
A9: NASHVILLE & CANTON TK09 | C9: #REF! | D9: #REF! | F9: #REF! | G9: #REF! | H9: #REF! | J9: #REF! | K9: #REF! | L9: #REF! | M9: #REF! | N9: #REF! | O9: #REF! | P9: #REF! | Q9: #REF! | R9: #REF! | S9: #REF! | T9: #REF! | U9: #REF! | V9: #REF! | W9: #REF! | X9: #REF! | Y9: #REF! | Z9: #REF! | AA9: #REF! | AB9: #REF! | AC9: #REF! | AD9: #REF! | AE9: #REF! | AG9: =J9*F9 -> #REF! | AH9: =K9*F9 -> #REF! | AI9: =L9*F9 -> #REF! | AJ9: =M9*F9 -> #REF! | AK9: =N9*F9 -> #REF! | AL9: =O9*F9 -> #REF! | AM9: =P9*F9 -> #REF! | AN9: =Q9*F9 -> #REF! | AO9: =R9*F9 -> #REF! | AP9: =S9*F9 -> #REF! | AQ9: =T9*F9 -> #REF! | AR9: =U9*F9 -> #REF! | AS9: =V9*F9 -> #REF! | AT9: =W9*F9 -> #REF! | AU9: =X9*F9 -> #REF! | AV9: =Y9*F9 -> #REF! | AW9: =Z9*F9 -> #REF! | AX9: =AA9*F9 -> #REF! | AY9: =AB9*F9 -> #REF! | AZ9: =AC9*F9 -> #REF! | BA9: =AD9*F9 -> #REF!
C10: #REF! | D10: #REF! | F10: #REF! | G10: #REF! | H10: #REF! | J10: #REF! | K10: #REF! | L10: #REF! | M10: #REF! | N10: #REF! | O10: #REF! | P10: #REF! | Q10: #REF! | R10: #REF! | S10: #REF! | T10: #REF! | U10: #REF! | V10: #REF! | W10: #REF! | X10: #REF! | Y10: #REF! | Z10: #REF! | AA10: #REF! | AB10: #REF! | AC10: #REF! | AD10: #REF! | AE10: #REF! | AG10: =J10*F10 -> #REF! | AH10: =K10*F10 -> #REF! | AI10: =L10*F10 -> #REF! | AJ10: =M10*F10 -> #REF! | AK10: =N10*F10 -> #REF! | AL10: =O10*F10 -> #REF! | AM10: =P10*F10 -> #REF! | AN10: =Q10*F10 -> #REF! | AO10: =R10*F10 -> #REF! | AP10: =S10*F10 -> #REF! | AQ10: =T10*F10 -> #REF! | AR10: =U10*F10 -> #REF! | AS10: =V10*F10 -> #REF! | AT10: =W10*F10 -> #REF! | AU10: =X10*F10 -> #REF! | AV10: =Y10*F10 -> #REF! | AW10: =Z10*F10 -> #REF! | AX10: =AA10*F10 -> #REF! | AY10: =AB10*F10 -> #REF! | AZ10: =AC10*F10 -> #REF! | BA10: =AD10*F10 -> #REF!
C11: #REF! | D11: #REF! | F11: #REF! | G11: #REF! | H11: #REF! | J11: #REF! | K11: #REF! | L11: #REF! | M11: #REF! | N11: #REF! | O11: #REF! | P11: #REF! | Q11: #REF! | R11: #REF! | S11: #REF! | T11: #REF! | U11: #REF! | V11: #REF! | W11: #REF! | X11: #REF! | Y11: #REF! | Z11: #REF! | AA11: #REF! | AB11: #REF! | AC11: #REF! | AD11: #REF! | AE11: #REF! | AG11: =J11*F11 -> #REF! | AH11: =K11*F11 -> #REF! | AI11: =L11*F11 -> #REF! | AJ11: =M11*F11 -> #REF! | AK11: =N11*F11 -> #REF! | AL11: =O11*F11 -> #REF! | AM11: =P11*F11 -> #REF! | AN11: =Q11*F11 -> #REF! | AO11: =R11*F11 -> #REF! | AP11: =S11*F11 -> #REF! | AQ11: =T11*F11 -> #REF! | AR11: =U11*F11 -> #REF! | AS11: =V11*F11 -> #REF! | AT11: =W11*F11 -> #REF! | AU11: =X11*F11 -> #REF! | AV11: =Y11*F11 -> #REF! | AW11: =Z11*F11 -> #REF! | AX11: =AA11*F11 -> #REF! | AY11: =AB11*F11 -> #REF! | AZ11: =AC11*F11 -> #REF! | BA11: =AD11*F11 -> #REF!
C12: #REF! | D12: #REF! | F12: #REF! | G12: #REF! | H12: #REF! | J12: #REF! | K12: #REF! | L12: #REF! | M12: #REF! | N12: #REF! | O12: #REF! | P12: #REF! | Q12: #REF! | R12: #REF! | S12: #REF! | T12: #REF! | U12: #REF! | V12: #REF! | W12: #REF! | X12: #REF! | Y12: #REF! | Z12: #REF! | AA12: #REF! | AB12: #REF! | AC12: #REF! | AD12: #REF! | AE12: #REF! | AG12: =J12*F12 -> #REF! | AH12: =K12*F12 -> #REF! | AI12: =L12*F12 -> #REF! | AJ12: =M12*F12 -> #REF! | AK12: =N12*F12 -> #REF! | AL12: =O12*F12 -> #REF! | AM12: =P12*F12 -> #REF! | AN12: =Q12*F12 -> #REF! | AO12: =R12*F12 -> #REF! | AP12: =S12*F12 -> #REF! | AQ12: =T12*F12 -> #REF! | AR12: =U12*F12 -> #REF! | AS12: =V12*F12 -> #REF! | AT12: =W12*F12 -> #REF! | AU12: =X12*F12 -> #REF! | AV12: =Y12*F12 -> #REF! | AW12: =Z12*F12 -> #REF! | AX12: =AA12*F12 -> #REF! | AY12: =AB12*F12 -> #REF! | AZ12: =AC12*F12 -> #REF! | BA12: =AD12*F12 -> #REF!
C13: #REF! | D13: #REF! | F13: #REF! | G13: #REF! | H13: #REF! | J13: #REF! | K13: #REF! | L13: #REF! | M13: #REF! | N13: #REF! | O13: #REF! | P13: #REF! | Q13: #REF! | R13: #REF! | S13: #REF! | T13: #REF! | U13: #REF! | V13: #REF! | W13: #REF! | X13: #REF! | Y13: #REF! | Z13: #REF! | AA13: #REF! | AB13: #REF! | AC13: #REF! | AD13: #REF! | AE13: #REF! | AG13: =J13*F13 -> #REF! | AH13: =K13*F13 -> #REF! | AI13: =L13*F13 -> #REF! | AJ13: =M13*F13 -> #REF! | AK13: =N13*F13 -> #REF! | AL13: =O13*F13 -> #REF! | AM13: =P13*F13 -> #REF! | AN13: =Q13*F13 -> #REF! | AO13: =R13*F13 -> #REF! | AP13: =S13*F13 -> #REF! | AQ13: =T13*F13 -> #REF! | AR13: =U13*F13 -> #REF! | AS13: =V13*F13 -> #REF! | AT13: =W13*F13 -> #REF! | AU13: =X13*F13 -> #REF! | AV13: =Y13*F13 -> #REF! | AW13: =Z13*F13 -> #REF! | AX13: =AA13*F13 -> #REF! | AY13: =AB13*F13 -> #REF! | AZ13: =AC13*F13 -> #REF! | BA13: =AD13*F13 -> #REF!
C14: #REF! | D14: #REF! | F14: #REF! | G14: #REF! | H14: #REF! | J14: #REF! | K14: #REF! | L14: #REF! | M14: #REF! | N14: #REF! | O14: #REF! | P14: #REF! | Q14: #REF! | R14: #REF! | S14: #REF! | T14: #REF! | U14: #REF! | V14: #REF! | W14: #REF! | X14: #REF! | Y14: #REF! | Z14: #REF! | AA14: #REF! | AB14: #REF! | AC14: #REF! | AD14: #REF! | AE14: #REF! | AG14: =J14*F14 -> #REF! | AH14: =K14*F14 -> #REF! | AI14: =L14*F14 -> #REF! | AJ14: =M14*F14 -> #REF! | AK14: =N14*F14 -> #REF! | AL14: =O14*F14 -> #REF! | AM14: =P14*F14 -> #REF! | AN14: =Q14*F14 -> #REF! | AO14: =R14*F14 -> #REF! | AP14: =S14*F14 -> #REF! | AQ14: =T14*F14 -> #REF! | AR14: =U14*F14 -> #REF! | AS14: =V14*F14 -> #REF! | AT14: =W14*F14 -> #REF! | AU14: =X14*F14 -> #REF! | AV14: =Y14*F14 -> #REF! | AW14: =Z14*F14 -> #REF! | AX14: =AA14*F14 -> #REF! | AY14: =AB14*F14 -> #REF! | AZ14: =AC14*F14 -> #REF! | BA14: =AD14*F14 -> #REF!
C15: #REF! | D15: #REF! | F15: #REF! | G15: #REF! | H15: #REF! | J15: #REF! | K15: #REF! | L15: #REF! | M15: #REF! | N15: #REF! | O15: #REF! | P15: #REF! | Q15: #REF! | R15: #REF! | S15: #REF! | T15: #REF! | U15: #REF! | V15: #REF! | W15: #REF! | X15: #REF! | Y15: #REF! | Z15: #REF! | AA15: #REF! | AB15: #REF! | AC15: #REF! | AD15: #REF! | AE15: #REF! | AG15: =J15*F15 -> #REF! | AH15: =K15*F15 -> #REF! | AI15: =L15*F15 -> #REF! | AJ15: =M15*F15 -> #REF! | AK15: =N15*F15 -> #REF! | AL15: =O15*F15 -> #REF! | AM15: =P15*F15 -> #REF! | AN15: =Q15*F15 -> #REF! | AO15: =R15*F15 -> #REF! | AP15: =S15*F15 -> #REF! | AQ15: =T15*F15 -> #REF! | AR15: =U15*F15 -> #REF! | AS15: =V15*F15 -> #REF! | AT15: =W15*F15 -> #REF! | AU15: =X15*F15 -> #REF! | AV15: =Y15*F15 -> #REF! | AW15: =Z15*F15 -> #REF! | AX15: =AA15*F15 -> #REF! | AY15: =AB15*F15 -> #REF! | AZ15: =AC15*F15 -> #REF! | BA15: =AD15*F15 -> #REF!
B16: GCC | C16: ='Qty & UMH GUM'!C9 -> 82111-4DT30 | D16: ='Qty & UMH GUM'!D9 | F16: ='Qty & UMH GUM'!F9 | G16: ='Qty & UMH GUM'!G9 | H16: ='Qty & UMH GUM'!H9 | J16: ='Qty & UMH GUM'!J9 -> 0 | K16: ='Qty & UMH GUM'!K9 -> #REF! | L16: ='Qty & UMH GUM'!L9 -> 0 | M16: ='Qty & UMH GUM'!M9 -> #REF! | N16: ='Qty & UMH GUM'!N9 -> #REF! | O16: ='Qty & UMH GUM'!O9 -> #REF! | P16: ='Qty & UMH GUM'!P9 -> #REF! | Q16: ='Qty & UMH GUM'!Q9 -> #REF! | ... AE16: ='Qty & UMH GUM'!AE9 | AG16: =J16*F16 -> 0 | AH16: =K16*F16 -> #REF! | AI16: =L16*F16 -> 0 | AJ16: =M16*F16 -> #REF! | AK16: =N16*F16 -> #REF! | AL16: =O16*F16 -> #REF! | AM16: =P16*F16 -> #REF! | AN16: =Q16*F16 -> #REF! | AO16: =R16*F16 -> #REF! | AP16: =S16*F16 -> #REF! | AQ16: =T16*F16 -> #REF! | AR16: =U16*F16 -> #REF! | AS16: =V16*F16 -> #REF! | AT16: =W16*F16 -> #REF! | AU16: =X16*F16 -> #REF! | AV16: =Y16*F16 -> #REF! | AW16: =Z16*F16 -> #REF! | AX16: =AA16*F16 -> #REF! | AY16: =AB16*F16 -> #REF! | AZ16: =AC16*F16 -> #REF! | BA16: =AD16*F16 -> #REF!
C17: #REF! | D17: #REF! | F17: #REF! | G17: #REF! | H17: #REF! | J17: #REF! | K17: #REF! | L17: #REF! | M17: #REF! | N17: #REF! | O17: #REF! | P17: #REF! | Q17: #REF! | R17: #REF! | S17: #REF! | T17: #REF! | U17: #REF! | V17: #REF! | W17: #REF! | X17: #REF! | Y17: #REF! | Z17: #REF! | AA17: #REF! | AB17: #REF! | AC17: #REF! | AD17: #REF! | AE17: #REF! | AG17: =J17*F17 -> #REF! | AH17: =K17*F17 -> #REF! | AI17: =L17*F17 -> #REF! | AJ17: =M17*F17 -> #REF! | AK17: =N17*F17 -> #REF! | AL17: =O17*F17 -> #REF! | AM17: =P17*F17 -> #REF! | AN17: =Q17*F17 -> #REF! | AO17: =R17*F17 -> #REF! | AP17: =S17*F17 -> #REF! | AQ17: =T17*F17 -> #REF! | AR17: =U17*F17 -> #REF! | AS17: =V17*F17 -> #REF! | AT17: =W17*F17 -> #REF! | AU17: =X17*F17 -> #REF! | AV17: =Y17*F17 -> #REF! | AW17: =Z17*F17 -> #REF! | AX17: =AA17*F17 -> #REF! | AY17: =AB17*F17 -> #REF! | AZ17: =AC17*F17 -> #REF! | BA17: =AD17*F17 -> #REF!
C18: #REF! | D18: #REF! | F18: #REF! | G18: #REF! | H18: #REF! | J18: #REF! | K18: #REF! | L18: #REF! | M18: #REF! | N18: #REF! | O18: #REF! | P18: #REF! | Q18: #REF! | R18: #REF! | S18: #REF! | T18: #REF! | U18: #REF! | V18: #REF! | W18: #REF! | X18: #REF! | Y18: #REF! | Z18: #REF! | AA18: #REF! | AB18: #REF! | AC18: #REF! | AD18: #REF! | AE18: #REF! | AG18: =J18*F18 -> #REF! | AH18: =K18*F18 -> #REF! | AI18: =L18*F18 -> #REF! | AJ18: =M18*F18 -> #REF! | AK18: =N18*F18 -> #REF! | AL18: =O18*F18 -> #REF! | AM18: =P18*F18 -> #REF! | AN18: =Q18*F18 -> #REF! | AO18: =R18*F18 -> #REF! | AP18: =S18*F18 -> #REF! | AQ18: =T18*F18 -> #REF! | AR18: =U18*F18 -> #REF! | AS18: =V18*F18 -> #REF! | AT18: =W18*F18 -> #REF! | AU18: =X18*F18 -> #REF! | AV18: =Y18*F18 -> #REF! | AW18: =Z18*F18 -> #REF! | AX18: =AA18*F18 -> #REF! | AY18: =AB18*F18 -> #REF! | AZ18: =AC18*F18 -> #REF! | BA18: =AD18*F18 -> #REF!
C19: #REF! | D19: #REF! | F19: #REF! | G19: #REF! | H19: #REF! | J19: #REF! | K19: #REF! | L19: #REF! | M19: #REF! | N19: #REF! | O19: #REF! | P19: #REF! | Q19: #REF! | R19: #REF! | S19: #REF! | T19: #REF! | U19: #REF! | V19: #REF! | W19: #REF! | X19: #REF! | Y19: #REF! | Z19: #REF! | AA19: #REF! | AB19: #REF! | AC19: #REF! | AD19: #REF! | AE19: #REF!
C20: #REF! | D20: #REF! | F20: #REF! | G20: #REF! | H20: #REF! | J20: #REF! | K20: #REF! | L20: #REF! | M20: #REF! | N20: #REF! | O20: #REF! | P20: #REF! | Q20: #REF! | R20: #REF! | S20: #REF! | T20: #REF! | U20: #REF! | V20: #REF! | W20: #REF! | X20: #REF! | Y20: #REF! | Z20: #REF! | AA20: #REF! | AB20: #REF! | AC20: #REF! | AD20: #REF! | AE20: #REF!
C21: #REF! | D21: #REF! | F21: #REF! | G21: #REF! | H21: #REF! | J21: #REF! | K21: #REF! | L21: #REF! | M21: #REF! | N21: #REF! | O21: #REF! | P21: #REF! | Q21: #REF! | R21: #REF! | S21: #REF! | T21: #REF! | U21: #REF! | V21: #REF! | W21: #REF! | X21: #REF! | Y21: #REF! | Z21: #REF! | AA21: #REF! | AB21: #REF! | AC21: #REF! | AD21: #REF! | AE21: #REF! | AG21: =J21*F21 -> #REF! | AH21: =K21*F21 -> #REF! | AI21: =L21*F21 -> #REF! | AJ21: =M21*F21 -> #REF! | AK21: =N21*F21 -> #REF! | AL21: =O21*F21 -> #REF! | AM21: =P21*F21 -> #REF! | AN21: =Q21*F21 -> #REF! | AO21: =R21*F21 -> #REF! | AP21: =S21*F21 -> #REF! | AQ21: =T21*F21 -> #REF! | AR21: =U21*F21 -> #REF! | AS21: =V21*F21 -> #REF! | AT21: =W21*F21 -> #REF! | AU21: =X21*F21 -> #REF! | AV21: =Y21*F21 -> #REF! | AW21: =Z21*F21 -> #REF! | AX21: =AA21*F21 -> #REF! | AY21: =AB21*F21 -> #REF! | AZ21: =AC21*F21 -> #REF! | BA21: =AD21*F21 -> #REF!
C22: #REF! | D22: #REF! | F22: #REF! | G22: #REF! | H22: #REF! | J22: #REF! | K22: #REF! | L22: #REF! | M22: #REF! | N22: #REF! | O22: #REF! | P22: #REF! | Q22: #REF! | R22: #REF! | S22: #REF! | T22: #REF! | U22: #REF! | V22: #REF! | W22: #REF! | X22: #REF! | Y22: #REF! | Z22: #REF! | AA22: #REF! | AB22: #REF! | AC22: #REF! | AD22: #REF! | AE22: #REF! | AG22: =J22*F22 -> #REF! | AH22: =K22*F22 -> #REF! | AI22: =L22*F22 -> #REF! | AJ22: =M22*F22 -> #REF! | AK22: =N22*F22 -> #REF! | AL22: =O22*F22 -> #REF! | AM22: =P22*F22 -> #REF! | AN22: =Q22*F22 -> #REF! | AO22: =R22*F22 -> #REF! | AP22: =S22*F22 -> #REF! | AQ22: =T22*F22 -> #REF! | AR22: =U22*F22 -> #REF! | AS22: =V22*F22 -> #REF! | AT22: =W22*F22 -> #REF! | AU22: =X22*F22 -> #REF! | AV22: =Y22*F22 -> #REF! | AW22: =Z22*F22 -> #REF! | AX22: =AA22*F22 -> #REF! | AY22: =AB22*F22 -> #REF! | AZ22: =AC22*F22 -> #REF! | BA22: =AD22*F22 -> #REF!
C23: #REF! | D23: #REF! | F23: #REF! | G23: #REF! | H23: #REF! | J23: #REF! | K23: #REF! | L23: #REF! | M23: #REF! | N23: #REF! | O23: #REF! | P23: #REF! | Q23: #REF! | R23: #REF! | S23: #REF! | T23: #REF! | U23: #REF! | V23: #REF! | W23: #REF! | X23: #REF! | Y23: #REF! | Z23: #REF! | AA23: #REF! | AB23: #REF! | AC23: #REF! | AD23: #REF! | AE23: #REF! | AG23: =J23*F23 -> #REF! | AH23: =K23*F23 -> #REF! | AI23: =L23*F23 -> #REF! | AJ23: =M23*F23 -> #REF! | AK23: =N23*F23 -> #REF! | AL23: =O23*F23 -> #REF! | AM23: =P23*F23 -> #REF! | AN23: =Q23*F23 -> #REF! | AO23: =R23*F23 -> #REF! | AP23: =S23*F23 -> #REF! | AQ23: =T23*F23 -> #REF! | AR23: =U23*F23 -> #REF! | AS23: =V23*F23 -> #REF! | AT23: =W23*F23 -> #REF! | AU23: =X23*F23 -> #REF! | AV23: =Y23*F23 -> #REF! | AW23: =Z23*F23 -> #REF! | AX23: =AA23*F23 -> #REF! | AY23: =AB23*F23 -> #REF! | AZ23: =AC23*F23 -> #REF! | BA23: =AD23*F23 -> #REF!
C24: TOTAL ALL | J24: =SUM(J9:J23) -> #REF! | K24: =SUM(K9:K23) -> #REF! | L24: =SUM(L9:L23) -> #REF! | M24: =SUM(M9:M23) -> #REF! | N24: =SUM(N9:N23) -> #REF! | O24: =SUM(O9:O23) -> #REF! | P24: =SUM(P9:P23) -> #REF! | Q24: =SUM(Q9:Q23) -> #REF! | ... AE24: =SUM(AE9:AE23) -> #REF! | AG24: =SUM(AG9:AG23) -> #REF! | AH24: =SUM(AH9:AH23) -> #REF! | AI24: =SUM(AI9:AI23) -> #REF! | AJ24: =SUM(AJ9:AJ23) -> #REF! | AK24: =SUM(AK9:AK23) -> #REF! | AL24: =SUM(AL9:AL23) -> #REF! | AM24: =SUM(AM9:AM23) -> #REF! | AN24: =SUM(AN9:AN23) -> #REF! | ... BA24: =SUM(BA9:BA23) -> #REF!
C25: Working Days | J25: =J6 -> FEB | M25: =M6 -> MAR | P25: =P6 -> APR | S25: =S6 -> MAY | V25: =V6 -> JUN | Y25: =Y6 -> JUL | AB25: =AB6 -> AUG
C26: Working Days Normal | J26: ='Qty & UMH GUM'!J100:L100 -> 20 | M26: ='Qty & UMH GUM'!M100:O100 -> 23 | P26: ='Qty & UMH GUM'!P100:R100 -> 17 | S26: ='Qty & UMH GUM'!S100:U100 -> 21 | V26: ='Qty & UMH GUM'!V100:X100 -> 21 | Y26: ='Qty & UMH GUM'!Y100:AA100 -> 20 | AB26: ='Qty & UMH GUM'!AB100:AD100 -> 20
M27: SIX MONTH PRODUCTION PLAN ( UMH ) | AG27: Joined MY11 to 3 assy terbesar MY10
A28: =A2 -> S/R NO : | B28: =B2 -> 202603-10 | O28: =O2 -> 900B-486D
A29: =A3 -> FAX NO : | B29: =B3 -> EMAIL | O29: =O3 -> 46082
A30: =A4 -> DATE : | B30: =B4 -> 46092
C31: =NOW() -> 46196.165 | U31: =U5
A32: =A6 -> DEST | B32: =B6 -> TYPE | C32: =C6 -> HARNESS No. | D32: =D6 -> LEVEL | E32: =E6 -> ASSY CODE | F32: =F6 -> CCT | G32: =G6 -> Std Pack | H32: =H6 -> UMH GUM JUL-DEC | I32: UMH GUM JAN - JUL | J32: =J6 -> FEB | L32: =L6 | M32: =M6 -> MAR | O32: =O6 | P32: =P6 -> APR | R32: =R6 | S32: =S6 -> MAY | U32: =U6 | V32: =V6 -> JUN | X32: =X6 | Y32: =Y6 -> JUL | AA32: =AA6 | AB32: =AB6 -> AUG | AD32: =AD6 | AE32: =AE6 -> BAL
J33: =J7 -> 02/FEB ~ 27/FEB | L33: =L7 | M33: =M7 -> 02/MAR ~ 31/MAR | O33: =O7 | P33: =P7 -> 01/APR ~ 30/APR | R33: =R7 | S33: =S7 -> 02/MAY ~ 30/MAY | U33: =U7 | V33: =V7 -> 02/JUN ~ 30/JUN | X33: =X7 | Y33: =Y7 -> 01/JUL ~ 31/JUL | AA33: =AA7 | AB33: =AB7 -> 03/AUG ~ 31/AUG | AD33: =AD7
J34: =J8 -> BAL | L34: =L8 -> PROD | M34: =J8 -> BAL | N34: =K8 -> DEL | O34: =L8 -> PROD | P34: =M8 -> BAL | Q34: =N8 -> DEL | R34: =O8 -> PROD | S34: =P8 -> BAL | T34: =Q8 -> DEL | ... AD34: =AA8 -> PROD
A35: =+A9 -> NASHVILLE & CANTON TK09 | C35: =C9 -> #REF! | D35: =D9 -> #REF! | E35: =E9 | F35: =F9 -> #REF! | G35: =G9 -> #REF! | H35: =H9 -> #REF! | J35: =$H35*J9 -> #REF! | K35: =$H35*K9 -> #REF! | L35: =$H35*L9 -> #REF! | M35: =$H35*M9 -> #REF! | N35: =$H35*N9 -> #REF! | O35: =$H35*O9 -> #REF! | P35: =$H35*P9 -> #REF! | Q35: =$H35*Q9 -> #REF! | ... AE35: =$H35*AE9 -> #REF!
C36: =C10 -> #REF! | D36: =D10 -> #REF! | E36: =E10 | F36: =F10 -> #REF! | G36: =G10 -> #REF! | H36: =H10 -> #REF! | J36: =$H36*J10 -> #REF! | K36: =$H36*K10 -> #REF! | L36: =$H36*L10 -> #REF! | M36: =$H36*M10 -> #REF! | N36: =$H36*N10 -> #REF! | O36: =$H36*O10 -> #REF! | P36: =$H36*P10 -> #REF! | Q36: =$H36*Q10 -> #REF! | ... AE36: =$H36*AE10 -> #REF!
C37: =C11 -> #REF! | D37: =D11 -> #REF! | E37: =E11 | F37: =F11 -> #REF! | G37: =G11 -> #REF! | H37: =H11 -> #REF! | J37: =$H37*J11 -> #REF! | K37: =$H37*K11 -> #REF! | L37: =$H37*L11 -> #REF! | M37: =$H37*M11 -> #REF! | N37: =$H37*N11 -> #REF! | O37: =$H37*O11 -> #REF! | P37: =$H37*P11 -> #REF! | Q37: =$H37*Q11 -> #REF! | ... AE37: =$H37*AE11 -> #REF!
C38: =C12 -> #REF! | D38: =D12 -> #REF! | E38: =E12 | F38: =F12 -> #REF! | G38: =G12 -> #REF! | H38: =H12 -> #REF! | J38: =$H38*J12 -> #REF! | K38: =$H38*K12 -> #REF! | L38: =$H38*L12 -> #REF! | M38: =$H38*M12 -> #REF! | N38: =$H38*N12 -> #REF! | O38: =$H38*O12 -> #REF! | P38: =$H38*P12 -> #REF! | Q38: =$H38*Q12 -> #REF! | ... AE38: =$H38*AE12 -> #REF!
C39: =C13 -> #REF! | D39: =D13 -> #REF! | E39: =E13 | F39: =F13 -> #REF! | G39: =G13 -> #REF! | H39: =H13 -> #REF! | J39: =$H39*J13 -> #REF! | K39: =$H39*K13 -> #REF! | L39: =$H39*L13 -> #REF! | M39: =$H39*M13 -> #REF! | N39: =$H39*N13 -> #REF! | O39: =$H39*O13 -> #REF! | P39: =$H39*P13 -> #REF! | Q39: =$H39*Q13 -> #REF! | ... AE39: =$H39*AE13 -> #REF!
C40: =C14 -> #REF! | D40: =D14 -> #REF! | E40: =E14 | F40: =F14 -> #REF! | G40: =G14 -> #REF! | H40: =H14 -> #REF! | J40: =$H40*J14 -> #REF! | K40: =$H40*K14 -> #REF! | L40: =$H40*L14 -> #REF! | M40: =$H40*M14 -> #REF! | N40: =$H40*N14 -> #REF! | O40: =$H40*O14 -> #REF! | P40: =$H40*P14 -> #REF! | Q40: =$H40*Q14 -> #REF! | ... AE40: =$H40*AE14 -> #REF!
C41: =C15 -> #REF! | D41: =D15 -> #REF! | E41: =E15 | F41: =F15 -> #REF! | G41: =G15 -> #REF! | H41: =H15 -> #REF! | J41: =$H41*J15 -> #REF! | K41: =$H41*K15 -> #REF! | L41: =$H41*L15 -> #REF! | M41: =$H41*M15 -> #REF! | N41: =$H41*N15 -> #REF! | O41: =$H41*O15 -> #REF! | P41: =$H41*P15 -> #REF! | Q41: =$H41*Q15 -> #REF! | ... AE41: =$H41*AE15 -> #REF!
B42: =B16 -> GCC | C42: =C16 -> 82111-4DT30 | D42: =D16 | E42: =E16 | F42: =F16 | G42: =G16 | H42: =H16 | J42: =$H42*J16 -> 0 | K42: =$H42*K16 -> #REF! | L42: =$H42*L16 -> 0 | M42: =$H42*M16 -> #REF! | N42: =$H42*N16 -> #REF! | O42: =$H42*O16 -> #REF! | P42: =$H42*P16 -> #REF! | Q42: =$H42*Q16 -> #REF! | ... AE42: =$H42*AE16 -> 0
C43: =C17 -> #REF! | D43: =D17 -> #REF! | E43: =E17 | F43: =F17 -> #REF! | G43: =G17 -> #REF! | H43: =H17 -> #REF! | J43: =$H43*J17 -> #REF! | K43: =$H43*K17 -> #REF! | L43: =$H43*L17 -> #REF! | M43: =$H43*M17 -> #REF! | N43: =$H43*N17 -> #REF! | O43: =$H43*O17 -> #REF! | P43: =$H43*P17 -> #REF! | Q43: =$H43*Q17 -> #REF! | ... AE43: =$H43*AE17 -> #REF!
C44: =C18 -> #REF! | D44: =D18 -> #REF! | E44: =E18 | F44: =F18 -> #REF! | G44: =G18 -> #REF! | H44: =H18 -> #REF! | J44: =$H44*J18 -> #REF! | K44: =$H44*K18 -> #REF! | L44: =$H44*L18 -> #REF! | M44: =$H44*M18 -> #REF! | N44: =$H44*N18 -> #REF! | O44: =$H44*O18 -> #REF! | P44: =$H44*P18 -> #REF! | Q44: =$H44*Q18 -> #REF! | ... AE44: =$H44*AE18 -> #REF!
C45: =C19 -> #REF! | D45: =D19 -> #REF! | E45: =E19 | F45: =F19 -> #REF! | G45: =G19 -> #REF! | H45: =H19 -> #REF! | J45: =$H45*J19 -> #REF! | K45: =$H45*K19 -> #REF! | L45: =$H45*L19 -> #REF! | M45: =$H45*M19 -> #REF! | N45: =$H45*N19 -> #REF! | O45: =$H45*O19 -> #REF! | P45: =$H45*P19 -> #REF! | Q45: =$H45*Q19 -> #REF! | ... AE45: =$H45*AE19 -> #REF!
C46: =C20 -> #REF! | D46: =D20 -> #REF! | E46: =E20 | F46: =F20 -> #REF! | G46: =G20 -> #REF! | H46: =H20 -> #REF! | J46: =$H46*J20 -> #REF! | K46: =$H46*K20 -> #REF! | L46: =$H46*L20 -> #REF! | M46: =$H46*M20 -> #REF! | N46: =$H46*N20 -> #REF! | O46: =$H46*O20 -> #REF! | P46: =$H46*P20 -> #REF! | Q46: =$H46*Q20 -> #REF! | ... AE46: =$H46*AE20 -> #REF!
C47: =C21 -> #REF! | D47: =D21 -> #REF! | E47: =E21 | F47: =F21 -> #REF! | G47: =G21 -> #REF! | H47: =H21 -> #REF! | J47: =$H47*J21 -> #REF! | K47: =$H47*K21 -> #REF! | L47: =$H47*L21 -> #REF! | M47: =$H47*M21 -> #REF! | N47: =$H47*N21 -> #REF! | O47: =$H47*O21 -> #REF! | P47: =$H47*P21 -> #REF! | Q47: =$H47*Q21 -> #REF! | ... AE47: =$H47*AE21 -> #REF!
C48: =C22 -> #REF! | D48: =D22 -> #REF! | E48: =E22 | F48: =F22 -> #REF! | G48: =G22 -> #REF! | H48: =H22 -> #REF! | J48: =$H48*J22 -> #REF! | K48: =$H48*K22 -> #REF! | L48: =$H48*L22 -> #REF! | M48: =$H48*M22 -> #REF! | N48: =$H48*N22 -> #REF! | O48: =$H48*O22 -> #REF! | P48: =$H48*P22 -> #REF! | Q48: =$H48*Q22 -> #REF! | ... AE48: =$H48*AE22 -> #REF!
C49: =C23 -> #REF! | D49: =D23 -> #REF! | E49: =E23 | F49: =F23 -> #REF! | G49: =G23 -> #REF! | H49: =H23 -> #REF! | J49: =$H49*J23 -> #REF! | K49: =$H49*K23 -> #REF! | L49: =$H49*L23 -> #REF! | M49: =$H49*M23 -> #REF! | N49: =$H49*N23 -> #REF! | O49: =$H49*O23 -> #REF! | P49: =$H49*P23 -> #REF! | Q49: =$H49*Q23 -> #REF! | ... AE49: =$H49*AE23 -> #REF!
C50: TOTAL ALL | J50: =SUM(J35:J49) -> #REF! | K50: =SUM(K35:K49) -> #REF! | L50: =SUM(L35:L49) -> #REF! | M50: =SUM(M35:M49) -> #REF! | N50: =SUM(N35:N49) -> #REF! | O50: =SUM(O35:O49) -> #REF! | P50: =SUM(P35:P49) -> #REF! | Q50: =SUM(Q35:Q49) -> #REF! | ... AE50: =SUM(AE35:AE49) -> #REF!
C51: Working Days | J51: =J32 -> FEB | M51: =M32 -> MAR | P51: =P32 -> APR | S51: =S32 -> MAY | V51: =V32 -> JUN | Y51: =Y32 -> JUL | AB51: =AB32 -> AUG
C52: Working Days Normal | J52: =J26 -> 20 | M52: =M26 -> 23 | P52: =P26 -> 17 | S52: =S26 -> 21 | V52: =V26 -> 21 | Y52: =Y26 -> 20 | AB52: =AB26 -> 20
C53: Qty Altima 7A,7B, 8A | J53: #REF! | K53: #REF! | L53: #REF! | M53: #REF! | N53: #REF! | O53: #REF! | P53: #REF! | Q53: #REF! | R53: #REF! | S53: #REF! | T53: #REF! | U53: #REF! | V53: #REF! | W53: #REF! | X53: #REF! | Y53: #REF! | Z53: #REF! | AA53: #REF! | AB53: #REF! | AC53: #REF! | AD53: #REF! | AE53: #REF!
C54: UMH Altima 7A,7B,8A | J54: #REF! | K54: #REF! | L54: #REF! | M54: #REF! | N54: #REF! | O54: #REF! | P54: #REF! | Q54: #REF! | R54: #REF! | S54: #REF! | T54: #REF! | U54: #REF! | V54: #REF! | W54: #REF! | X54: #REF! | Y54: #REF! | Z54: #REF! | AA54: #REF! | AB54: #REF! | AC54: #REF! | AD54: #REF! | AE54: #REF!
C55: Qty HEV | J55: #REF! | K55: #REF! | L55: #REF! | M55: #REF! | N55: #REF! | O55: #REF! | P55: #REF! | Q55: #REF! | R55: #REF! | S55: #REF! | T55: #REF! | U55: #REF! | V55: #REF! | W55: #REF! | X55: #REF! | Y55: #REF! | Z55: #REF! | AA55: #REF! | AB55: #REF! | AC55: #REF! | AD55: #REF! | AE55: #REF!
C56: UMH HEV | J56: #REF! | K56: #REF! | L56: #REF! | M56: #REF! | N56: #REF! | O56: #REF! | P56: #REF! | Q56: #REF! | R56: #REF! | S56: #REF! | T56: #REF! | U56: #REF! | V56: #REF! | W56: #REF! | X56: #REF! | Y56: #REF! | Z56: #REF! | AA56: #REF! | AB56: #REF! | AC56: #REF! | AD56: #REF! | AE56: #REF!
C63: 1 | D63: 2 | E63: 3 | F63: 4 | G63: 5 | H63: 6 | J63: 7 | K63: 8 | L63: 9 | M63: 10 | N63: 11 | O63: 12 | P63: 13 | Q63: 14 | R63: 15 | S63: 16 | T63: 17 | U63: 18 | V63: 19 | W63: 20 | X63: 21 | Y63: 22 | Z63: 23 | AA63: 24 | AB63: 25 | AC63: 26 | AD63: 27

Sheet AS400 JEMBATAN
A2: S/R NO : | B2: ='Qty & UMH GUM'!B2 -> 202603-10
A3: DATE : | B3: ='Qty & UMH GUM'!B4 -> 46092
D4: =VLOOKUP(D$6,WEEK!$A$55:$D$66,4,0) -> 5 | M4: =VLOOKUP(M$6,WEEK!$A$55:$D$66,4,0) -> 4 | V4: =VLOOKUP(V$6,WEEK!$A$55:$D$66,4,0) -> 4 | AE4: =VLOOKUP(AE$6,WEEK!$A$55:$D$66,4,0) -> 5 | AN4: =VLOOKUP(AN$6,WEEK!$A$55:$D$66,4,0) -> 4
A5: Printed : | B5: =NOW() -> 46196.165 | D5: Q | M5: T | V5: W | AE5: Z | AN5: AC
A6: TYPE | B6: HARNESS No. | C6: LEVEL | D6: ='Qty & UMH GUM'!P6 -> APR | M6: ='Qty & UMH GUM'!S6 -> MAY | V6: ='Qty & UMH GUM'!V6 -> JUN | AE6: ='Qty & UMH GUM'!Y6 -> JUL | AN6: ='Qty & UMH GUM'!AB6 -> AUG
D8: 1 | E8: 2 | F8: 3 | G8: 4 | H8: 5 | I8: SR | J8: SPP | K8: BAL | L8: VALUE | M8: 1 | N8: 2 | O8: 3 | P8: 4 | Q8: 5 | R8: SR | S8: SPP | T8: BAL | U8: VALUE | V8: 1 | W8: 2 | X8: 3 | Y8: 4 | Z8: 5 | AA8: SR | AB8: SPP | AC8: BAL | AD8: VALUE | AE8: 1 | AF8: 2 | AG8: 3 | AH8: 4 | AI8: 5 | AJ8: SR | AK8: SPP | AL8: BAL | AM8: VALUE | AN8: 1 | AO8: 2 | AP8: 3 | AQ8: 4 | AR8: 5 | AS8: SR | AT8: SPP | AU8: BAL | AV8: VALUE
A9: REAR | B9: ='Qty & UMH GUM'!C9 -> 82111-4DT30 | C9: =+'Qty & UMH GUM'!B9 -> HEV-LHD | D9: =VLOOKUP($B9,#REF!,10,0) -> #REF! | E9: =VLOOKUP($B9,#REF!,11,0) -> #REF! | F9: =VLOOKUP($B9,#REF!,12,0) -> #REF! | G9: =VLOOKUP($B9,#REF!,13,0) -> #REF! | H9: =VLOOKUP($B9,#REF!,14,0) -> #REF! | I9: =SUM(D9:H9) -> #REF! | J9: ='Qty & UMH GUM'!R9 -> #REF! | K9: =ROUNDUP((J9-I9)/$D$4,0) -> #REF! | M9: =VLOOKUP($B9,#REF!,16,0) -> #REF! | N9: =VLOOKUP($B9,#REF!,17,0) -> #REF! | O9: =VLOOKUP($B9,#REF!,18,0) -> #REF! | P9: =VLOOKUP($B9,#REF!,19,0) -> #REF! | Q9: =VLOOKUP($B9,#REF!,20,0) -> #REF! | R9: =SUM(M9:Q9) -> #REF! | S9: ='Qty & UMH GUM'!U9 -> #REF! | T9: =ROUNDUP((S9-R9)/$M$4,0) -> #REF! | V9: =VLOOKUP($B9,#REF!,22,0) -> #REF! | W9: =VLOOKUP($B9,#REF!,23,0) -> #REF! | X9: =VLOOKUP($B9,#REF!,24,0) -> #REF! | Y9: =VLOOKUP($B9,#REF!,25,0) -> #REF! | Z9: =VLOOKUP($B9,#REF!,26,0) -> #REF! | AA9: =SUM(V9:Z9) -> #REF! | AB9: ='Qty & UMH GUM'!X9 -> #REF! | AC9: =ROUNDUP((AB9-AA9)/$V$4,0) -> #REF! | AE9: =VLOOKUP($B9,#REF!,28,0) -> #REF! | AF9: =VLOOKUP($B9,#REF!,29,0) -> #REF! | AG9: =VLOOKUP($B9,#REF!,30,0) -> #REF! | AH9: =VLOOKUP($B9,#REF!,31,0) -> #REF! | AI9: =VLOOKUP($B9,#REF!,32,0) -> #REF! | AJ9: =SUM(AE9:AI9) -> #REF! | AK9: ='Qty & UMH GUM'!AA9 -> #REF! | AL9: =ROUNDUP((AK9-AJ9)/$AE$4,0) -> #REF! | AN9: =VLOOKUP($B9,#REF!,34,0) -> #REF! | AO9: =VLOOKUP($B9,#REF!,35,0) -> #REF! | AP9: =VLOOKUP($B9,#REF!,36,0) -> #REF! | AQ9: =VLOOKUP($B9,#REF!,37,0) -> #REF! | AS9: =SUM(AN9:AR9) -> #REF! | AT9: ='Qty & UMH GUM'!AD9 -> #REF! | AU9: =ROUNDUP((AT9-AS9)/$AN$4,0) -> #REF!
B10: ='Qty & UMH GUM'!C10 -> 82111-4DT40 | C10: =+'Qty & UMH GUM'!B10 -> HEV-LHD | D10: =VLOOKUP($B10,#REF!,10,0) -> #REF! | E10: =VLOOKUP($B10,#REF!,11,0) -> #REF! | F10: =VLOOKUP($B10,#REF!,12,0) -> #REF! | G10: =VLOOKUP($B10,#REF!,13,0) -> #REF! | H10: =VLOOKUP($B10,#REF!,14,0) -> #REF! | I10: =SUM(D10:D10) -> #REF! | J10: ='Qty & UMH GUM'!R10 -> #REF! | K10: =ROUNDUP((J10-I10)/$D$4,0) -> #REF! | M10: =VLOOKUP($B10,#REF!,16,0) -> #REF! | N10: =VLOOKUP($B10,#REF!,17,0) -> #REF! | O10: =VLOOKUP($B10,#REF!,18,0) -> #REF! | P10: =VLOOKUP($B10,#REF!,19,0) -> #REF! | Q10: =VLOOKUP($B10,#REF!,20,0) -> #REF! | R10: =SUM(M10:M10) -> #REF! | S10: ='Qty & UMH GUM'!U10 -> #REF! | T10: =ROUNDUP((S10-R10)/$M$4,0) -> #REF! | V10: =VLOOKUP($B10,#REF!,22,0) -> #REF! | W10: =VLOOKUP($B10,#REF!,23,0) -> #REF! | X10: =VLOOKUP($B10,#REF!,24,0) -> #REF! | Y10: =VLOOKUP($B10,#REF!,25,0) -> #REF! | Z10: =VLOOKUP($B10,#REF!,26,0) -> #REF! | AA10: =SUM(V10:V10) -> #REF! | AB10: ='Qty & UMH GUM'!X10 -> #REF! | AC10: =ROUNDUP((AB10-AA10)/$V$4,0) -> #REF! | AE10: =VLOOKUP($B10,#REF!,28,0) -> #REF! | AF10: =VLOOKUP($B10,#REF!,29,0) -> #REF! | AG10: =VLOOKUP($B10,#REF!,30,0) -> #REF! | AH10: =VLOOKUP($B10,#REF!,31,0) -> #REF! | AI10: =VLOOKUP($B10,#REF!,32,0) -> #REF! | AJ10: =SUM(AE10:AE10) -> #REF! | AK10: ='Qty & UMH GUM'!AA10 -> #REF! | AL10: =ROUNDUP((AK10-AJ10)/$AE$4,0) -> #REF! | AN10: =VLOOKUP($B10,#REF!,34,0) -> #REF! | AO10: =VLOOKUP($B10,#REF!,35,0) -> #REF! | AP10: =VLOOKUP($B10,#REF!,36,0) -> #REF! | AQ10: =VLOOKUP($B10,#REF!,37,0) -> #REF! | AS10: =SUM(AN10:AN10) -> #REF! | AT10: ='Qty & UMH GUM'!AD10 -> #REF! | AU10: =ROUNDUP((AT10-AS10)/$AN$4,0) -> #REF!
B11: ='Qty & UMH GUM'!C11 -> 82111-4DT50 | C11: =+'Qty & UMH GUM'!B11 -> HEV-LHD | D11: =VLOOKUP($B11,#REF!,10,0) -> #REF! | E11: =VLOOKUP($B11,#REF!,11,0) -> #REF! | F11: =VLOOKUP($B11,#REF!,12,0) -> #REF! | G11: =VLOOKUP($B11,#REF!,13,0) -> #REF! | H11: =VLOOKUP($B11,#REF!,14,0) -> #REF! | I11: =SUM(D11:D11) -> #REF! | J11: ='Qty & UMH GUM'!R11 -> #REF! | K11: =ROUNDUP((J11-I11)/$D$4,0) -> #REF! | M11: =VLOOKUP($B11,#REF!,16,0) -> #REF! | N11: =VLOOKUP($B11,#REF!,17,0) -> #REF! | O11: =VLOOKUP($B11,#REF!,18,0) -> #REF! | P11: =VLOOKUP($B11,#REF!,19,0) -> #REF! | Q11: =VLOOKUP($B11,#REF!,20,0) -> #REF! | R11: =SUM(M11:M11) -> #REF! | S11: ='Qty & UMH GUM'!U11 -> #REF! | T11: =ROUNDUP((S11-R11)/$M$4,0) -> #REF! | V11: =VLOOKUP($B11,#REF!,22,0) -> #REF! | W11: =VLOOKUP($B11,#REF!,23,0) -> #REF! | X11: =VLOOKUP($B11,#REF!,24,0) -> #REF! | Y11: =VLOOKUP($B11,#REF!,25,0) -> #REF! | Z11: =VLOOKUP($B11,#REF!,26,0) -> #REF! | AA11: =SUM(V11:V11) -> #REF! | AB11: ='Qty & UMH GUM'!X11 -> #REF! | AC11: =ROUNDUP((AB11-AA11)/$V$4,0) -> #REF! | AE11: =VLOOKUP($B11,#REF!,28,0) -> #REF! | AF11: =VLOOKUP($B11,#REF!,29,0) -> #REF! | AG11: =VLOOKUP($B11,#REF!,30,0) -> #REF! | AH11: =VLOOKUP($B11,#REF!,31,0) -> #REF! | AI11: =VLOOKUP($B11,#REF!,32,0) -> #REF! | AJ11: =SUM(AE11:AE11) -> #REF! | AK11: ='Qty & UMH GUM'!AA11 -> #REF! | AL11: =ROUNDUP((AK11-AJ11)/$AE$4,0) -> #REF! | AN11: =VLOOKUP($B11,#REF!,34,0) -> #REF! | AO11: =VLOOKUP($B11,#REF!,35,0) -> #REF! | AP11: =VLOOKUP($B11,#REF!,36,0) -> #REF! | AQ11: =VLOOKUP($B11,#REF!,37,0) -> #REF! | AS11: =SUM(AN11:AN11) -> #REF! | AT11: ='Qty & UMH GUM'!AD11 -> #REF! | AU11: =ROUNDUP((AT11-AS11)/$AN$4,0) -> #REF!
B12: ='Qty & UMH GUM'!C12 -> 82111-4DT60 | C12: =+'Qty & UMH GUM'!B12 -> GAS-LHD | D12: =VLOOKUP($B12,#REF!,10,0) -> #REF! | E12: =VLOOKUP($B12,#REF!,11,0) -> #REF! | F12: =VLOOKUP($B12,#REF!,12,0) -> #REF! | G12: =VLOOKUP($B12,#REF!,13,0) -> #REF! | H12: =VLOOKUP($B12,#REF!,14,0) -> #REF! | I12: =SUM(D12:D12) -> #REF! | J12: ='Qty & UMH GUM'!R12 -> #REF! | K12: =ROUNDUP((J12-I12)/$D$4,0) -> #REF! | M12: =VLOOKUP($B12,#REF!,16,0) -> #REF! | N12: =VLOOKUP($B12,#REF!,17,0) -> #REF! | O12: =VLOOKUP($B12,#REF!,18,0) -> #REF! | P12: =VLOOKUP($B12,#REF!,19,0) -> #REF! | Q12: =VLOOKUP($B12,#REF!,20,0) -> #REF! | R12: =SUM(M12:M12) -> #REF! | S12: ='Qty & UMH GUM'!U12 -> #REF! | T12: =ROUNDUP((S12-R12)/$M$4,0) -> #REF! | V12: =VLOOKUP($B12,#REF!,22,0) -> #REF! | W12: =VLOOKUP($B12,#REF!,23,0) -> #REF! | X12: =VLOOKUP($B12,#REF!,24,0) -> #REF! | Y12: =VLOOKUP($B12,#REF!,25,0) -> #REF! | Z12: =VLOOKUP($B12,#REF!,26,0) -> #REF! | AA12: =SUM(V12:V12) -> #REF! | AB12: ='Qty & UMH GUM'!X12 -> #REF! | AC12: =ROUNDUP((AB12-AA12)/$V$4,0) -> #REF! | AE12: =VLOOKUP($B12,#REF!,28,0) -> #REF! | AF12: =VLOOKUP($B12,#REF!,29,0) -> #REF! | AG12: =VLOOKUP($B12,#REF!,30,0) -> #REF! | AH12: =VLOOKUP($B12,#REF!,31,0) -> #REF! | AI12: =VLOOKUP($B12,#REF!,32,0) -> #REF! | AJ12: =SUM(AE12:AE12) -> #REF! | AK12: ='Qty & UMH GUM'!AA12 -> #REF! | AL12: =ROUNDUP((AK12-AJ12)/$AE$4,0) -> #REF! | AN12: =VLOOKUP($B12,#REF!,34,0) -> #REF! | AO12: =VLOOKUP($B12,#REF!,35,0) -> #REF! | AP12: =VLOOKUP($B12,#REF!,36,0) -> #REF! | AQ12: =VLOOKUP($B12,#REF!,37,0) -> #REF! | AS12: =SUM(AN12:AN12) -> #REF! | AT12: ='Qty & UMH GUM'!AD12 -> #REF! | AU12: =ROUNDUP((AT12-AS12)/$AN$4,0) -> #REF!
B13: ='Qty & UMH GUM'!C13 -> 82111-4DT70 | C13: =+'Qty & UMH GUM'!B13 -> HEV-LHD | D13: =VLOOKUP($B13,#REF!,10,0) -> #REF! | E13: =VLOOKUP($B13,#REF!,11,0) -> #REF! | F13: =VLOOKUP($B13,#REF!,12,0) -> #REF! | G13: =VLOOKUP($B13,#REF!,13,0) -> #REF! | H13: =VLOOKUP($B13,#REF!,14,0) -> #REF! | I13: =SUM(D13:D13) -> #REF! | J13: ='Qty & UMH GUM'!R13 -> #REF! | K13: =ROUNDUP((J13-I13)/$D$4,0) -> #REF! | M13: =VLOOKUP($B13,#REF!,16,0) -> #REF! | N13: =VLOOKUP($B13,#REF!,17,0) -> #REF! | O13: =VLOOKUP($B13,#REF!,18,0) -> #REF! | P13: =VLOOKUP($B13,#REF!,19,0) -> #REF! | Q13: =VLOOKUP($B13,#REF!,20,0) -> #REF! | R13: =SUM(M13:M13) -> #REF! | S13: ='Qty & UMH GUM'!U13 -> #REF! | T13: =ROUNDUP((S13-R13)/$M$4,0) -> #REF! | V13: =VLOOKUP($B13,#REF!,22,0) -> #REF! | W13: =VLOOKUP($B13,#REF!,23,0) -> #REF! | X13: =VLOOKUP($B13,#REF!,24,0) -> #REF! | Y13: =VLOOKUP($B13,#REF!,25,0) -> #REF! | Z13: =VLOOKUP($B13,#REF!,26,0) -> #REF! | AA13: =SUM(V13:V13) -> #REF! | AB13: ='Qty & UMH GUM'!X13 -> #REF! | AC13: =ROUNDUP((AB13-AA13)/$V$4,0) -> #REF! | AE13: =VLOOKUP($B13,#REF!,28,0) -> #REF! | AF13: =VLOOKUP($B13,#REF!,29,0) -> #REF! | AG13: =VLOOKUP($B13,#REF!,30,0) -> #REF! | AH13: =VLOOKUP($B13,#REF!,31,0) -> #REF! | AI13: =VLOOKUP($B13,#REF!,32,0) -> #REF! | AJ13: =SUM(AE13:AE13) -> #REF! | AK13: ='Qty & UMH GUM'!AA13 -> #REF! | AL13: =ROUNDUP((AK13-AJ13)/$AE$4,0) -> #REF! | AN13: =VLOOKUP($B13,#REF!,34,0) -> #REF! | AO13: =VLOOKUP($B13,#REF!,35,0) -> #REF! | AP13: =VLOOKUP($B13,#REF!,36,0) -> #REF! | AQ13: =VLOOKUP($B13,#REF!,37,0) -> #REF! | AS13: =SUM(AN13:AN13) -> #REF! | AT13: ='Qty & UMH GUM'!AD13 -> #REF! | AU13: =ROUNDUP((AT13-AS13)/$AN$4,0) -> #REF!
B14: ='Qty & UMH GUM'!C14 -> 82111-4DT80 | C14: =+'Qty & UMH GUM'!B14 -> HEV-LHD | D14: =VLOOKUP($B14,#REF!,10,0) -> #REF! | E14: =VLOOKUP($B14,#REF!,11,0) -> #REF! | F14: =VLOOKUP($B14,#REF!,12,0) -> #REF! | G14: =VLOOKUP($B14,#REF!,13,0) -> #REF! | H14: =VLOOKUP($B14,#REF!,14,0) -> #REF! | I14: =SUM(D14:D14) -> #REF! | J14: ='Qty & UMH GUM'!R14 -> #REF! | K14: =ROUNDUP((J14-I14)/$D$4,0) -> #REF! | M14: =VLOOKUP($B14,#REF!,16,0) -> #REF! | N14: =VLOOKUP($B14,#REF!,17,0) -> #REF! | O14: =VLOOKUP($B14,#REF!,18,0) -> #REF! | P14: =VLOOKUP($B14,#REF!,19,0) -> #REF! | Q14: =VLOOKUP($B14,#REF!,20,0) -> #REF! | R14: =SUM(M14:M14) -> #REF! | S14: ='Qty & UMH GUM'!U14 -> #REF! | T14: =ROUNDUP((S14-R14)/$M$4,0) -> #REF! | V14: =VLOOKUP($B14,#REF!,22,0) -> #REF! | W14: =VLOOKUP($B14,#REF!,23,0) -> #REF! | X14: =VLOOKUP($B14,#REF!,24,0) -> #REF! | Y14: =VLOOKUP($B14,#REF!,25,0) -> #REF! | Z14: =VLOOKUP($B14,#REF!,26,0) -> #REF! | AA14: =SUM(V14:V14) -> #REF! | AB14: ='Qty & UMH GUM'!X14 -> #REF! | AC14: =ROUNDUP((AB14-AA14)/$V$4,0) -> #REF! | AE14: =VLOOKUP($B14,#REF!,28,0) -> #REF! | AF14: =VLOOKUP($B14,#REF!,29,0) -> #REF! | AG14: =VLOOKUP($B14,#REF!,30,0) -> #REF! | AH14: =VLOOKUP($B14,#REF!,31,0) -> #REF! | AI14: =VLOOKUP($B14,#REF!,32,0) -> #REF! | AJ14: =SUM(AE14:AE14) -> #REF! | AK14: ='Qty & UMH GUM'!AA14 -> #REF! | AL14: =ROUNDUP((AK14-AJ14)/$AE$4,0) -> #REF! | AN14: =VLOOKUP($B14,#REF!,34,0) -> #REF! | AO14: =VLOOKUP($B14,#REF!,35,0) -> #REF! | AP14: =VLOOKUP($B14,#REF!,36,0) -> #REF! | AQ14: =VLOOKUP($B14,#REF!,37,0) -> #REF! | AS14: =SUM(AN14:AN14) -> #REF! | AT14: ='Qty & UMH GUM'!AD14 -> #REF! | AU14: =ROUNDUP((AT14-AS14)/$AN$4,0) -> #REF!
B15: ='Qty & UMH GUM'!C15 -> 82111-4DT90 | C15: =+'Qty & UMH GUM'!B15 -> HEV-LHD | D15: =VLOOKUP($B15,#REF!,10,0) -> #REF! | E15: =VLOOKUP($B15,#REF!,11,0) -> #REF! | F15: =VLOOKUP($B15,#REF!,12,0) -> #REF! | G15: =VLOOKUP($B15,#REF!,13,0) -> #REF! | H15: =VLOOKUP($B15,#REF!,14,0) -> #REF! | I15: =SUM(D15:D15) -> #REF! | J15: ='Qty & UMH GUM'!R15 -> #REF! | K15: =ROUNDUP((J15-I15)/$D$4,0) -> #REF! | M15: =VLOOKUP($B15,#REF!,16,0) -> #REF! | N15: =VLOOKUP($B15,#REF!,17,0) -> #REF! | O15: =VLOOKUP($B15,#REF!,18,0) -> #REF! | P15: =VLOOKUP($B15,#REF!,19,0) -> #REF! | Q15: =VLOOKUP($B15,#REF!,20,0) -> #REF! | R15: =SUM(M15:M15) -> #REF! | S15: ='Qty & UMH GUM'!U15 -> #REF! | T15: =ROUNDUP((S15-R15)/$M$4,0) -> #REF! | V15: =VLOOKUP($B15,#REF!,22,0) -> #REF! | W15: =VLOOKUP($B15,#REF!,23,0) -> #REF! | X15: =VLOOKUP($B15,#REF!,24,0) -> #REF! | Y15: =VLOOKUP($B15,#REF!,25,0) -> #REF! | Z15: =VLOOKUP($B15,#REF!,26,0) -> #REF! | AA15: =SUM(V15:V15) -> #REF! | AB15: ='Qty & UMH GUM'!X15 -> #REF! | AC15: =ROUNDUP((AB15-AA15)/$V$4,0) -> #REF! | AE15: =VLOOKUP($B15,#REF!,28,0) -> #REF! | AF15: =VLOOKUP($B15,#REF!,29,0) -> #REF! | AG15: =VLOOKUP($B15,#REF!,30,0) -> #REF! | AH15: =VLOOKUP($B15,#REF!,31,0) -> #REF! | AI15: =VLOOKUP($B15,#REF!,32,0) -> #REF! | AJ15: =SUM(AE15:AE15) -> #REF! | AK15: ='Qty & UMH GUM'!AA15 -> #REF! | AL15: =ROUNDUP((AK15-AJ15)/$AE$4,0) -> #REF! | AN15: =VLOOKUP($B15,#REF!,34,0) -> #REF! | AO15: =VLOOKUP($B15,#REF!,35,0) -> #REF! | AP15: =VLOOKUP($B15,#REF!,36,0) -> #REF! | AQ15: =VLOOKUP($B15,#REF!,37,0) -> #REF! | AS15: =SUM(AN15:AN15) -> #REF! | AT15: ='Qty & UMH GUM'!AD15 -> #REF! | AU15: =ROUNDUP((AT15-AS15)/$AN$4,0) -> #REF!
B16: ='Qty & UMH GUM'!C16 -> 82111-4DU00 | C16: =+'Qty & UMH GUM'!B16 -> HEV-LHD | D16: =VLOOKUP($B16,#REF!,10,0) -> #REF! | E16: =VLOOKUP($B16,#REF!,11,0) -> #REF! | F16: =VLOOKUP($B16,#REF!,12,0) -> #REF! | G16: =VLOOKUP($B16,#REF!,13,0) -> #REF! | H16: =VLOOKUP($B16,#REF!,14,0) -> #REF! | I16: =SUM(D16:D16) -> #REF! | J16: ='Qty & UMH GUM'!R16 -> #REF! | K16: =ROUNDUP((J16-I16)/$D$4,0) -> #REF! | M16: =VLOOKUP($B16,#REF!,16,0) -> #REF! | N16: =VLOOKUP($B16,#REF!,17,0) -> #REF! | O16: =VLOOKUP($B16,#REF!,18,0) -> #REF! | P16: =VLOOKUP($B16,#REF!,19,0) -> #REF! | Q16: =VLOOKUP($B16,#REF!,20,0) -> #REF! | R16: =SUM(M16:M16) -> #REF! | S16: ='Qty & UMH GUM'!U16 -> #REF! | T16: =ROUNDUP((S16-R16)/$M$4,0) -> #REF! | V16: =VLOOKUP($B16,#REF!,22,0) -> #REF! | W16: =VLOOKUP($B16,#REF!,23,0) -> #REF! | X16: =VLOOKUP($B16,#REF!,24,0) -> #REF! | Y16: =VLOOKUP($B16,#REF!,25,0) -> #REF! | Z16: =VLOOKUP($B16,#REF!,26,0) -> #REF! | AA16: =SUM(V16:V16) -> #REF! | AB16: ='Qty & UMH GUM'!X16 -> #REF! | AC16: =ROUNDUP((AB16-AA16)/$V$4,0) -> #REF! | AE16: =VLOOKUP($B16,#REF!,28,0) -> #REF! | AF16: =VLOOKUP($B16,#REF!,29,0) -> #REF! | AG16: =VLOOKUP($B16,#REF!,30,0) -> #REF! | AH16: =VLOOKUP($B16,#REF!,31,0) -> #REF! | AI16: =VLOOKUP($B16,#REF!,32,0) -> #REF! | AJ16: =SUM(AE16:AE16) -> #REF! | AK16: ='Qty & UMH GUM'!AA16 -> #REF! | AL16: =ROUNDUP((AK16-AJ16)/$AE$4,0) -> #REF! | AN16: =VLOOKUP($B16,#REF!,34,0) -> #REF! | AO16: =VLOOKUP($B16,#REF!,35,0) -> #REF! | AP16: =VLOOKUP($B16,#REF!,36,0) -> #REF! | AQ16: =VLOOKUP($B16,#REF!,37,0) -> #REF! | AS16: =SUM(AN16:AN16) -> #REF! | AT16: ='Qty & UMH GUM'!AD16 -> #REF! | AU16: =ROUNDUP((AT16-AS16)/$AN$4,0) -> #REF!
B17: ='Qty & UMH GUM'!C17 -> 82111-4DU10 | C17: =+'Qty & UMH GUM'!B17 -> HEV-LHD | D17: =VLOOKUP($B17,#REF!,10,0) -> #REF! | E17: =VLOOKUP($B17,#REF!,11,0) -> #REF! | F17: =VLOOKUP($B17,#REF!,12,0) -> #REF! | G17: =VLOOKUP($B17,#REF!,13,0) -> #REF! | H17: =VLOOKUP($B17,#REF!,14,0) -> #REF! | I17: =SUM(D17:D17) -> #REF! | J17: ='Qty & UMH GUM'!R17 -> #REF! | K17: =ROUNDUP((J17-I17)/$D$4,0) -> #REF! | M17: =VLOOKUP($B17,#REF!,16,0) -> #REF! | N17: =VLOOKUP($B17,#REF!,17,0) -> #REF! | O17: =VLOOKUP($B17,#REF!,18,0) -> #REF! | P17: =VLOOKUP($B17,#REF!,19,0) -> #REF! | Q17: =VLOOKUP($B17,#REF!,20,0) -> #REF! | R17: =SUM(M17:M17) -> #REF! | S17: ='Qty & UMH GUM'!U17 -> #REF! | T17: =ROUNDUP((S17-R17)/$M$4,0) -> #REF! | V17: =VLOOKUP($B17,#REF!,22,0) -> #REF! | W17: =VLOOKUP($B17,#REF!,23,0) -> #REF! | X17: =VLOOKUP($B17,#REF!,24,0) -> #REF! | Y17: =VLOOKUP($B17,#REF!,25,0) -> #REF! | Z17: =VLOOKUP($B17,#REF!,26,0) -> #REF! | AA17: =SUM(V17:V17) -> #REF! | AB17: ='Qty & UMH GUM'!X17 -> #REF! | AC17: =ROUNDUP((AB17-AA17)/$V$4,0) -> #REF! | AE17: =VLOOKUP($B17,#REF!,28,0) -> #REF! | AF17: =VLOOKUP($B17,#REF!,29,0) -> #REF! | AG17: =VLOOKUP($B17,#REF!,30,0) -> #REF! | AH17: =VLOOKUP($B17,#REF!,31,0) -> #REF! | AI17: =VLOOKUP($B17,#REF!,32,0) -> #REF! | AJ17: =SUM(AE17:AE17) -> #REF! | AK17: ='Qty & UMH GUM'!AA17 -> #REF! | AL17: =ROUNDUP((AK17-AJ17)/$AE$4,0) -> #REF! | AN17: =VLOOKUP($B17,#REF!,34,0) -> #REF! | AO17: =VLOOKUP($B17,#REF!,35,0) -> #REF! | AP17: =VLOOKUP($B17,#REF!,36,0) -> #REF! | AQ17: =VLOOKUP($B17,#REF!,37,0) -> #REF! | AS17: =SUM(AN17:AN17) -> #REF! | AT17: ='Qty & UMH GUM'!AD17 -> #REF! | AU17: =ROUNDUP((AT17-AS17)/$AN$4,0) -> #REF!
B18: ='Qty & UMH GUM'!C18 -> 82111-4DU20 | C18: =+'Qty & UMH GUM'!B18 -> HEV-LHD | D18: =VLOOKUP($B18,#REF!,10,0) -> #REF! | E18: =VLOOKUP($B18,#REF!,11,0) -> #REF! | F18: =VLOOKUP($B18,#REF!,12,0) -> #REF! | G18: =VLOOKUP($B18,#REF!,13,0) -> #REF! | H18: =VLOOKUP($B18,#REF!,14,0) -> #REF! | I18: =SUM(D18:D18) -> #REF! | J18: ='Qty & UMH GUM'!R18 -> #REF! | K18: =ROUNDUP((J18-I18)/$D$4,0) -> #REF! | M18: =VLOOKUP($B18,#REF!,16,0) -> #REF! | N18: =VLOOKUP($B18,#REF!,17,0) -> #REF! | O18: =VLOOKUP($B18,#REF!,18,0) -> #REF! | P18: =VLOOKUP($B18,#REF!,19,0) -> #REF! | Q18: =VLOOKUP($B18,#REF!,20,0) -> #REF! | R18: =SUM(M18:M18) -> #REF! | S18: ='Qty & UMH GUM'!U18 -> #REF! | T18: =ROUNDUP((S18-R18)/$M$4,0) -> #REF! | V18: =VLOOKUP($B18,#REF!,22,0) -> #REF! | W18: =VLOOKUP($B18,#REF!,23,0) -> #REF! | X18: =VLOOKUP($B18,#REF!,24,0) -> #REF! | Y18: =VLOOKUP($B18,#REF!,25,0) -> #REF! | Z18: =VLOOKUP($B18,#REF!,26,0) -> #REF! | AA18: =SUM(V18:V18) -> #REF! | AB18: ='Qty & UMH GUM'!X18 -> #REF! | AC18: =ROUNDUP((AB18-AA18)/$V$4,0) -> #REF! | AE18: =VLOOKUP($B18,#REF!,28,0) -> #REF! | AF18: =VLOOKUP($B18,#REF!,29,0) -> #REF! | AG18: =VLOOKUP($B18,#REF!,30,0) -> #REF! | AH18: =VLOOKUP($B18,#REF!,31,0) -> #REF! | AI18: =VLOOKUP($B18,#REF!,32,0) -> #REF! | AJ18: =SUM(AE18:AE18) -> #REF! | AK18: ='Qty & UMH GUM'!AA18 -> #REF! | AL18: =ROUNDUP((AK18-AJ18)/$AE$4,0) -> #REF! | AN18: =VLOOKUP($B18,#REF!,34,0) -> #REF! | AO18: =VLOOKUP($B18,#REF!,35,0) -> #REF! | AP18: =VLOOKUP($B18,#REF!,36,0) -> #REF! | AQ18: =VLOOKUP($B18,#REF!,37,0) -> #REF! | AS18: =SUM(AN18:AN18) -> #REF! | AT18: ='Qty & UMH GUM'!AD18 -> #REF! | AU18: =ROUNDUP((AT18-AS18)/$AN$4,0) -> #REF!
B19: ='Qty & UMH GUM'!C19 -> 82111-4DU30 | C19: =+'Qty & UMH GUM'!B19 -> HEV-LHD | D19: =VLOOKUP($B19,#REF!,10,0) -> #REF! | E19: =VLOOKUP($B19,#REF!,11,0) -> #REF! | F19: =VLOOKUP($B19,#REF!,12,0) -> #REF! | G19: =VLOOKUP($B19,#REF!,13,0) -> #REF! | H19: =VLOOKUP($B19,#REF!,14,0) -> #REF! | I19: =SUM(D19:D19) -> #REF! | J19: ='Qty & UMH GUM'!R19 -> #REF! | K19: =ROUNDUP((J19-I19)/$D$4,0) -> #REF! | M19: =VLOOKUP($B19,#REF!,16,0) -> #REF! | N19: =VLOOKUP($B19,#REF!,17,0) -> #REF! | O19: =VLOOKUP($B19,#REF!,18,0) -> #REF! | P19: =VLOOKUP($B19,#REF!,19,0) -> #REF! | Q19: =VLOOKUP($B19,#REF!,20,0) -> #REF! | R19: =SUM(M19:M19) -> #REF! | S19: ='Qty & UMH GUM'!U19 -> #REF! | T19: =ROUNDUP((S19-R19)/$M$4,0) -> #REF! | V19: =VLOOKUP($B19,#REF!,22,0) -> #REF! | W19: =VLOOKUP($B19,#REF!,23,0) -> #REF! | X19: =VLOOKUP($B19,#REF!,24,0) -> #REF! | Y19: =VLOOKUP($B19,#REF!,25,0) -> #REF! | Z19: =VLOOKUP($B19,#REF!,26,0) -> #REF! | AA19: =SUM(V19:V19) -> #REF! | AB19: ='Qty & UMH GUM'!X19 -> #REF! | AC19: =ROUNDUP((AB19-AA19)/$V$4,0) -> #REF! | AE19: =VLOOKUP($B19,#REF!,28,0) -> #REF! | AF19: =VLOOKUP($B19,#REF!,29,0) -> #REF! | AG19: =VLOOKUP($B19,#REF!,30,0) -> #REF! | AH19: =VLOOKUP($B19,#REF!,31,0) -> #REF! | AI19: =VLOOKUP($B19,#REF!,32,0) -> #REF! | AJ19: =SUM(AE19:AE19) -> #REF! | AK19: ='Qty & UMH GUM'!AA19 -> #REF! | AL19: =ROUNDUP((AK19-AJ19)/$AE$4,0) -> #REF! | AN19: =VLOOKUP($B19,#REF!,34,0) -> #REF! | AO19: =VLOOKUP($B19,#REF!,35,0) -> #REF! | AP19: =VLOOKUP($B19,#REF!,36,0) -> #REF! | AQ19: =VLOOKUP($B19,#REF!,37,0) -> #REF! | AS19: =SUM(AN19:AN19) -> #REF! | AT19: ='Qty & UMH GUM'!AD19 -> #REF! | AU19: =ROUNDUP((AT19-AS19)/$AN$4,0) -> #REF!
B20: ='Qty & UMH GUM'!C20 -> 82111-4DU40 | C20: =+'Qty & UMH GUM'!B20 -> HEV-LHD | D20: =VLOOKUP($B20,#REF!,10,0) -> #REF! | E20: =VLOOKUP($B20,#REF!,11,0) -> #REF! | F20: =VLOOKUP($B20,#REF!,12,0) -> #REF! | G20: =VLOOKUP($B20,#REF!,13,0) -> #REF! | H20: =VLOOKUP($B20,#REF!,14,0) -> #REF! | I20: =SUM(D20:D20) -> #REF! | J20: ='Qty & UMH GUM'!R20 -> #REF! | K20: =ROUNDUP((J20-I20)/$D$4,0) -> #REF! | M20: =VLOOKUP($B20,#REF!,16,0) -> #REF! | N20: =VLOOKUP($B20,#REF!,17,0) -> #REF! | O20: =VLOOKUP($B20,#REF!,18,0) -> #REF! | P20: =VLOOKUP($B20,#REF!,19,0) -> #REF! | Q20: =VLOOKUP($B20,#REF!,20,0) -> #REF! | R20: =SUM(M20:M20) -> #REF! | S20: ='Qty & UMH GUM'!U20 -> #REF! | T20: =ROUNDUP((S20-R20)/$M$4,0) -> #REF! | V20: =VLOOKUP($B20,#REF!,22,0) -> #REF! | W20: =VLOOKUP($B20,#REF!,23,0) -> #REF! | X20: =VLOOKUP($B20,#REF!,24,0) -> #REF! | Y20: =VLOOKUP($B20,#REF!,25,0) -> #REF! | Z20: =VLOOKUP($B20,#REF!,26,0) -> #REF! | AA20: =SUM(V20:V20) -> #REF! | AB20: ='Qty & UMH GUM'!X20 -> #REF! | AC20: =ROUNDUP((AB20-AA20)/$V$4,0) -> #REF! | AE20: =VLOOKUP($B20,#REF!,28,0) -> #REF! | AF20: =VLOOKUP($B20,#REF!,29,0) -> #REF! | AG20: =VLOOKUP($B20,#REF!,30,0) -> #REF! | AH20: =VLOOKUP($B20,#REF!,31,0) -> #REF! | AI20: =VLOOKUP($B20,#REF!,32,0) -> #REF! | AJ20: =SUM(AE20:AE20) -> #REF! | AK20: ='Qty & UMH GUM'!AA20 -> #REF! | AL20: =ROUNDUP((AK20-AJ20)/$AE$4,0) -> #REF! | AN20: =VLOOKUP($B20,#REF!,34,0) -> #REF! | AO20: =VLOOKUP($B20,#REF!,35,0) -> #REF! | AP20: =VLOOKUP($B20,#REF!,36,0) -> #REF! | AQ20: =VLOOKUP($B20,#REF!,37,0) -> #REF! | AS20: =SUM(AN20:AN20) -> #REF! | AT20: ='Qty & UMH GUM'!AD20 -> #REF! | AU20: =ROUNDUP((AT20-AS20)/$AN$4,0) -> #REF!
B21: ='Qty & UMH GUM'!C21 -> 82111-4DU60 | C21: =+'Qty & UMH GUM'!B21 -> HEV-RHD | D21: =VLOOKUP($B21,#REF!,10,0) -> #REF! | E21: =VLOOKUP($B21,#REF!,11,0) -> #REF! | F21: =VLOOKUP($B21,#REF!,12,0) -> #REF! | G21: =VLOOKUP($B21,#REF!,13,0) -> #REF! | H21: =VLOOKUP($B21,#REF!,14,0) -> #REF! | I21: =SUM(D21:D21) -> #REF! | J21: ='Qty & UMH GUM'!R21 -> #REF! | K21: =ROUNDUP((J21-I21)/$D$4,0) -> #REF! | M21: =VLOOKUP($B21,#REF!,16,0) -> #REF! | N21: =VLOOKUP($B21,#REF!,17,0) -> #REF! | O21: =VLOOKUP($B21,#REF!,18,0) -> #REF! | P21: =VLOOKUP($B21,#REF!,19,0) -> #REF! | Q21: =VLOOKUP($B21,#REF!,20,0) -> #REF! | R21: =SUM(M21:M21) -> #REF! | S21: ='Qty & UMH GUM'!U21 -> #REF! | T21: =ROUNDUP((S21-R21)/$M$4,0) -> #REF! | V21: =VLOOKUP($B21,#REF!,22,0) -> #REF! | W21: =VLOOKUP($B21,#REF!,23,0) -> #REF! | X21: =VLOOKUP($B21,#REF!,24,0) -> #REF! | Y21: =VLOOKUP($B21,#REF!,25,0) -> #REF! | Z21: =VLOOKUP($B21,#REF!,26,0) -> #REF! | AA21: =SUM(V21:V21) -> #REF! | AB21: ='Qty & UMH GUM'!X21 -> #REF! | AC21: =ROUNDUP((AB21-AA21)/$V$4,0) -> #REF! | AE21: =VLOOKUP($B21,#REF!,28,0) -> #REF! | AF21: =VLOOKUP($B21,#REF!,29,0) -> #REF! | AG21: =VLOOKUP($B21,#REF!,30,0) -> #REF! | AH21: =VLOOKUP($B21,#REF!,31,0) -> #REF! | AI21: =VLOOKUP($B21,#REF!,32,0) -> #REF! | AJ21: =SUM(AE21:AE21) -> #REF! | AK21: ='Qty & UMH GUM'!AA21 -> #REF! | AL21: =ROUNDUP((AK21-AJ21)/$AE$4,0) -> #REF! | AN21: =VLOOKUP($B21,#REF!,34,0) -> #REF! | AO21: =VLOOKUP($B21,#REF!,35,0) -> #REF! | AP21: =VLOOKUP($B21,#REF!,36,0) -> #REF! | AQ21: =VLOOKUP($B21,#REF!,37,0) -> #REF! | AS21: =SUM(AN21:AN21) -> #REF! | AT21: ='Qty & UMH GUM'!AD21 -> #REF! | AU21: =ROUNDUP((AT21-AS21)/$AN$4,0) -> #REF!
... B27: ='Qty & UMH GUM'!C27 -> 82111-4DV30 | C27: =+'Qty & UMH GUM'!B27 -> HEV-RHD | D27: =VLOOKUP($B27,#REF!,10,0) -> #REF! | E27: =VLOOKUP($B27,#REF!,11,0) -> #REF! | F27: =VLOOKUP($B27,#REF!,12,0) -> #REF! | G27: =VLOOKUP($B27,#REF!,13,0) -> #REF! | H27: =VLOOKUP($B27,#REF!,14,0) -> #REF! | I27: =SUM(D27:D27) -> #REF! | J27: ='Qty & UMH GUM'!R27 -> #REF! | K27: =ROUNDUP((J27-I27)/$D$4,0) -> #REF! | M27: =VLOOKUP($B27,#REF!,16,0) -> #REF! | N27: =VLOOKUP($B27,#REF!,17,0) -> #REF! | O27: =VLOOKUP($B27,#REF!,18,0) -> #REF! | P27: =VLOOKUP($B27,#REF!,19,0) -> #REF! | Q27: =VLOOKUP($B27,#REF!,20,0) -> #REF! | R27: =SUM(M27:M27) -> #REF! | S27: ='Qty & UMH GUM'!U27 -> #REF! | T27: =ROUNDUP((S27-R27)/$M$4,0) -> #REF! | V27: =VLOOKUP($B27,#REF!,22,0) -> #REF! | W27: =VLOOKUP($B27,#REF!,23,0) -> #REF! | X27: =VLOOKUP($B27,#REF!,24,0) -> #REF! | Y27: =VLOOKUP($B27,#REF!,25,0) -> #REF! | Z27: =VLOOKUP($B27,#REF!,26,0) -> #REF! | AA27: =SUM(V27:V27) -> #REF! | AB27: ='Qty & UMH GUM'!X27 -> #REF! | AC27: =ROUNDUP((AB27-AA27)/$V$4,0) -> #REF! | AE27: =VLOOKUP($B27,#REF!,28,0) -> #REF! | AF27: =VLOOKUP($B27,#REF!,29,0) -> #REF! | AG27: =VLOOKUP($B27,#REF!,30,0) -> #REF! | AH27: =VLOOKUP($B27,#REF!,31,0) -> #REF! | AI27: =VLOOKUP($B27,#REF!,32,0) -> #REF! | AJ27: =SUM(AE27:AE27) -> #REF! | AK27: ='Qty & UMH GUM'!AA27 -> #REF! | AL27: =ROUNDUP((AK27-AJ27)/$AE$4,0) -> #REF! | AN27: =VLOOKUP($B27,#REF!,34,0) -> #REF! | AO27: =VLOOKUP($B27,#REF!,35,0) -> #REF! | AP27: =VLOOKUP($B27,#REF!,36,0) -> #REF! | AQ27: =VLOOKUP($B27,#REF!,37,0) -> #REF! | AS27: =SUM(AN27:AN27) -> #REF! | AT27: ='Qty & UMH GUM'!AD27 -> #REF! | AU27: =ROUNDUP((AT27-AS27)/$AN$4,0) -> #REF!
C28: =+'Qty & UMH GUM'!B28
C29: =+'Qty & UMH GUM'!B29
C30: =+'Qty & UMH GUM'!B30
C31: =+'Qty & UMH GUM'!B31
C32: =+'Qty & UMH GUM'!B32
C33: =+'Qty & UMH GUM'!B33
C34: =+'Qty & UMH GUM'!B34
C35: =+'Qty & UMH GUM'!B35
B36: ='Qty & UMH GUM'!C36 -> 82111-4DG90 | C36: =+'Qty & UMH GUM'!B36 -> HEV-LHD | D36: =VLOOKUP($B36,#REF!,10,0) -> #REF! | E36: =VLOOKUP($B36,#REF!,11,0) -> #REF! | F36: =VLOOKUP($B36,#REF!,12,0) -> #REF! | G36: =VLOOKUP($B36,#REF!,13,0) -> #REF! | H36: =VLOOKUP($B36,#REF!,14,0) -> #REF! | I36: =SUM(D36:D36) -> #REF! | J36: ='Qty & UMH GUM'!R36 -> #REF! | K36: =ROUNDUP((J36-I36)/$D$4,0) -> #REF! | M36: =VLOOKUP($B36,#REF!,16,0) -> #REF! | N36: =VLOOKUP($B36,#REF!,17,0) -> #REF! | O36: =VLOOKUP($B36,#REF!,18,0) -> #REF! | P36: =VLOOKUP($B36,#REF!,19,0) -> #REF! | Q36: =VLOOKUP($B36,#REF!,20,0) -> #REF! | R36: =SUM(M36:M36) -> #REF! | S36: ='Qty & UMH GUM'!U36 -> #REF! | T36: =ROUNDUP((S36-R36)/$M$4,0) -> #REF! | V36: =VLOOKUP($B36,#REF!,22,0) -> #REF! | W36: =VLOOKUP($B36,#REF!,23,0) -> #REF! | X36: =VLOOKUP($B36,#REF!,24,0) -> #REF! | Y36: =VLOOKUP($B36,#REF!,25,0) -> #REF! | Z36: =VLOOKUP($B36,#REF!,26,0) -> #REF! | AA36: =SUM(V36:V36) -> #REF! | AB36: ='Qty & UMH GUM'!X36 -> #REF! | AC36: =ROUNDUP((AB36-AA36)/$V$4,0) -> #REF! | AE36: =VLOOKUP($B36,#REF!,28,0) -> #REF! | AF36: =VLOOKUP($B36,#REF!,29,0) -> #REF! | AG36: =VLOOKUP($B36,#REF!,30,0) -> #REF! | AH36: =VLOOKUP($B36,#REF!,31,0) -> #REF! | AI36: =VLOOKUP($B36,#REF!,32,0) -> #REF! | AJ36: =SUM(AE36:AE36) -> #REF! | AK36: ='Qty & UMH GUM'!AA36 -> #REF! | AL36: =ROUNDUP((AK36-AJ36)/$AE$4,0) -> #REF! | AN36: =VLOOKUP($B36,#REF!,34,0) -> #REF! | AO36: =VLOOKUP($B36,#REF!,35,0) -> #REF! | AP36: =VLOOKUP($B36,#REF!,36,0) -> #REF! | AQ36: =VLOOKUP($B36,#REF!,37,0) -> #REF! | AS36: =SUM(AN36:AN36) -> #REF! | AT36: ='Qty & UMH GUM'!AD36 -> #REF! | AU36: =ROUNDUP((AT36-AS36)/$AN$4,0) -> #REF!
B37: ='Qty & UMH GUM'!C37 -> 82111-4DJ00 | C37: =+'Qty & UMH GUM'!B37 -> HEV-LHD | D37: =VLOOKUP($B37,#REF!,10,0) -> #REF! | E37: =VLOOKUP($B37,#REF!,11,0) -> #REF! | F37: =VLOOKUP($B37,#REF!,12,0) -> #REF! | G37: =VLOOKUP($B37,#REF!,13,0) -> #REF! | H37: =VLOOKUP($B37,#REF!,14,0) -> #REF! | I37: =SUM(D37:D37) -> #REF! | J37: ='Qty & UMH GUM'!R37 -> #REF! | K37: =ROUNDUP((J37-I37)/$D$4,0) -> #REF! | M37: =VLOOKUP($B37,#REF!,16,0) -> #REF! | N37: =VLOOKUP($B37,#REF!,17,0) -> #REF! | O37: =VLOOKUP($B37,#REF!,18,0) -> #REF! | P37: =VLOOKUP($B37,#REF!,19,0) -> #REF! | Q37: =VLOOKUP($B37,#REF!,20,0) -> #REF! | R37: =SUM(M37:M37) -> #REF! | S37: ='Qty & UMH GUM'!U37 -> #REF! | T37: =ROUNDUP((S37-R37)/$M$4,0) -> #REF! | V37: =VLOOKUP($B37,#REF!,22,0) -> #REF! | W37: =VLOOKUP($B37,#REF!,23,0) -> #REF! | X37: =VLOOKUP($B37,#REF!,24,0) -> #REF! | Y37: =VLOOKUP($B37,#REF!,25,0) -> #REF! | Z37: =VLOOKUP($B37,#REF!,26,0) -> #REF! | AA37: =SUM(V37:V37) -> #REF! | AB37: ='Qty & UMH GUM'!X37 -> #REF! | AC37: =ROUNDUP((AB37-AA37)/$V$4,0) -> #REF! | AE37: =VLOOKUP($B37,#REF!,28,0) -> #REF! | AF37: =VLOOKUP($B37,#REF!,29,0) -> #REF! | AG37: =VLOOKUP($B37,#REF!,30,0) -> #REF! | AH37: =VLOOKUP($B37,#REF!,31,0) -> #REF! | AI37: =VLOOKUP($B37,#REF!,32,0) -> #REF! | AJ37: =SUM(AE37:AE37) -> #REF! | AK37: ='Qty & UMH GUM'!AA37 -> #REF! | AL37: =ROUNDUP((AK37-AJ37)/$AE$4,0) -> #REF! | AN37: =VLOOKUP($B37,#REF!,34,0) -> #REF! | AO37: =VLOOKUP($B37,#REF!,35,0) -> #REF! | AP37: =VLOOKUP($B37,#REF!,36,0) -> #REF! | AQ37: =VLOOKUP($B37,#REF!,37,0) -> #REF! | AS37: =SUM(AN37:AN37) -> #REF! | AT37: ='Qty & UMH GUM'!AD37 -> #REF! | AU37: =ROUNDUP((AT37-AS37)/$AN$4,0) -> #REF!
B38: ='Qty & UMH GUM'!C38 -> 82111-4DL51 | C38: =+'Qty & UMH GUM'!B38 -> GAS-LHD | D38: =VLOOKUP($B38,#REF!,10,0) -> #REF! | E38: =VLOOKUP($B38,#REF!,11,0) -> #REF! | F38: =VLOOKUP($B38,#REF!,12,0) -> #REF! | G38: =VLOOKUP($B38,#REF!,13,0) -> #REF! | H38: =VLOOKUP($B38,#REF!,14,0) -> #REF! | I38: =SUM(D38:D38) -> #REF! | J38: ='Qty & UMH GUM'!R38 -> #REF! | K38: =ROUNDUP((J38-I38)/$D$4,0) -> #REF! | M38: =VLOOKUP($B38,#REF!,16,0) -> #REF! | N38: =VLOOKUP($B38,#REF!,17,0) -> #REF! | O38: =VLOOKUP($B38,#REF!,18,0) -> #REF! | P38: =VLOOKUP($B38,#REF!,19,0) -> #REF! | Q38: =VLOOKUP($B38,#REF!,20,0) -> #REF! | R38: =SUM(M38:M38) -> #REF! | S38: ='Qty & UMH GUM'!U38 -> #REF! | T38: =ROUNDUP((S38-R38)/$M$4,0) -> #REF! | V38: =VLOOKUP($B38,#REF!,22,0) -> #REF! | W38: =VLOOKUP($B38,#REF!,23,0) -> #REF! | X38: =VLOOKUP($B38,#REF!,24,0) -> #REF! | Y38: =VLOOKUP($B38,#REF!,25,0) -> #REF! | Z38: =VLOOKUP($B38,#REF!,26,0) -> #REF! | AA38: =SUM(V38:V38) -> #REF! | AB38: ='Qty & UMH GUM'!X38 -> #REF! | AC38: =ROUNDUP((AB38-AA38)/$V$4,0) -> #REF! | AE38: =VLOOKUP($B38,#REF!,28,0) -> #REF! | AF38: =VLOOKUP($B38,#REF!,29,0) -> #REF! | AG38: =VLOOKUP($B38,#REF!,30,0) -> #REF! | AH38: =VLOOKUP($B38,#REF!,31,0) -> #REF! | AI38: =VLOOKUP($B38,#REF!,32,0) -> #REF! | AJ38: =SUM(AE38:AE38) -> #REF! | AK38: ='Qty & UMH GUM'!AA38 -> #REF! | AL38: =ROUNDUP((AK38-AJ38)/$AE$4,0) -> #REF! | AN38: =VLOOKUP($B38,#REF!,34,0) -> #REF! | AO38: =VLOOKUP($B38,#REF!,35,0) -> #REF! | AP38: =VLOOKUP($B38,#REF!,36,0) -> #REF! | AQ38: =VLOOKUP($B38,#REF!,37,0) -> #REF! | AS38: =SUM(AN38:AN38) -> #REF! | AT38: ='Qty & UMH GUM'!AD38 -> #REF! | AU38: =ROUNDUP((AT38-AS38)/$AN$4,0) -> #REF!
B39: ='Qty & UMH GUM'!C39 -> 82111-4DL61 | C39: =+'Qty & UMH GUM'!B39 -> GAS-LHD | D39: =VLOOKUP($B39,#REF!,10,0) -> #REF! | E39: =VLOOKUP($B39,#REF!,11,0) -> #REF! | F39: =VLOOKUP($B39,#REF!,12,0) -> #REF! | G39: =VLOOKUP($B39,#REF!,13,0) -> #REF! | H39: =VLOOKUP($B39,#REF!,14,0) -> #REF! | I39: =SUM(D39:D39) -> #REF! | J39: ='Qty & UMH GUM'!R39 -> #REF! | K39: =ROUNDUP((J39-I39)/$D$4,0) -> #REF! | M39: =VLOOKUP($B39,#REF!,16,0) -> #REF! | N39: =VLOOKUP($B39,#REF!,17,0) -> #REF! | O39: =VLOOKUP($B39,#REF!,18,0) -> #REF! | P39: =VLOOKUP($B39,#REF!,19,0) -> #REF! | Q39: =VLOOKUP($B39,#REF!,20,0) -> #REF! | R39: =SUM(M39:M39) -> #REF! | S39: ='Qty & UMH GUM'!U39 -> #REF! | T39: =ROUNDUP((S39-R39)/$M$4,0) -> #REF! | V39: =VLOOKUP($B39,#REF!,22,0) -> #REF! | W39: =VLOOKUP($B39,#REF!,23,0) -> #REF! | X39: =VLOOKUP($B39,#REF!,24,0) -> #REF! | Y39: =VLOOKUP($B39,#REF!,25,0) -> #REF! | Z39: =VLOOKUP($B39,#REF!,26,0) -> #REF! | AA39: =SUM(V39:V39) -> #REF! | AB39: ='Qty & UMH GUM'!X39 -> #REF! | AC39: =ROUNDUP((AB39-AA39)/$V$4,0) -> #REF! | AE39: =VLOOKUP($B39,#REF!,28,0) -> #REF! | AF39: =VLOOKUP($B39,#REF!,29,0) -> #REF! | AG39: =VLOOKUP($B39,#REF!,30,0) -> #REF! | AH39: =VLOOKUP($B39,#REF!,31,0) -> #REF! | AI39: =VLOOKUP($B39,#REF!,32,0) -> #REF! | AJ39: =SUM(AE39:AE39) -> #REF! | AK39: ='Qty & UMH GUM'!AA39 -> #REF! | AL39: =ROUNDUP((AK39-AJ39)/$AE$4,0) -> #REF! | AN39: =VLOOKUP($B39,#REF!,34,0) -> #REF! | AO39: =VLOOKUP($B39,#REF!,35,0) -> #REF! | AP39: =VLOOKUP($B39,#REF!,36,0) -> #REF! | AQ39: =VLOOKUP($B39,#REF!,37,0) -> #REF! | AS39: =SUM(AN39:AN39) -> #REF! | AT39: ='Qty & UMH GUM'!AD39 -> #REF! | AU39: =ROUNDUP((AT39-AS39)/$AN$4,0) -> #REF!
B40: ='Qty & UMH GUM'!C40 -> 82111-4DL71 | C40: =+'Qty & UMH GUM'!B40 -> GAS-LHD | D40: =VLOOKUP($B40,#REF!,10,0) -> #REF! | E40: =VLOOKUP($B40,#REF!,11,0) -> #REF! | F40: =VLOOKUP($B40,#REF!,12,0) -> #REF! | G40: =VLOOKUP($B40,#REF!,13,0) -> #REF! | H40: =VLOOKUP($B40,#REF!,14,0) -> #REF! | I40: =SUM(D40:D40) -> #REF! | J40: ='Qty & UMH GUM'!R40 -> #REF! | K40: =ROUNDUP((J40-I40)/$D$4,0) -> #REF! | M40: =VLOOKUP($B40,#REF!,16,0) -> #REF! | N40: =VLOOKUP($B40,#REF!,17,0) -> #REF! | O40: =VLOOKUP($B40,#REF!,18,0) -> #REF! | P40: =VLOOKUP($B40,#REF!,19,0) -> #REF! | Q40: =VLOOKUP($B40,#REF!,20,0) -> #REF! | R40: =SUM(M40:M40) -> #REF! | S40: ='Qty & UMH GUM'!U40 -> #REF! | T40: =ROUNDUP((S40-R40)/$M$4,0) -> #REF! | V40: =VLOOKUP($B40,#REF!,22,0) -> #REF! | W40: =VLOOKUP($B40,#REF!,23,0) -> #REF! | X40: =VLOOKUP($B40,#REF!,24,0) -> #REF! | Y40: =VLOOKUP($B40,#REF!,25,0) -> #REF! | Z40: =VLOOKUP($B40,#REF!,26,0) -> #REF! | AA40: =SUM(V40:V40) -> #REF! | AB40: ='Qty & UMH GUM'!X40 -> #REF! | AC40: =ROUNDUP((AB40-AA40)/$V$4,0) -> #REF! | AE40: =VLOOKUP($B40,#REF!,28,0) -> #REF! | AF40: =VLOOKUP($B40,#REF!,29,0) -> #REF! | AG40: =VLOOKUP($B40,#REF!,30,0) -> #REF! | AH40: =VLOOKUP($B40,#REF!,31,0) -> #REF! | AI40: =VLOOKUP($B40,#REF!,32,0) -> #REF! | AJ40: =SUM(AE40:AE40) -> #REF! | AK40: ='Qty & UMH GUM'!AA40 -> #REF! | AL40: =ROUNDUP((AK40-AJ40)/$AE$4,0) -> #REF! | AN40: =VLOOKUP($B40,#REF!,34,0) -> #REF! | AO40: =VLOOKUP($B40,#REF!,35,0) -> #REF! | AP40: =VLOOKUP($B40,#REF!,36,0) -> #REF! | AQ40: =VLOOKUP($B40,#REF!,37,0) -> #REF! | AS40: =SUM(AN40:AN40) -> #REF! | AT40: ='Qty & UMH GUM'!AD40 -> #REF! | AU40: =ROUNDUP((AT40-AS40)/$AN$4,0) -> #REF!
B41: ='Qty & UMH GUM'!C41 -> 82111-4DL81 | C41: =+'Qty & UMH GUM'!B41 -> HEV-LHD | D41: =VLOOKUP($B41,#REF!,10,0) -> #REF! | E41: =VLOOKUP($B41,#REF!,11,0) -> #REF! | F41: =VLOOKUP($B41,#REF!,12,0) -> #REF! | G41: =VLOOKUP($B41,#REF!,13,0) -> #REF! | H41: =VLOOKUP($B41,#REF!,14,0) -> #REF! | I41: =SUM(D41:D41) -> #REF! | J41: ='Qty & UMH GUM'!R41 -> #REF! | K41: =ROUNDUP((J41-I41)/$D$4,0) -> #REF! | M41: =VLOOKUP($B41,#REF!,16,0) -> #REF! | N41: =VLOOKUP($B41,#REF!,17,0) -> #REF! | O41: =VLOOKUP($B41,#REF!,18,0) -> #REF! | P41: =VLOOKUP($B41,#REF!,19,0) -> #REF! | Q41: =VLOOKUP($B41,#REF!,20,0) -> #REF! | R41: =SUM(M41:M41) -> #REF! | S41: ='Qty & UMH GUM'!U41 -> #REF! | T41: =ROUNDUP((S41-R41)/$M$4,0) -> #REF! | V41: =VLOOKUP($B41,#REF!,22,0) -> #REF! | W41: =VLOOKUP($B41,#REF!,23,0) -> #REF! | X41: =VLOOKUP($B41,#REF!,24,0) -> #REF! | Y41: =VLOOKUP($B41,#REF!,25,0) -> #REF! | Z41: =VLOOKUP($B41,#REF!,26,0) -> #REF! | AA41: =SUM(V41:V41) -> #REF! | AB41: ='Qty & UMH GUM'!X41 -> #REF! | AC41: =ROUNDUP((AB41-AA41)/$V$4,0) -> #REF! | AE41: =VLOOKUP($B41,#REF!,28,0) -> #REF! | AF41: =VLOOKUP($B41,#REF!,29,0) -> #REF! | AG41: =VLOOKUP($B41,#REF!,30,0) -> #REF! | AH41: =VLOOKUP($B41,#REF!,31,0) -> #REF! | AI41: =VLOOKUP($B41,#REF!,32,0) -> #REF! | AJ41: =SUM(AE41:AE41) -> #REF! | AK41: ='Qty & UMH GUM'!AA41 -> #REF! | AL41: =ROUNDUP((AK41-AJ41)/$AE$4,0) -> #REF! | AN41: =VLOOKUP($B41,#REF!,34,0) -> #REF! | AO41: =VLOOKUP($B41,#REF!,35,0) -> #REF! | AP41: =VLOOKUP($B41,#REF!,36,0) -> #REF! | AQ41: =VLOOKUP($B41,#REF!,37,0) -> #REF! | AS41: =SUM(AN41:AN41) -> #REF! | AT41: ='Qty & UMH GUM'!AD41 -> #REF! | AU41: =ROUNDUP((AT41-AS41)/$AN$4,0) -> #REF!
B42: ='Qty & UMH GUM'!C42 -> 82111-4DL91 | C42: =+'Qty & UMH GUM'!B42 -> HEV-LHD | D42: =VLOOKUP($B42,#REF!,10,0) -> #REF! | E42: =VLOOKUP($B42,#REF!,11,0) -> #REF! | F42: =VLOOKUP($B42,#REF!,12,0) -> #REF! | G42: =VLOOKUP($B42,#REF!,13,0) -> #REF! | H42: =VLOOKUP($B42,#REF!,14,0) -> #REF! | I42: =SUM(D42:D42) -> #REF! | J42: ='Qty & UMH GUM'!R42 -> #REF! | K42: =ROUNDUP((J42-I42)/$D$4,0) -> #REF! | M42: =VLOOKUP($B42,#REF!,16,0) -> #REF! | N42: =VLOOKUP($B42,#REF!,17,0) -> #REF! | O42: =VLOOKUP($B42,#REF!,18,0) -> #REF! | P42: =VLOOKUP($B42,#REF!,19,0) -> #REF! | Q42: =VLOOKUP($B42,#REF!,20,0) -> #REF! | R42: =SUM(M42:M42) -> #REF! | S42: ='Qty & UMH GUM'!U42 -> #REF! | T42: =ROUNDUP((S42-R42)/$M$4,0) -> #REF! | V42: =VLOOKUP($B42,#REF!,22,0) -> #REF! | W42: =VLOOKUP($B42,#REF!,23,0) -> #REF! | X42: =VLOOKUP($B42,#REF!,24,0) -> #REF! | Y42: =VLOOKUP($B42,#REF!,25,0) -> #REF! | Z42: =VLOOKUP($B42,#REF!,26,0) -> #REF! | AA42: =SUM(V42:V42) -> #REF! | AB42: ='Qty & UMH GUM'!X42 -> #REF! | AC42: =ROUNDUP((AB42-AA42)/$V$4,0) -> #REF! | AE42: =VLOOKUP($B42,#REF!,28,0) -> #REF! | AF42: =VLOOKUP($B42,#REF!,29,0) -> #REF! | AG42: =VLOOKUP($B42,#REF!,30,0) -> #REF! | AH42: =VLOOKUP($B42,#REF!,31,0) -> #REF! | AI42: =VLOOKUP($B42,#REF!,32,0) -> #REF! | AJ42: =SUM(AE42:AE42) -> #REF! | AK42: ='Qty & UMH GUM'!AA42 -> #REF! | AL42: =ROUNDUP((AK42-AJ42)/$AE$4,0) -> #REF! | AN42: =VLOOKUP($B42,#REF!,34,0) -> #REF! | AO42: =VLOOKUP($B42,#REF!,35,0) -> #REF! | AP42: =VLOOKUP($B42,#REF!,36,0) -> #REF! | AQ42: =VLOOKUP($B42,#REF!,37,0) -> #REF! | AS42: =SUM(AN42:AN42) -> #REF! | AT42: ='Qty & UMH GUM'!AD42 -> #REF! | AU42: =ROUNDUP((AT42-AS42)/$AN$4,0) -> #REF!
B43: ='Qty & UMH GUM'!C43 -> 82111-4DM01 | C43: =+'Qty & UMH GUM'!B43 -> HEV-LHD | D43: =VLOOKUP($B43,#REF!,10,0) -> #REF! | E43: =VLOOKUP($B43,#REF!,11,0) -> #REF! | F43: =VLOOKUP($B43,#REF!,12,0) -> #REF! | G43: =VLOOKUP($B43,#REF!,13,0) -> #REF! | H43: =VLOOKUP($B43,#REF!,14,0) -> #REF! | I43: =SUM(D43:D43) -> #REF! | J43: ='Qty & UMH GUM'!R43 -> #REF! | K43: =ROUNDUP((J43-I43)/$D$4,0) -> #REF! | M43: =VLOOKUP($B43,#REF!,16,0) -> #REF! | N43: =VLOOKUP($B43,#REF!,17,0) -> #REF! | O43: =VLOOKUP($B43,#REF!,18,0) -> #REF! | P43: =VLOOKUP($B43,#REF!,19,0) -> #REF! | Q43: =VLOOKUP($B43,#REF!,20,0) -> #REF! | R43: =SUM(M43:M43) -> #REF! | S43: ='Qty & UMH GUM'!U43 -> #REF! | T43: =ROUNDUP((S43-R43)/$M$4,0) -> #REF! | V43: =VLOOKUP($B43,#REF!,22,0) -> #REF! | W43: =VLOOKUP($B43,#REF!,23,0) -> #REF! | X43: =VLOOKUP($B43,#REF!,24,0) -> #REF! | Y43: =VLOOKUP($B43,#REF!,25,0) -> #REF! | Z43: =VLOOKUP($B43,#REF!,26,0) -> #REF! | AA43: =SUM(V43:V43) -> #REF! | AB43: ='Qty & UMH GUM'!X43 -> #REF! | AC43: =ROUNDUP((AB43-AA43)/$V$4,0) -> #REF! | AE43: =VLOOKUP($B43,#REF!,28,0) -> #REF! | AF43: =VLOOKUP($B43,#REF!,29,0) -> #REF! | AG43: =VLOOKUP($B43,#REF!,30,0) -> #REF! | AH43: =VLOOKUP($B43,#REF!,31,0) -> #REF! | AI43: =VLOOKUP($B43,#REF!,32,0) -> #REF! | AJ43: =SUM(AE43:AE43) -> #REF! | AK43: ='Qty & UMH GUM'!AA43 -> #REF! | AL43: =ROUNDUP((AK43-AJ43)/$AE$4,0) -> #REF! | AN43: =VLOOKUP($B43,#REF!,34,0) -> #REF! | AO43: =VLOOKUP($B43,#REF!,35,0) -> #REF! | AP43: =VLOOKUP($B43,#REF!,36,0) -> #REF! | AQ43: =VLOOKUP($B43,#REF!,37,0) -> #REF! | AS43: =SUM(AN43:AN43) -> #REF! | AT43: ='Qty & UMH GUM'!AD43 -> #REF! | AU43: =ROUNDUP((AT43-AS43)/$AN$4,0) -> #REF!
B44: ='Qty & UMH GUM'!C44 -> 82111-4DM11 | C44: =+'Qty & UMH GUM'!B44 -> HEV-LHD | D44: =VLOOKUP($B44,#REF!,10,0) -> #REF! | E44: =VLOOKUP($B44,#REF!,11,0) -> #REF! | F44: =VLOOKUP($B44,#REF!,12,0) -> #REF! | G44: =VLOOKUP($B44,#REF!,13,0) -> #REF! | H44: =VLOOKUP($B44,#REF!,14,0) -> #REF! | I44: =SUM(D44:D44) -> #REF! | J44: ='Qty & UMH GUM'!R44 -> #REF! | K44: =ROUNDUP((J44-I44)/$D$4,0) -> #REF! | M44: =VLOOKUP($B44,#REF!,16,0) -> #REF! | N44: =VLOOKUP($B44,#REF!,17,0) -> #REF! | O44: =VLOOKUP($B44,#REF!,18,0) -> #REF! | P44: =VLOOKUP($B44,#REF!,19,0) -> #REF! | Q44: =VLOOKUP($B44,#REF!,20,0) -> #REF! | R44: =SUM(M44:M44) -> #REF! | S44: ='Qty & UMH GUM'!U44 -> #REF! | T44: =ROUNDUP((S44-R44)/$M$4,0) -> #REF! | V44: =VLOOKUP($B44,#REF!,22,0) -> #REF! | W44: =VLOOKUP($B44,#REF!,23,0) -> #REF! | X44: =VLOOKUP($B44,#REF!,24,0) -> #REF! | Y44: =VLOOKUP($B44,#REF!,25,0) -> #REF! | Z44: =VLOOKUP($B44,#REF!,26,0) -> #REF! | AA44: =SUM(V44:V44) -> #REF! | AB44: ='Qty & UMH GUM'!X44 -> #REF! | AC44: =ROUNDUP((AB44-AA44)/$V$4,0) -> #REF! | AE44: =VLOOKUP($B44,#REF!,28,0) -> #REF! | AF44: =VLOOKUP($B44,#REF!,29,0) -> #REF! | AG44: =VLOOKUP($B44,#REF!,30,0) -> #REF! | AH44: =VLOOKUP($B44,#REF!,31,0) -> #REF! | AI44: =VLOOKUP($B44,#REF!,32,0) -> #REF! | AJ44: =SUM(AE44:AE44) -> #REF! | AK44: ='Qty & UMH GUM'!AA44 -> #REF! | AL44: =ROUNDUP((AK44-AJ44)/$AE$4,0) -> #REF! | AN44: =VLOOKUP($B44,#REF!,34,0) -> #REF! | AO44: =VLOOKUP($B44,#REF!,35,0) -> #REF! | AP44: =VLOOKUP($B44,#REF!,36,0) -> #REF! | AQ44: =VLOOKUP($B44,#REF!,37,0) -> #REF! | AS44: =SUM(AN44:AN44) -> #REF! | AT44: ='Qty & UMH GUM'!AD44 -> #REF! | AU44: =ROUNDUP((AT44-AS44)/$AN$4,0) -> #REF!
B45: ='Qty & UMH GUM'!C45 -> 82111-4DM31 | C45: =+'Qty & UMH GUM'!B45 -> HEV-LHD | D45: =VLOOKUP($B45,#REF!,10,0) -> #REF! | E45: =VLOOKUP($B45,#REF!,11,0) -> #REF! | F45: =VLOOKUP($B45,#REF!,12,0) -> #REF! | G45: =VLOOKUP($B45,#REF!,13,0) -> #REF! | H45: =VLOOKUP($B45,#REF!,14,0) -> #REF! | I45: =SUM(D45:D45) -> #REF! | J45: ='Qty & UMH GUM'!R45 -> #REF! | K45: =ROUNDUP((J45-I45)/$D$4,0) -> #REF! | M45: =VLOOKUP($B45,#REF!,16,0) -> #REF! | N45: =VLOOKUP($B45,#REF!,17,0) -> #REF! | O45: =VLOOKUP($B45,#REF!,18,0) -> #REF! | P45: =VLOOKUP($B45,#REF!,19,0) -> #REF! | Q45: =VLOOKUP($B45,#REF!,20,0) -> #REF! | R45: =SUM(M45:M45) -> #REF! | S45: ='Qty & UMH GUM'!U45 -> #REF! | T45: =ROUNDUP((S45-R45)/$M$4,0) -> #REF! | V45: =VLOOKUP($B45,#REF!,22,0) -> #REF! | W45: =VLOOKUP($B45,#REF!,23,0) -> #REF! | X45: =VLOOKUP($B45,#REF!,24,0) -> #REF! | Y45: =VLOOKUP($B45,#REF!,25,0) -> #REF! | Z45: =VLOOKUP($B45,#REF!,26,0) -> #REF! | AA45: =SUM(V45:V45) -> #REF! | AB45: ='Qty & UMH GUM'!X45 -> #REF! | AC45: =ROUNDUP((AB45-AA45)/$V$4,0) -> #REF! | AE45: =VLOOKUP($B45,#REF!,28,0) -> #REF! | AF45: =VLOOKUP($B45,#REF!,29,0) -> #REF! | AG45: =VLOOKUP($B45,#REF!,30,0) -> #REF! | AH45: =VLOOKUP($B45,#REF!,31,0) -> #REF! | AI45: =VLOOKUP($B45,#REF!,32,0) -> #REF! | AJ45: =SUM(AE45:AE45) -> #REF! | AK45: ='Qty & UMH GUM'!AA45 -> #REF! | AL45: =ROUNDUP((AK45-AJ45)/$AE$4,0) -> #REF! | AN45: =VLOOKUP($B45,#REF!,34,0) -> #REF! | AO45: =VLOOKUP($B45,#REF!,35,0) -> #REF! | AP45: =VLOOKUP($B45,#REF!,36,0) -> #REF! | AQ45: =VLOOKUP($B45,#REF!,37,0) -> #REF! | AS45: =SUM(AN45:AN45) -> #REF! | AT45: ='Qty & UMH GUM'!AD45 -> #REF! | AU45: =ROUNDUP((AT45-AS45)/$AN$4,0) -> #REF!
B46: ='Qty & UMH GUM'!C46 -> 82111-4DM41 | C46: =+'Qty & UMH GUM'!B46 -> HEV-LHD | D46: =VLOOKUP($B46,#REF!,10,0) -> #REF! | E46: =VLOOKUP($B46,#REF!,11,0) -> #REF! | F46: =VLOOKUP($B46,#REF!,12,0) -> #REF! | G46: =VLOOKUP($B46,#REF!,13,0) -> #REF! | H46: =VLOOKUP($B46,#REF!,14,0) -> #REF! | I46: =SUM(D46:D46) -> #REF! | J46: ='Qty & UMH GUM'!R46 -> #REF! | K46: =ROUNDUP((J46-I46)/$D$4,0) -> #REF! | M46: =VLOOKUP($B46,#REF!,16,0) -> #REF! | N46: =VLOOKUP($B46,#REF!,17,0) -> #REF! | O46: =VLOOKUP($B46,#REF!,18,0) -> #REF! | P46: =VLOOKUP($B46,#REF!,19,0) -> #REF! | Q46: =VLOOKUP($B46,#REF!,20,0) -> #REF! | R46: =SUM(M46:M46) -> #REF! | S46: ='Qty & UMH GUM'!U46 -> #REF! | T46: =ROUNDUP((S46-R46)/$M$4,0) -> #REF! | V46: =VLOOKUP($B46,#REF!,22,0) -> #REF! | W46: =VLOOKUP($B46,#REF!,23,0) -> #REF! | X46: =VLOOKUP($B46,#REF!,24,0) -> #REF! | Y46: =VLOOKUP($B46,#REF!,25,0) -> #REF! | Z46: =VLOOKUP($B46,#REF!,26,0) -> #REF! | AA46: =SUM(V46:V46) -> #REF! | AB46: ='Qty & UMH GUM'!X46 -> #REF! | AC46: =ROUNDUP((AB46-AA46)/$V$4,0) -> #REF! | AE46: =VLOOKUP($B46,#REF!,28,0) -> #REF! | AF46: =VLOOKUP($B46,#REF!,29,0) -> #REF! | AG46: =VLOOKUP($B46,#REF!,30,0) -> #REF! | AH46: =VLOOKUP($B46,#REF!,31,0) -> #REF! | AI46: =VLOOKUP($B46,#REF!,32,0) -> #REF! | AJ46: =SUM(AE46:AE46) -> #REF! | AK46: ='Qty & UMH GUM'!AA46 -> #REF! | AL46: =ROUNDUP((AK46-AJ46)/$AE$4,0) -> #REF! | AN46: =VLOOKUP($B46,#REF!,34,0) -> #REF! | AO46: =VLOOKUP($B46,#REF!,35,0) -> #REF! | AP46: =VLOOKUP($B46,#REF!,36,0) -> #REF! | AQ46: =VLOOKUP($B46,#REF!,37,0) -> #REF! | AS46: =SUM(AN46:AN46) -> #REF! | AT46: ='Qty & UMH GUM'!AD46 -> #REF! | AU46: =ROUNDUP((AT46-AS46)/$AN$4,0) -> #REF!
B47: ='Qty & UMH GUM'!C47 -> 82111-4DM51 | C47: =+'Qty & UMH GUM'!B47 -> HEV-LHD | D47: =VLOOKUP($B47,#REF!,10,0) -> #REF! | E47: =VLOOKUP($B47,#REF!,11,0) -> #REF! | F47: =VLOOKUP($B47,#REF!,12,0) -> #REF! | G47: =VLOOKUP($B47,#REF!,13,0) -> #REF! | H47: =VLOOKUP($B47,#REF!,14,0) -> #REF! | I47: =SUM(D47:D47) -> #REF! | J47: ='Qty & UMH GUM'!R47 -> #REF! | K47: =ROUNDUP((J47-I47)/$D$4,0) -> #REF! | M47: =VLOOKUP($B47,#REF!,16,0) -> #REF! | N47: =VLOOKUP($B47,#REF!,17,0) -> #REF! | O47: =VLOOKUP($B47,#REF!,18,0) -> #REF! | P47: =VLOOKUP($B47,#REF!,19,0) -> #REF! | Q47: =VLOOKUP($B47,#REF!,20,0) -> #REF! | R47: =SUM(M47:M47) -> #REF! | S47: ='Qty & UMH GUM'!U47 -> #REF! | T47: =ROUNDUP((S47-R47)/$M$4,0) -> #REF! | V47: =VLOOKUP($B47,#REF!,22,0) -> #REF! | W47: =VLOOKUP($B47,#REF!,23,0) -> #REF! | X47: =VLOOKUP($B47,#REF!,24,0) -> #REF! | Y47: =VLOOKUP($B47,#REF!,25,0) -> #REF! | Z47: =VLOOKUP($B47,#REF!,26,0) -> #REF! | AA47: =SUM(V47:V47) -> #REF! | AB47: ='Qty & UMH GUM'!X47 -> #REF! | AC47: =ROUNDUP((AB47-AA47)/$V$4,0) -> #REF! | AE47: =VLOOKUP($B47,#REF!,28,0) -> #REF! | AF47: =VLOOKUP($B47,#REF!,29,0) -> #REF! | AG47: =VLOOKUP($B47,#REF!,30,0) -> #REF! | AH47: =VLOOKUP($B47,#REF!,31,0) -> #REF! | AI47: =VLOOKUP($B47,#REF!,32,0) -> #REF! | AJ47: =SUM(AE47:AE47) -> #REF! | AK47: ='Qty & UMH GUM'!AA47 -> #REF! | AL47: =ROUNDUP((AK47-AJ47)/$AE$4,0) -> #REF! | AN47: =VLOOKUP($B47,#REF!,34,0) -> #REF! | AO47: =VLOOKUP($B47,#REF!,35,0) -> #REF! | AP47: =VLOOKUP($B47,#REF!,36,0) -> #REF! | AQ47: =VLOOKUP($B47,#REF!,37,0) -> #REF! | AS47: =SUM(AN47:AN47) -> #REF! | AT47: ='Qty & UMH GUM'!AD47 -> #REF! | AU47: =ROUNDUP((AT47-AS47)/$AN$4,0) -> #REF!
... B61: ='Qty & UMH GUM'!C61 -> 82111-4DR50 | C61: =+'Qty & UMH GUM'!B61 -> HEV-LHD | D61: =VLOOKUP($B61,#REF!,10,0) -> #REF! | E61: =VLOOKUP($B61,#REF!,11,0) -> #REF! | F61: =VLOOKUP($B61,#REF!,12,0) -> #REF! | G61: =VLOOKUP($B61,#REF!,13,0) -> #REF! | H61: =VLOOKUP($B61,#REF!,14,0) -> #REF! | I61: =SUM(D61:D61) -> #REF! | J61: ='Qty & UMH GUM'!R61 -> #REF! | K61: =ROUNDUP((J61-I61)/$D$4,0) -> #REF! | M61: =VLOOKUP($B61,#REF!,16,0) -> #REF! | N61: =VLOOKUP($B61,#REF!,17,0) -> #REF! | O61: =VLOOKUP($B61,#REF!,18,0) -> #REF! | P61: =VLOOKUP($B61,#REF!,19,0) -> #REF! | Q61: =VLOOKUP($B61,#REF!,20,0) -> #REF! | R61: =SUM(M61:M61) -> #REF! | S61: ='Qty & UMH GUM'!U61 -> #REF! | T61: =ROUNDUP((S61-R61)/$M$4,0) -> #REF! | V61: =VLOOKUP($B61,#REF!,22,0) -> #REF! | W61: =VLOOKUP($B61,#REF!,23,0) -> #REF! | X61: =VLOOKUP($B61,#REF!,24,0) -> #REF! | Y61: =VLOOKUP($B61,#REF!,25,0) -> #REF! | Z61: =VLOOKUP($B61,#REF!,26,0) -> #REF! | AA61: =SUM(V61:V61) -> #REF! | AB61: ='Qty & UMH GUM'!X61 -> #REF! | AC61: =ROUNDUP((AB61-AA61)/$V$4,0) -> #REF! | AE61: =VLOOKUP($B61,#REF!,28,0) -> #REF! | AF61: =VLOOKUP($B61,#REF!,29,0) -> #REF! | AG61: =VLOOKUP($B61,#REF!,30,0) -> #REF! | AH61: =VLOOKUP($B61,#REF!,31,0) -> #REF! | AI61: =VLOOKUP($B61,#REF!,32,0) -> #REF! | AJ61: =SUM(AE61:AE61) -> #REF! | AK61: ='Qty & UMH GUM'!AA61 -> #REF! | AL61: =ROUNDUP((AK61-AJ61)/$AE$4,0) -> #REF! | AN61: =VLOOKUP($B61,#REF!,34,0) -> #REF! | AO61: =VLOOKUP($B61,#REF!,35,0) -> #REF! | AP61: =VLOOKUP($B61,#REF!,36,0) -> #REF! | AQ61: =VLOOKUP($B61,#REF!,37,0) -> #REF! | AS61: =SUM(AN61:AN61) -> #REF! | AT61: ='Qty & UMH GUM'!AD61 -> #REF! | AU61: =ROUNDUP((AT61-AS61)/$AN$4,0) -> #REF!
B62: ='Qty & UMH GUM'!C62 -> 82111-4DM21 | C62: =+'Qty & UMH GUM'!B62 -> HEV-LHD | D62: =VLOOKUP($B62,#REF!,10,0) -> #REF! | E62: =VLOOKUP($B62,#REF!,11,0) -> #REF! | F62: =VLOOKUP($B62,#REF!,12,0) -> #REF! | G62: =VLOOKUP($B62,#REF!,13,0) -> #REF! | H62: =VLOOKUP($B62,#REF!,14,0) -> #REF! | I62: =SUM(D62:H62) -> #REF! | J62: ='Qty & UMH GUM'!R62 -> #REF! | K62: =ROUNDUP((J62-I62)/$D$4,0) -> #REF! | M62: =VLOOKUP($B62,#REF!,16,0) -> #REF! | N62: =VLOOKUP($B62,#REF!,17,0) -> #REF! | O62: =VLOOKUP($B62,#REF!,18,0) -> #REF! | P62: =VLOOKUP($B62,#REF!,19,0) -> #REF! | Q62: =VLOOKUP($B62,#REF!,20,0) -> #REF! | R62: =SUM(M62:Q62) -> #REF! | S62: ='Qty & UMH GUM'!U62 -> #REF! | T62: =ROUNDUP((S62-R62)/$M$4,0) -> #REF! | V62: =VLOOKUP($B62,#REF!,22,0) -> #REF! | W62: =VLOOKUP($B62,#REF!,23,0) -> #REF! | X62: =VLOOKUP($B62,#REF!,24,0) -> #REF! | Y62: =VLOOKUP($B62,#REF!,25,0) -> #REF! | Z62: =VLOOKUP($B62,#REF!,26,0) -> #REF! | AA62: =SUM(V62:Z62) -> #REF! | AB62: ='Qty & UMH GUM'!X62 -> #REF! | AC62: =ROUNDUP((AB62-AA62)/$V$4,0) -> #REF! | AE62: =VLOOKUP($B62,#REF!,28,0) -> #REF! | AF62: =VLOOKUP($B62,#REF!,29,0) -> #REF! | AG62: =VLOOKUP($B62,#REF!,30,0) -> #REF! | AH62: =VLOOKUP($B62,#REF!,31,0) -> #REF! | AI62: =VLOOKUP($B62,#REF!,32,0) -> #REF! | AJ62: =SUM(AE62:AI62) -> #REF! | AK62: ='Qty & UMH GUM'!AA62 -> #REF! | AL62: =ROUNDUP((AK62-AJ62)/$AE$4,0) -> #REF! | AN62: =VLOOKUP($B62,#REF!,34,0) -> #REF! | AO62: =VLOOKUP($B62,#REF!,35,0) -> #REF! | AP62: =VLOOKUP($B62,#REF!,36,0) -> #REF! | AQ62: =VLOOKUP($B62,#REF!,37,0) -> #REF! | AS62: =SUM(AN62:AR62) -> #REF! | AT62: ='Qty & UMH GUM'!AD62 -> #REF! | AU62: =ROUNDUP((AT62-AS62)/$AN$4,0) -> #REF!
B63: ='Qty & UMH GUM'!C63 -> 82111-4D590 | C63: =+'Qty & UMH GUM'!B63 -> HEV-LHD | D63: =VLOOKUP($B63,#REF!,10,0) -> #REF! | E63: =VLOOKUP($B63,#REF!,11,0) -> #REF! | F63: =VLOOKUP($B63,#REF!,12,0) -> #REF! | G63: =VLOOKUP($B63,#REF!,13,0) -> #REF! | H63: =VLOOKUP($B63,#REF!,14,0) -> #REF! | I63: =SUM(D63:H63) -> #REF! | J63: ='Qty & UMH GUM'!R63 -> #REF! | K63: =ROUNDUP((J63-I63)/$D$4,0) -> #REF! | M63: =VLOOKUP($B63,#REF!,16,0) -> #REF! | N63: =VLOOKUP($B63,#REF!,17,0) -> #REF! | O63: =VLOOKUP($B63,#REF!,18,0) -> #REF! | P63: =VLOOKUP($B63,#REF!,19,0) -> #REF! | Q63: =VLOOKUP($B63,#REF!,20,0) -> #REF! | R63: =SUM(M63:Q63) -> #REF! | S63: ='Qty & UMH GUM'!U63 -> #REF! | T63: =ROUNDUP((S63-R63)/$M$4,0) -> #REF! | V63: =VLOOKUP($B63,#REF!,22,0) -> #REF! | W63: =VLOOKUP($B63,#REF!,23,0) -> #REF! | X63: =VLOOKUP($B63,#REF!,24,0) -> #REF! | Y63: =VLOOKUP($B63,#REF!,25,0) -> #REF! | Z63: =VLOOKUP($B63,#REF!,26,0) -> #REF! | AA63: =SUM(V63:Z63) -> #REF! | AB63: ='Qty & UMH GUM'!X63 -> #REF! | AC63: =ROUNDUP((AB63-AA63)/$V$4,0) -> #REF! | AE63: =VLOOKUP($B63,#REF!,28,0) -> #REF! | AF63: =VLOOKUP($B63,#REF!,29,0) -> #REF! | AG63: =VLOOKUP($B63,#REF!,30,0) -> #REF! | AH63: =VLOOKUP($B63,#REF!,31,0) -> #REF! | AI63: =VLOOKUP($B63,#REF!,32,0) -> #REF! | AJ63: =SUM(AE63:AI63) -> #REF! | AK63: ='Qty & UMH GUM'!AA63 -> #REF! | AL63: =ROUNDUP((AK63-AJ63)/$AE$4,0) -> #REF! | AN63: =VLOOKUP($B63,#REF!,34,0) -> #REF! | AO63: =VLOOKUP($B63,#REF!,35,0) -> #REF! | AP63: =VLOOKUP($B63,#REF!,36,0) -> #REF! | AQ63: =VLOOKUP($B63,#REF!,37,0) -> #REF! | AS63: =SUM(AN63:AR63) -> #REF! | AT63: ='Qty & UMH GUM'!AD63 -> #REF! | AU63: =ROUNDUP((AT63-AS63)/$AN$4,0) -> #REF!
B64: ='Qty & UMH GUM'!C64 -> 82111-4DV80 | C64: =+'Qty & UMH GUM'!B64 -> GAS-LHD | D64: =VLOOKUP($B64,#REF!,10,0) -> #REF! | E64: =VLOOKUP($B64,#REF!,11,0) -> #REF! | F64: =VLOOKUP($B64,#REF!,12,0) -> #REF! | G64: =VLOOKUP($B64,#REF!,13,0) -> #REF! | H64: =VLOOKUP($B64,#REF!,14,0) -> #REF! | I64: =SUM(D64:D64) -> #REF! | J64: ='Qty & UMH GUM'!R64 -> #REF! | K64: =ROUNDUP((J64-I64)/$D$4,0) -> #REF! | M64: =VLOOKUP($B64,#REF!,16,0) -> #REF! | N64: =VLOOKUP($B64,#REF!,17,0) -> #REF! | O64: =VLOOKUP($B64,#REF!,18,0) -> #REF! | P64: =VLOOKUP($B64,#REF!,19,0) -> #REF! | Q64: =VLOOKUP($B64,#REF!,20,0) -> #REF! | R64: =SUM(M64:M64) -> #REF! | S64: ='Qty & UMH GUM'!U64 -> #REF! | T64: =ROUNDUP((S64-R64)/$M$4,0) -> #REF! | V64: =VLOOKUP($B64,#REF!,22,0) -> #REF! | W64: =VLOOKUP($B64,#REF!,23,0) -> #REF! | X64: =VLOOKUP($B64,#REF!,24,0) -> #REF! | Y64: =VLOOKUP($B64,#REF!,25,0) -> #REF! | Z64: =VLOOKUP($B64,#REF!,26,0) -> #REF! | AA64: =SUM(V64:V64) -> #REF! | AB64: ='Qty & UMH GUM'!X64 -> #REF! | AC64: =ROUNDUP((AB64-AA64)/$V$4,0) -> #REF! | AE64: =VLOOKUP($B64,#REF!,28,0) -> #REF! | AF64: =VLOOKUP($B64,#REF!,29,0) -> #REF! | AG64: =VLOOKUP($B64,#REF!,30,0) -> #REF! | AH64: =VLOOKUP($B64,#REF!,31,0) -> #REF! | AI64: =VLOOKUP($B64,#REF!,32,0) -> #REF! | AJ64: =SUM(AE64:AE64) -> #REF! | AK64: ='Qty & UMH GUM'!AA64 -> #REF! | AL64: =ROUNDUP((AK64-AJ64)/$AE$4,0) -> #REF! | AN64: =VLOOKUP($B64,#REF!,34,0) -> #REF! | AO64: =VLOOKUP($B64,#REF!,35,0) -> #REF! | AP64: =VLOOKUP($B64,#REF!,36,0) -> #REF! | AQ64: =VLOOKUP($B64,#REF!,37,0) -> #REF! | AS64: =SUM(AN64:AN64) -> #REF! | AT64: ='Qty & UMH GUM'!AD64 -> #REF! | AU64: =ROUNDUP((AT64-AS64)/$AN$4,0) -> #REF!
B65: ='Qty & UMH GUM'!C65 -> 82111-4DV90 | C65: =+'Qty & UMH GUM'!B65 -> GAS-LHD | D65: =VLOOKUP($B65,#REF!,10,0) -> #REF! | E65: =VLOOKUP($B65,#REF!,11,0) -> #REF! | F65: =VLOOKUP($B65,#REF!,12,0) -> #REF! | G65: =VLOOKUP($B65,#REF!,13,0) -> #REF! | H65: =VLOOKUP($B65,#REF!,14,0) -> #REF! | I65: =SUM(D65:D65) -> #REF! | J65: ='Qty & UMH GUM'!R65 -> #REF! | K65: =ROUNDUP((J65-I65)/$D$4,0) -> #REF! | M65: =VLOOKUP($B65,#REF!,16,0) -> #REF! | N65: =VLOOKUP($B65,#REF!,17,0) -> #REF! | O65: =VLOOKUP($B65,#REF!,18,0) -> #REF! | P65: =VLOOKUP($B65,#REF!,19,0) -> #REF! | Q65: =VLOOKUP($B65,#REF!,20,0) -> #REF! | R65: =SUM(M65:M65) -> #REF! | S65: ='Qty & UMH GUM'!U65 -> #REF! | T65: =ROUNDUP((S65-R65)/$M$4,0) -> #REF! | V65: =VLOOKUP($B65,#REF!,22,0) -> #REF! | W65: =VLOOKUP($B65,#REF!,23,0) -> #REF! | X65: =VLOOKUP($B65,#REF!,24,0) -> #REF! | Y65: =VLOOKUP($B65,#REF!,25,0) -> #REF! | Z65: =VLOOKUP($B65,#REF!,26,0) -> #REF! | AA65: =SUM(V65:V65) -> #REF! | AB65: ='Qty & UMH GUM'!X65 -> #REF! | AC65: =ROUNDUP((AB65-AA65)/$V$4,0) -> #REF! | AE65: =VLOOKUP($B65,#REF!,28,0) -> #REF! | AF65: =VLOOKUP($B65,#REF!,29,0) -> #REF! | AG65: =VLOOKUP($B65,#REF!,30,0) -> #REF! | AH65: =VLOOKUP($B65,#REF!,31,0) -> #REF! | AI65: =VLOOKUP($B65,#REF!,32,0) -> #REF! | AJ65: =SUM(AE65:AE65) -> #REF! | AK65: ='Qty & UMH GUM'!AA65 -> #REF! | AL65: =ROUNDUP((AK65-AJ65)/$AE$4,0) -> #REF! | AN65: =VLOOKUP($B65,#REF!,34,0) -> #REF! | AO65: =VLOOKUP($B65,#REF!,35,0) -> #REF! | AP65: =VLOOKUP($B65,#REF!,36,0) -> #REF! | AQ65: =VLOOKUP($B65,#REF!,37,0) -> #REF! | AS65: =SUM(AN65:AN65) -> #REF! | AT65: ='Qty & UMH GUM'!AD65 -> #REF! | AU65: =ROUNDUP((AT65-AS65)/$AN$4,0) -> #REF!
B66: ='Qty & UMH GUM'!C66 -> 82111-4DW00 | C66: =+'Qty & UMH GUM'!B66 -> HEV-LHD | D66: =VLOOKUP($B66,#REF!,10,0) -> #REF! | E66: =VLOOKUP($B66,#REF!,11,0) -> #REF! | F66: =VLOOKUP($B66,#REF!,12,0) -> #REF! | G66: =VLOOKUP($B66,#REF!,13,0) -> #REF! | H66: =VLOOKUP($B66,#REF!,14,0) -> #REF! | I66: =SUM(D66:D66) -> #REF! | J66: ='Qty & UMH GUM'!R66 -> #REF! | K66: =ROUNDUP((J66-I66)/$D$4,0) -> #REF! | M66: =VLOOKUP($B66,#REF!,16,0) -> #REF! | N66: =VLOOKUP($B66,#REF!,17,0) -> #REF! | O66: =VLOOKUP($B66,#REF!,18,0) -> #REF! | P66: =VLOOKUP($B66,#REF!,19,0) -> #REF! | Q66: =VLOOKUP($B66,#REF!,20,0) -> #REF! | R66: =SUM(M66:M66) -> #REF! | S66: ='Qty & UMH GUM'!U66 -> #REF! | T66: =ROUNDUP((S66-R66)/$M$4,0) -> #REF! | V66: =VLOOKUP($B66,#REF!,22,0) -> #REF! | W66: =VLOOKUP($B66,#REF!,23,0) -> #REF! | X66: =VLOOKUP($B66,#REF!,24,0) -> #REF! | Y66: =VLOOKUP($B66,#REF!,25,0) -> #REF! | Z66: =VLOOKUP($B66,#REF!,26,0) -> #REF! | AA66: =SUM(V66:V66) -> #REF! | AB66: ='Qty & UMH GUM'!X66 -> #REF! | AC66: =ROUNDUP((AB66-AA66)/$V$4,0) -> #REF! | AE66: =VLOOKUP($B66,#REF!,28,0) -> #REF! | AF66: =VLOOKUP($B66,#REF!,29,0) -> #REF! | AG66: =VLOOKUP($B66,#REF!,30,0) -> #REF! | AH66: =VLOOKUP($B66,#REF!,31,0) -> #REF! | AI66: =VLOOKUP($B66,#REF!,32,0) -> #REF! | AJ66: =SUM(AE66:AE66) -> #REF! | AK66: ='Qty & UMH GUM'!AA66 -> #REF! | AL66: =ROUNDUP((AK66-AJ66)/$AE$4,0) -> #REF! | AN66: =VLOOKUP($B66,#REF!,34,0) -> #REF! | AO66: =VLOOKUP($B66,#REF!,35,0) -> #REF! | AP66: =VLOOKUP($B66,#REF!,36,0) -> #REF! | AQ66: =VLOOKUP($B66,#REF!,37,0) -> #REF! | AS66: =SUM(AN66:AN66) -> #REF! | AT66: ='Qty & UMH GUM'!AD66 -> #REF! | AU66: =ROUNDUP((AT66-AS66)/$AN$4,0) -> #REF!
B67: ='Qty & UMH GUM'!C67 -> 82111-4DW10 | C67: =+'Qty & UMH GUM'!B67 -> HEV-LHD | D67: =VLOOKUP($B67,#REF!,10,0) -> #REF! | E67: =VLOOKUP($B67,#REF!,11,0) -> #REF! | F67: =VLOOKUP($B67,#REF!,12,0) -> #REF! | G67: =VLOOKUP($B67,#REF!,13,0) -> #REF! | H67: =VLOOKUP($B67,#REF!,14,0) -> #REF! | I67: =SUM(D67:D67) -> #REF! | J67: ='Qty & UMH GUM'!R67 -> #REF! | K67: =ROUNDUP((J67-I67)/$D$4,0) -> #REF! | M67: =VLOOKUP($B67,#REF!,16,0) -> #REF! | N67: =VLOOKUP($B67,#REF!,17,0) -> #REF! | O67: =VLOOKUP($B67,#REF!,18,0) -> #REF! | P67: =VLOOKUP($B67,#REF!,19,0) -> #REF! | Q67: =VLOOKUP($B67,#REF!,20,0) -> #REF! | R67: =SUM(M67:M67) -> #REF! | S67: ='Qty & UMH GUM'!U67 -> #REF! | T67: =ROUNDUP((S67-R67)/$M$4,0) -> #REF! | V67: =VLOOKUP($B67,#REF!,22,0) -> #REF! | W67: =VLOOKUP($B67,#REF!,23,0) -> #REF! | X67: =VLOOKUP($B67,#REF!,24,0) -> #REF! | Y67: =VLOOKUP($B67,#REF!,25,0) -> #REF! | Z67: =VLOOKUP($B67,#REF!,26,0) -> #REF! | AA67: =SUM(V67:V67) -> #REF! | AB67: ='Qty & UMH GUM'!X67 -> #REF! | AC67: =ROUNDUP((AB67-AA67)/$V$4,0) -> #REF! | AE67: =VLOOKUP($B67,#REF!,28,0) -> #REF! | AF67: =VLOOKUP($B67,#REF!,29,0) -> #REF! | AG67: =VLOOKUP($B67,#REF!,30,0) -> #REF! | AH67: =VLOOKUP($B67,#REF!,31,0) -> #REF! | AI67: =VLOOKUP($B67,#REF!,32,0) -> #REF! | AJ67: =SUM(AE67:AE67) -> #REF! | AK67: ='Qty & UMH GUM'!AA67 -> #REF! | AL67: =ROUNDUP((AK67-AJ67)/$AE$4,0) -> #REF! | AN67: =VLOOKUP($B67,#REF!,34,0) -> #REF! | AO67: =VLOOKUP($B67,#REF!,35,0) -> #REF! | AP67: =VLOOKUP($B67,#REF!,36,0) -> #REF! | AQ67: =VLOOKUP($B67,#REF!,37,0) -> #REF! | AS67: =SUM(AN67:AN67) -> #REF! | AT67: ='Qty & UMH GUM'!AD67 -> #REF! | AU67: =ROUNDUP((AT67-AS67)/$AN$4,0) -> #REF!
B68: ='Qty & UMH GUM'!C68 -> 82111-4DW20 | C68: =+'Qty & UMH GUM'!B68 -> GAS-LHD | D68: =VLOOKUP($B68,#REF!,10,0) -> #REF! | E68: =VLOOKUP($B68,#REF!,11,0) -> #REF! | F68: =VLOOKUP($B68,#REF!,12,0) -> #REF! | G68: =VLOOKUP($B68,#REF!,13,0) -> #REF! | H68: =VLOOKUP($B68,#REF!,14,0) -> #REF! | I68: =SUM(D68:D68) -> #REF! | J68: ='Qty & UMH GUM'!R68 -> #REF! | K68: =ROUNDUP((J68-I68)/$D$4,0) -> #REF! | M68: =VLOOKUP($B68,#REF!,16,0) -> #REF! | N68: =VLOOKUP($B68,#REF!,17,0) -> #REF! | O68: =VLOOKUP($B68,#REF!,18,0) -> #REF! | P68: =VLOOKUP($B68,#REF!,19,0) -> #REF! | Q68: =VLOOKUP($B68,#REF!,20,0) -> #REF! | R68: =SUM(M68:M68) -> #REF! | S68: ='Qty & UMH GUM'!U68 -> #REF! | T68: =ROUNDUP((S68-R68)/$M$4,0) -> #REF! | V68: =VLOOKUP($B68,#REF!,22,0) -> #REF! | W68: =VLOOKUP($B68,#REF!,23,0) -> #REF! | X68: =VLOOKUP($B68,#REF!,24,0) -> #REF! | Y68: =VLOOKUP($B68,#REF!,25,0) -> #REF! | Z68: =VLOOKUP($B68,#REF!,26,0) -> #REF! | AA68: =SUM(V68:V68) -> #REF! | AB68: ='Qty & UMH GUM'!X68 -> #REF! | AC68: =ROUNDUP((AB68-AA68)/$V$4,0) -> #REF! | AE68: =VLOOKUP($B68,#REF!,28,0) -> #REF! | AF68: =VLOOKUP($B68,#REF!,29,0) -> #REF! | AG68: =VLOOKUP($B68,#REF!,30,0) -> #REF! | AH68: =VLOOKUP($B68,#REF!,31,0) -> #REF! | AI68: =VLOOKUP($B68,#REF!,32,0) -> #REF! | AJ68: =SUM(AE68:AE68) -> #REF! | AK68: ='Qty & UMH GUM'!AA68 -> #REF! | AL68: =ROUNDUP((AK68-AJ68)/$AE$4,0) -> #REF! | AN68: =VLOOKUP($B68,#REF!,34,0) -> #REF! | AO68: =VLOOKUP($B68,#REF!,35,0) -> #REF! | AP68: =VLOOKUP($B68,#REF!,36,0) -> #REF! | AQ68: =VLOOKUP($B68,#REF!,37,0) -> #REF! | AS68: =SUM(AN68:AN68) -> #REF! | AT68: ='Qty & UMH GUM'!AD68 -> #REF! | AU68: =ROUNDUP((AT68-AS68)/$AN$4,0) -> #REF!
B69: ='Qty & UMH GUM'!C69 -> 82111-4DW30 | C69: =+'Qty & UMH GUM'!B69 -> HEV-LHD | D69: =VLOOKUP($B69,#REF!,10,0) -> #REF! | E69: =VLOOKUP($B69,#REF!,11,0) -> #REF! | F69: =VLOOKUP($B69,#REF!,12,0) -> #REF! | G69: =VLOOKUP($B69,#REF!,13,0) -> #REF! | H69: =VLOOKUP($B69,#REF!,14,0) -> #REF! | I69: =SUM(D69:D69) -> #REF! | J69: ='Qty & UMH GUM'!R69 -> #REF! | K69: =ROUNDUP((J69-I69)/$D$4,0) -> #REF! | M69: =VLOOKUP($B69,#REF!,16,0) -> #REF! | N69: =VLOOKUP($B69,#REF!,17,0) -> #REF! | O69: =VLOOKUP($B69,#REF!,18,0) -> #REF! | P69: =VLOOKUP($B69,#REF!,19,0) -> #REF! | Q69: =VLOOKUP($B69,#REF!,20,0) -> #REF! | R69: =SUM(M69:M69) -> #REF! | S69: ='Qty & UMH GUM'!U69 -> #REF! | T69: =ROUNDUP((S69-R69)/$M$4,0) -> #REF! | V69: =VLOOKUP($B69,#REF!,22,0) -> #REF! | W69: =VLOOKUP($B69,#REF!,23,0) -> #REF! | X69: =VLOOKUP($B69,#REF!,24,0) -> #REF! | Y69: =VLOOKUP($B69,#REF!,25,0) -> #REF! | Z69: =VLOOKUP($B69,#REF!,26,0) -> #REF! | AA69: =SUM(V69:V69) -> #REF! | AB69: ='Qty & UMH GUM'!X69 -> #REF! | AC69: =ROUNDUP((AB69-AA69)/$V$4,0) -> #REF! | AE69: =VLOOKUP($B69,#REF!,28,0) -> #REF! | AF69: =VLOOKUP($B69,#REF!,29,0) -> #REF! | AG69: =VLOOKUP($B69,#REF!,30,0) -> #REF! | AH69: =VLOOKUP($B69,#REF!,31,0) -> #REF! | AI69: =VLOOKUP($B69,#REF!,32,0) -> #REF! | AJ69: =SUM(AE69:AE69) -> #REF! | AK69: ='Qty & UMH GUM'!AA69 -> #REF! | AL69: =ROUNDUP((AK69-AJ69)/$AE$4,0) -> #REF! | AN69: =VLOOKUP($B69,#REF!,34,0) -> #REF! | AO69: =VLOOKUP($B69,#REF!,35,0) -> #REF! | AP69: =VLOOKUP($B69,#REF!,36,0) -> #REF! | AQ69: =VLOOKUP($B69,#REF!,37,0) -> #REF! | AS69: =SUM(AN69:AN69) -> #REF! | AT69: ='Qty & UMH GUM'!AD69 -> #REF! | AU69: =ROUNDUP((AT69-AS69)/$AN$4,0) -> #REF!
B70: ='Qty & UMH GUM'!C70 -> 82111-4DW50 | C70: =+'Qty & UMH GUM'!B70 -> HEV-LHD | D70: =VLOOKUP($B70,#REF!,10,0) -> #REF! | E70: =VLOOKUP($B70,#REF!,11,0) -> #REF! | F70: =VLOOKUP($B70,#REF!,12,0) -> #REF! | G70: =VLOOKUP($B70,#REF!,13,0) -> #REF! | H70: =VLOOKUP($B70,#REF!,14,0) -> #REF! | I70: =SUM(D70:D70) -> #REF! | J70: ='Qty & UMH GUM'!R70 -> #REF! | K70: =ROUNDUP((J70-I70)/$D$4,0) -> #REF! | M70: =VLOOKUP($B70,#REF!,16,0) -> #REF! | N70: =VLOOKUP($B70,#REF!,17,0) -> #REF! | O70: =VLOOKUP($B70,#REF!,18,0) -> #REF! | P70: =VLOOKUP($B70,#REF!,19,0) -> #REF! | Q70: =VLOOKUP($B70,#REF!,20,0) -> #REF! | R70: =SUM(M70:M70) -> #REF! | S70: ='Qty & UMH GUM'!U70 -> #REF! | T70: =ROUNDUP((S70-R70)/$M$4,0) -> #REF! | V70: =VLOOKUP($B70,#REF!,22,0) -> #REF! | W70: =VLOOKUP($B70,#REF!,23,0) -> #REF! | X70: =VLOOKUP($B70,#REF!,24,0) -> #REF! | Y70: =VLOOKUP($B70,#REF!,25,0) -> #REF! | Z70: =VLOOKUP($B70,#REF!,26,0) -> #REF! | AA70: =SUM(V70:V70) -> #REF! | AB70: ='Qty & UMH GUM'!X70 -> #REF! | AC70: =ROUNDUP((AB70-AA70)/$V$4,0) -> #REF! | AE70: =VLOOKUP($B70,#REF!,28,0) -> #REF! | AF70: =VLOOKUP($B70,#REF!,29,0) -> #REF! | AG70: =VLOOKUP($B70,#REF!,30,0) -> #REF! | AH70: =VLOOKUP($B70,#REF!,31,0) -> #REF! | AI70: =VLOOKUP($B70,#REF!,32,0) -> #REF! | AJ70: =SUM(AE70:AE70) -> #REF! | AK70: ='Qty & UMH GUM'!AA70 -> #REF! | AL70: =ROUNDUP((AK70-AJ70)/$AE$4,0) -> #REF! | AN70: =VLOOKUP($B70,#REF!,34,0) -> #REF! | AO70: =VLOOKUP($B70,#REF!,35,0) -> #REF! | AP70: =VLOOKUP($B70,#REF!,36,0) -> #REF! | AQ70: =VLOOKUP($B70,#REF!,37,0) -> #REF! | AS70: =SUM(AN70:AN70) -> #REF! | AT70: ='Qty & UMH GUM'!AD70 -> #REF! | AU70: =ROUNDUP((AT70-AS70)/$AN$4,0) -> #REF!
B71: ='Qty & UMH GUM'!C71 -> 82111-4DW60 | C71: =+'Qty & UMH GUM'!B71 -> HEV-LHD | D71: =VLOOKUP($B71,#REF!,10,0) -> #REF! | E71: =VLOOKUP($B71,#REF!,11,0) -> #REF! | F71: =VLOOKUP($B71,#REF!,12,0) -> #REF! | G71: =VLOOKUP($B71,#REF!,13,0) -> #REF! | H71: =VLOOKUP($B71,#REF!,14,0) -> #REF! | I71: =SUM(D71:D71) -> #REF! | J71: ='Qty & UMH GUM'!R71 -> #REF! | K71: =ROUNDUP((J71-I71)/$D$4,0) -> #REF! | M71: =VLOOKUP($B71,#REF!,16,0) -> #REF! | N71: =VLOOKUP($B71,#REF!,17,0) -> #REF! | O71: =VLOOKUP($B71,#REF!,18,0) -> #REF! | P71: =VLOOKUP($B71,#REF!,19,0) -> #REF! | Q71: =VLOOKUP($B71,#REF!,20,0) -> #REF! | R71: =SUM(M71:M71) -> #REF! | S71: ='Qty & UMH GUM'!U71 -> #REF! | T71: =ROUNDUP((S71-R71)/$M$4,0) -> #REF! | V71: =VLOOKUP($B71,#REF!,22,0) -> #REF! | W71: =VLOOKUP($B71,#REF!,23,0) -> #REF! | X71: =VLOOKUP($B71,#REF!,24,0) -> #REF! | Y71: =VLOOKUP($B71,#REF!,25,0) -> #REF! | Z71: =VLOOKUP($B71,#REF!,26,0) -> #REF! | AA71: =SUM(V71:V71) -> #REF! | AB71: ='Qty & UMH GUM'!X71 -> #REF! | AC71: =ROUNDUP((AB71-AA71)/$V$4,0) -> #REF! | AE71: =VLOOKUP($B71,#REF!,28,0) -> #REF! | AF71: =VLOOKUP($B71,#REF!,29,0) -> #REF! | AG71: =VLOOKUP($B71,#REF!,30,0) -> #REF! | AH71: =VLOOKUP($B71,#REF!,31,0) -> #REF! | AI71: =VLOOKUP($B71,#REF!,32,0) -> #REF! | AJ71: =SUM(AE71:AE71) -> #REF! | AK71: ='Qty & UMH GUM'!AA71 -> #REF! | AL71: =ROUNDUP((AK71-AJ71)/$AE$4,0) -> #REF! | AN71: =VLOOKUP($B71,#REF!,34,0) -> #REF! | AO71: =VLOOKUP($B71,#REF!,35,0) -> #REF! | AP71: =VLOOKUP($B71,#REF!,36,0) -> #REF! | AQ71: =VLOOKUP($B71,#REF!,37,0) -> #REF! | AS71: =SUM(AN71:AN71) -> #REF! | AT71: ='Qty & UMH GUM'!AD71 -> #REF! | AU71: =ROUNDUP((AT71-AS71)/$AN$4,0) -> #REF!
B72: ='Qty & UMH GUM'!C72 -> 82111-4DW70 | C72: =+'Qty & UMH GUM'!B72 -> HEV-LHD | D72: =VLOOKUP($B72,#REF!,10,0) -> #REF! | E72: =VLOOKUP($B72,#REF!,11,0) -> #REF! | F72: =VLOOKUP($B72,#REF!,12,0) -> #REF! | G72: =VLOOKUP($B72,#REF!,13,0) -> #REF! | H72: =VLOOKUP($B72,#REF!,14,0) -> #REF! | I72: =SUM(D72:D72) -> #REF! | J72: ='Qty & UMH GUM'!R72 -> #REF! | K72: =ROUNDUP((J72-I72)/$D$4,0) -> #REF! | M72: =VLOOKUP($B72,#REF!,16,0) -> #REF! | N72: =VLOOKUP($B72,#REF!,17,0) -> #REF! | O72: =VLOOKUP($B72,#REF!,18,0) -> #REF! | P72: =VLOOKUP($B72,#REF!,19,0) -> #REF! | Q72: =VLOOKUP($B72,#REF!,20,0) -> #REF! | R72: =SUM(M72:M72) -> #REF! | S72: ='Qty & UMH GUM'!U72 -> #REF! | T72: =ROUNDUP((S72-R72)/$M$4,0) -> #REF! | V72: =VLOOKUP($B72,#REF!,22,0) -> #REF! | W72: =VLOOKUP($B72,#REF!,23,0) -> #REF! | X72: =VLOOKUP($B72,#REF!,24,0) -> #REF! | Y72: =VLOOKUP($B72,#REF!,25,0) -> #REF! | Z72: =VLOOKUP($B72,#REF!,26,0) -> #REF! | AA72: =SUM(V72:V72) -> #REF! | AB72: ='Qty & UMH GUM'!X72 -> #REF! | AC72: =ROUNDUP((AB72-AA72)/$V$4,0) -> #REF! | AE72: =VLOOKUP($B72,#REF!,28,0) -> #REF! | AF72: =VLOOKUP($B72,#REF!,29,0) -> #REF! | AG72: =VLOOKUP($B72,#REF!,30,0) -> #REF! | AH72: =VLOOKUP($B72,#REF!,31,0) -> #REF! | AI72: =VLOOKUP($B72,#REF!,32,0) -> #REF! | AJ72: =SUM(AE72:AE72) -> #REF! | AK72: ='Qty & UMH GUM'!AA72 -> #REF! | AL72: =ROUNDUP((AK72-AJ72)/$AE$4,0) -> #REF! | AN72: =VLOOKUP($B72,#REF!,34,0) -> #REF! | AO72: =VLOOKUP($B72,#REF!,35,0) -> #REF! | AP72: =VLOOKUP($B72,#REF!,36,0) -> #REF! | AQ72: =VLOOKUP($B72,#REF!,37,0) -> #REF! | AS72: =SUM(AN72:AN72) -> #REF! | AT72: ='Qty & UMH GUM'!AD72 -> #REF! | AU72: =ROUNDUP((AT72-AS72)/$AN$4,0) -> #REF!
B73: ='Qty & UMH GUM'!C73 -> 82111-4DW80 | C73: =+'Qty & UMH GUM'!B73 -> GAS-LHD | D73: =VLOOKUP($B73,#REF!,10,0) -> #REF! | E73: =VLOOKUP($B73,#REF!,11,0) -> #REF! | F73: =VLOOKUP($B73,#REF!,12,0) -> #REF! | G73: =VLOOKUP($B73,#REF!,13,0) -> #REF! | H73: =VLOOKUP($B73,#REF!,14,0) -> #REF! | I73: =SUM(D73:D73) -> #REF! | J73: ='Qty & UMH GUM'!R73 -> #REF! | K73: =ROUNDUP((J73-I73)/$D$4,0) -> #REF! | M73: =VLOOKUP($B73,#REF!,16,0) -> #REF! | N73: =VLOOKUP($B73,#REF!,17,0) -> #REF! | O73: =VLOOKUP($B73,#REF!,18,0) -> #REF! | P73: =VLOOKUP($B73,#REF!,19,0) -> #REF! | Q73: =VLOOKUP($B73,#REF!,20,0) -> #REF! | R73: =SUM(M73:M73) -> #REF! | S73: ='Qty & UMH GUM'!U73 -> #REF! | T73: =ROUNDUP((S73-R73)/$M$4,0) -> #REF! | V73: =VLOOKUP($B73,#REF!,22,0) -> #REF! | W73: =VLOOKUP($B73,#REF!,23,0) -> #REF! | X73: =VLOOKUP($B73,#REF!,24,0) -> #REF! | Y73: =VLOOKUP($B73,#REF!,25,0) -> #REF! | Z73: =VLOOKUP($B73,#REF!,26,0) -> #REF! | AA73: =SUM(V73:V73) -> #REF! | AB73: ='Qty & UMH GUM'!X73 -> #REF! | AC73: =ROUNDUP((AB73-AA73)/$V$4,0) -> #REF! | AE73: =VLOOKUP($B73,#REF!,28,0) -> #REF! | AF73: =VLOOKUP($B73,#REF!,29,0) -> #REF! | AG73: =VLOOKUP($B73,#REF!,30,0) -> #REF! | AH73: =VLOOKUP($B73,#REF!,31,0) -> #REF! | AI73: =VLOOKUP($B73,#REF!,32,0) -> #REF! | AJ73: =SUM(AE73:AE73) -> #REF! | AK73: ='Qty & UMH GUM'!AA73 -> #REF! | AL73: =ROUNDUP((AK73-AJ73)/$AE$4,0) -> #REF! | AN73: =VLOOKUP($B73,#REF!,34,0) -> #REF! | AO73: =VLOOKUP($B73,#REF!,35,0) -> #REF! | AP73: =VLOOKUP($B73,#REF!,36,0) -> #REF! | AQ73: =VLOOKUP($B73,#REF!,37,0) -> #REF! | AS73: =SUM(AN73:AN73) -> #REF! | AT73: ='Qty & UMH GUM'!AD73 -> #REF! | AU73: =ROUNDUP((AT73-AS73)/$AN$4,0) -> #REF!
