Workbook
Name ProdLines: [1]Chart!$A$66:$A$66

Sheet NOTES
B2: JAI Meeting Notes from 01/05
B24: Release Notes from 01/05
B40: JAI Meeting Notes from 01/08
B53: Release Notes from 01/10
B64: Release Notes from 01/15
B74: Release Notes from 01/22
B90: Release Notes from 01/29
B99: Release Notes from 02/05
B109: Release Notes from 02/12
B117: Release Notes from 02/19
B124: Release Notes from 02/26
B133: Release Notes from 03/04
... B195: 5.) Ask for updated capacity check to be filled out

Sheet Final SR
A1: 1 | F1: Yazaki North America, Inc. | P1: Boxes | Q1: =Q437/4 -> 1256 | R1: =R437/4 -> 0 | S1: =S437/4 -> 800 | T1: =T437/4 -> 800 | U1: =U437/4 -> 799 | V1: =V437/4 -> 640 | W1: =W437/4 -> 606 | X1: =X437/4 -> 441 | ... BI1: =BI437/4 -> 1002
A2: 2 | F2: Supplier Shipping Release | P2: 40FT | Q2: =Q1/160 -> 7.85 | R2: =R1/160 -> 0 | S2: =S1/160 -> 5 | T2: =T1/160 -> 5 | U2: =U1/160 -> 4.99375 | V2: =V1/160 -> 4 | W2: =W1/160 -> 3.7875 | X2: =X1/160 -> 2.75625 | ... BI2: =BI1/160 -> 6.2625
A3: 3 | Q3: SHIP | R3: FAB | Z3: RAW
A4: 4 | F4: Ordering Plant | G4: 1090 | H4: Ordering Plant Name | I4: Memphis | L4: Product Group | N4: NONE | P4: 46083 | Q4: 46090 | R4: 46097 | S4: 46104 | T4: 46111 | U4: 46118 | V4: 46125 | W4: 46132 | X4: 46139 | Y4: 46146 | Z4: 46153 | AA4: 46160 | AB4: 46167 | AC4: 46174 | AD4: 46181 | AE4: 46188 | AF4: 46195 | AG4: 46202 | AH4: 46209 | AI4: 46216 | AJ4: 46223 | AK4: 46230 | AL4: 46237 | AM4: 46244 | AN4: 46251 | AO4: 46258 | AP4: 46265 | AQ4: 46272 | AR4: 46279 | AS4: 46286 | AT4: 46293 | AU4: 46300 | AV4: 46307 | AW4: 46314 | AX4: 46321 | AY4: 46328 | AZ4: 46335 | BA4: 46342 | BB4: 46349 | BC4: 46356 | BD4: 46363 | BE4: 46370 | BF4: 46377 | BG4: 46384 | BH4: 46391 | BI4: 46398
A5: 5 | F5: Vendor | G5: 6000224 | H5: Vendor Name | I5: PT JATIM AUTOCOMP INDONESIA | L5: Date Created | N5: 46086
A7: =+A6+1 -> 1 | B7: =IF(F7=$F$7,G8,B6) -> F0013546309 | C7: =IF(F7=$F$7,G9,C6) -> 82115-0EA10 J | D7: =VLOOKUP(B7,'Timing Table'!B:J,9,0) -> C/O | E7: =VLOOKUP(B7,'Timing Table'!B:H,7,0) -> 495D-HV | F7: PSA# | G7: 5501017964 | H7: Release# | I7: 93 | J7: BEAMS ID | K7: 1177750 | M7: Release Date | O7: 46086 | P7: Std. Pack | Q7: 4
A8: =+A7+1 -> 2 | B8: =IF(F8=$F$7,G9,B7) -> F0013546309 | C8: =IF(F8=$F$7,G10,C7) -> 82115-0EA10 J | D8: =VLOOKUP(B8,'Timing Table'!B:J,9,0) -> C/O | E8: =VLOOKUP(B8,'Timing Table'!B:H,7,0) -> 495D-HV | F8: YNA Part# | G8: F0013546309 | H8: YNA Part Description | I8: 82115-0EA10_J1 491D HV-2025 82115 | M8: Model Year | N8: 2025 | O8: Eng. Revision | Q8: J1
A9: =+A8+1 -> 3 | B9: =IF(F9=$F$7,G10,B8) -> F0013546309 | C9: =IF(F9=$F$7,G11,C8) -> 82115-0EA10 J | D9: =VLOOKUP(B9,'Timing Table'!B:J,9,0) -> C/O | E9: =VLOOKUP(B9,'Timing Table'!B:H,7,0) -> 495D-HV | F9: Customer Part# | G9: 82115-0EA10 J | H9: PIA Part# | Q9: SHIP | R9: FAB | Z9: RAW
A10: =+A9+1 -> 4 | B10: =IF(F10=$F$7,G11,B9) -> F0013546309 | C10: =IF(F10=$F$7,G12,C9) -> 82115-0EA10 J | D10: =VLOOKUP(B10,'Timing Table'!B:J,9,0) -> C/O | E10: =VLOOKUP(B10,'Timing Table'!B:H,7,0) -> 495D-HV | F10: High Fab | G10: 21448 | H10: B | I10: ETD Date | J10: 46041 | K10: 46048 | L10: 46055 | M10: 46062 | N10: 46069 | O10: 46076 | P10: 46083 | Q10: 46090 | R10: 46097 | S10: 46104 | T10: 46111 | U10: 46118 | V10: 46125 | W10: 46132 | X10: 46139 | Y10: 46146 | Z10: 46153 | AA10: 46160 | AB10: 46167 | AC10: 46174 | AD10: 46181 | AE10: 46188 | AF10: 46195 | AG10: 46202 | AH10: 46209 | AI10: 46216 | AJ10: 46223 | AK10: 46230 | AL10: 46237 | AM10: 46244 | AN10: 46251 | AO10: 46258 | AP10: 46265 | AQ10: 46272 | AR10: 46279 | AS10: 46286 | AT10: 46293 | AU10: 46300 | AV10: 46307 | AW10: 46314 | AX10: 46321 | AY10: 46328 | AZ10: 46335 | BA10: 46342 | BB10: 46349 | BC10: 46356 | BD10: 46363 | BE10: 46370 | BF10: 46377 | BG10: 46384 | BH10: 46391 | BI10: 46398
A11: =+A10+1 -> 5 | B11: =IF(F11=$F$7,G12,B10) -> F0013546309 | C11: =IF(F11=$F$7,G13,C10) -> 82115-0EA10 J | D11: =VLOOKUP(B11,'Timing Table'!B:J,9,0) -> C/O | E11: =VLOOKUP(B11,'Timing Table'!B:H,7,0) -> 495D-HV | F11: High Raw | G11: 22720 | I11: ETA Date | J11: 46083 | K11: 46090 | L11: 46097 | M11: 46104 | N11: 46111 | O11: 46118 | P11: 46125 | Q11: 46132 | R11: 46139 | S11: 46146 | T11: 46153 | U11: 46160 | V11: 46167 | W11: 46174 | X11: 46181 | Y11: 46188 | Z11: 46195 | AA11: 46202 | AB11: 46209 | AC11: 46216 | AD11: 46223 | AE11: 46230 | AF11: 46237 | AG11: 46244 | AH11: 46251 | AI11: 46258 | AJ11: 46265 | AK11: 46272 | AL11: 46279 | AM11: 46286 | AN11: 46293 | AO11: 46300 | AP11: 46307 | AQ11: 46314 | AR11: 46321 | AS11: 46328 | AT11: 46335 | AU11: 46342 | AV11: 46349 | AW11: 46356 | AX11: 46363 | AY11: 46370 | AZ11: 46377 | BA11: 46384 | BB11: 46391 | BC11: 46398 | BD11: 46399 | BE11: 46406 | BF11: 46413 | BG11: 46420 | BH11: 46427 | BI11: =+BH11+7 -> 46434
A12: =+A11+1 -> 6 | B12: =IF(F12=$F$7,G13,B11) -> F0013546309 | C12: =IF(F12=$F$7,G14,C11) -> 82115-0EA10 J | D12: =VLOOKUP(B12,'Timing Table'!B:J,9,0) -> C/O | E12: =VLOOKUP(B12,'Timing Table'!B:H,7,0) -> 495D-HV | F12: Car line | G12: GRAND HIGHLANDER HYBRID 200D | H12: 82115-0EA10 | I12: Net | J12: 1444 | K12: 0 | L12: 0 | M12: 0 | N12: 0 | O12: 0 | P12: 0 | Q12: 0 | R12: 0 | S12: 0 | T12: 0 | U12: 0 | V12: 0 | W12: 0 | X12: 0 | Y12: 0 | Z12: 0 | AA12: 0 | AB12: 0 | AC12: 0 | AD12: 0 | AE12: 0 | AF12: 0 | AG12: 0 | AH12: 0 | AI12: 0 | AJ12: 0 | AK12: 0 | AL12: 0 | AM12: 0 | AN12: 0 | AO12: 0 | AP12: 0 | AQ12: 0 | AR12: 0 | AS12: 0 | AT12: 0 | AU12: 0 | AV12: 0 | AW12: 0 | AX12: 0 | AY12: 0 | AZ12: 0 | BA12: 0 | BB12: 0 | BC12: 0 | BD12: 0 | BE12: 0 | BF12: 0 | BG12: 0 | BH12: 0 | BI12: 0
A13: =+A12+1 -> 7 | B13: =IF(F13=$F$7,G14,B12) -> F0013546309 | C13: =IF(F13=$F$7,G15,C12) -> 82115-0EA10 J | D13: =VLOOKUP(B13,'Timing Table'!B:J,9,0) -> C/O | E13: =VLOOKUP(B13,'Timing Table'!B:H,7,0) -> 495D-HV | F13: Family | G13: 82115 | H13: 82115-0EA10 | I13: Cum | J13: 21448 | K13: 21448 | L13: 21448 | M13: 21448 | N13: 21448 | O13: 21448 | P13: 21448 | Q13: 21448 | R13: 21448 | S13: 21448 | T13: 21448 | U13: 21448 | V13: 21448 | W13: 21448 | X13: 21448 | Y13: 21448 | Z13: 21448 | AA13: 21448 | AB13: 21448 | AC13: 21448 | AD13: 21448 | AE13: 21448 | AF13: 21448 | AG13: 21448 | AH13: 21448 | AI13: 21448 | AJ13: 21448 | AK13: 21448 | AL13: 21448 | AM13: 21448 | AN13: 21448 | AO13: 21448 | AP13: 21448 | AQ13: 21448 | AR13: 21448 | AS13: 21448 | AT13: 21448 | AU13: 21448 | AV13: 21448 | AW13: 21448 | AX13: 21448 | AY13: 21448 | AZ13: 21448 | BA13: 21448 | BB13: 21448 | BC13: 21448 | BD13: 21448 | BE13: 21448 | BF13: 21448 | BG13: 21448 | BH13: 21448 | BI13: 21448
A14: =+A13+1 -> 8 | B14: =IF(F14=$F$7,G15,B13) -> F0013546309 | C14: =IF(F14=$F$7,G16,C13) -> 82115-0EA10 J | D14: =VLOOKUP(B14,'Timing Table'!B:J,9,0) -> C/O | E14: =VLOOKUP(B14,'Timing Table'!B:H,7,0) -> 495D-HV | F14: Cum Received | G14: 20004 | H14: Last Goods Receipt Invoice | J14: JAOJ60001B
A15: =+A14+1 -> 9 | B15: =IF(F15=$F$7,G16,B14) -> F0013546309 | C15: =IF(F15=$F$7,G17,C14) -> 82115-0EA10 J | D15: =VLOOKUP(B15,'Timing Table'!B:J,9,0) -> C/O | E15: =VLOOKUP(B15,'Timing Table'!B:H,7,0) -> 495D-HV | F15: Comments
A16: =+A15+1 -> 10 | B16: =IF(F16=$F$7,G17,B15) -> F0013546309 | C16: =IF(F16=$F$7,G18,C15) -> 82115-0EA10 J | D16: =VLOOKUP(B16,'Timing Table'!B:J,9,0) -> C/O | E16: =VLOOKUP(B16,'Timing Table'!B:H,7,0) -> 495D-HV
A17: =+A16+1 -> 11 | B17: =IF(F17=$F$7,G18,B16) -> F0013546310 | C17: =IF(F17=$F$7,G19,C16) -> 82115-0EA10 K | D17: =VLOOKUP(B17,'Timing Table'!B:J,9,0) -> C/O | E17: =VLOOKUP(B17,'Timing Table'!B:H,7,0) -> 495D-HV | F17: PSA# | G17: 5501060671 | H17: Release# | I17: 18 | J17: BEAMS ID | K17: 1179886 | M17: Release Date | O17: 46086 | P17: Std. Pack | Q17: 4
A18: =+A17+1 -> 12 | B18: =IF(F18=$F$7,G19,B17) -> F0013546310 | C18: =IF(F18=$F$7,G20,C17) -> 82115-0EA10 K | D18: =VLOOKUP(B18,'Timing Table'!B:J,9,0) -> C/O | E18: =VLOOKUP(B18,'Timing Table'!B:H,7,0) -> 495D-HV | F18: YNA Part# | G18: F0013546310 | H18: YNA Part Description | I18: 82115-0EA10_K0 491D-2025 82115 | M18: Model Year | N18: 2023 | O18: Eng. Revision | Q18: K0
A19: =+A18+1 -> 13 | B19: =IF(F19=$F$7,G20,B18) -> F0013546310 | C19: =IF(F19=$F$7,G21,C18) -> 82115-0EA10 K | D19: =VLOOKUP(B19,'Timing Table'!B:J,9,0) -> C/O | E19: =VLOOKUP(B19,'Timing Table'!B:H,7,0) -> 495D-HV | F19: Customer Part# | G19: 82115-0EA10 K | H19: PIA Part# | Q19: SHIP | R19: FAB | Z19: RAW
A20: =+A19+1 -> 14 | B20: =IF(F20=$F$7,G21,B19) -> F0013546310 | C20: =IF(F20=$F$7,G22,C19) -> 82115-0EA10 K | D20: =VLOOKUP(B20,'Timing Table'!B:J,9,0) -> C/O | E20: =VLOOKUP(B20,'Timing Table'!B:H,7,0) -> 495D-HV | F20: High Fab | G20: 5536 | H20: B | I20: ETD Date | J20: 46041 | K20: 46048 | L20: 46055 | M20: 46062 | N20: 46069 | O20: 46076 | P20: 46083 | Q20: 46090 | R20: 46097 | S20: 46104 | T20: 46111 | U20: 46118 | V20: 46125 | W20: 46132 | X20: 46139 | Y20: 46146 | Z20: 46153 | AA20: 46160 | AB20: 46167 | AC20: 46174 | AD20: 46181 | AE20: 46188 | AF20: 46195 | AG20: 46202 | AH20: 46209 | AI20: 46216 | AJ20: 46223 | AK20: 46230 | AL20: 46237 | AM20: 46244 | AN20: 46251 | AO20: 46258 | AP20: 46265 | AQ20: 46272 | AR20: 46279 | AS20: 46286 | AT20: 46293 | AU20: 46300 | AV20: 46307 | AW20: 46314 | AX20: 46321 | AY20: 46328 | AZ20: 46335 | BA20: 46342 | BB20: 46349 | BC20: 46356 | BD20: 46363 | BE20: 46370 | BF20: 46377 | BG20: 46384 | BH20: 46391 | BI20: 46398
A21: =+A20+1 -> 15 | B21: =IF(F21=$F$7,G22,B20) -> F0013546310 | C21: =IF(F21=$F$7,G23,C20) -> 82115-0EA10 K | D21: =VLOOKUP(B21,'Timing Table'!B:J,9,0) -> C/O | E21: =VLOOKUP(B21,'Timing Table'!B:H,7,0) -> 495D-HV | F21: High Raw | G21: 8080 | I21: ETA Date
A22: =+A21+1 -> 16 | B22: =IF(F22=$F$7,G23,B21) -> F0013546310 | C22: =IF(F22=$F$7,G24,C21) -> 82115-0EA10 K | D22: =VLOOKUP(B22,'Timing Table'!B:J,9,0) -> C/O | E22: =VLOOKUP(B22,'Timing Table'!B:H,7,0) -> 495D-HV | F22: Car line | G22: GRAND HIGHLANDER HYBRID 200D | H22: 82115-0EA10 | I22: Net | J22: 456 | K22: 680 | L22: 320 | M22: 592 | N22: 1172 | O22: 640 | P22: 400 | Q22: 780 | R22: 0 | S22: 496 | T22: 228 | U22: 512 | V22: 284 | W22: 480 | X22: 304 | Y22: 304 | Z22: 432 | AA22: 564 | AB22: 564 | AC22: 568 | AD22: 476 | AE22: 480 | AF22: 392 | AG22: 544 | AH22: 324 | AI22: 556 | AJ22: 528 | AK22: 532 | AL22: 732 | AM22: 736 | AN22: 736 | AO22: 736 | AP22: 736 | AQ22: 736 | AR22: 736 | AS22: 736 | AT22: 736 | AU22: 736 | AV22: 736 | AW22: 736 | AX22: 736 | AY22: 736 | AZ22: 736 | BA22: 736 | BB22: 736 | BC22: 736 | BD22: 736 | BE22: 736 | BF22: 736 | BG22: 736 | BH22: 736 | BI22: 736
A23: =+A22+1 -> 17 | B23: =IF(F23=$F$7,G24,B22) -> F0013546310 | C23: =IF(F23=$F$7,G25,C22) -> 82115-0EA10 K | D23: =VLOOKUP(B23,'Timing Table'!B:J,9,0) -> C/O | E23: =VLOOKUP(B23,'Timing Table'!B:H,7,0) -> 495D-HV | F23: Family | G23: 82115 | H23: 82115-0EA10 | I23: Cum | J23: 456 | K23: 1136 | L23: 1456 | M23: 2048 | N23: 3220 | O23: 3860 | P23: 4260 | Q23: 5040 | R23: 5040 | S23: 5536 | T23: 5764 | U23: 6276 | V23: 6560 | W23: 7040 | X23: 7344 | Y23: 7648 | Z23: 8080 | AA23: 8644 | AB23: 9208 | AC23: 9776 | AD23: 10252 | AE23: 10732 | AF23: 11124 | AG23: 11668 | AH23: 11992 | AI23: 12548 | AJ23: 13076 | AK23: 13608 | AL23: 14340 | AM23: 15076 | AN23: 15812 | AO23: 16548 | AP23: 17284 | AQ23: 18020 | AR23: 18756 | AS23: 19492 | AT23: 20228 | AU23: 20964 | AV23: 21700 | AW23: 22436 | AX23: 23172 | AY23: 23908 | AZ23: 24644 | BA23: 25380 | BB23: 26116 | BC23: 26852 | BD23: 27588 | BE23: 28324 | BF23: 29060 | BG23: 29796 | BH23: 30532 | BI23: 31268
A24: =+A23+1 -> 18 | B24: =IF(F24=$F$7,G25,B23) -> F0013546310 | C24: =IF(F24=$F$7,G26,C23) -> 82115-0EA10 K | D24: =VLOOKUP(B24,'Timing Table'!B:J,9,0) -> C/O | E24: =VLOOKUP(B24,'Timing Table'!B:H,7,0) -> 495D-HV | F24: Cum Received | G24: 0 | H24: Last Goods Receipt Invoice | Q24: 0.95
A25: =+A24+1 -> 19 | B25: =IF(F25=$F$7,G26,B24) -> F0013546310 | C25: =IF(F25=$F$7,G27,C24) -> 82115-0EA10 K | D25: =VLOOKUP(B25,'Timing Table'!B:J,9,0) -> C/O | E25: =VLOOKUP(B25,'Timing Table'!B:H,7,0) -> 495D-HV | F25: Comments | Q25: SNPs: 95
A26: =+A25+1 -> 20 | B26: =IF(F26=$F$7,G27,B25) -> F0013546310 | C26: =IF(F26=$F$7,G28,C25) -> 82115-0EA10 K | D26: =VLOOKUP(B26,'Timing Table'!B:J,9,0) -> C/O | E26: =VLOOKUP(B26,'Timing Table'!B:H,7,0) -> 495D-HV
A27: =+A26+1 -> 21 | B27: =IF(F27=$F$7,G28,B26) -> F0013546510 | C27: =IF(F27=$F$7,G29,C26) -> 82115-0E480 K | D27: =VLOOKUP(B27,'Timing Table'!B:J,9,0) -> C/O | E27: =VLOOKUP(B27,'Timing Table'!B:H,7,0) -> 495D-HV | F27: PSA# | G27: 5501044286 | H27: Release# | I27: 51 | J27: BEAMS ID | K27: 1179884 | M27: Release Date | O27: 46086 | P27: Std. Pack | Q27: 4
A28: =+A27+1 -> 22 | B28: =IF(F28=$F$7,G29,B27) -> F0013546510 | C28: =IF(F28=$F$7,G30,C27) -> 82115-0E480 K | D28: =VLOOKUP(B28,'Timing Table'!B:J,9,0) -> C/O | E28: =VLOOKUP(B28,'Timing Table'!B:H,7,0) -> 495D-HV | F28: YNA Part# | G28: F0013546510 | H28: YNA Part Description | I28: 82115-0E480_K0 491D-2025 82115 | M28: Model Year | N28: 2023 | O28: Eng. Revision | Q28: K0
A29: =+A28+1 -> 23 | B29: =IF(F29=$F$7,G30,B28) -> F0013546510 | C29: =IF(F29=$F$7,G31,C28) -> 82115-0E480 K | D29: =VLOOKUP(B29,'Timing Table'!B:J,9,0) -> C/O | E29: =VLOOKUP(B29,'Timing Table'!B:H,7,0) -> 495D-HV | F29: Customer Part# | G29: 82115-0E480 K | H29: PIA Part# | Q29: SHIP | R29: FAB | Z29: RAW
A30: =+A29+1 -> 24 | B30: =IF(F30=$F$7,G31,B29) -> F0013546510 | C30: =IF(F30=$F$7,G32,C29) -> 82115-0E480 K | D30: =VLOOKUP(B30,'Timing Table'!B:J,9,0) -> C/O | E30: =VLOOKUP(B30,'Timing Table'!B:H,7,0) -> 495D-HV | F30: High Fab | G30: 7576 | I30: ETD Date | J30: 46041 | K30: 46048 | L30: 46055 | M30: 46062 | N30: 46069 | O30: 46076 | P30: 46083 | Q30: 46090 | R30: 46097 | S30: 46104 | T30: 46111 | U30: 46118 | V30: 46125 | W30: 46132 | X30: 46139 | Y30: 46146 | Z30: 46153 | AA30: 46160 | AB30: 46167 | AC30: 46174 | AD30: 46181 | AE30: 46188 | AF30: 46195 | AG30: 46202 | AH30: 46209 | AI30: 46216 | AJ30: 46223 | AK30: 46230 | AL30: 46237 | AM30: 46244 | AN30: 46251 | AO30: 46258 | AP30: 46265 | AQ30: 46272 | AR30: 46279 | AS30: 46286 | AT30: 46293 | AU30: 46300 | AV30: 46307 | AW30: 46314 | AX30: 46321 | AY30: 46328 | AZ30: 46335 | BA30: 46342 | BB30: 46349 | BC30: 46356 | BD30: 46363 | BE30: 46370 | BF30: 46377 | BG30: 46384 | BH30: 46391 | BI30: 46398
A31: =+A30+1 -> 25 | B31: =IF(F31=$F$7,G32,B30) -> F0013546510 | C31: =IF(F31=$F$7,G33,C30) -> 82115-0E480 K | D31: =VLOOKUP(B31,'Timing Table'!B:J,9,0) -> C/O | E31: =VLOOKUP(B31,'Timing Table'!B:H,7,0) -> 495D-HV | F31: High Raw | G31: 9836 | I31: ETA Date
A32: =+A31+1 -> 26 | B32: =IF(F32=$F$7,G33,B31) -> F0013546510 | C32: =IF(F32=$F$7,G34,C31) -> 82115-0E480 K | D32: =VLOOKUP(B32,'Timing Table'!B:J,9,0) -> C/O | E32: =VLOOKUP(B32,'Timing Table'!B:H,7,0) -> 495D-HV | F32: Car line | G32: GRAND HIGHLANDER HYBRID 491D | H32: 82115-0E480 | I32: Net | J32: 788 | K32: 348 | L32: 348 | M32: 348 | N32: 348 | O32: 348 | P32: 520 | Q32: 524 | R32: 0 | S32: 596 | T32: 248 | U32: 248 | V32: 248 | W32: 248 | X32: 248 | Y32: 248 | Z32: 248 | AA32: 248 | AB32: 248 | AC32: 248 | AD32: 248 | AE32: 248 | AF32: 248 | AG32: 248 | AH32: 248 | AI32: 248 | AJ32: 248 | AK32: 248 | AL32: 248 | AM32: 248 | AN32: 248 | AO32: 248 | AP32: 248 | AQ32: 248 | AR32: 248 | AS32: 248 | AT32: 248 | AU32: 248 | AV32: 248 | AW32: 248 | AX32: 248 | AY32: 248 | AZ32: 248 | BA32: 248 | BB32: 248 | BC32: 248 | BD32: 248 | BE32: 248 | BF32: 248 | BG32: 248 | BH32: 248 | BI32: 248
A33: =+A32+1 -> 27 | B33: =IF(F33=$F$7,G34,B32) -> F0013546510 | C33: =IF(F33=$F$7,G35,C32) -> 82115-0E480 K | D33: =VLOOKUP(B33,'Timing Table'!B:J,9,0) -> C/O | E33: =VLOOKUP(B33,'Timing Table'!B:H,7,0) -> 495D-HV | F33: Family | G33: 82115 | H33: 82115-0E480 | I33: Cum | J33: 4444 | K33: 4792 | L33: 5140 | M33: 5488 | N33: 5836 | O33: 6184 | P33: 6704 | Q33: 7228 | R33: 7228 | S33: 7824 | T33: 8072 | U33: 8320 | V33: 8568 | W33: 8816 | X33: 9064 | Y33: 9312 | Z33: 9560 | AA33: 9808 | AB33: 10056 | AC33: 10304 | AD33: 10552 | AE33: 10800 | AF33: 11048 | AG33: 11296 | AH33: 11544 | AI33: 11792 | AJ33: 12040 | AK33: 12288 | AL33: 12536 | AM33: 12784 | AN33: 13032 | AO33: 13280 | AP33: 13528 | AQ33: 13776 | AR33: 14024 | AS33: 14272 | AT33: 14520 | AU33: 14768 | AV33: 15016 | AW33: 15264 | AX33: 15512 | AY33: 15760 | AZ33: 16008 | BA33: 16256 | BB33: 16504 | BC33: 16752 | BD33: 17000 | BE33: 17248 | BF33: 17496 | BG33: 17744 | BH33: 17992 | BI33: 18240
A34: =+A33+1 -> 28 | B34: =IF(F34=$F$7,G35,B33) -> F0013546510 | C34: =IF(F34=$F$7,G36,C33) -> 82115-0E480 K | D34: =VLOOKUP(B34,'Timing Table'!B:J,9,0) -> C/O | E34: =VLOOKUP(B34,'Timing Table'!B:H,7,0) -> 495D-HV | F34: Cum Received | G34: 3656 | H34: Last Goods Receipt Invoice | J34: JAOJ50240B | Q34: 0.0076923077
A35: =+A34+1 -> 29 | B35: =IF(F35=$F$7,G36,B34) -> F0013546510 | C35: =IF(F35=$F$7,#REF!,C34) -> 82115-0E480 K | D35: =VLOOKUP(B35,'Timing Table'!B:J,9,0) -> C/O | E35: =VLOOKUP(B35,'Timing Table'!B:H,7,0) -> 495D-HV | F35: Comments | Q35: SNPs: 1
A36: =+A35+1 -> 30 | B36: =IF(F36=$F$7,#REF!,B35) -> F0013546510 | C36: =IF(F36=$F$7,#REF!,C35) -> 82115-0E480 K | D36: =VLOOKUP(B36,'Timing Table'!B:J,9,0) -> C/O | E36: =VLOOKUP(B36,'Timing Table'!B:H,7,0) -> 495D-HV
A37: =+A36+1 -> 31 | B37: =IF(F37=$F$7,G38,#REF!) -> F0013547309 | C37: =IF(F37=$F$7,G39,#REF!) -> 82115-0E490 J | D37: =VLOOKUP(B37,'Timing Table'!B:J,9,0) -> C/O | E37: =VLOOKUP(B37,'Timing Table'!B:H,7,0) -> 495D-HV | F37: PSA# | G37: 5501017963 | H37: Release# | I37: 91 | J37: BEAMS ID | K37: 1177749 | M37: Release Date | O37: 46086 | P37: Std. Pack | Q37: 4
A38: =+A37+1 -> 32 | B38: =IF(F38=$F$7,G39,B37) -> F0013547309 | C38: =IF(F38=$F$7,G40,C37) -> 82115-0E490 J | D38: =VLOOKUP(B38,'Timing Table'!B:J,9,0) -> C/O | E38: =VLOOKUP(B38,'Timing Table'!B:H,7,0) -> 495D-HV | F38: YNA Part# | G38: F0013547309 | H38: YNA Part Description | I38: 82115-0E490_J1 491D HV-2025 82115 | M38: Model Year | N38: 2023 | O38: Eng. Revision | Q38: J1
A39: =+A38+1 -> 33 | B39: =IF(F39=$F$7,G40,B38) -> F0013547309 | C39: =IF(F39=$F$7,G41,C38) -> 82115-0E490 J | D39: =VLOOKUP(B39,'Timing Table'!B:J,9,0) -> C/O | E39: =VLOOKUP(B39,'Timing Table'!B:H,7,0) -> 495D-HV | F39: Customer Part# | G39: 82115-0E490 J | H39: PIA Part# | Q39: SHIP | R39: FAB | Z39: RAW
A40: =+A39+1 -> 34 | B40: =IF(F40=$F$7,G41,B39) -> F0013547309 | C40: =IF(F40=$F$7,G42,C39) -> 82115-0E490 J | D40: =VLOOKUP(B40,'Timing Table'!B:J,9,0) -> C/O | E40: =VLOOKUP(B40,'Timing Table'!B:H,7,0) -> 495D-HV | F40: High Fab | G40: 4940 | H40: C | I40: ETD Date | J40: 46041 | K40: 46048 | L40: 46055 | M40: 46062 | N40: 46069 | O40: 46076 | P40: 46083 | Q40: 46090 | R40: 46097 | S40: 46104 | T40: 46111 | U40: 46118 | V40: 46125 | W40: 46132 | X40: 46139 | Y40: 46146 | Z40: 46153 | AA40: 46160 | AB40: 46167 | AC40: 46174 | AD40: 46181 | AE40: 46188 | AF40: 46195 | AG40: 46202 | AH40: 46209 | AI40: 46216 | AJ40: 46223 | AK40: 46230 | AL40: 46237 | AM40: 46244 | AN40: 46251 | AO40: 46258 | AP40: 46265 | AQ40: 46272 | AR40: 46279 | AS40: 46286 | AT40: 46293 | AU40: 46300 | AV40: 46307 | AW40: 46314 | AX40: 46321 | AY40: 46328 | AZ40: 46335 | BA40: 46342 | BB40: 46349 | BC40: 46356 | BD40: 46363 | BE40: 46370 | BF40: 46377 | BG40: 46384 | BH40: 46391 | BI40: 46398
A41: =+A40+1 -> 35 | B41: =IF(F41=$F$7,G42,B40) -> F0013547309 | C41: =IF(F41=$F$7,G43,C40) -> 82115-0E490 J | D41: =VLOOKUP(B41,'Timing Table'!B:J,9,0) -> C/O | E41: =VLOOKUP(B41,'Timing Table'!B:H,7,0) -> 495D-HV | F41: High Raw | G41: 5128 | I41: ETA Date
A42: =+A41+1 -> 36 | B42: =IF(F42=$F$7,G43,B41) -> F0013547309 | C42: =IF(F42=$F$7,G44,C41) -> 82115-0E490 J | D42: =VLOOKUP(B42,'Timing Table'!B:J,9,0) -> C/O | E42: =VLOOKUP(B42,'Timing Table'!B:H,7,0) -> 495D-HV | F42: Car line | G42: GRAND HIGHLANDER HYBRID 200D | H42: 82115-0E490 | I42: Net | J42: 372 | K42: 0 | L42: 0 | M42: 0 | N42: 0 | O42: 0 | P42: 0 | Q42: 0 | R42: 0 | S42: 0 | T42: 0 | U42: 0 | V42: 0 | W42: 0 | X42: 0 | Y42: 0 | Z42: 0 | AA42: 0 | AB42: 0 | AC42: 0 | AD42: 0 | AE42: 0 | AF42: 0 | AG42: 0 | AH42: 0 | AI42: 0 | AJ42: 0 | AK42: 0 | AL42: 0 | AM42: 0 | AN42: 0 | AO42: 0 | AP42: 0 | AQ42: 0 | AR42: 0 | AS42: 0 | AT42: 0 | AU42: 0 | AV42: 0 | AW42: 0 | AX42: 0 | AY42: 0 | AZ42: 0 | BA42: 0 | BB42: 0 | BC42: 0 | BD42: 0 | BE42: 0 | BF42: 0 | BG42: 0 | BH42: 0 | BI42: 0
A43: =+A42+1 -> 37 | B43: =IF(F43=$F$7,G44,B42) -> F0013547309 | C43: =IF(F43=$F$7,G45,C42) -> 82115-0E490 J | D43: =VLOOKUP(B43,'Timing Table'!B:J,9,0) -> C/O | E43: =VLOOKUP(B43,'Timing Table'!B:H,7,0) -> 495D-HV | F43: Family | G43: 82115 | H43: 82115-0E490 | I43: Cum | J43: 4940 | K43: 4940 | L43: 4940 | M43: 4940 | N43: 4940 | O43: 4940 | P43: 4940 | Q43: 4940 | R43: 4940 | S43: 4940 | T43: 4940 | U43: 4940 | V43: 4940 | W43: 4940 | X43: 4940 | Y43: 4940 | Z43: 4940 | AA43: 4940 | AB43: 4940 | AC43: 4940 | AD43: 4940 | AE43: 4940 | AF43: 4940 | AG43: 4940 | AH43: 4940 | AI43: 4940 | AJ43: 4940 | AK43: 4940 | AL43: 4940 | AM43: 4940 | AN43: 4940 | AO43: 4940 | AP43: 4940 | AQ43: 4940 | AR43: 4940 | AS43: 4940 | AT43: 4940 | AU43: 4940 | AV43: 4940 | AW43: 4940 | AX43: 4940 | AY43: 4940 | AZ43: 4940 | BA43: 4940 | BB43: 4940 | BC43: 4940 | BD43: 4940 | BE43: 4940 | BF43: 4940 | BG43: 4940 | BH43: 4940 | BI43: 4940
A44: =+A43+1 -> 38 | B44: =IF(F44=$F$7,G45,B43) -> F0013547309 | C44: =IF(F44=$F$7,G46,C43) -> 82115-0E490 J | D44: =VLOOKUP(B44,'Timing Table'!B:J,9,0) -> C/O | E44: =VLOOKUP(B44,'Timing Table'!B:H,7,0) -> 495D-HV | F44: Cum Received | G44: 4568 | H44: Last Goods Receipt Invoice | J44: JAOJ60001B
A45: =+A44+1 -> 39 | B45: =IF(F45=$F$7,G46,B44) -> F0013547309 | C45: =IF(F45=$F$7,G47,C44) -> 82115-0E490 J | D45: =VLOOKUP(B45,'Timing Table'!B:J,9,0) -> C/O | E45: =VLOOKUP(B45,'Timing Table'!B:H,7,0) -> 495D-HV | F45: Comments
A46: =+A45+1 -> 40 | B46: =IF(F46=$F$7,G47,B45) -> F0013547309 | C46: =IF(F46=$F$7,G48,C45) -> 82115-0E490 J | D46: =VLOOKUP(B46,'Timing Table'!B:J,9,0) -> C/O | E46: =VLOOKUP(B46,'Timing Table'!B:H,7,0) -> 495D-HV
A47: =+A46+1 -> 41 | B47: =IF(F47=$F$7,G48,B46) -> F0013547310 | C47: =IF(F47=$F$7,G49,C46) -> 82115-0E490 K | D47: =VLOOKUP(B47,'Timing Table'!B:J,9,0) -> C/O | E47: =VLOOKUP(B47,'Timing Table'!B:H,7,0) -> 495D-HV | F47: PSA# | G47: 5501060670 | H47: Release# | I47: 18 | J47: BEAMS ID | K47: 1179885 | M47: Release Date | O47: 46086 | P47: Std. Pack | Q47: 4
A48: =+A47+1 -> 42 | B48: =IF(F48=$F$7,G49,B47) -> F0013547310 | C48: =IF(F48=$F$7,G50,C47) -> 82115-0E490 K | D48: =VLOOKUP(B48,'Timing Table'!B:J,9,0) -> C/O | E48: =VLOOKUP(B48,'Timing Table'!B:H,7,0) -> 495D-HV | F48: YNA Part# | G48: F0013547310 | H48: YNA Part Description | I48: 82115-0E490_K0 491D-2025 82115 | M48: Model Year | N48: 2025 | O48: Eng. Revision | Q48: K0
A49: =+A48+1 -> 43 | B49: =IF(F49=$F$7,G50,B48) -> F0013547310 | C49: =IF(F49=$F$7,G51,C48) -> 82115-0E490 K | D49: =VLOOKUP(B49,'Timing Table'!B:J,9,0) -> C/O | E49: =VLOOKUP(B49,'Timing Table'!B:H,7,0) -> 495D-HV | F49: Customer Part# | G49: 82115-0E490 K | H49: PIA Part# | Q49: SHIP | R49: FAB | Z49: RAW
A50: =+A49+1 -> 44 | B50: =IF(F50=$F$7,G51,B49) -> F0013547310 | C50: =IF(F50=$F$7,G52,C49) -> 82115-0E490 K | D50: =VLOOKUP(B50,'Timing Table'!B:J,9,0) -> C/O | E50: =VLOOKUP(B50,'Timing Table'!B:H,7,0) -> 495D-HV | F50: High Fab | G50: 976 | H50: C | I50: ETD Date | J50: 46041 | K50: 46048 | L50: 46055 | M50: 46062 | N50: 46069 | O50: 46076 | P50: 46083 | Q50: 46090 | R50: 46097 | S50: 46104 | T50: 46111 | U50: 46118 | V50: 46125 | W50: 46132 | X50: 46139 | Y50: 46146 | Z50: 46153 | AA50: 46160 | AB50: 46167 | AC50: 46174 | AD50: 46181 | AE50: 46188 | AF50: 46195 | AG50: 46202 | AH50: 46209 | AI50: 46216 | AJ50: 46223 | AK50: 46230 | AL50: 46237 | AM50: 46244 | AN50: 46251 | AO50: 46258 | AP50: 46265 | AQ50: 46272 | AR50: 46279 | AS50: 46286 | AT50: 46293 | AU50: 46300 | AV50: 46307 | AW50: 46314 | AX50: 46321 | AY50: 46328 | AZ50: 46335 | BA50: 46342 | BB50: 46349 | BC50: 46356 | BD50: 46363 | BE50: 46370 | BF50: 46377 | BG50: 46384 | BH50: 46391 | BI50: 46398
A51: =+A50+1 -> 45 | B51: =IF(F51=$F$7,G52,B50) -> F0013547310 | C51: =IF(F51=$F$7,G53,C50) -> 82115-0E490 K | D51: =VLOOKUP(B51,'Timing Table'!B:J,9,0) -> C/O | E51: =VLOOKUP(B51,'Timing Table'!B:H,7,0) -> 495D-HV | F51: High Raw | G51: 1808 | I51: ETA Date
A52: =+A51+1 -> 46 | B52: =IF(F52=$F$7,G53,B51) -> F0013547310 | C52: =IF(F52=$F$7,G54,C51) -> 82115-0E490 K | D52: =VLOOKUP(B52,'Timing Table'!B:J,9,0) -> C/O | E52: =VLOOKUP(B52,'Timing Table'!B:H,7,0) -> 495D-HV | F52: Car line | G52: GRAND HIGHLANDER 491D | H52: 82115-0E490 | I52: Net | J52: 136 | K52: 84 | L52: 168 | M52: 228 | N52: 0 | O52: 56 | P52: 304 | Q52: 0 | R52: 0 | S52: 52 | T52: 84 | U52: 88 | V52: 84 | W52: 76 | X52: 60 | Y52: 60 | Z52: 80 | AA52: 104 | AB52: 100 | AC52: 104 | AD52: 84 | AE52: 112 | AF52: 68 | AG52: 100 | AH52: 40 | AI52: 104 | AJ52: 96 | AK52: 96 | AL52: 156 | AM52: 112 | AN52: 120 | AO52: 120 | AP52: 120 | AQ52: 120 | AR52: 120 | AS52: 120 | AT52: 120 | AU52: 120 | AV52: 120 | AW52: 120 | AX52: 120 | AY52: 120 | AZ52: 120 | BA52: 120 | BB52: 120 | BC52: 120 | BD52: 120 | BE52: 120 | BF52: 120 | BG52: 120 | BH52: 120 | BI52: 120
A53: =+A52+1 -> 47 | B53: =IF(F53=$F$7,G54,B52) -> F0013547310 | C53: =IF(F53=$F$7,G55,C52) -> 82115-0E490 K | D53: =VLOOKUP(B53,'Timing Table'!B:J,9,0) -> C/O | E53: =VLOOKUP(B53,'Timing Table'!B:H,7,0) -> 495D-HV | F53: Family | G53: 82115 | H53: 82115-0E490 | I53: Cum | J53: 136 | K53: 220 | L53: 388 | M53: 616 | N53: 616 | O53: 672 | P53: 976 | Q53: 976 | R53: 976 | S53: 1028 | T53: 1112 | U53: 1200 | V53: 1284 | W53: 1360 | X53: 1420 | Y53: 1480 | Z53: 1560 | AA53: 1664 | AB53: 1764 | AC53: 1868 | AD53: 1952 | AE53: 2064 | AF53: 2132 | AG53: 2232 | AH53: 2272 | AI53: 2376 | AJ53: 2472 | AK53: 2568 | AL53: 2724 | AM53: 2836 | AN53: 2956 | AO53: 3076 | AP53: 3196 | AQ53: 3316 | AR53: 3436 | AS53: 3556 | AT53: 3676 | AU53: 3796 | AV53: 3916 | AW53: 4036 | AX53: 4156 | AY53: 4276 | AZ53: 4396 | BA53: 4516 | BB53: 4636 | BC53: 4756 | BD53: 4876 | BE53: 4996 | BF53: 5116 | BG53: 5236 | BH53: 5356 | BI53: 5476
A54: =+A53+1 -> 48 | B54: =IF(F54=$F$7,G55,B53) -> F0013547310 | C54: =IF(F54=$F$7,G56,C53) -> 82115-0E490 K | D54: =VLOOKUP(B54,'Timing Table'!B:J,9,0) -> C/O | E54: =VLOOKUP(B54,'Timing Table'!B:H,7,0) -> 495D-HV | F54: Cum Received | G54: 0 | H54: Last Goods Receipt Invoice | Q54: -1
A55: =+A54+1 -> 49 | B55: =IF(F55=$F$7,G56,B54) -> F0013547310 | C55: =IF(F55=$F$7,G57,C54) -> 82115-0E490 K | D55: =VLOOKUP(B55,'Timing Table'!B:J,9,0) -> C/O | E55: =VLOOKUP(B55,'Timing Table'!B:H,7,0) -> 495D-HV | F55: Comments | Q55: SNPs: -76
A56: =+A55+1 -> 50 | B56: =IF(F56=$F$7,G57,B55) -> F0013547310 | C56: =IF(F56=$F$7,G58,C55) -> 82115-0E490 K | D56: =VLOOKUP(B56,'Timing Table'!B:J,9,0) -> C/O | E56: =VLOOKUP(B56,'Timing Table'!B:H,7,0) -> 495D-HV
A57: =+A56+1 -> 51 | B57: =IF(F57=$F$7,G58,#REF!) -> F0013547809 | C57: =IF(F57=$F$7,G59,#REF!) -> 82115-0EA00. | D57: =VLOOKUP(B57,'Timing Table'!B:J,9,0) -> C/O | E57: =VLOOKUP(B57,'Timing Table'!B:H,7,0) -> GAS | F57: PSA# | G57: 5501017957 | H57: Release# | I57: 91 | J57: BEAMS ID | K57: 1146064 | M57: Release Date | O57: 46086 | P57: Std. Pack | Q57: 4
A58: =+A57+1 -> 52 | B58: =IF(F58=$F$7,G59,B57) -> F0013547809 | C58: =IF(F58=$F$7,G60,C57) -> 82115-0EA00. | D58: =VLOOKUP(B58,'Timing Table'!B:J,9,0) -> C/O | E58: =VLOOKUP(B58,'Timing Table'!B:H,7,0) -> GAS | F58: YNA Part# | G58: F0013547809 | H58: YNA Part Description | I58: 82115-0EA00_K0 200D-2023 82115 | M58: Model Year | N58: 2023 | O58: Eng. Revision | Q58: K0
A59: =+A58+1 -> 53 | B59: =IF(F59=$F$7,G60,B58) -> F0013547809 | C59: =IF(F59=$F$7,G61,C58) -> 82115-0EA00. | D59: =VLOOKUP(B59,'Timing Table'!B:J,9,0) -> C/O | E59: =VLOOKUP(B59,'Timing Table'!B:H,7,0) -> GAS | F59: Customer Part# | G59: 82115-0EA00. | H59: PIA Part# | Q59: SHIP | R59: FAB | Z59: RAW
A60: =+A59+1 -> 54 | B60: =IF(F60=$F$7,G61,B59) -> F0013547809 | C60: =IF(F60=$F$7,G62,C59) -> 82115-0EA00. | D60: =VLOOKUP(B60,'Timing Table'!B:J,9,0) -> C/O | E60: =VLOOKUP(B60,'Timing Table'!B:H,7,0) -> GAS | F60: High Fab | G60: 17712 | H60: B | I60: ETD Date | J60: 46041 | K60: 46048 | L60: 46055 | M60: 46062 | N60: 46069 | O60: 46076 | P60: 46083 | Q60: 46090 | R60: 46097 | S60: 46104 | T60: 46111 | U60: 46118 | V60: 46125 | W60: 46132 | X60: 46139 | Y60: 46146 | Z60: 46153 | AA60: 46160 | AB60: 46167 | AC60: 46174 | AD60: 46181 | AE60: 46188 | AF60: 46195 | AG60: 46202 | AH60: 46209 | AI60: 46216 | AJ60: 46223 | AK60: 46230 | AL60: 46237 | AM60: 46244 | AN60: 46251 | AO60: 46258 | AP60: 46265 | AQ60: 46272 | AR60: 46279 | AS60: 46286 | AT60: 46293 | AU60: 46300 | AV60: 46307 | AW60: 46314 | AX60: 46321 | AY60: 46328 | AZ60: 46335 | BA60: 46342 | BB60: 46349 | BC60: 46356 | BD60: 46363 | BE60: 46370 | BF60: 46377 | BG60: 46384 | BH60: 46391 | BI60: 46398
A61: =+A60+1 -> 55 | B61: =IF(F61=$F$7,G62,B60) -> F0013547809 | C61: =IF(F61=$F$7,G63,C60) -> 82115-0EA00. | D61: =VLOOKUP(B61,'Timing Table'!B:J,9,0) -> C/O | E61: =VLOOKUP(B61,'Timing Table'!B:H,7,0) -> GAS | F61: High Raw | G61: 18560 | I61: ETA Date
A62: =+A61+1 -> 56 | B62: =IF(F62=$F$7,G63,B61) -> F0013547809 | C62: =IF(F62=$F$7,G64,C61) -> 82115-0EA00. | D62: =VLOOKUP(B62,'Timing Table'!B:J,9,0) -> C/O | E62: =VLOOKUP(B62,'Timing Table'!B:H,7,0) -> GAS | F62: Car line | G62: GRAND HIGHLANDER 200D | H62: 82115-0EA00 | I62: Net | J62: 512 | K62: 0 | L62: 0 | M62: 0 | N62: 0 | O62: 0 | P62: 0 | Q62: 0 | R62: 0 | S62: 0 | T62: 0 | U62: 0 | V62: 0 | W62: 0 | X62: 0 | Y62: 0 | Z62: 0 | AA62: 0 | AB62: 0 | AC62: 0 | AD62: 0 | AE62: 0 | AF62: 0 | AG62: 0 | AH62: 0 | AI62: 0 | AJ62: 0 | AK62: 0 | AL62: 0 | AM62: 0 | AN62: 0 | AO62: 0 | AP62: 0 | AQ62: 0 | AR62: 0 | AS62: 0 | AT62: 0 | AU62: 0 | AV62: 0 | AW62: 0 | AX62: 0 | AY62: 0 | AZ62: 0 | BA62: 0 | BB62: 0 | BC62: 0 | BD62: 0 | BE62: 0 | BF62: 0 | BG62: 0 | BH62: 0 | BI62: 0
A63: =+A62+1 -> 57 | B63: =IF(F63=$F$7,G64,B62) -> F0013547809 | C63: =IF(F63=$F$7,G65,C62) -> 82115-0EA00. | D63: =VLOOKUP(B63,'Timing Table'!B:J,9,0) -> C/O | E63: =VLOOKUP(B63,'Timing Table'!B:H,7,0) -> GAS | F63: Family | G63: 82115 | H63: 82115-0EA00 | I63: Cum | J63: 17712 | K63: 17712 | L63: 17712 | M63: 17712 | N63: 17712 | O63: 17712 | P63: 17712 | Q63: 17712 | R63: 17712 | S63: 17712 | T63: 17712 | U63: 17712 | V63: 17712 | W63: 17712 | X63: 17712 | Y63: 17712 | Z63: 17712 | AA63: 17712 | AB63: 17712 | AC63: 17712 | AD63: 17712 | AE63: 17712 | AF63: 17712 | AG63: 17712 | AH63: 17712 | AI63: 17712 | AJ63: 17712 | AK63: 17712 | AL63: 17712 | AM63: 17712 | AN63: 17712 | AO63: 17712 | AP63: 17712 | AQ63: 17712 | AR63: 17712 | AS63: 17712 | AT63: 17712 | AU63: 17712 | AV63: 17712 | AW63: 17712 | AX63: 17712 | AY63: 17712 | AZ63: 17712 | BA63: 17712 | BB63: 17712 | BC63: 17712 | BD63: 17712 | BE63: 17712 | BF63: 17712 | BG63: 17712 | BH63: 17712 | BI63: 17712
A64: =+A63+1 -> 58 | B64: =IF(F64=$F$7,G65,B63) -> F0013547809 | C64: =IF(F64=$F$7,G66,C63) -> 82115-0EA00. | D64: =VLOOKUP(B64,'Timing Table'!B:J,9,0) -> C/O | E64: =VLOOKUP(B64,'Timing Table'!B:H,7,0) -> GAS | F64: Cum Received | G64: 17200 | H64: Last Goods Receipt Invoice | J64: JAOJ60001B
A65: =+A64+1 -> 59 | B65: =IF(F65=$F$7,G66,B64) -> F0013547809 | C65: =IF(F65=$F$7,G67,C64) -> 82115-0EA00. | D65: =VLOOKUP(B65,'Timing Table'!B:J,9,0) -> C/O | E65: =VLOOKUP(B65,'Timing Table'!B:H,7,0) -> GAS | F65: Comments
A66: =+A65+1 -> 60 | B66: =IF(F66=$F$7,G67,B65) -> F0013547809 | C66: =IF(F66=$F$7,G68,C65) -> 82115-0EA00. | D66: =VLOOKUP(B66,'Timing Table'!B:J,9,0) -> C/O | E66: =VLOOKUP(B66,'Timing Table'!B:H,7,0) -> GAS
A67: =+A66+1 -> 61 | B67: =IF(F67=$F$7,G68,B66) -> F0013547811 | C67: =IF(F67=$F$7,G69,C66) -> 82115-0EA00 L | D67: =VLOOKUP(B67,'Timing Table'!B:J,9,0) -> C/O | E67: =VLOOKUP(B67,'Timing Table'!B:H,7,0) -> GAS | F67: PSA# | G67: 5501065658 | H67: Release# | I67: 9 | J67: BEAMS ID | K67: 1179881 | M67: Release Date | O67: 46086 | P67: Std. Pack | Q67: 4
A68: =+A67+1 -> 62 | B68: =IF(F68=$F$7,G69,B67) -> F0013547811 | C68: =IF(F68=$F$7,G70,C67) -> 82115-0EA00 L | D68: =VLOOKUP(B68,'Timing Table'!B:J,9,0) -> C/O | E68: =VLOOKUP(B68,'Timing Table'!B:H,7,0) -> GAS | F68: YNA Part# | G68: F0013547811 | H68: YNA Part Description | I68: 82115-0EA00_L0 491D-2025 82115 | M68: Model Year | N68: 2023 | O68: Eng. Revision | Q68: L0
A69: =+A68+1 -> 63 | B69: =IF(F69=$F$7,G70,B68) -> F0013547811 | C69: =IF(F69=$F$7,G71,C68) -> 82115-0EA00 L | D69: =VLOOKUP(B69,'Timing Table'!B:J,9,0) -> C/O | E69: =VLOOKUP(B69,'Timing Table'!B:H,7,0) -> GAS | F69: Customer Part# | G69: 82115-0EA00 L | H69: PIA Part# | Q69: SHIP | R69: FAB | Z69: RAW
A70: =+A69+1 -> 64 | B70: =IF(F70=$F$7,G71,B69) -> F0013547811 | C70: =IF(F70=$F$7,G72,C69) -> 82115-0EA00 L | D70: =VLOOKUP(B70,'Timing Table'!B:J,9,0) -> C/O | E70: =VLOOKUP(B70,'Timing Table'!B:H,7,0) -> GAS | F70: High Fab | G70: 2672 | H70: B | I70: ETD Date | J70: 46041 | K70: 46048 | L70: 46055 | M70: 46062 | N70: 46069 | O70: 46076 | P70: 46083 | Q70: 46090 | R70: 46097 | S70: 46104 | T70: 46111 | U70: 46118 | V70: 46125 | W70: 46132 | X70: 46139 | Y70: 46146 | Z70: 46153 | AA70: 46160 | AB70: 46167 | AC70: 46174 | AD70: 46181 | AE70: 46188 | AF70: 46195 | AG70: 46202 | AH70: 46209 | AI70: 46216 | AJ70: 46223 | AK70: 46230 | AL70: 46237 | AM70: 46244 | AN70: 46251 | AO70: 46258 | AP70: 46265 | AQ70: 46272 | AR70: 46279 | AS70: 46286 | AT70: 46293 | AU70: 46300 | AV70: 46307 | AW70: 46314 | AX70: 46321 | AY70: 46328 | AZ70: 46335 | BA70: 46342 | BB70: 46349 | BC70: 46356 | BD70: 46363 | BE70: 46370 | BF70: 46377 | BG70: 46384 | BH70: 46391 | BI70: 46398
A71: =+A70+1 -> 65 | B71: =IF(F71=$F$7,G72,B70) -> F0013547811 | C71: =IF(F71=$F$7,G73,C70) -> 82115-0EA00 L | D71: =VLOOKUP(B71,'Timing Table'!B:J,9,0) -> C/O | E71: =VLOOKUP(B71,'Timing Table'!B:H,7,0) -> GAS | F71: High Raw | G71: 5040 | I71: ETA Date
A72: =+A71+1 -> 66 | B72: =IF(F72=$F$7,G73,B71) -> F0013547811 | C72: =IF(F72=$F$7,G74,C71) -> 82115-0EA00 L | D72: =VLOOKUP(B72,'Timing Table'!B:J,9,0) -> C/O | E72: =VLOOKUP(B72,'Timing Table'!B:H,7,0) -> GAS | F72: Car line | G72: GRAND HIGHLANDER 491D | H72: 82115-0EA00 | I72: Net | J72: 272 | K72: 408 | L72: 292 | M72: 180 | N72: 240 | O72: 464 | P72: 768 | Q72: 48 | R72: 0 | S72: 0 | T72: 0 | U72: 0 | V72: 0 | W72: 0 | X72: 0 | Y72: 0 | Z72: 0 | AA72: 0 | AB72: 0 | AC72: 0 | AD72: 0 | AE72: 0 | AF72: 0 | AG72: 0 | AH72: 0 | AI72: 0 | AJ72: 0 | AK72: 0 | AL72: 0 | AM72: 0 | AN72: 0 | AO72: 0 | AP72: 0 | AQ72: 0 | AR72: 0 | AS72: 0 | AT72: 0 | AU72: 0 | AV72: 0 | AW72: 0 | AX72: 0 | AY72: 0 | AZ72: 0 | BA72: 0 | BB72: 0 | BC72: 0 | BD72: 0 | BE72: 0 | BF72: 0 | BG72: 0 | BH72: 0 | BI72: 0
A73: =+A72+1 -> 67 | B73: =IF(F73=$F$7,G74,B72) -> F0013547811 | C73: =IF(F73=$F$7,G75,C72) -> 82115-0EA00 L | D73: =VLOOKUP(B73,'Timing Table'!B:J,9,0) -> C/O | E73: =VLOOKUP(B73,'Timing Table'!B:H,7,0) -> GAS | F73: Family | G73: 82115 | H73: 82115-0EA00 | I73: Cum | J73: 272 | K73: 680 | L73: 972 | M73: 1152 | N73: 1392 | O73: 1856 | P73: 2624 | Q73: 2672 | R73: 2672 | S73: 2672 | T73: 2672 | U73: 2672 | V73: 2672 | W73: 2672 | X73: 2672 | Y73: 2672 | Z73: 2672 | AA73: 2672 | AB73: 2672 | AC73: 2672 | AD73: 2672 | AE73: 2672 | AF73: 2672 | AG73: 2672 | AH73: 2672 | AI73: 2672 | AJ73: 2672 | AK73: 2672 | AL73: 2672 | AM73: 2672 | AN73: 2672 | AO73: 2672 | AP73: 2672 | AQ73: 2672 | AR73: 2672 | AS73: 2672 | AT73: 2672 | AU73: 2672 | AV73: 2672 | AW73: 2672 | AX73: 2672 | AY73: 2672 | AZ73: 2672 | BA73: 2672 | BB73: 2672 | BC73: 2672 | BD73: 2672 | BE73: 2672 | BF73: 2672 | BG73: 2672 | BH73: 2672 | BI73: 2672
A74: =+A73+1 -> 68 | B74: =IF(F74=$F$7,G75,B73) -> F0013547811 | C74: =IF(F74=$F$7,G76,C73) -> 82115-0EA00 L | D74: =VLOOKUP(B74,'Timing Table'!B:J,9,0) -> C/O | E74: =VLOOKUP(B74,'Timing Table'!B:H,7,0) -> GAS | F74: Cum Received | G74: 0 | H74: Last Goods Receipt Invoice | Q74: -0.9375
A75: =+A74+1 -> 69 | B75: =IF(F75=$F$7,G76,B74) -> F0013547811 | C75: =IF(F75=$F$7,#REF!,C74) -> 82115-0EA00 L | D75: =VLOOKUP(B75,'Timing Table'!B:J,9,0) -> C/O | E75: =VLOOKUP(B75,'Timing Table'!B:H,7,0) -> GAS | F75: Comments | Q75: SNPs: -180
A76: =+A75+1 -> 70 | B76: =IF(F76=$F$7,#REF!,B75) -> F0013547811 | C76: =IF(F76=$F$7,#REF!,C75) -> 82115-0EA00 L | D76: =VLOOKUP(B76,'Timing Table'!B:J,9,0) -> C/O | E76: =VLOOKUP(B76,'Timing Table'!B:H,7,0) -> GAS
A77: =+A76+1 -> 71 | B77: =IF(F77=$F$7,G78,#REF!) -> F0013547812 | C77: =IF(F77=$F$7,G79,#REF!) -> 82115-0EA00 M | D77: =VLOOKUP(B77,'Timing Table'!B:J,9,0) -> C/O | E77: =VLOOKUP(B77,'Timing Table'!B:H,7,0) -> GAS | F77: PSA# | G77: 5501060666 | H77: Release# | I77: 18 | J77: BEAMS ID | K77: 1210847 | M77: Release Date | O77: 46086 | P77: Std. Pack | Q77: 4
A78: =+A77+1 -> 72 | B78: =IF(F78=$F$7,G79,B77) -> F0013547812 | C78: =IF(F78=$F$7,G80,C77) -> 82115-0EA00 M | D78: =VLOOKUP(B78,'Timing Table'!B:J,9,0) -> C/O | E78: =VLOOKUP(B78,'Timing Table'!B:H,7,0) -> GAS | F78: YNA Part# | G78: F0013547812 | H78: YNA Part Description | I78: 82115-0EA00_M0 777D-2027 82115 | M78: Model Year | N78: 2025 | O78: Eng. Revision | Q78: M0
A79: =+A78+1 -> 73 | B79: =IF(F79=$F$7,G80,B78) -> F0013547812 | C79: =IF(F79=$F$7,G81,C78) -> 82115-0EA00 M | D79: =VLOOKUP(B79,'Timing Table'!B:J,9,0) -> C/O | E79: =VLOOKUP(B79,'Timing Table'!B:H,7,0) -> GAS | F79: Customer Part# | G79: 82115-0EA00 M | H79: PIA Part# | Q79: SHIP | R79: FAB | Z79: RAW
A80: =+A79+1 -> 74 | B80: =IF(F80=$F$7,G81,B79) -> F0013547812 | C80: =IF(F80=$F$7,G82,C79) -> 82115-0EA00 M | D80: =VLOOKUP(B80,'Timing Table'!B:J,9,0) -> C/O | E80: =VLOOKUP(B80,'Timing Table'!B:H,7,0) -> GAS | F80: High Fab | G80: 1172 | H80: B | I80: ETD Date | J80: 46041 | K80: 46048 | L80: 46055 | M80: 46062 | N80: 46069 | O80: 46076 | P80: 46083 | Q80: 46090 | R80: 46097 | S80: 46104 | T80: 46111 | U80: 46118 | V80: 46125 | W80: 46132 | X80: 46139 | Y80: 46146 | Z80: 46153 | AA80: 46160 | AB80: 46167 | AC80: 46174 | AD80: 46181 | AE80: 46188 | AF80: 46195 | AG80: 46202 | AH80: 46209 | AI80: 46216 | AJ80: 46223 | AK80: 46230 | AL80: 46237 | AM80: 46244 | AN80: 46251 | AO80: 46258 | AP80: 46265 | AQ80: 46272 | AR80: 46279 | AS80: 46286 | AT80: 46293 | AU80: 46300 | AV80: 46307 | AW80: 46314 | AX80: 46321 | AY80: 46328 | AZ80: 46335 | BA80: 46342 | BB80: 46349 | BC80: 46356 | BD80: 46363 | BE80: 46370 | BF80: 46377 | BG80: 46384 | BH80: 46391 | BI80: 46398
A81: =+A80+1 -> 75 | B81: =IF(F81=$F$7,G82,B80) -> F0013547812 | C81: =IF(F81=$F$7,G83,C80) -> 82115-0EA00 M | D81: =VLOOKUP(B81,'Timing Table'!B:J,9,0) -> C/O | E81: =VLOOKUP(B81,'Timing Table'!B:H,7,0) -> GAS | F81: High Raw | G81: 3724 | I81: ETA Date
A82: =+A81+1 -> 76 | B82: =IF(F82=$F$7,G83,B81) -> F0013547812 | C82: =IF(F82=$F$7,G84,C81) -> 82115-0EA00 M | D82: =VLOOKUP(B82,'Timing Table'!B:J,9,0) -> C/O | E82: =VLOOKUP(B82,'Timing Table'!B:H,7,0) -> GAS | F82: Car line | G82: GRAND HIGHLANDER 495D | H82: 82115-0EA00 | I82: Net | J82: 0 | K82: 0 | L82: 0 | M82: 0 | N82: 0 | O82: 0 | P82: 0 | Q82: 412 | R82: 0 | S82: 464 | T82: 460 | U82: 432 | V82: 332 | W82: 240 | X82: 180 | Y82: 180 | Z82: 240 | AA82: 328 | AB82: 332 | AC82: 328 | AD82: 280 | AE82: 276 | AF82: 228 | AG82: 320 | AH82: 196 | AI82: 264 | AJ82: 380 | AK82: 380 | AL82: 536 | AM82: 524 | AN82: 524 | AO82: 524 | AP82: 524 | AQ82: 524 | AR82: 524 | AS82: 524 | AT82: 524 | AU82: 524 | AV82: 524 | AW82: 524 | AX82: 524 | AY82: 524 | AZ82: 524 | BA82: 524 | BB82: 524 | BC82: 524 | BD82: 524 | BE82: 524 | BF82: 524 | BG82: 524 | BH82: 524 | BI82: 524
A83: =+A82+1 -> 77 | B83: =IF(F83=$F$7,G84,B82) -> F0013547812 | C83: =IF(F83=$F$7,G85,C82) -> 82115-0EA00 M | D83: =VLOOKUP(B83,'Timing Table'!B:J,9,0) -> C/O | E83: =VLOOKUP(B83,'Timing Table'!B:H,7,0) -> GAS | F83: Family | G83: 82115 | H83: 82115-0EA00 | I83: Cum | J83: 0 | K83: 0 | L83: 0 | M83: 0 | N83: 0 | O83: 0 | P83: 0 | Q83: 412 | R83: 412 | S83: 876 | T83: 1336 | U83: 1768 | V83: 2100 | W83: 2340 | X83: 2520 | Y83: 2700 | Z83: 2940 | AA83: 3268 | AB83: 3600 | AC83: 3928 | AD83: 4208 | AE83: 4484 | AF83: 4712 | AG83: 5032 | AH83: 5228 | AI83: 5492 | AJ83: 5872 | AK83: 6252 | AL83: 6788 | AM83: 7312 | AN83: 7836 | AO83: 8360 | AP83: 8884 | AQ83: 9408 | AR83: 9932 | AS83: 10456 | AT83: 10980 | AU83: 11504 | AV83: 12028 | AW83: 12552 | AX83: 13076 | AY83: 13600 | AZ83: 14124 | BA83: 14648 | BB83: 15172 | BC83: 15696 | BD83: 16220 | BE83: 16744 | BF83: 17268 | BG83: 17792 | BH83: 18316 | BI83: 18840
A84: =+A83+1 -> 78 | B84: =IF(F84=$F$7,G85,B83) -> F0013547812 | C84: =IF(F84=$F$7,G86,C83) -> 82115-0EA00 M | D84: =VLOOKUP(B84,'Timing Table'!B:J,9,0) -> C/O | E84: =VLOOKUP(B84,'Timing Table'!B:H,7,0) -> GAS | F84: Cum Received | G84: 0 | H84: Last Goods Receipt Invoice
A85: =+A84+1 -> 79 | B85: =IF(F85=$F$7,G86,B84) -> F0013547812 | C85: =IF(F85=$F$7,G87,C84) -> 82115-0EA00 M | D85: =VLOOKUP(B85,'Timing Table'!B:J,9,0) -> C/O | E85: =VLOOKUP(B85,'Timing Table'!B:H,7,0) -> GAS | F85: Comments
A86: =+A85+1 -> 80 | B86: =IF(F86=$F$7,G87,B85) -> F0013547812 | C86: =IF(F86=$F$7,G88,C85) -> 82115-0EA00 M | D86: =VLOOKUP(B86,'Timing Table'!B:J,9,0) -> C/O | E86: =VLOOKUP(B86,'Timing Table'!B:H,7,0) -> GAS
A87: =+A86+1 -> 81 | B87: =IF(F87=$F$7,G88,B86) -> F0013547909 | C87: =IF(F87=$F$7,G89,C86) -> 82115-0E440. | D87: =VLOOKUP(B87,'Timing Table'!B:J,9,0) -> C/O | E87: =VLOOKUP(B87,'Timing Table'!B:H,7,0) -> GAS | F87: PSA# | G87: 5501017954 | H87: Release# | I87: 91 | J87: BEAMS ID | K87: 1146061 | M87: Release Date | O87: 46086 | P87: Std. Pack | Q87: 4
A88: =+A87+1 -> 82 | B88: =IF(F88=$F$7,G89,B87) -> F0013547909 | C88: =IF(F88=$F$7,G90,C87) -> 82115-0E440. | D88: =VLOOKUP(B88,'Timing Table'!B:J,9,0) -> C/O | E88: =VLOOKUP(B88,'Timing Table'!B:H,7,0) -> GAS | F88: YNA Part# | G88: F0013547909 | H88: YNA Part Description | I88: 82115-0E440_K0 200D-2023 82115 | M88: Model Year | N88: 2023 | O88: Eng. Revision | Q88: K0
A89: =+A88+1 -> 83 | B89: =IF(F89=$F$7,G90,B88) -> F0013547909 | C89: =IF(F89=$F$7,G91,C88) -> 82115-0E440. | D89: =VLOOKUP(B89,'Timing Table'!B:J,9,0) -> C/O | E89: =VLOOKUP(B89,'Timing Table'!B:H,7,0) -> GAS | F89: Customer Part# | G89: 82115-0E440. | H89: PIA Part# | Q89: SHIP | R89: FAB | Z89: RAW
A90: =+A89+1 -> 84 | B90: =IF(F90=$F$7,G91,B89) -> F0013547909 | C90: =IF(F90=$F$7,G92,C89) -> 82115-0E440. | D90: =VLOOKUP(B90,'Timing Table'!B:J,9,0) -> C/O | E90: =VLOOKUP(B90,'Timing Table'!B:H,7,0) -> GAS | F90: High Fab | G90: 15736 | H90: B | I90: ETD Date | J90: 46041 | K90: 46048 | L90: 46055 | M90: 46062 | N90: 46069 | O90: 46076 | P90: 46083 | Q90: 46090 | R90: 46097 | S90: 46104 | T90: 46111 | U90: 46118 | V90: 46125 | W90: 46132 | X90: 46139 | Y90: 46146 | Z90: 46153 | AA90: 46160 | AB90: 46167 | AC90: 46174 | AD90: 46181 | AE90: 46188 | AF90: 46195 | AG90: 46202 | AH90: 46209 | AI90: 46216 | AJ90: 46223 | AK90: 46230 | AL90: 46237 | AM90: 46244 | AN90: 46251 | AO90: 46258 | AP90: 46265 | AQ90: 46272 | AR90: 46279 | AS90: 46286 | AT90: 46293 | AU90: 46300 | AV90: 46307 | AW90: 46314 | AX90: 46321 | AY90: 46328 | AZ90: 46335 | BA90: 46342 | BB90: 46349 | BC90: 46356 | BD90: 46363 | BE90: 46370 | BF90: 46377 | BG90: 46384 | BH90: 46391 | BI90: 46398
A91: =+A90+1 -> 85 | B91: =IF(F91=$F$7,G92,B90) -> F0013547909 | C91: =IF(F91=$F$7,G93,C90) -> 82115-0E440. | D91: =VLOOKUP(B91,'Timing Table'!B:J,9,0) -> C/O | E91: =VLOOKUP(B91,'Timing Table'!B:H,7,0) -> GAS | F91: High Raw | G91: 16744 | I91: ETA Date
A92: =+A91+1 -> 86 | B92: =IF(F92=$F$7,G93,B91) -> F0013547909 | C92: =IF(F92=$F$7,G94,C91) -> 82115-0E440. | D92: =VLOOKUP(B92,'Timing Table'!B:J,9,0) -> C/O | E92: =VLOOKUP(B92,'Timing Table'!B:H,7,0) -> GAS | F92: Car line | G92: GRAND HIGHLANDER 200D | H92: 82115-0E440 | I92: Net | J92: 1224 | K92: 0 | L92: 0 | M92: 0 | N92: 0 | O92: 0 | P92: 0 | Q92: 0 | R92: 0 | S92: 0 | T92: 0 | U92: 0 | V92: 0 | W92: 0 | X92: 0 | Y92: 0 | Z92: 0 | AA92: 0 | AB92: 0 | AC92: 0 | AD92: 0 | AE92: 0 | AF92: 0 | AG92: 0 | AH92: 0 | AI92: 0 | AJ92: 0 | AK92: 0 | AL92: 0 | AM92: 0 | AN92: 0 | AO92: 0 | AP92: 0 | AQ92: 0 | AR92: 0 | AS92: 0 | AT92: 0 | AU92: 0 | AV92: 0 | AW92: 0 | AX92: 0 | AY92: 0 | AZ92: 0 | BA92: 0 | BB92: 0 | BC92: 0 | BD92: 0 | BE92: 0 | BF92: 0 | BG92: 0 | BH92: 0 | BI92: 0
A93: =+A92+1 -> 87 | B93: =IF(F93=$F$7,G94,B92) -> F0013547909 | C93: =IF(F93=$F$7,G95,C92) -> 82115-0E440. | D93: =VLOOKUP(B93,'Timing Table'!B:J,9,0) -> C/O | E93: =VLOOKUP(B93,'Timing Table'!B:H,7,0) -> GAS | F93: Family | G93: 82115 | H93: 82115-0E440 | I93: Cum | J93: 15736 | K93: 15736 | L93: 15736 | M93: 15736 | N93: 15736 | O93: 15736 | P93: 15736 | Q93: 15736 | R93: 15736 | S93: 15736 | T93: 15736 | U93: 15736 | V93: 15736 | W93: 15736 | X93: 15736 | Y93: 15736 | Z93: 15736 | AA93: 15736 | AB93: 15736 | AC93: 15736 | AD93: 15736 | AE93: 15736 | AF93: 15736 | AG93: 15736 | AH93: 15736 | AI93: 15736 | AJ93: 15736 | AK93: 15736 | AL93: 15736 | AM93: 15736 | AN93: 15736 | AO93: 15736 | AP93: 15736 | AQ93: 15736 | AR93: 15736 | AS93: 15736 | AT93: 15736 | AU93: 15736 | AV93: 15736 | AW93: 15736 | AX93: 15736 | AY93: 15736 | AZ93: 15736 | BA93: 15736 | BB93: 15736 | BC93: 15736 | BD93: 15736 | BE93: 15736 | BF93: 15736 | BG93: 15736 | BH93: 15736 | BI93: 15736
A94: =+A93+1 -> 88 | B94: =IF(F94=$F$7,G95,B93) -> F0013547909 | C94: =IF(F94=$F$7,G96,C93) -> 82115-0E440. | D94: =VLOOKUP(B94,'Timing Table'!B:J,9,0) -> C/O | E94: =VLOOKUP(B94,'Timing Table'!B:H,7,0) -> GAS | F94: Cum Received | G94: 14512 | H94: Last Goods Receipt Invoice | J94: JAOJ60001B
A95: =+A94+1 -> 89 | B95: =IF(F95=$F$7,G96,B94) -> F0013547909 | C95: =IF(F95=$F$7,#REF!,C94) -> 82115-0E440. | D95: =VLOOKUP(B95,'Timing Table'!B:J,9,0) -> C/O | E95: =VLOOKUP(B95,'Timing Table'!B:H,7,0) -> GAS | F95: Comments
A96: =+A95+1 -> 90 | B96: =IF(F96=$F$7,#REF!,B95) -> F0013547909 | C96: =IF(F96=$F$7,#REF!,C95) -> 82115-0E440. | D96: =VLOOKUP(B96,'Timing Table'!B:J,9,0) -> C/O | E96: =VLOOKUP(B96,'Timing Table'!B:H,7,0) -> GAS
A97: =+A96+1 -> 91 | B97: =IF(F97=$F$7,G98,#REF!) -> F0013547911 | C97: =IF(F97=$F$7,G99,#REF!) -> 82115-0E440 L | D97: =VLOOKUP(B97,'Timing Table'!B:J,9,0) -> C/O | E97: =VLOOKUP(B97,'Timing Table'!B:H,7,0) -> GAS | F97: PSA# | G97: 5501065659 | H97: Release# | I97: 9 | J97: BEAMS ID | K97: 1179878 | M97: Release Date | O97: 46086 | P97: Std. Pack | Q97: 4
A98: =+A97+1 -> 92 | B98: =IF(F98=$F$7,G99,B97) -> F0013547911 | C98: =IF(F98=$F$7,G100,C97) -> 82115-0E440 L | D98: =VLOOKUP(B98,'Timing Table'!B:J,9,0) -> C/O | E98: =VLOOKUP(B98,'Timing Table'!B:H,7,0) -> GAS | F98: YNA Part# | G98: F0013547911 | H98: YNA Part Description | I98: 82115-0E440_L0 491D-2025 82115 | M98: Model Year | N98: 2023 | O98: Eng. Revision | Q98: L0
A99: =+A98+1 -> 93 | B99: =IF(F99=$F$7,G100,B98) -> F0013547911 | C99: =IF(F99=$F$7,G101,C98) -> 82115-0E440 L | D99: =VLOOKUP(B99,'Timing Table'!B:J,9,0) -> C/O | E99: =VLOOKUP(B99,'Timing Table'!B:H,7,0) -> GAS | F99: Customer Part# | G99: 82115-0E440 L | H99: PIA Part# | Q99: SHIP | R99: FAB | Z99: RAW
A100: =+A99+1 -> 94 | B100: =IF(F100=$F$7,G101,B99) -> F0013547911 | C100: =IF(F100=$F$7,G102,C99) -> 82115-0E440 L | D100: =VLOOKUP(B100,'Timing Table'!B:J,9,0) -> C/O | E100: =VLOOKUP(B100,'Timing Table'!B:H,7,0) -> GAS | F100: High Fab | G100: 3336 | H100: B | I100: ETD Date | J100: 46041 | K100: 46048 | L100: 46055 | M100: 46062 | N100: 46069 | O100: 46076 | P100: 46083 | Q100: 46090 | R100: 46097 | S100: 46104 | T100: 46111 | U100: 46118 | V100: 46125 | W100: 46132 | X100: 46139 | Y100: 46146 | Z100: 46153 | AA100: 46160 | AB100: 46167 | AC100: 46174 | AD100: 46181 | AE100: 46188 | AF100: 46195 | AG100: 46202 | AH100: 46209 | AI100: 46216 | AJ100: 46223 | AK100: 46230 | AL100: 46237 | AM100: 46244 | AN100: 46251 | AO100: 46258 | AP100: 46265 | AQ100: 46272 | AR100: 46279 | AS100: 46286 | AT100: 46293 | AU100: 46300 | AV100: 46307 | AW100: 46314 | AX100: 46321 | AY100: 46328 | AZ100: 46335 | BA100: 46342 | BB100: 46349 | BC100: 46356 | BD100: 46363 | BE100: 46370 | BF100: 46377 | BG100: 46384 | BH100: 46391 | BI100: 46398
A101: =+A100+1 -> 95 | B101: =IF(F101=$F$7,G102,B100) -> F0013547911 | C101: =IF(F101=$F$7,G103,C100) -> 82115-0E440 L | D101: =VLOOKUP(B101,'Timing Table'!B:J,9,0) -> C/O | E101: =VLOOKUP(B101,'Timing Table'!B:H,7,0) -> GAS | F101: High Raw | G101: 5960 | I101: ETA Date
...

Sheet JAI TOTALs
C2: ETD Date | E2: ='Final SR'!$J$10 -> 46041 | F2: =E2+7 -> 46048 | G2: =F2+7 -> 46055 | H2: =G2+7 -> 46062 | I2: =H2+7 -> 46069 | J2: =I2+7 -> 46076 | K2: =J2+7 -> 46083 | L2: =K2+7 -> 46090 | M2: =L2+7 -> 46097 | ... BD2: =BC2+7 -> 46398
E3: ='Final SR'!$J$11 -> 46083 | F3: =E3+7 -> 46090 | G3: =F3+7 -> 46097 | H3: =G3+7 -> 46104 | I3: =H3+7 -> 46111 | J3: =I3+7 -> 46118 | K3: =J3+7 -> 46125 | L3: =K3+7 -> 46132 | M3: =L3+7 -> 46139 | ... BD3: =BC3+7 -> 46440
L4: SHIP | M4: FAB | U4: RAW
A5: Family Totals | B5: 220D-GAS | C5: Net Family Totals | E5: =SUMIFS('Final SR'!J:J,'Final SR'!$E:$E,TOTALss!#REF!,'Final SR'!$I:$I,'Final SR'!$I$12) -> 0 | F5: =SUMIFS('Final SR'!K:K,'Final SR'!$E:$E,TOTALss!#REF!,'Final SR'!$I:$I,'Final SR'!$I$12) -> 0 | G5: =SUMIFS('Final SR'!L:L,'Final SR'!$E:$E,TOTALss!#REF!,'Final SR'!$I:$I,'Final SR'!$I$12) -> 0 | H5: =SUMIFS('Final SR'!M:M,'Final SR'!$E:$E,TOTALss!#REF!,'Final SR'!$I:$I,'Final SR'!$I$12) -> 0 | I5: =SUMIFS('Final SR'!N:N,'Final SR'!$E:$E,TOTALss!#REF!,'Final SR'!$I:$I,'Final SR'!$I$12) -> 0 | J5: =SUMIFS('Final SR'!O:O,'Final SR'!$E:$E,TOTALss!#REF!,'Final SR'!$I:$I,'Final SR'!$I$12) -> 0 | K5: =SUMIFS('Final SR'!P:P,'Final SR'!$E:$E,TOTALss!#REF!,'Final SR'!$I:$I,'Final SR'!$I$12) -> 0 | L5: =SUMIFS('Final SR'!Q:Q,'Final SR'!$E:$E,TOTALss!#REF!,'Final SR'!$I:$I,'Final SR'!$I$12) -> 0 | M5: =SUMIFS('Final SR'!R:R,'Final SR'!$E:$E,TOTALss!#REF!,'Final SR'!$I:$I,'Final SR'!$I$12) -> 0 | N5: =SUMIFS('Final SR'!S:S,'Final SR'!$E:$E,TOTALss!#REF!,'Final SR'!$I:$I,'Final SR'!$I$12) -> 0 | O5: =SUMIFS('Final SR'!T:T,'Final SR'!$E:$E,TOTALss!#REF!,'Final SR'!$I:$I,'Final SR'!$I$12) -> 0 | P5: =SUMIFS('Final SR'!U:U,'Final SR'!$E:$E,TOTALss!#REF!,'Final SR'!$I:$I,'Final SR'!$I$12) -> 0 | Q5: =SUMIFS('Final SR'!V:V,'Final SR'!$E:$E,TOTALss!#REF!,'Final SR'!$I:$I,'Final SR'!$I$12) -> 0 | R5: =SUMIFS('Final SR'!W:W,'Final SR'!$E:$E,TOTALss!#REF!,'Final SR'!$I:$I,'Final SR'!$I$12) -> 0 | S5: =SUMIFS('Final SR'!X:X,'Final SR'!$E:$E,TOTALss!#REF!,'Final SR'!$I:$I,'Final SR'!$I$12) -> 0 | T5: =SUMIFS('Final SR'!Y:Y,'Final SR'!$E:$E,TOTALss!#REF!,'Final SR'!$I:$I,'Final SR'!$I$12) -> 0 | U5: =SUMIFS('Final SR'!Z:Z,'Final SR'!$E:$E,TOTALss!#REF!,'Final SR'!$I:$I,'Final SR'!$I$12) -> 0 | V5: =SUMIFS('Final SR'!AA:AA,'Final SR'!$E:$E,TOTALss!#REF!,'Final SR'!$I:$I,'Final SR'!$I$12) -> 0 | W5: =SUMIFS('Final SR'!AB:AB,'Final SR'!$E:$E,TOTALss!#REF!,'Final SR'!$I:$I,'Final SR'!$I$12) -> 0 | X5: =SUMIFS('Final SR'!AC:AC,'Final SR'!$E:$E,TOTALss!#REF!,'Final SR'!$I:$I,'Final SR'!$I$12) -> 0 | Y5: =SUMIFS('Final SR'!AD:AD,'Final SR'!$E:$E,TOTALss!#REF!,'Final SR'!$I:$I,'Final SR'!$I$12) -> 0 | Z5: =SUMIFS('Final SR'!AE:AE,'Final SR'!$E:$E,TOTALss!#REF!,'Final SR'!$I:$I,'Final SR'!$I$12) -> 0 | AA5: =SUMIFS('Final SR'!AF:AF,'Final SR'!$E:$E,TOTALss!#REF!,'Final SR'!$I:$I,'Final SR'!$I$12) -> 0 | AB5: =SUMIFS('Final SR'!AG:AG,'Final SR'!$E:$E,TOTALss!#REF!,'Final SR'!$I:$I,'Final SR'!$I$12) -> 0 | AC5: =SUMIFS('Final SR'!AH:AH,'Final SR'!$E:$E,TOTALss!#REF!,'Final SR'!$I:$I,'Final SR'!$I$12) -> 0 | AD5: =SUMIFS('Final SR'!AI:AI,'Final SR'!$E:$E,TOTALss!#REF!,'Final SR'!$I:$I,'Final SR'!$I$12) -> 0 | AE5: =SUMIFS('Final SR'!AJ:AJ,'Final SR'!$E:$E,TOTALss!#REF!,'Final SR'!$I:$I,'Final SR'!$I$12) -> 0 | AF5: =SUMIFS('Final SR'!AK:AK,'Final SR'!$E:$E,TOTALss!#REF!,'Final SR'!$I:$I,'Final SR'!$I$12) -> 0 | AG5: =SUMIFS('Final SR'!AL:AL,'Final SR'!$E:$E,TOTALss!#REF!,'Final SR'!$I:$I,'Final SR'!$I$12) -> 0 | AH5: =SUMIFS('Final SR'!AM:AM,'Final SR'!$E:$E,TOTALss!#REF!,'Final SR'!$I:$I,'Final SR'!$I$12) -> 0 | AI5: =SUMIFS('Final SR'!AN:AN,'Final SR'!$E:$E,TOTALss!#REF!,'Final SR'!$I:$I,'Final SR'!$I$12) -> 0 | AJ5: =SUMIFS('Final SR'!AO:AO,'Final SR'!$E:$E,TOTALss!#REF!,'Final SR'!$I:$I,'Final SR'!$I$12) -> 0 | AK5: =SUMIFS('Final SR'!AP:AP,'Final SR'!$E:$E,TOTALss!#REF!,'Final SR'!$I:$I,'Final SR'!$I$12) -> 0 | AL5: =SUMIFS('Final SR'!AQ:AQ,'Final SR'!$E:$E,TOTALss!#REF!,'Final SR'!$I:$I,'Final SR'!$I$12) -> 0 | AM5: =SUMIFS('Final SR'!AR:AR,'Final SR'!$E:$E,TOTALss!#REF!,'Final SR'!$I:$I,'Final SR'!$I$12) -> 0 | AN5: =SUMIFS('Final SR'!AS:AS,'Final SR'!$E:$E,TOTALss!#REF!,'Final SR'!$I:$I,'Final SR'!$I$12) -> 0 | AO5: =SUMIFS('Final SR'!AT:AT,'Final SR'!$E:$E,TOTALss!#REF!,'Final SR'!$I:$I,'Final SR'!$I$12) -> 0 | AP5: =SUMIFS('Final SR'!AU:AU,'Final SR'!$E:$E,TOTALss!#REF!,'Final SR'!$I:$I,'Final SR'!$I$12) -> 0 | AQ5: =SUMIFS('Final SR'!AV:AV,'Final SR'!$E:$E,TOTALss!#REF!,'Final SR'!$I:$I,'Final SR'!$I$12) -> 0 | AR5: =SUMIFS('Final SR'!AW:AW,'Final SR'!$E:$E,TOTALss!#REF!,'Final SR'!$I:$I,'Final SR'!$I$12) -> 0 | AS5: =SUMIFS('Final SR'!AX:AX,'Final SR'!$E:$E,TOTALss!#REF!,'Final SR'!$I:$I,'Final SR'!$I$12) -> 0 | AT5: =SUMIFS('Final SR'!AY:AY,'Final SR'!$E:$E,TOTALss!#REF!,'Final SR'!$I:$I,'Final SR'!$I$12) -> 0 | AU5: =SUMIFS('Final SR'!AZ:AZ,'Final SR'!$E:$E,TOTALss!#REF!,'Final SR'!$I:$I,'Final SR'!$I$12) -> 0 | AV5: =SUMIFS('Final SR'!BA:BA,'Final SR'!$E:$E,TOTALss!#REF!,'Final SR'!$I:$I,'Final SR'!$I$12) -> 0 | AW5: =SUMIFS('Final SR'!BB:BB,'Final SR'!$E:$E,TOTALss!#REF!,'Final SR'!$I:$I,'Final SR'!$I$12) -> 0 | AX5: =SUMIFS('Final SR'!BC:BC,'Final SR'!$E:$E,TOTALss!#REF!,'Final SR'!$I:$I,'Final SR'!$I$12) -> 0 | AY5: =SUMIFS('Final SR'!BD:BD,'Final SR'!$E:$E,TOTALss!#REF!,'Final SR'!$I:$I,'Final SR'!$I$12) -> 0 | AZ5: =SUMIFS('Final SR'!BE:BE,'Final SR'!$E:$E,TOTALss!#REF!,'Final SR'!$I:$I,'Final SR'!$I$12) -> 0 | BA5: =SUMIFS('Final SR'!BF:BF,'Final SR'!$E:$E,TOTALss!#REF!,'Final SR'!$I:$I,'Final SR'!$I$12) -> 0 | BB5: =SUMIFS('Final SR'!BG:BG,'Final SR'!$E:$E,TOTALss!#REF!,'Final SR'!$I:$I,'Final SR'!$I$12) -> 0 | BC5: =SUMIFS('Final SR'!BH:BH,'Final SR'!$E:$E,TOTALss!#REF!,'Final SR'!$I:$I,'Final SR'!$I$12) -> 0 | BD5: =SUMIFS('Final SR'!BI:BI,'Final SR'!$E:$E,TOTALss!#REF!,'Final SR'!$I:$I,'Final SR'!$I$12) -> 0
C6: Cum Family Totals | E6: =SUMIFS('Final SR'!J:J,'Final SR'!$E:$E,TOTALss!#REF!,'Final SR'!$I:$I,'Final SR'!$I$13) -> 0 | F6: =+F5+E6 -> 0 | G6: =+G5+F6 -> 0 | H6: =+H5+G6 -> 0 | I6: =+I5+H6 -> 0 | J6: =+J5+I6 -> 0 | K6: =+K5+J6 -> 0 | L6: =+L5+K6 -> 0 | M6: =+M5+L6 -> 0 | ... BD6: =+BD5+BC6 -> 0
L7: SHIP | M7: FAB | U7: RAW
K8: SHIP | L8: FAB
G9: =B5 -> 220D-GAS | H9: THIS WEEK | I9: NET | J9: =K5 -> 0 | K9: =L5 -> 0 | L9: =M5 -> 0 | M9: =K9=K11 -> TRUE | N9: =K10-K12 -> -36
I10: CUM | J10: =K6 -> 0 | K10: =L6 -> 0 | L10: =M6 -> 0 | M10: =K10=K12 -> FALSE
H11: LAST SR | I11: NET | K11: 0
I12: CUM | K12: 36
L14: SHIP | M14: FAB | U14: RAW
A15: Family Totals | B15: 220D-HV | C15: Net Family Totals | E15: =SUMIFS('Final SR'!J:J,'Final SR'!$E:$E,TOTALss!#REF!,'Final SR'!$I:$I,'Final SR'!$I$12) -> 0 | F15: =SUMIFS('Final SR'!K:K,'Final SR'!$E:$E,TOTALss!#REF!,'Final SR'!$I:$I,'Final SR'!$I$12) -> 0 | G15: =SUMIFS('Final SR'!L:L,'Final SR'!$E:$E,TOTALss!#REF!,'Final SR'!$I:$I,'Final SR'!$I$12) -> 0 | H15: =SUMIFS('Final SR'!M:M,'Final SR'!$E:$E,TOTALss!#REF!,'Final SR'!$I:$I,'Final SR'!$I$12) -> 0 | I15: =SUMIFS('Final SR'!N:N,'Final SR'!$E:$E,TOTALss!#REF!,'Final SR'!$I:$I,'Final SR'!$I$12) -> 0 | J15: =SUMIFS('Final SR'!O:O,'Final SR'!$E:$E,TOTALss!#REF!,'Final SR'!$I:$I,'Final SR'!$I$12) -> 0 | K15: =SUMIFS('Final SR'!P:P,'Final SR'!$E:$E,TOTALss!#REF!,'Final SR'!$I:$I,'Final SR'!$I$12) -> 0 | L15: =SUMIFS('Final SR'!Q:Q,'Final SR'!$E:$E,TOTALss!#REF!,'Final SR'!$I:$I,'Final SR'!$I$12) -> 0 | M15: =SUMIFS('Final SR'!R:R,'Final SR'!$E:$E,TOTALss!#REF!,'Final SR'!$I:$I,'Final SR'!$I$12) -> 0 | N15: =SUMIFS('Final SR'!S:S,'Final SR'!$E:$E,TOTALss!#REF!,'Final SR'!$I:$I,'Final SR'!$I$12) -> 0 | O15: =SUMIFS('Final SR'!T:T,'Final SR'!$E:$E,TOTALss!#REF!,'Final SR'!$I:$I,'Final SR'!$I$12) -> 0 | P15: =SUMIFS('Final SR'!U:U,'Final SR'!$E:$E,TOTALss!#REF!,'Final SR'!$I:$I,'Final SR'!$I$12) -> 0 | Q15: =SUMIFS('Final SR'!V:V,'Final SR'!$E:$E,TOTALss!#REF!,'Final SR'!$I:$I,'Final SR'!$I$12) -> 0 | R15: =SUMIFS('Final SR'!W:W,'Final SR'!$E:$E,TOTALss!#REF!,'Final SR'!$I:$I,'Final SR'!$I$12) -> 0 | S15: =SUMIFS('Final SR'!X:X,'Final SR'!$E:$E,TOTALss!#REF!,'Final SR'!$I:$I,'Final SR'!$I$12) -> 0 | T15: =SUMIFS('Final SR'!Y:Y,'Final SR'!$E:$E,TOTALss!#REF!,'Final SR'!$I:$I,'Final SR'!$I$12) -> 0 | U15: =SUMIFS('Final SR'!Z:Z,'Final SR'!$E:$E,TOTALss!#REF!,'Final SR'!$I:$I,'Final SR'!$I$12) -> 0 | V15: =SUMIFS('Final SR'!AA:AA,'Final SR'!$E:$E,TOTALss!#REF!,'Final SR'!$I:$I,'Final SR'!$I$12) -> 0 | W15: =SUMIFS('Final SR'!AB:AB,'Final SR'!$E:$E,TOTALss!#REF!,'Final SR'!$I:$I,'Final SR'!$I$12) -> 0 | X15: =SUMIFS('Final SR'!AC:AC,'Final SR'!$E:$E,TOTALss!#REF!,'Final SR'!$I:$I,'Final SR'!$I$12) -> 0 | Y15: =SUMIFS('Final SR'!AD:AD,'Final SR'!$E:$E,TOTALss!#REF!,'Final SR'!$I:$I,'Final SR'!$I$12) -> 0 | Z15: =SUMIFS('Final SR'!AE:AE,'Final SR'!$E:$E,TOTALss!#REF!,'Final SR'!$I:$I,'Final SR'!$I$12) -> 0 | AA15: =SUMIFS('Final SR'!AF:AF,'Final SR'!$E:$E,TOTALss!#REF!,'Final SR'!$I:$I,'Final SR'!$I$12) -> 0 | AB15: =SUMIFS('Final SR'!AG:AG,'Final SR'!$E:$E,TOTALss!#REF!,'Final SR'!$I:$I,'Final SR'!$I$12) -> 0 | AC15: =SUMIFS('Final SR'!AH:AH,'Final SR'!$E:$E,TOTALss!#REF!,'Final SR'!$I:$I,'Final SR'!$I$12) -> 0 | AD15: =SUMIFS('Final SR'!AI:AI,'Final SR'!$E:$E,TOTALss!#REF!,'Final SR'!$I:$I,'Final SR'!$I$12) -> 0 | AE15: =SUMIFS('Final SR'!AJ:AJ,'Final SR'!$E:$E,TOTALss!#REF!,'Final SR'!$I:$I,'Final SR'!$I$12) -> 0 | AF15: =SUMIFS('Final SR'!AK:AK,'Final SR'!$E:$E,TOTALss!#REF!,'Final SR'!$I:$I,'Final SR'!$I$12) -> 0 | AG15: =SUMIFS('Final SR'!AL:AL,'Final SR'!$E:$E,TOTALss!#REF!,'Final SR'!$I:$I,'Final SR'!$I$12) -> 0 | AH15: =SUMIFS('Final SR'!AM:AM,'Final SR'!$E:$E,TOTALss!#REF!,'Final SR'!$I:$I,'Final SR'!$I$12) -> 0 | AI15: =SUMIFS('Final SR'!AN:AN,'Final SR'!$E:$E,TOTALss!#REF!,'Final SR'!$I:$I,'Final SR'!$I$12) -> 0 | AJ15: =SUMIFS('Final SR'!AO:AO,'Final SR'!$E:$E,TOTALss!#REF!,'Final SR'!$I:$I,'Final SR'!$I$12) -> 0 | AK15: =SUMIFS('Final SR'!AP:AP,'Final SR'!$E:$E,TOTALss!#REF!,'Final SR'!$I:$I,'Final SR'!$I$12) -> 0 | AL15: =SUMIFS('Final SR'!AQ:AQ,'Final SR'!$E:$E,TOTALss!#REF!,'Final SR'!$I:$I,'Final SR'!$I$12) -> 0 | AM15: =SUMIFS('Final SR'!AR:AR,'Final SR'!$E:$E,TOTALss!#REF!,'Final SR'!$I:$I,'Final SR'!$I$12) -> 0 | AN15: =SUMIFS('Final SR'!AS:AS,'Final SR'!$E:$E,TOTALss!#REF!,'Final SR'!$I:$I,'Final SR'!$I$12) -> 0 | AO15: =SUMIFS('Final SR'!AT:AT,'Final SR'!$E:$E,TOTALss!#REF!,'Final SR'!$I:$I,'Final SR'!$I$12) -> 0 | AP15: =SUMIFS('Final SR'!AU:AU,'Final SR'!$E:$E,TOTALss!#REF!,'Final SR'!$I:$I,'Final SR'!$I$12) -> 0 | AQ15: =SUMIFS('Final SR'!AV:AV,'Final SR'!$E:$E,TOTALss!#REF!,'Final SR'!$I:$I,'Final SR'!$I$12) -> 0 | AR15: =SUMIFS('Final SR'!AW:AW,'Final SR'!$E:$E,TOTALss!#REF!,'Final SR'!$I:$I,'Final SR'!$I$12) -> 0 | AS15: =SUMIFS('Final SR'!AX:AX,'Final SR'!$E:$E,TOTALss!#REF!,'Final SR'!$I:$I,'Final SR'!$I$12) -> 0 | AT15: =SUMIFS('Final SR'!AY:AY,'Final SR'!$E:$E,TOTALss!#REF!,'Final SR'!$I:$I,'Final SR'!$I$12) -> 0 | AU15: =SUMIFS('Final SR'!AZ:AZ,'Final SR'!$E:$E,TOTALss!#REF!,'Final SR'!$I:$I,'Final SR'!$I$12) -> 0 | AV15: =SUMIFS('Final SR'!BA:BA,'Final SR'!$E:$E,TOTALss!#REF!,'Final SR'!$I:$I,'Final SR'!$I$12) -> 0 | AW15: =SUMIFS('Final SR'!BB:BB,'Final SR'!$E:$E,TOTALss!#REF!,'Final SR'!$I:$I,'Final SR'!$I$12) -> 0 | AX15: =SUMIFS('Final SR'!BC:BC,'Final SR'!$E:$E,TOTALss!#REF!,'Final SR'!$I:$I,'Final SR'!$I$12) -> 0 | AY15: =SUMIFS('Final SR'!BD:BD,'Final SR'!$E:$E,TOTALss!#REF!,'Final SR'!$I:$I,'Final SR'!$I$12) -> 0 | AZ15: =SUMIFS('Final SR'!BE:BE,'Final SR'!$E:$E,TOTALss!#REF!,'Final SR'!$I:$I,'Final SR'!$I$12) -> 0 | BA15: =SUMIFS('Final SR'!BF:BF,'Final SR'!$E:$E,TOTALss!#REF!,'Final SR'!$I:$I,'Final SR'!$I$12) -> 0 | BB15: =SUMIFS('Final SR'!BG:BG,'Final SR'!$E:$E,TOTALss!#REF!,'Final SR'!$I:$I,'Final SR'!$I$12) -> 0 | BC15: =SUMIFS('Final SR'!BH:BH,'Final SR'!$E:$E,TOTALss!#REF!,'Final SR'!$I:$I,'Final SR'!$I$12) -> 0 | BD15: =SUMIFS('Final SR'!BI:BI,'Final SR'!$E:$E,TOTALss!#REF!,'Final SR'!$I:$I,'Final SR'!$I$12) -> 0
C16: Cum Family Totals | E16: =SUMIFS('Final SR'!J:J,'Final SR'!$E:$E,TOTALss!#REF!,'Final SR'!$I:$I,'Final SR'!$I$13) -> 0 | F16: =SUMIFS('Final SR'!K:K,'Final SR'!$E:$E,TOTALss!#REF!,'Final SR'!$I:$I,'Final SR'!$I$13) -> 0 | G16: =SUMIFS('Final SR'!L:L,'Final SR'!$E:$E,TOTALss!#REF!,'Final SR'!$I:$I,'Final SR'!$I$13) -> 0 | H16: =SUMIFS('Final SR'!M:M,'Final SR'!$E:$E,TOTALss!#REF!,'Final SR'!$I:$I,'Final SR'!$I$13) -> 0 | I16: =SUMIFS('Final SR'!N:N,'Final SR'!$E:$E,TOTALss!#REF!,'Final SR'!$I:$I,'Final SR'!$I$13) -> 0 | J16: =SUMIFS('Final SR'!O:O,'Final SR'!$E:$E,TOTALss!#REF!,'Final SR'!$I:$I,'Final SR'!$I$13) -> 0 | K16: =SUMIFS('Final SR'!P:P,'Final SR'!$E:$E,TOTALss!#REF!,'Final SR'!$I:$I,'Final SR'!$I$13) -> 0 | L16: =SUMIFS('Final SR'!Q:Q,'Final SR'!$E:$E,TOTALss!#REF!,'Final SR'!$I:$I,'Final SR'!$I$13) -> 0 | M16: =SUMIFS('Final SR'!R:R,'Final SR'!$E:$E,TOTALss!#REF!,'Final SR'!$I:$I,'Final SR'!$I$13) -> 0 | N16: =SUMIFS('Final SR'!S:S,'Final SR'!$E:$E,TOTALss!#REF!,'Final SR'!$I:$I,'Final SR'!$I$13) -> 0 | O16: =SUMIFS('Final SR'!T:T,'Final SR'!$E:$E,TOTALss!#REF!,'Final SR'!$I:$I,'Final SR'!$I$13) -> 0 | P16: =SUMIFS('Final SR'!U:U,'Final SR'!$E:$E,TOTALss!#REF!,'Final SR'!$I:$I,'Final SR'!$I$13) -> 0 | Q16: =SUMIFS('Final SR'!V:V,'Final SR'!$E:$E,TOTALss!#REF!,'Final SR'!$I:$I,'Final SR'!$I$13) -> 0 | R16: =SUMIFS('Final SR'!W:W,'Final SR'!$E:$E,TOTALss!#REF!,'Final SR'!$I:$I,'Final SR'!$I$13) -> 0 | S16: =SUMIFS('Final SR'!X:X,'Final SR'!$E:$E,TOTALss!#REF!,'Final SR'!$I:$I,'Final SR'!$I$13) -> 0 | T16: =SUMIFS('Final SR'!Y:Y,'Final SR'!$E:$E,TOTALss!#REF!,'Final SR'!$I:$I,'Final SR'!$I$13) -> 0 | U16: =SUMIFS('Final SR'!Z:Z,'Final SR'!$E:$E,TOTALss!#REF!,'Final SR'!$I:$I,'Final SR'!$I$13) -> 0 | V16: =SUMIFS('Final SR'!AA:AA,'Final SR'!$E:$E,TOTALss!#REF!,'Final SR'!$I:$I,'Final SR'!$I$13) -> 0 | W16: =SUMIFS('Final SR'!AB:AB,'Final SR'!$E:$E,TOTALss!#REF!,'Final SR'!$I:$I,'Final SR'!$I$13) -> 0 | X16: =SUMIFS('Final SR'!AC:AC,'Final SR'!$E:$E,TOTALss!#REF!,'Final SR'!$I:$I,'Final SR'!$I$13) -> 0 | Y16: =SUMIFS('Final SR'!AD:AD,'Final SR'!$E:$E,TOTALss!#REF!,'Final SR'!$I:$I,'Final SR'!$I$13) -> 0 | Z16: =SUMIFS('Final SR'!AE:AE,'Final SR'!$E:$E,TOTALss!#REF!,'Final SR'!$I:$I,'Final SR'!$I$13) -> 0 | AA16: =SUMIFS('Final SR'!AF:AF,'Final SR'!$E:$E,TOTALss!#REF!,'Final SR'!$I:$I,'Final SR'!$I$13) -> 0 | AB16: =SUMIFS('Final SR'!AG:AG,'Final SR'!$E:$E,TOTALss!#REF!,'Final SR'!$I:$I,'Final SR'!$I$13) -> 0 | AC16: =SUMIFS('Final SR'!AH:AH,'Final SR'!$E:$E,TOTALss!#REF!,'Final SR'!$I:$I,'Final SR'!$I$13) -> 0 | AD16: =SUMIFS('Final SR'!AI:AI,'Final SR'!$E:$E,TOTALss!#REF!,'Final SR'!$I:$I,'Final SR'!$I$13) -> 0 | AE16: =SUMIFS('Final SR'!AJ:AJ,'Final SR'!$E:$E,TOTALss!#REF!,'Final SR'!$I:$I,'Final SR'!$I$13) -> 0 | AF16: =SUMIFS('Final SR'!AK:AK,'Final SR'!$E:$E,TOTALss!#REF!,'Final SR'!$I:$I,'Final SR'!$I$13) -> 0 | AG16: =SUMIFS('Final SR'!AL:AL,'Final SR'!$E:$E,TOTALss!#REF!,'Final SR'!$I:$I,'Final SR'!$I$13) -> 0 | AH16: =SUMIFS('Final SR'!AM:AM,'Final SR'!$E:$E,TOTALss!#REF!,'Final SR'!$I:$I,'Final SR'!$I$13) -> 0 | AI16: =SUMIFS('Final SR'!AN:AN,'Final SR'!$E:$E,TOTALss!#REF!,'Final SR'!$I:$I,'Final SR'!$I$13) -> 0 | AJ16: =SUMIFS('Final SR'!AO:AO,'Final SR'!$E:$E,TOTALss!#REF!,'Final SR'!$I:$I,'Final SR'!$I$13) -> 0 | AK16: =SUMIFS('Final SR'!AP:AP,'Final SR'!$E:$E,TOTALss!#REF!,'Final SR'!$I:$I,'Final SR'!$I$13) -> 0 | AL16: =SUMIFS('Final SR'!AQ:AQ,'Final SR'!$E:$E,TOTALss!#REF!,'Final SR'!$I:$I,'Final SR'!$I$13) -> 0 | AM16: =SUMIFS('Final SR'!AR:AR,'Final SR'!$E:$E,TOTALss!#REF!,'Final SR'!$I:$I,'Final SR'!$I$13) -> 0 | AN16: =SUMIFS('Final SR'!AS:AS,'Final SR'!$E:$E,TOTALss!#REF!,'Final SR'!$I:$I,'Final SR'!$I$13) -> 0 | AO16: =SUMIFS('Final SR'!AT:AT,'Final SR'!$E:$E,TOTALss!#REF!,'Final SR'!$I:$I,'Final SR'!$I$13) -> 0 | AP16: =SUMIFS('Final SR'!AU:AU,'Final SR'!$E:$E,TOTALss!#REF!,'Final SR'!$I:$I,'Final SR'!$I$13) -> 0 | AQ16: =SUMIFS('Final SR'!AV:AV,'Final SR'!$E:$E,TOTALss!#REF!,'Final SR'!$I:$I,'Final SR'!$I$13) -> 0 | AR16: =SUMIFS('Final SR'!AW:AW,'Final SR'!$E:$E,TOTALss!#REF!,'Final SR'!$I:$I,'Final SR'!$I$13) -> 0 | AS16: =SUMIFS('Final SR'!AX:AX,'Final SR'!$E:$E,TOTALss!#REF!,'Final SR'!$I:$I,'Final SR'!$I$13) -> 0 | AT16: =SUMIFS('Final SR'!AY:AY,'Final SR'!$E:$E,TOTALss!#REF!,'Final SR'!$I:$I,'Final SR'!$I$13) -> 0 | AU16: =SUMIFS('Final SR'!AZ:AZ,'Final SR'!$E:$E,TOTALss!#REF!,'Final SR'!$I:$I,'Final SR'!$I$13) -> 0 | AV16: =SUMIFS('Final SR'!BA:BA,'Final SR'!$E:$E,TOTALss!#REF!,'Final SR'!$I:$I,'Final SR'!$I$13) -> 0 | AW16: =SUMIFS('Final SR'!BB:BB,'Final SR'!$E:$E,TOTALss!#REF!,'Final SR'!$I:$I,'Final SR'!$I$13) -> 0 | AX16: =SUMIFS('Final SR'!BC:BC,'Final SR'!$E:$E,TOTALss!#REF!,'Final SR'!$I:$I,'Final SR'!$I$13) -> 0 | AY16: =SUMIFS('Final SR'!BD:BD,'Final SR'!$E:$E,TOTALss!#REF!,'Final SR'!$I:$I,'Final SR'!$I$13) -> 0 | AZ16: =SUMIFS('Final SR'!BE:BE,'Final SR'!$E:$E,TOTALss!#REF!,'Final SR'!$I:$I,'Final SR'!$I$13) -> 0 | BA16: =SUMIFS('Final SR'!BF:BF,'Final SR'!$E:$E,TOTALss!#REF!,'Final SR'!$I:$I,'Final SR'!$I$13) -> 0 | BB16: =SUMIFS('Final SR'!BG:BG,'Final SR'!$E:$E,TOTALss!#REF!,'Final SR'!$I:$I,'Final SR'!$I$13) -> 0 | BC16: =SUMIFS('Final SR'!BH:BH,'Final SR'!$E:$E,TOTALss!#REF!,'Final SR'!$I:$I,'Final SR'!$I$13) -> 0 | BD16: =SUMIFS('Final SR'!BI:BI,'Final SR'!$E:$E,TOTALss!#REF!,'Final SR'!$I:$I,'Final SR'!$I$13) -> 0
L17: SHIP | M17: FAB | U17: RAW
K18: SHIP | L18: FAB
G19: =B15 -> 220D-HV | H19: THIS WEEK | I19: NET | J19: =K15 -> 0 | K19: =L15 -> 0 | L19: =M15 -> 0 | M19: =K19=K21 -> TRUE | N19: =K20-K22 -> 0
I20: CUM | J20: =K16 -> 0 | K20: =L16 -> 0 | L20: =M16 -> 0 | M20: =K20=K22 -> TRUE
H21: LAST SR | I21: NET | K21: 0
I22: CUM | K22: 0
L24: SHIP | M24: FAB | U24: RAW
A25: Family Totals | B25: GAS | C25: Net Family Totals | E25: =SUMIFS('Final SR'!J:J,'Final SR'!$E:$E,TOTALss!$B6,'Final SR'!$I:$I,'Final SR'!$I$12) -> 6652 | F25: =SUMIFS('Final SR'!K:K,'Final SR'!$E:$E,TOTALss!$B6,'Final SR'!$I:$I,'Final SR'!$I$12) -> 2784 | G25: =SUMIFS('Final SR'!L:L,'Final SR'!$E:$E,TOTALss!$B6,'Final SR'!$I:$I,'Final SR'!$I$12) -> 2276 | H25: =SUMIFS('Final SR'!M:M,'Final SR'!$E:$E,TOTALss!$B6,'Final SR'!$I:$I,'Final SR'!$I$12) -> 2648 | I25: =SUMIFS('Final SR'!N:N,'Final SR'!$E:$E,TOTALss!$B6,'Final SR'!$I:$I,'Final SR'!$I$12) -> 2928 | J25: =SUMIFS('Final SR'!O:O,'Final SR'!$E:$E,TOTALss!$B6,'Final SR'!$I:$I,'Final SR'!$I$12) -> 2688 | K25: =SUMIFS('Final SR'!P:P,'Final SR'!$E:$E,TOTALss!$B6,'Final SR'!$I:$I,'Final SR'!$I$12) -> 3716 | L25: =SUMIFS('Final SR'!Q:Q,'Final SR'!$E:$E,TOTALss!$B6,'Final SR'!$I:$I,'Final SR'!$I$12) -> 3720 | M25: =SUMIFS('Final SR'!R:R,'Final SR'!$E:$E,TOTALss!$B6,'Final SR'!$I:$I,'Final SR'!$I$12) -> 0 | N25: =SUMIFS('Final SR'!S:S,'Final SR'!$E:$E,TOTALss!$B6,'Final SR'!$I:$I,'Final SR'!$I$12) -> 2056 | O25: =SUMIFS('Final SR'!T:T,'Final SR'!$E:$E,TOTALss!$B6,'Final SR'!$I:$I,'Final SR'!$I$12) -> 2640 | P25: =SUMIFS('Final SR'!U:U,'Final SR'!$E:$E,TOTALss!$B6,'Final SR'!$I:$I,'Final SR'!$I$12) -> 2348 | Q25: =SUMIFS('Final SR'!V:V,'Final SR'!$E:$E,TOTALss!$B6,'Final SR'!$I:$I,'Final SR'!$I$12) -> 1944 | R25: =SUMIFS('Final SR'!W:W,'Final SR'!$E:$E,TOTALss!$B6,'Final SR'!$I:$I,'Final SR'!$I$12) -> 1620 | S25: =SUMIFS('Final SR'!X:X,'Final SR'!$E:$E,TOTALss!$B6,'Final SR'!$I:$I,'Final SR'!$I$12) -> 1152 | T25: =SUMIFS('Final SR'!Y:Y,'Final SR'!$E:$E,TOTALss!$B6,'Final SR'!$I:$I,'Final SR'!$I$12) -> 1192 | U25: =SUMIFS('Final SR'!Z:Z,'Final SR'!$E:$E,TOTALss!$B6,'Final SR'!$I:$I,'Final SR'!$I$12) -> 1740 | V25: =SUMIFS('Final SR'!AA:AA,'Final SR'!$E:$E,TOTALss!$B6,'Final SR'!$I:$I,'Final SR'!$I$12) -> 2184 | W25: =SUMIFS('Final SR'!AB:AB,'Final SR'!$E:$E,TOTALss!$B6,'Final SR'!$I:$I,'Final SR'!$I$12) -> 2176 | X25: =SUMIFS('Final SR'!AC:AC,'Final SR'!$E:$E,TOTALss!$B6,'Final SR'!$I:$I,'Final SR'!$I$12) -> 2180 | Y25: =SUMIFS('Final SR'!AD:AD,'Final SR'!$E:$E,TOTALss!$B6,'Final SR'!$I:$I,'Final SR'!$I$12) -> 1656 | Z25: =SUMIFS('Final SR'!AE:AE,'Final SR'!$E:$E,TOTALss!$B6,'Final SR'!$I:$I,'Final SR'!$I$12) -> 1704 | AA25: =SUMIFS('Final SR'!AF:AF,'Final SR'!$E:$E,TOTALss!$B6,'Final SR'!$I:$I,'Final SR'!$I$12) -> 1804 | AB25: =SUMIFS('Final SR'!AG:AG,'Final SR'!$E:$E,TOTALss!$B6,'Final SR'!$I:$I,'Final SR'!$I$12) -> 2096 | AC25: =SUMIFS('Final SR'!AH:AH,'Final SR'!$E:$E,TOTALss!$B6,'Final SR'!$I:$I,'Final SR'!$I$12) -> 1508 | AD25: =SUMIFS('Final SR'!AI:AI,'Final SR'!$E:$E,TOTALss!$B6,'Final SR'!$I:$I,'Final SR'!$I$12) -> 1908 | AE25: =SUMIFS('Final SR'!AJ:AJ,'Final SR'!$E:$E,TOTALss!$B6,'Final SR'!$I:$I,'Final SR'!$I$12) -> 2364 | AF25: =SUMIFS('Final SR'!AK:AK,'Final SR'!$E:$E,TOTALss!$B6,'Final SR'!$I:$I,'Final SR'!$I$12) -> 2360 | AG25: =SUMIFS('Final SR'!AL:AL,'Final SR'!$E:$E,TOTALss!$B6,'Final SR'!$I:$I,'Final SR'!$I$12) -> 3076 | AH25: =SUMIFS('Final SR'!AM:AM,'Final SR'!$E:$E,TOTALss!$B6,'Final SR'!$I:$I,'Final SR'!$I$12) -> 3012 | AI25: =SUMIFS('Final SR'!AN:AN,'Final SR'!$E:$E,TOTALss!$B6,'Final SR'!$I:$I,'Final SR'!$I$12) -> 2904 | AJ25: =SUMIFS('Final SR'!AO:AO,'Final SR'!$E:$E,TOTALss!$B6,'Final SR'!$I:$I,'Final SR'!$I$12) -> 2904 | AK25: =SUMIFS('Final SR'!AP:AP,'Final SR'!$E:$E,TOTALss!$B6,'Final SR'!$I:$I,'Final SR'!$I$12) -> 2904 | AL25: =SUMIFS('Final SR'!AQ:AQ,'Final SR'!$E:$E,TOTALss!$B6,'Final SR'!$I:$I,'Final SR'!$I$12) -> 2904 | AM25: =SUMIFS('Final SR'!AR:AR,'Final SR'!$E:$E,TOTALss!$B6,'Final SR'!$I:$I,'Final SR'!$I$12) -> 2904 | AN25: =SUMIFS('Final SR'!AS:AS,'Final SR'!$E:$E,TOTALss!$B6,'Final SR'!$I:$I,'Final SR'!$I$12) -> 2904 | AO25: =SUMIFS('Final SR'!AT:AT,'Final SR'!$E:$E,TOTALss!$B6,'Final SR'!$I:$I,'Final SR'!$I$12) -> 2904 | AP25: =SUMIFS('Final SR'!AU:AU,'Final SR'!$E:$E,TOTALss!$B6,'Final SR'!$I:$I,'Final SR'!$I$12) -> 2904 | AQ25: =SUMIFS('Final SR'!AV:AV,'Final SR'!$E:$E,TOTALss!$B6,'Final SR'!$I:$I,'Final SR'!$I$12) -> 2904 | AR25: =SUMIFS('Final SR'!AW:AW,'Final SR'!$E:$E,TOTALss!$B6,'Final SR'!$I:$I,'Final SR'!$I$12) -> 2904 | AS25: =SUMIFS('Final SR'!AX:AX,'Final SR'!$E:$E,TOTALss!$B6,'Final SR'!$I:$I,'Final SR'!$I$12) -> 2904 | AT25: =SUMIFS('Final SR'!AY:AY,'Final SR'!$E:$E,TOTALss!$B6,'Final SR'!$I:$I,'Final SR'!$I$12) -> 2904 | AU25: =SUMIFS('Final SR'!AZ:AZ,'Final SR'!$E:$E,TOTALss!$B6,'Final SR'!$I:$I,'Final SR'!$I$12) -> 2904 | AV25: =SUMIFS('Final SR'!BA:BA,'Final SR'!$E:$E,TOTALss!$B6,'Final SR'!$I:$I,'Final SR'!$I$12) -> 2904 | AW25: =SUMIFS('Final SR'!BB:BB,'Final SR'!$E:$E,TOTALss!$B6,'Final SR'!$I:$I,'Final SR'!$I$12) -> 2904 | AX25: =SUMIFS('Final SR'!BC:BC,'Final SR'!$E:$E,TOTALss!$B6,'Final SR'!$I:$I,'Final SR'!$I$12) -> 2904 | AY25: =SUMIFS('Final SR'!BD:BD,'Final SR'!$E:$E,TOTALss!$B6,'Final SR'!$I:$I,'Final SR'!$I$12) -> 2904 | AZ25: =SUMIFS('Final SR'!BE:BE,'Final SR'!$E:$E,TOTALss!$B6,'Final SR'!$I:$I,'Final SR'!$I$12) -> 2904 | BA25: =SUMIFS('Final SR'!BF:BF,'Final SR'!$E:$E,TOTALss!$B6,'Final SR'!$I:$I,'Final SR'!$I$12) -> 2904 | BB25: =SUMIFS('Final SR'!BG:BG,'Final SR'!$E:$E,TOTALss!$B6,'Final SR'!$I:$I,'Final SR'!$I$12) -> 2904 | BC25: =SUMIFS('Final SR'!BH:BH,'Final SR'!$E:$E,TOTALss!$B6,'Final SR'!$I:$I,'Final SR'!$I$12) -> 2904 | BD25: =SUMIFS('Final SR'!BI:BI,'Final SR'!$E:$E,TOTALss!$B6,'Final SR'!$I:$I,'Final SR'!$I$12) -> 2904
C26: Cum Family Totals | E26: =SUMIFS('Final SR'!J:J,'Final SR'!$E:$E,TOTALss!$B6,'Final SR'!$I:$I,'Final SR'!$I$13) -> 102932 | F26: =SUMIFS('Final SR'!K:K,'Final SR'!$E:$E,TOTALss!$B6,'Final SR'!$I:$I,'Final SR'!$I$13) -> 105716 | G26: =SUMIFS('Final SR'!L:L,'Final SR'!$E:$E,TOTALss!$B6,'Final SR'!$I:$I,'Final SR'!$I$13) -> 107992 | H26: =SUMIFS('Final SR'!M:M,'Final SR'!$E:$E,TOTALss!$B6,'Final SR'!$I:$I,'Final SR'!$I$13) -> 110640 | I26: =SUMIFS('Final SR'!N:N,'Final SR'!$E:$E,TOTALss!$B6,'Final SR'!$I:$I,'Final SR'!$I$13) -> 113568 | J26: =SUMIFS('Final SR'!O:O,'Final SR'!$E:$E,TOTALss!$B6,'Final SR'!$I:$I,'Final SR'!$I$13) -> 116256 | K26: =SUMIFS('Final SR'!P:P,'Final SR'!$E:$E,TOTALss!$B6,'Final SR'!$I:$I,'Final SR'!$I$13) -> 119972 | L26: =SUMIFS('Final SR'!Q:Q,'Final SR'!$E:$E,TOTALss!$B6,'Final SR'!$I:$I,'Final SR'!$I$13) -> 123692 | M26: =SUMIFS('Final SR'!R:R,'Final SR'!$E:$E,TOTALss!$B6,'Final SR'!$I:$I,'Final SR'!$I$13) -> 123692 | N26: =SUMIFS('Final SR'!S:S,'Final SR'!$E:$E,TOTALss!$B6,'Final SR'!$I:$I,'Final SR'!$I$13) -> 125748 | O26: =SUMIFS('Final SR'!T:T,'Final SR'!$E:$E,TOTALss!$B6,'Final SR'!$I:$I,'Final SR'!$I$13) -> 128388 | P26: =SUMIFS('Final SR'!U:U,'Final SR'!$E:$E,TOTALss!$B6,'Final SR'!$I:$I,'Final SR'!$I$13) -> 130736 | Q26: =SUMIFS('Final SR'!V:V,'Final SR'!$E:$E,TOTALss!$B6,'Final SR'!$I:$I,'Final SR'!$I$13) -> 132680 | R26: =SUMIFS('Final SR'!W:W,'Final SR'!$E:$E,TOTALss!$B6,'Final SR'!$I:$I,'Final SR'!$I$13) -> 134300 | S26: =SUMIFS('Final SR'!X:X,'Final SR'!$E:$E,TOTALss!$B6,'Final SR'!$I:$I,'Final SR'!$I$13) -> 135452 | T26: =SUMIFS('Final SR'!Y:Y,'Final SR'!$E:$E,TOTALss!$B6,'Final SR'!$I:$I,'Final SR'!$I$13) -> 136644 | U26: =SUMIFS('Final SR'!Z:Z,'Final SR'!$E:$E,TOTALss!$B6,'Final SR'!$I:$I,'Final SR'!$I$13) -> 138384 | V26: =SUMIFS('Final SR'!AA:AA,'Final SR'!$E:$E,TOTALss!$B6,'Final SR'!$I:$I,'Final SR'!$I$13) -> 140568 | W26: =SUMIFS('Final SR'!AB:AB,'Final SR'!$E:$E,TOTALss!$B6,'Final SR'!$I:$I,'Final SR'!$I$13) -> 142744 | X26: =SUMIFS('Final SR'!AC:AC,'Final SR'!$E:$E,TOTALss!$B6,'Final SR'!$I:$I,'Final SR'!$I$13) -> 144924 | Y26: =SUMIFS('Final SR'!AD:AD,'Final SR'!$E:$E,TOTALss!$B6,'Final SR'!$I:$I,'Final SR'!$I$13) -> 146580 | Z26: =SUMIFS('Final SR'!AE:AE,'Final SR'!$E:$E,TOTALss!$B6,'Final SR'!$I:$I,'Final SR'!$I$13) -> 148284 | AA26: =SUMIFS('Final SR'!AF:AF,'Final SR'!$E:$E,TOTALss!$B6,'Final SR'!$I:$I,'Final SR'!$I$13) -> 150088 | AB26: =SUMIFS('Final SR'!AG:AG,'Final SR'!$E:$E,TOTALss!$B6,'Final SR'!$I:$I,'Final SR'!$I$13) -> 152184 | AC26: =SUMIFS('Final SR'!AH:AH,'Final SR'!$E:$E,TOTALss!$B6,'Final SR'!$I:$I,'Final SR'!$I$13) -> 153692 | AD26: =SUMIFS('Final SR'!AI:AI,'Final SR'!$E:$E,TOTALss!$B6,'Final SR'!$I:$I,'Final SR'!$I$13) -> 155600 | AE26: =SUMIFS('Final SR'!AJ:AJ,'Final SR'!$E:$E,TOTALss!$B6,'Final SR'!$I:$I,'Final SR'!$I$13) -> 157964 | AF26: =SUMIFS('Final SR'!AK:AK,'Final SR'!$E:$E,TOTALss!$B6,'Final SR'!$I:$I,'Final SR'!$I$13) -> 160324 | AG26: =SUMIFS('Final SR'!AL:AL,'Final SR'!$E:$E,TOTALss!$B6,'Final SR'!$I:$I,'Final SR'!$I$13) -> 163400 | AH26: =SUMIFS('Final SR'!AM:AM,'Final SR'!$E:$E,TOTALss!$B6,'Final SR'!$I:$I,'Final SR'!$I$13) -> 166412 | AI26: =SUMIFS('Final SR'!AN:AN,'Final SR'!$E:$E,TOTALss!$B6,'Final SR'!$I:$I,'Final SR'!$I$13) -> 169316 | AJ26: =SUMIFS('Final SR'!AO:AO,'Final SR'!$E:$E,TOTALss!$B6,'Final SR'!$I:$I,'Final SR'!$I$13) -> 172220 | AK26: =SUMIFS('Final SR'!AP:AP,'Final SR'!$E:$E,TOTALss!$B6,'Final SR'!$I:$I,'Final SR'!$I$13) -> 175124 | AL26: =SUMIFS('Final SR'!AQ:AQ,'Final SR'!$E:$E,TOTALss!$B6,'Final SR'!$I:$I,'Final SR'!$I$13) -> 178028 | AM26: =SUMIFS('Final SR'!AR:AR,'Final SR'!$E:$E,TOTALss!$B6,'Final SR'!$I:$I,'Final SR'!$I$13) -> 180932 | AN26: =SUMIFS('Final SR'!AS:AS,'Final SR'!$E:$E,TOTALss!$B6,'Final SR'!$I:$I,'Final SR'!$I$13) -> 183836 | AO26: =SUMIFS('Final SR'!AT:AT,'Final SR'!$E:$E,TOTALss!$B6,'Final SR'!$I:$I,'Final SR'!$I$13) -> 186740 | AP26: =SUMIFS('Final SR'!AU:AU,'Final SR'!$E:$E,TOTALss!$B6,'Final SR'!$I:$I,'Final SR'!$I$13) -> 189644 | AQ26: =SUMIFS('Final SR'!AV:AV,'Final SR'!$E:$E,TOTALss!$B6,'Final SR'!$I:$I,'Final SR'!$I$13) -> 192548 | AR26: =SUMIFS('Final SR'!AW:AW,'Final SR'!$E:$E,TOTALss!$B6,'Final SR'!$I:$I,'Final SR'!$I$13) -> 195452 | AS26: =SUMIFS('Final SR'!AX:AX,'Final SR'!$E:$E,TOTALss!$B6,'Final SR'!$I:$I,'Final SR'!$I$13) -> 198356 | AT26: =SUMIFS('Final SR'!AY:AY,'Final SR'!$E:$E,TOTALss!$B6,'Final SR'!$I:$I,'Final SR'!$I$13) -> 201260 | AU26: =SUMIFS('Final SR'!AZ:AZ,'Final SR'!$E:$E,TOTALss!$B6,'Final SR'!$I:$I,'Final SR'!$I$13) -> 204164 | AV26: =SUMIFS('Final SR'!BA:BA,'Final SR'!$E:$E,TOTALss!$B6,'Final SR'!$I:$I,'Final SR'!$I$13) -> 207068 | AW26: =SUMIFS('Final SR'!BB:BB,'Final SR'!$E:$E,TOTALss!$B6,'Final SR'!$I:$I,'Final SR'!$I$13) -> 209972 | AX26: =SUMIFS('Final SR'!BC:BC,'Final SR'!$E:$E,TOTALss!$B6,'Final SR'!$I:$I,'Final SR'!$I$13) -> 212876 | AY26: =SUMIFS('Final SR'!BD:BD,'Final SR'!$E:$E,TOTALss!$B6,'Final SR'!$I:$I,'Final SR'!$I$13) -> 215780 | AZ26: =SUMIFS('Final SR'!BE:BE,'Final SR'!$E:$E,TOTALss!$B6,'Final SR'!$I:$I,'Final SR'!$I$13) -> 218684 | BA26: =SUMIFS('Final SR'!BF:BF,'Final SR'!$E:$E,TOTALss!$B6,'Final SR'!$I:$I,'Final SR'!$I$13) -> 221588 | BB26: =SUMIFS('Final SR'!BG:BG,'Final SR'!$E:$E,TOTALss!$B6,'Final SR'!$I:$I,'Final SR'!$I$13) -> 224492 | BC26: =SUMIFS('Final SR'!BH:BH,'Final SR'!$E:$E,TOTALss!$B6,'Final SR'!$I:$I,'Final SR'!$I$13) -> 227396 | BD26: =SUMIFS('Final SR'!BI:BI,'Final SR'!$E:$E,TOTALss!$B6,'Final SR'!$I:$I,'Final SR'!$I$13) -> 230300
L27: SHIP | M27: FAB | U27: RAW
K28: SHIP | L28: FAB
G29: =B25 -> GAS | H29: THIS WEEK | I29: NET | J29: =K25 -> 3716 | K29: =L25 -> 3720 | L29: =M25 -> 0 | M29: =K29=K31 -> TRUE | N29: =K30-K32 -> -176
I30: CUM | J30: =K26 -> 119972 | K30: =L26 -> 123692 | L30: =M26 -> 123692 | M30: =K30=K32 -> FALSE
H31: LAST SR | I31: NET | K31: 3720
I32: CUM | K32: 123868
L36: SHIP | M36: FAB | U36: RAW
A37: Family Totals | B37: 491D-HV | C37: Net Family Totals | E37: =SUMIFS('Final SR'!J:J,'Final SR'!$E:$E,TOTALss!$B65,'Final SR'!$I:$I,'Final SR'!$I$12) -> 3196 | F37: =SUMIFS('Final SR'!K:K,'Final SR'!$E:$E,TOTALss!$B65,'Final SR'!$I:$I,'Final SR'!$I$12) -> 1112 | G37: =SUMIFS('Final SR'!L:L,'Final SR'!$E:$E,TOTALss!$B65,'Final SR'!$I:$I,'Final SR'!$I$12) -> 836 | H37: =SUMIFS('Final SR'!M:M,'Final SR'!$E:$E,TOTALss!$B65,'Final SR'!$I:$I,'Final SR'!$I$12) -> 1168 | I37: =SUMIFS('Final SR'!N:N,'Final SR'!$E:$E,TOTALss!$B65,'Final SR'!$I:$I,'Final SR'!$I$12) -> 1520 | J37: =SUMIFS('Final SR'!O:O,'Final SR'!$E:$E,TOTALss!$B65,'Final SR'!$I:$I,'Final SR'!$I$12) -> 1044 | K37: =SUMIFS('Final SR'!P:P,'Final SR'!$E:$E,TOTALss!$B65,'Final SR'!$I:$I,'Final SR'!$I$12) -> 1224 | L37: =SUMIFS('Final SR'!Q:Q,'Final SR'!$E:$E,TOTALss!$B65,'Final SR'!$I:$I,'Final SR'!$I$12) -> 1304 | M37: =SUMIFS('Final SR'!R:R,'Final SR'!$E:$E,TOTALss!$B65,'Final SR'!$I:$I,'Final SR'!$I$12) -> 0 | N37: =SUMIFS('Final SR'!S:S,'Final SR'!$E:$E,TOTALss!$B65,'Final SR'!$I:$I,'Final SR'!$I$12) -> 1144 | O37: =SUMIFS('Final SR'!T:T,'Final SR'!$E:$E,TOTALss!$B65,'Final SR'!$I:$I,'Final SR'!$I$12) -> 560 | P37: =SUMIFS('Final SR'!U:U,'Final SR'!$E:$E,TOTALss!$B65,'Final SR'!$I:$I,'Final SR'!$I$12) -> 848 | Q37: =SUMIFS('Final SR'!V:V,'Final SR'!$E:$E,TOTALss!$B65,'Final SR'!$I:$I,'Final SR'!$I$12) -> 616 | R37: =SUMIFS('Final SR'!W:W,'Final SR'!$E:$E,TOTALss!$B65,'Final SR'!$I:$I,'Final SR'!$I$12) -> 804 | S37: =SUMIFS('Final SR'!X:X,'Final SR'!$E:$E,TOTALss!$B65,'Final SR'!$I:$I,'Final SR'!$I$12) -> 612 | T37: =SUMIFS('Final SR'!Y:Y,'Final SR'!$E:$E,TOTALss!$B65,'Final SR'!$I:$I,'Final SR'!$I$12) -> 612 | U37: =SUMIFS('Final SR'!Z:Z,'Final SR'!$E:$E,TOTALss!$B65,'Final SR'!$I:$I,'Final SR'!$I$12) -> 760 | V37: =SUMIFS('Final SR'!AA:AA,'Final SR'!$E:$E,TOTALss!$B65,'Final SR'!$I:$I,'Final SR'!$I$12) -> 916 | W37: =SUMIFS('Final SR'!AB:AB,'Final SR'!$E:$E,TOTALss!$B65,'Final SR'!$I:$I,'Final SR'!$I$12) -> 912 | X37: =SUMIFS('Final SR'!AC:AC,'Final SR'!$E:$E,TOTALss!$B65,'Final SR'!$I:$I,'Final SR'!$I$12) -> 920 | Y37: =SUMIFS('Final SR'!AD:AD,'Final SR'!$E:$E,TOTALss!$B65,'Final SR'!$I:$I,'Final SR'!$I$12) -> 808 | Z37: =SUMIFS('Final SR'!AE:AE,'Final SR'!$E:$E,TOTALss!$B65,'Final SR'!$I:$I,'Final SR'!$I$12) -> 840 | AA37: =SUMIFS('Final SR'!AF:AF,'Final SR'!$E:$E,TOTALss!$B65,'Final SR'!$I:$I,'Final SR'!$I$12) -> 708 | AB37: =SUMIFS('Final SR'!AG:AG,'Final SR'!$E:$E,TOTALss!$B65,'Final SR'!$I:$I,'Final SR'!$I$12) -> 892 | AC37: =SUMIFS('Final SR'!AH:AH,'Final SR'!$E:$E,TOTALss!$B65,'Final SR'!$I:$I,'Final SR'!$I$12) -> 612 | AD37: =SUMIFS('Final SR'!AI:AI,'Final SR'!$E:$E,TOTALss!$B65,'Final SR'!$I:$I,'Final SR'!$I$12) -> 908 | AE37: =SUMIFS('Final SR'!AJ:AJ,'Final SR'!$E:$E,TOTALss!$B65,'Final SR'!$I:$I,'Final SR'!$I$12) -> 872 | AF37: =SUMIFS('Final SR'!AK:AK,'Final SR'!$E:$E,TOTALss!$B65,'Final SR'!$I:$I,'Final SR'!$I$12) -> 876 | AG37: =SUMIFS('Final SR'!AL:AL,'Final SR'!$E:$E,TOTALss!$B65,'Final SR'!$I:$I,'Final SR'!$I$12) -> 1136 | AH37: =SUMIFS('Final SR'!AM:AM,'Final SR'!$E:$E,TOTALss!$B65,'Final SR'!$I:$I,'Final SR'!$I$12) -> 1096 | AI37: =SUMIFS('Final SR'!AN:AN,'Final SR'!$E:$E,TOTALss!$B65,'Final SR'!$I:$I,'Final SR'!$I$12) -> 1104 | AJ37: =SUMIFS('Final SR'!AO:AO,'Final SR'!$E:$E,TOTALss!$B65,'Final SR'!$I:$I,'Final SR'!$I$12) -> 1104 | AK37: =SUMIFS('Final SR'!AP:AP,'Final SR'!$E:$E,TOTALss!$B65,'Final SR'!$I:$I,'Final SR'!$I$12) -> 1104 | AL37: =SUMIFS('Final SR'!AQ:AQ,'Final SR'!$E:$E,TOTALss!$B65,'Final SR'!$I:$I,'Final SR'!$I$12) -> 1104 | AM37: =SUMIFS('Final SR'!AR:AR,'Final SR'!$E:$E,TOTALss!$B65,'Final SR'!$I:$I,'Final SR'!$I$12) -> 1104 | AN37: =SUMIFS('Final SR'!AS:AS,'Final SR'!$E:$E,TOTALss!$B65,'Final SR'!$I:$I,'Final SR'!$I$12) -> 1104 | AO37: =SUMIFS('Final SR'!AT:AT,'Final SR'!$E:$E,TOTALss!$B65,'Final SR'!$I:$I,'Final SR'!$I$12) -> 1104 | AP37: =SUMIFS('Final SR'!AU:AU,'Final SR'!$E:$E,TOTALss!$B65,'Final SR'!$I:$I,'Final SR'!$I$12) -> 1104 | AQ37: =SUMIFS('Final SR'!AV:AV,'Final SR'!$E:$E,TOTALss!$B65,'Final SR'!$I:$I,'Final SR'!$I$12) -> 1104 | AR37: =SUMIFS('Final SR'!AW:AW,'Final SR'!$E:$E,TOTALss!$B65,'Final SR'!$I:$I,'Final SR'!$I$12) -> 1104 | AS37: =SUMIFS('Final SR'!AX:AX,'Final SR'!$E:$E,TOTALss!$B65,'Final SR'!$I:$I,'Final SR'!$I$12) -> 1104 | AT37: =SUMIFS('Final SR'!AY:AY,'Final SR'!$E:$E,TOTALss!$B65,'Final SR'!$I:$I,'Final SR'!$I$12) -> 1104 | AU37: =SUMIFS('Final SR'!AZ:AZ,'Final SR'!$E:$E,TOTALss!$B65,'Final SR'!$I:$I,'Final SR'!$I$12) -> 1104 | AV37: =SUMIFS('Final SR'!BA:BA,'Final SR'!$E:$E,TOTALss!$B65,'Final SR'!$I:$I,'Final SR'!$I$12) -> 1104 | AW37: =SUMIFS('Final SR'!BB:BB,'Final SR'!$E:$E,TOTALss!$B65,'Final SR'!$I:$I,'Final SR'!$I$12) -> 1104 | AX37: =SUMIFS('Final SR'!BC:BC,'Final SR'!$E:$E,TOTALss!$B65,'Final SR'!$I:$I,'Final SR'!$I$12) -> 1104 | AY37: =SUMIFS('Final SR'!BD:BD,'Final SR'!$E:$E,TOTALss!$B65,'Final SR'!$I:$I,'Final SR'!$I$12) -> 1104 | AZ37: =SUMIFS('Final SR'!BE:BE,'Final SR'!$E:$E,TOTALss!$B65,'Final SR'!$I:$I,'Final SR'!$I$12) -> 1104 | BA37: =SUMIFS('Final SR'!BF:BF,'Final SR'!$E:$E,TOTALss!$B65,'Final SR'!$I:$I,'Final SR'!$I$12) -> 1104 | BB37: =SUMIFS('Final SR'!BG:BG,'Final SR'!$E:$E,TOTALss!$B65,'Final SR'!$I:$I,'Final SR'!$I$12) -> 1104 | BC37: =SUMIFS('Final SR'!BH:BH,'Final SR'!$E:$E,TOTALss!$B65,'Final SR'!$I:$I,'Final SR'!$I$12) -> 1104 | BD37: =SUMIFS('Final SR'!BI:BI,'Final SR'!$E:$E,TOTALss!$B65,'Final SR'!$I:$I,'Final SR'!$I$12) -> 1104
C38: Cum Family Totals | E38: =SUMIFS('Final SR'!J:J,'Final SR'!$E:$E,TOTALss!$B65,'Final SR'!$I:$I,'Final SR'!$I$13) -> 31424 | F38: =SUMIFS('Final SR'!K:K,'Final SR'!$E:$E,TOTALss!$B65,'Final SR'!$I:$I,'Final SR'!$I$13) -> 32536 | G38: =SUMIFS('Final SR'!L:L,'Final SR'!$E:$E,TOTALss!$B65,'Final SR'!$I:$I,'Final SR'!$I$13) -> 33372 | H38: =SUMIFS('Final SR'!M:M,'Final SR'!$E:$E,TOTALss!$B65,'Final SR'!$I:$I,'Final SR'!$I$13) -> 34540 | I38: =SUMIFS('Final SR'!N:N,'Final SR'!$E:$E,TOTALss!$B65,'Final SR'!$I:$I,'Final SR'!$I$13) -> 36060 | J38: =SUMIFS('Final SR'!O:O,'Final SR'!$E:$E,TOTALss!$B65,'Final SR'!$I:$I,'Final SR'!$I$13) -> 37104 | K38: =SUMIFS('Final SR'!P:P,'Final SR'!$E:$E,TOTALss!$B65,'Final SR'!$I:$I,'Final SR'!$I$13) -> 38328 | L38: =SUMIFS('Final SR'!Q:Q,'Final SR'!$E:$E,TOTALss!$B65,'Final SR'!$I:$I,'Final SR'!$I$13) -> 39632 | M38: =SUMIFS('Final SR'!R:R,'Final SR'!$E:$E,TOTALss!$B65,'Final SR'!$I:$I,'Final SR'!$I$13) -> 39632 | N38: =SUMIFS('Final SR'!S:S,'Final SR'!$E:$E,TOTALss!$B65,'Final SR'!$I:$I,'Final SR'!$I$13) -> 40776 | O38: =SUMIFS('Final SR'!T:T,'Final SR'!$E:$E,TOTALss!$B65,'Final SR'!$I:$I,'Final SR'!$I$13) -> 41336 | P38: =SUMIFS('Final SR'!U:U,'Final SR'!$E:$E,TOTALss!$B65,'Final SR'!$I:$I,'Final SR'!$I$13) -> 42184 | Q38: =SUMIFS('Final SR'!V:V,'Final SR'!$E:$E,TOTALss!$B65,'Final SR'!$I:$I,'Final SR'!$I$13) -> 42800 | R38: =SUMIFS('Final SR'!W:W,'Final SR'!$E:$E,TOTALss!$B65,'Final SR'!$I:$I,'Final SR'!$I$13) -> 43604 | S38: =SUMIFS('Final SR'!X:X,'Final SR'!$E:$E,TOTALss!$B65,'Final SR'!$I:$I,'Final SR'!$I$13) -> 44216 | T38: =SUMIFS('Final SR'!Y:Y,'Final SR'!$E:$E,TOTALss!$B65,'Final SR'!$I:$I,'Final SR'!$I$13) -> 44828 | U38: =SUMIFS('Final SR'!Z:Z,'Final SR'!$E:$E,TOTALss!$B65,'Final SR'!$I:$I,'Final SR'!$I$13) -> 45588 | V38: =SUMIFS('Final SR'!AA:AA,'Final SR'!$E:$E,TOTALss!$B65,'Final SR'!$I:$I,'Final SR'!$I$13) -> 46504 | W38: =SUMIFS('Final SR'!AB:AB,'Final SR'!$E:$E,TOTALss!$B65,'Final SR'!$I:$I,'Final SR'!$I$13) -> 47416 | X38: =SUMIFS('Final SR'!AC:AC,'Final SR'!$E:$E,TOTALss!$B65,'Final SR'!$I:$I,'Final SR'!$I$13) -> 48336 | Y38: =SUMIFS('Final SR'!AD:AD,'Final SR'!$E:$E,TOTALss!$B65,'Final SR'!$I:$I,'Final SR'!$I$13) -> 49144 | Z38: =SUMIFS('Final SR'!AE:AE,'Final SR'!$E:$E,TOTALss!$B65,'Final SR'!$I:$I,'Final SR'!$I$13) -> 49984 | AA38: =SUMIFS('Final SR'!AF:AF,'Final SR'!$E:$E,TOTALss!$B65,'Final SR'!$I:$I,'Final SR'!$I$13) -> 50692 | AB38: =SUMIFS('Final SR'!AG:AG,'Final SR'!$E:$E,TOTALss!$B65,'Final SR'!$I:$I,'Final SR'!$I$13) -> 51584 | AC38: =SUMIFS('Final SR'!AH:AH,'Final SR'!$E:$E,TOTALss!$B65,'Final SR'!$I:$I,'Final SR'!$I$13) -> 52196 | AD38: =SUMIFS('Final SR'!AI:AI,'Final SR'!$E:$E,TOTALss!$B65,'Final SR'!$I:$I,'Final SR'!$I$13) -> 53104 | AE38: =SUMIFS('Final SR'!AJ:AJ,'Final SR'!$E:$E,TOTALss!$B65,'Final SR'!$I:$I,'Final SR'!$I$13) -> 53976 | AF38: =SUMIFS('Final SR'!AK:AK,'Final SR'!$E:$E,TOTALss!$B65,'Final SR'!$I:$I,'Final SR'!$I$13) -> 54852 | AG38: =SUMIFS('Final SR'!AL:AL,'Final SR'!$E:$E,TOTALss!$B65,'Final SR'!$I:$I,'Final SR'!$I$13) -> 55988 | AH38: =SUMIFS('Final SR'!AM:AM,'Final SR'!$E:$E,TOTALss!$B65,'Final SR'!$I:$I,'Final SR'!$I$13) -> 57084 | AI38: =SUMIFS('Final SR'!AN:AN,'Final SR'!$E:$E,TOTALss!$B65,'Final SR'!$I:$I,'Final SR'!$I$13) -> 58188 | AJ38: =SUMIFS('Final SR'!AO:AO,'Final SR'!$E:$E,TOTALss!$B65,'Final SR'!$I:$I,'Final SR'!$I$13) -> 59292 | AK38: =SUMIFS('Final SR'!AP:AP,'Final SR'!$E:$E,TOTALss!$B65,'Final SR'!$I:$I,'Final SR'!$I$13) -> 60396 | AL38: =SUMIFS('Final SR'!AQ:AQ,'Final SR'!$E:$E,TOTALss!$B65,'Final SR'!$I:$I,'Final SR'!$I$13) -> 61500 | AM38: =SUMIFS('Final SR'!AR:AR,'Final SR'!$E:$E,TOTALss!$B65,'Final SR'!$I:$I,'Final SR'!$I$13) -> 62604 | AN38: =SUMIFS('Final SR'!AS:AS,'Final SR'!$E:$E,TOTALss!$B65,'Final SR'!$I:$I,'Final SR'!$I$13) -> 63708 | AO38: =SUMIFS('Final SR'!AT:AT,'Final SR'!$E:$E,TOTALss!$B65,'Final SR'!$I:$I,'Final SR'!$I$13) -> 64812 | AP38: =SUMIFS('Final SR'!AU:AU,'Final SR'!$E:$E,TOTALss!$B65,'Final SR'!$I:$I,'Final SR'!$I$13) -> 65916 | AQ38: =SUMIFS('Final SR'!AV:AV,'Final SR'!$E:$E,TOTALss!$B65,'Final SR'!$I:$I,'Final SR'!$I$13) -> 67020 | AR38: =SUMIFS('Final SR'!AW:AW,'Final SR'!$E:$E,TOTALss!$B65,'Final SR'!$I:$I,'Final SR'!$I$13) -> 68124 | AS38: =SUMIFS('Final SR'!AX:AX,'Final SR'!$E:$E,TOTALss!$B65,'Final SR'!$I:$I,'Final SR'!$I$13) -> 69228 | AT38: =SUMIFS('Final SR'!AY:AY,'Final SR'!$E:$E,TOTALss!$B65,'Final SR'!$I:$I,'Final SR'!$I$13) -> 70332 | AU38: =SUMIFS('Final SR'!AZ:AZ,'Final SR'!$E:$E,TOTALss!$B65,'Final SR'!$I:$I,'Final SR'!$I$13) -> 71436 | AV38: =SUMIFS('Final SR'!BA:BA,'Final SR'!$E:$E,TOTALss!$B65,'Final SR'!$I:$I,'Final SR'!$I$13) -> 72540 | AW38: =SUMIFS('Final SR'!BB:BB,'Final SR'!$E:$E,TOTALss!$B65,'Final SR'!$I:$I,'Final SR'!$I$13) -> 73644 | AX38: =SUMIFS('Final SR'!BC:BC,'Final SR'!$E:$E,TOTALss!$B65,'Final SR'!$I:$I,'Final SR'!$I$13) -> 74748 | AY38: =SUMIFS('Final SR'!BD:BD,'Final SR'!$E:$E,TOTALss!$B65,'Final SR'!$I:$I,'Final SR'!$I$13) -> 75852 | AZ38: =SUMIFS('Final SR'!BE:BE,'Final SR'!$E:$E,TOTALss!$B65,'Final SR'!$I:$I,'Final SR'!$I$13) -> 76956 | BA38: =SUMIFS('Final SR'!BF:BF,'Final SR'!$E:$E,TOTALss!$B65,'Final SR'!$I:$I,'Final SR'!$I$13) -> 78060 | BB38: =SUMIFS('Final SR'!BG:BG,'Final SR'!$E:$E,TOTALss!$B65,'Final SR'!$I:$I,'Final SR'!$I$13) -> 79164 | BC38: =SUMIFS('Final SR'!BH:BH,'Final SR'!$E:$E,TOTALss!$B65,'Final SR'!$I:$I,'Final SR'!$I$13) -> 80268 | BD38: =SUMIFS('Final SR'!BI:BI,'Final SR'!$E:$E,TOTALss!$B65,'Final SR'!$I:$I,'Final SR'!$I$13) -> 81372
L39: SHIP | M39: FAB | U39: RAW
K40: SHIP | L40: FAB
G41: =B37 -> 491D-HV | H41: THIS WEEK | I41: NET | J41: =K37 -> 1224 | K41: =L37 -> 1304 | L41: =M37 -> 0 | M41: =K41=K43 -> TRUE | N41: =K42-K44 -> 0
I42: CUM | J42: =K38 -> 38328 | K42: =L38 -> 39632 | L42: =M38 -> 39632 | M42: =K42=K44 -> TRUE
H43: LAST SR | I43: NET | K43: 1304
I44: CUM | K44: 39632

Sheet TOTALss
B1: TOTAL NO OF PALLETS
B2: NO OF CONTAINERS
D3: ETD | E3: ='Final SR'!J10 -> 46041 | F3: =E3+7 -> 46048 | G3: =F3+7 -> 46055 | H3: =G3+7 -> 46062 | I3: =H3+7 -> 46069 | J3: =I3+7 -> 46076 | K3: =J3+7 -> 46083 | L3: =K3+7 -> 46090 | M3: =L3+7 -> 46097 | ... BD3: =BC3+7 -> 46398
E4: ='Final SR'!$J$11 -> 46083 | F4: =E4+7 -> 46090 | G4: =F4+7 -> 46097 | H4: =G4+7 -> 46104 | I4: =H4+7 -> 46111 | J4: =I4+7 -> 46118 | K4: =J4+7 -> 46125 | L4: =K4+7 -> 46132 | M4: =L4+7 -> 46139 | ... BD4: =BC4+7 -> 46440
L5: SHIP | M5: FAB | U5: RAW
B6: GAS | C6: Net Family Totals | E6: =SUMIFS('Final SR'!J:J,'Final SR'!$E:$E,TOTALss!$B6,'Final SR'!$I:$I,'Final SR'!$I$12) -> 6652 | F6: =SUMIFS('Final SR'!K:K,'Final SR'!$E:$E,TOTALss!$B6,'Final SR'!$I:$I,'Final SR'!$I$12) -> 2784 | G6: =SUMIFS('Final SR'!L:L,'Final SR'!$E:$E,TOTALss!$B6,'Final SR'!$I:$I,'Final SR'!$I$12) -> 2276 | H6: =SUMIFS('Final SR'!M:M,'Final SR'!$E:$E,TOTALss!$B6,'Final SR'!$I:$I,'Final SR'!$I$12) -> 2648 | I6: =SUMIFS('Final SR'!N:N,'Final SR'!$E:$E,TOTALss!$B6,'Final SR'!$I:$I,'Final SR'!$I$12) -> 2928 | J6: =SUMIFS('Final SR'!O:O,'Final SR'!$E:$E,TOTALss!$B6,'Final SR'!$I:$I,'Final SR'!$I$12) -> 2688 | K6: =SUMIFS('Final SR'!P:P,'Final SR'!$E:$E,TOTALss!$B6,'Final SR'!$I:$I,'Final SR'!$I$12) -> 3716 | L6: =SUMIFS('Final SR'!Q:Q,'Final SR'!$E:$E,TOTALss!$B6,'Final SR'!$I:$I,'Final SR'!$I$12) -> 3720 | M6: =SUMIFS('Final SR'!R:R,'Final SR'!$E:$E,TOTALss!$B6,'Final SR'!$I:$I,'Final SR'!$I$12) -> 0 | N6: =SUMIFS('Final SR'!S:S,'Final SR'!$E:$E,TOTALss!$B6,'Final SR'!$I:$I,'Final SR'!$I$12) -> 2056 | O6: =SUMIFS('Final SR'!T:T,'Final SR'!$E:$E,TOTALss!$B6,'Final SR'!$I:$I,'Final SR'!$I$12) -> 2640 | P6: =SUMIFS('Final SR'!U:U,'Final SR'!$E:$E,TOTALss!$B6,'Final SR'!$I:$I,'Final SR'!$I$12) -> 2348 | Q6: =SUMIFS('Final SR'!V:V,'Final SR'!$E:$E,TOTALss!$B6,'Final SR'!$I:$I,'Final SR'!$I$12) -> 1944 | R6: =SUMIFS('Final SR'!W:W,'Final SR'!$E:$E,TOTALss!$B6,'Final SR'!$I:$I,'Final SR'!$I$12) -> 1620 | S6: =SUMIFS('Final SR'!X:X,'Final SR'!$E:$E,TOTALss!$B6,'Final SR'!$I:$I,'Final SR'!$I$12) -> 1152 | T6: =SUMIFS('Final SR'!Y:Y,'Final SR'!$E:$E,TOTALss!$B6,'Final SR'!$I:$I,'Final SR'!$I$12) -> 1192 | U6: =SUMIFS('Final SR'!Z:Z,'Final SR'!$E:$E,TOTALss!$B6,'Final SR'!$I:$I,'Final SR'!$I$12) -> 1740 | V6: =SUMIFS('Final SR'!AA:AA,'Final SR'!$E:$E,TOTALss!$B6,'Final SR'!$I:$I,'Final SR'!$I$12) -> 2184 | W6: =SUMIFS('Final SR'!AB:AB,'Final SR'!$E:$E,TOTALss!$B6,'Final SR'!$I:$I,'Final SR'!$I$12) -> 2176 | X6: =SUMIFS('Final SR'!AC:AC,'Final SR'!$E:$E,TOTALss!$B6,'Final SR'!$I:$I,'Final SR'!$I$12) -> 2180 | Y6: =SUMIFS('Final SR'!AD:AD,'Final SR'!$E:$E,TOTALss!$B6,'Final SR'!$I:$I,'Final SR'!$I$12) -> 1656 | Z6: =SUMIFS('Final SR'!AE:AE,'Final SR'!$E:$E,TOTALss!$B6,'Final SR'!$I:$I,'Final SR'!$I$12) -> 1704 | AA6: =SUMIFS('Final SR'!AF:AF,'Final SR'!$E:$E,TOTALss!$B6,'Final SR'!$I:$I,'Final SR'!$I$12) -> 1804 | AB6: =SUMIFS('Final SR'!AG:AG,'Final SR'!$E:$E,TOTALss!$B6,'Final SR'!$I:$I,'Final SR'!$I$12) -> 2096 | AC6: =SUMIFS('Final SR'!AH:AH,'Final SR'!$E:$E,TOTALss!$B6,'Final SR'!$I:$I,'Final SR'!$I$12) -> 1508 | AD6: =SUMIFS('Final SR'!AI:AI,'Final SR'!$E:$E,TOTALss!$B6,'Final SR'!$I:$I,'Final SR'!$I$12) -> 1908 | AE6: =SUMIFS('Final SR'!AJ:AJ,'Final SR'!$E:$E,TOTALss!$B6,'Final SR'!$I:$I,'Final SR'!$I$12) -> 2364 | AF6: =SUMIFS('Final SR'!AK:AK,'Final SR'!$E:$E,TOTALss!$B6,'Final SR'!$I:$I,'Final SR'!$I$12) -> 2360 | AG6: =SUMIFS('Final SR'!AL:AL,'Final SR'!$E:$E,TOTALss!$B6,'Final SR'!$I:$I,'Final SR'!$I$12) -> 3076 | AH6: =SUMIFS('Final SR'!AM:AM,'Final SR'!$E:$E,TOTALss!$B6,'Final SR'!$I:$I,'Final SR'!$I$12) -> 3012 | AI6: =SUMIFS('Final SR'!AN:AN,'Final SR'!$E:$E,TOTALss!$B6,'Final SR'!$I:$I,'Final SR'!$I$12) -> 2904 | AJ6: =SUMIFS('Final SR'!AO:AO,'Final SR'!$E:$E,TOTALss!$B6,'Final SR'!$I:$I,'Final SR'!$I$12) -> 2904 | AK6: =SUMIFS('Final SR'!AP:AP,'Final SR'!$E:$E,TOTALss!$B6,'Final SR'!$I:$I,'Final SR'!$I$12) -> 2904 | AL6: =SUMIFS('Final SR'!AQ:AQ,'Final SR'!$E:$E,TOTALss!$B6,'Final SR'!$I:$I,'Final SR'!$I$12) -> 2904 | AM6: =SUMIFS('Final SR'!AR:AR,'Final SR'!$E:$E,TOTALss!$B6,'Final SR'!$I:$I,'Final SR'!$I$12) -> 2904 | AN6: =SUMIFS('Final SR'!AS:AS,'Final SR'!$E:$E,TOTALss!$B6,'Final SR'!$I:$I,'Final SR'!$I$12) -> 2904 | AO6: =SUMIFS('Final SR'!AT:AT,'Final SR'!$E:$E,TOTALss!$B6,'Final SR'!$I:$I,'Final SR'!$I$12) -> 2904 | AP6: =SUMIFS('Final SR'!AU:AU,'Final SR'!$E:$E,TOTALss!$B6,'Final SR'!$I:$I,'Final SR'!$I$12) -> 2904 | AQ6: =SUMIFS('Final SR'!AV:AV,'Final SR'!$E:$E,TOTALss!$B6,'Final SR'!$I:$I,'Final SR'!$I$12) -> 2904 | AR6: =SUMIFS('Final SR'!AW:AW,'Final SR'!$E:$E,TOTALss!$B6,'Final SR'!$I:$I,'Final SR'!$I$12) -> 2904 | AS6: =SUMIFS('Final SR'!AX:AX,'Final SR'!$E:$E,TOTALss!$B6,'Final SR'!$I:$I,'Final SR'!$I$12) -> 2904 | AT6: =SUMIFS('Final SR'!AY:AY,'Final SR'!$E:$E,TOTALss!$B6,'Final SR'!$I:$I,'Final SR'!$I$12) -> 2904 | AU6: =SUMIFS('Final SR'!AZ:AZ,'Final SR'!$E:$E,TOTALss!$B6,'Final SR'!$I:$I,'Final SR'!$I$12) -> 2904 | AV6: =SUMIFS('Final SR'!BA:BA,'Final SR'!$E:$E,TOTALss!$B6,'Final SR'!$I:$I,'Final SR'!$I$12) -> 2904 | AW6: =SUMIFS('Final SR'!BB:BB,'Final SR'!$E:$E,TOTALss!$B6,'Final SR'!$I:$I,'Final SR'!$I$12) -> 2904 | AX6: =SUMIFS('Final SR'!BC:BC,'Final SR'!$E:$E,TOTALss!$B6,'Final SR'!$I:$I,'Final SR'!$I$12) -> 2904 | AY6: =SUMIFS('Final SR'!BD:BD,'Final SR'!$E:$E,TOTALss!$B6,'Final SR'!$I:$I,'Final SR'!$I$12) -> 2904 | AZ6: =SUMIFS('Final SR'!BE:BE,'Final SR'!$E:$E,TOTALss!$B6,'Final SR'!$I:$I,'Final SR'!$I$12) -> 2904 | BA6: =SUMIFS('Final SR'!BF:BF,'Final SR'!$E:$E,TOTALss!$B6,'Final SR'!$I:$I,'Final SR'!$I$12) -> 2904 | BB6: =SUMIFS('Final SR'!BG:BG,'Final SR'!$E:$E,TOTALss!$B6,'Final SR'!$I:$I,'Final SR'!$I$12) -> 2904 | BC6: =SUMIFS('Final SR'!BH:BH,'Final SR'!$E:$E,TOTALss!$B6,'Final SR'!$I:$I,'Final SR'!$I$12) -> 2904 | BD6: =SUMIFS('Final SR'!BI:BI,'Final SR'!$E:$E,TOTALss!$B6,'Final SR'!$I:$I,'Final SR'!$I$12) -> 2904
C7: CUM Family Totals | E7: =SUMIFS('Final SR'!J:J,'Final SR'!$E:$E,TOTALss!$B6,'Final SR'!$I:$I,'Final SR'!$I$13) -> 102932 | F7: =+F6+E7 -> 105716 | G7: =+G6+F7 -> 107992 | H7: =+H6+G7 -> 110640 | I7: =+I6+H7 -> 113568 | J7: =+J6+I7 -> 116256 | K7: =+K6+J7 -> 119972 | L7: =+L6+K7 -> 123692 | M7: =+M6+L7 -> 123692 | ... BD7: =+BD6+BC7 -> 230300
B8: GAS | C8: Net Totals w/o Level Load | E8: 6652 | F8: 2784 | G8: 2276 | H8: 2648 | I8: 2928 | J8: 2688 | K8: 3716 | L8: 3720 | M8: 320 | N8: 1804 | O8: 2308 | P8: 2316 | Q8: 2240 | R8: 1536 | S8: 412 | T8: 2016 | U8: 1740 | V8: 2184 | W8: 2176 | X8: 2180 | Y8: 1064 | Z8: 2296 | AA8: 1804 | AB8: 2096 | AC8: 1508 | AD8: 1908 | AE8: 2336 | AF8: 2336 | AG8: 3128 | AH8: 3012 | AI8: 0 | AJ8: 0 | AK8: 0 | AL8: 0 | AM8: 0 | AN8: 0 | AO8: 0 | AP8: 0 | AQ8: 0 | AR8: 0 | AS8: 0 | AT8: 0 | AU8: 0 | AV8: 0 | AW8: 0 | AX8: 0 | AY8: 0 | AZ8: 0 | BA8: 0 | BB8: 0 | BC8: 0 | BD8: 0
C9: Cum Totals w/o Level Load | E9: 102932 | F9: 105716 | G9: 107992 | H9: 110640 | I9: 113568 | J9: 116256 | K9: 119972 | L9: 123692 | M9: 124012 | N9: 125816 | O9: 128124 | P9: 130440 | Q9: 132680 | R9: 134216 | S9: 134628 | T9: 136644 | U9: 138384 | V9: 140568 | W9: 142744 | X9: 144924 | Y9: 145988 | Z9: 148284 | AA9: 150088 | AB9: 152184 | AC9: 153692 | AD9: 155600 | AE9: 157936 | AF9: 160272 | AG9: 163400 | AH9: 166412 | AI9: 166412 | AJ9: 166412 | AK9: 166412 | AL9: 166412 | AM9: 166412 | AN9: 166412 | AO9: 166412 | AP9: 166412 | AQ9: 166412 | AR9: 166412 | AS9: 166412 | AT9: 166412 | AU9: 166412 | AV9: 166412 | AW9: 166412 | AX9: 166412 | AY9: 166412 | AZ9: 166412 | BA9: 166412 | BB9: 166412 | BC9: 166412 | BD9: 166412
J10: (SAP vs Level Load) | L10: =+L6-L8 -> 0 | M10: =+M6-M8 -> -320 | N10: =+N6-N8 -> 252 | O10: =+O6-O8 -> 332 | P10: =+P6-P8 -> 32 | Q10: =+Q6-Q8 -> -296 | R10: =+R6-R8 -> 84 | S10: =+S6-S8 -> 740 | ... BD10: =+BD6-BD8 -> 2904
J11: CUM Diff | L11: =+L10 -> 0 | M11: =+M10+L11 -> -320 | N11: =+N10+M11 -> -68 | O11: =+O10+N11 -> 264 | P11: =+P10+O11 -> 296 | Q11: =+Q10+P11 -> 0 | R11: =+R10+Q11 -> 84 | S11: =+S10+R11 -> 824 | T11: =+T10+S11 -> 0 | ... BD11: =+BD10+BC11 -> 63888
J12: Extra DOH | K12: =AVERAGE(L6:AA6)/5 -> 376.45 | L12: =+L11/$K12 -> 0 | M12: =+M11/$K12 -> -0.85004649 | N12: =+N11/$K12 -> -0.18063488 | O12: =+O11/$K12 -> 0.70128835 | P12: =+P11/$K12 -> 0.786293 | Q12: =+Q11/$K12 -> 0 | R12: =+R11/$K12 -> 0.2231372 | S12: =+S11/$K12 -> 2.1888697 | ... BD12: =+BD11/$K12 -> 169.71178
J13: Estimated Cost | L13: =L11*76 -> 0 | M13: =M11*76 -> -24320 | N13: =N11*76 -> -5168 | O13: =O11*76 -> 20064 | P13: =P11*76 -> 22496 | Q13: =Q11*76 -> 0 | R13: =R11*76 -> 6384 | S13: =S11*76 -> 62624 | ... BD13: =BD11*76 -> 4855488
D14: Working days
D15: Daily Capacity | K15: 456 | L15: 456 | M15: 456 | N15: 472 | O15: 472 | P15: 472 | Q15: 536 | R15: 444 | S15: 396 | T15: 396 | U15: 396 | V15: 396 | W15: 396 | X15: 396 | Y15: 483 | Z15: 483 | AA15: 396 | AB15: 396
D16: Working days | K16: 5 | L16: 5 | M16: 3 | N16: 2 | O16: 4 | P16: 5 | Q16: 5 | R16: 5 | S16: 5 | T16: 5 | U16: 4 | V16: 5 | W16: 3 | X16: 5 | Y16: 5 | Z16: 3 | AA16: 5 | AB16: 5
D17: Planned Capacity | K17: =K16*K15 -> 2280 | L17: =L16*L15 -> 2280 | M17: =M16*M15 -> 1368 | N17: =N16*N15 -> 944 | O17: =O16*O15 -> 1888 | P17: =P16*P15 -> 2360 | Q17: =Q16*Q15 -> 2680 | R17: =R16*R15 -> 2220 | ... BD17: =BD16*BD15 -> 0
K18: =K17 -> 2280 | L18: =L17 -> 2280 | M18: =M17 -> 1368 | N18: =N17 -> 944 | O18: =O17 -> 1888 | P18: =P17 -> 2360 | Q18: =Q17 -> 2680 | R18: =R17 -> 2220 | ... BD18: =BD17 -> 0
D19: Difference Capacity - SR | L19: =L18-L6 -> -1440 | M19: =M18-M6 -> 1368 | N19: =N18-N6 -> -1112 | O19: =O18-O6 -> -752 | P19: =P18-P6 -> 12 | Q19: =Q18-Q6 -> 736 | R19: =R18-R6 -> 600 | S19: =S18-S6 -> 828 | ... BD19: =BD18-BD6 -> -2904
J21: Net Difference | L21: =L24-L27 -> 0 | M21: =M24-M27 -> 0 | N21: =N24-N27 -> -1412 | O21: =O24-O27 -> 416 | P21: =P24-P27 -> 520 | Q21: =Q24-Q27 -> 304 | R21: =R24-R27 -> 44 | S21: =S24-S27 -> -492 | ... BD21: =BD24-BD27 -> 2904
J22: Cum Difference | L22: =L25-L28 -> -176 | M22: =M25-M28 -> -176 | N22: =N25-N28 -> -1588 | O22: =O25-O28 -> -1172 | P22: =P25-P28 -> -652 | Q22: =Q25-Q28 -> -348 | R22: =R25-R28 -> -304 | S22: =S25-S28 -> -796 | ... BD22: =BD25-BD28 -> 230300
B23: SR Waterfall | D23: 46083 | L23: SHIP | M23: FAB | U23: RAW
B24: Family Totals | C24: GAS | D24: Net Totals | E24: =E6 -> 6652 | F24: =F6 -> 2784 | G24: =G6 -> 2276 | H24: =H6 -> 2648 | I24: =I6 -> 2928 | J24: =J6 -> 2688 | K24: =K6 -> 3716 | L24: =L6 -> 3720 | ... BD24: =BD6 -> 2904
D25: Cum Totals | E25: =E7 -> 102932 | F25: =F7 -> 105716 | G25: =G7 -> 107992 | H25: =H7 -> 110640 | I25: =I7 -> 113568 | J25: =J7 -> 116256 | K25: =K7 -> 119972 | L25: =L7 -> 123692 | ... BD25: =BD7 -> 230300
D26: 46076 | K26: SHIP | L26: FAB | T26: RAW
D27: Net Totals | E27: 2124 | F27: 2784 | G27: 2276 | H27: 2648 | I27: 2928 | J27: 2688 | K27: 3892 | L27: 3720 | M27: 0 | N27: 3468 | O27: 2224 | P27: 1828 | Q27: 1640 | R27: 1576 | S27: 1644 | T27: 1652 | U27: 1636 | V27: 2176 | W27: 2184 | X27: 2168 | Y27: 1056 | Z27: 2124 | AA27: 1936 | AB27: 2104 | AC27: 1500 | AD27: 2052 | AE27: 2324 | AF27: 2332 | AG27: 2632 | AH27: 2332 | AI27: 2332 | AJ27: 2332 | AK27: 2332 | AL27: 2332 | AM27: 2332 | AN27: 2332 | AO27: 2332 | AP27: 2332 | AQ27: 2332 | AR27: 2332 | AS27: 2332 | AT27: 2332 | AU27: 2332 | AV27: 2332 | AW27: 2332 | AX27: 2332 | AY27: 2332 | AZ27: 2332 | BA27: 2332 | BB27: 2332 | BC27: 2332
D28: Cum Totals | E28: 102932 | F28: 105716 | G28: 107992 | H28: 110640 | I28: 113568 | J28: 116256 | K28: 120148 | L28: 123868 | M28: 123868 | N28: 127336 | O28: 129560 | P28: 131388 | Q28: 133028 | R28: 134604 | S28: 136248 | T28: 137900 | U28: 139536 | V28: 141712 | W28: 143896 | X28: 146064 | Y28: 147120 | Z28: 149244 | AA28: 151180 | AB28: 153284 | AC28: 154784 | AD28: 156836 | AE28: 159160 | AF28: 161492 | AG28: 164124 | AH28: 166456 | AI28: 168788 | AJ28: 171120 | AK28: 173452 | AL28: 175784 | AM28: 178116 | AN28: 180448 | AO28: 182780 | AP28: 185112 | AQ28: 187444 | AR28: 189776 | AS28: 192108 | AT28: 194440 | AU28: 196772 | AV28: 199104 | AW28: 201436 | AX28: 203768 | AY28: 206100 | AZ28: 208432 | BA28: 210764 | BB28: 213096 | BC28: 215428
D29: 46069 | J29: SHIP | K29: FAB | S29: RAW
D30: Net Totals | E30: 2124 | F30: 2784 | G30: 2276 | H30: 2648 | I30: 2928 | J30: 2688 | K30: 3892 | L30: 3892 | M30: 0 | N30: 2256 | O30: 2260 | P30: 2264 | Q30: 2272 | R30: 1552 | S30: 1612 | T30: 1628 | U30: 1612 | V30: 1636 | W30: 2180 | X30: 2172 | Y30: 1616 | Z30: 1752 | AA30: 1748 | AB30: 2112 | AC30: 1492 | AD30: 2056 | AE30: 2336 | AF30: 2424 | AG30: 1912 | AH30: 1912 | AI30: 1912 | AJ30: 1912 | AK30: 1912 | AL30: 1912 | AM30: 1912 | AN30: 1912 | AO30: 1912 | AP30: 1912 | AQ30: 1912 | AR30: 1912 | AS30: 1912 | AT30: 1912 | AU30: 1912 | AV30: 1912 | AW30: 1912 | AX30: 1912 | AY30: 1912 | AZ30: 1912 | BA30: 1912 | BB30: 1912
D31: Cum Totals | E31: 102932 | F31: 105716 | G31: 107992 | H31: 110640 | I31: 113568 | J31: 116256 | K31: 120148 | L31: 124040 | M31: 124040 | N31: 126296 | O31: 128556 | P31: 130820 | Q31: 133092 | R31: 134644 | S31: 136256 | T31: 137884 | U31: 139496 | V31: 141132 | W31: 143312 | X31: 145484 | Y31: 147100 | Z31: 148852 | AA31: 150600 | AB31: 152712 | AC31: 154204 | AD31: 156260 | AE31: 158596 | AF31: 161020 | AG31: 162932 | AH31: 164844 | AI31: 166756 | AJ31: 168668 | AK31: 170580 | AL31: 172492 | AM31: 174404 | AN31: 176316 | AO31: 178228 | AP31: 180140 | AQ31: 182052 | AR31: 183964 | AS31: 185876 | AT31: 187788 | AU31: 189700 | AV31: 191612 | AW31: 193524 | AX31: 195436 | AY31: 197348 | AZ31: 199260 | BA31: 201172 | BB31: 203084
D32: 46062 | I32: SHIP | J32: FAB | R32: RAW
D33: Net Totals | E33: 2124 | F33: 2784 | G33: 2276 | H33: 2648 | I33: 2928 | J33: 2688 | K33: 4068 | L33: 4084 | M33: 0 | N33: 2284 | O33: 2256 | P33: 2148 | Q33: 2108 | R33: 1548 | S33: 1476 | T33: 1492 | U33: 1740 | V33: 2048 | W33: 2044 | X33: 2048 | Y33: 1776 | Z33: 1808 | AA33: 1800 | AB33: 1832 | AC33: 1872 | AD33: 1936 | AE33: 2076 | AF33: 1920 | AG33: 1920 | AH33: 1920 | AI33: 1920 | AJ33: 1920 | AK33: 1920 | AL33: 1920 | AM33: 1920 | AN33: 1920 | AO33: 1920 | AP33: 1920 | AQ33: 1920 | AR33: 1920 | AS33: 1920 | AT33: 1920 | AU33: 1920 | AV33: 1920 | AW33: 1920 | AX33: 1920 | AY33: 1920 | AZ33: 1920 | BA33: 1920
D34: Cum Totals | E34: 102932 | F34: 105716 | G34: 107992 | H34: 110640 | I34: 113568 | J34: 116256 | K34: 120324 | L34: 124408 | M34: 124408 | N34: 126692 | O34: 128948 | P34: 131096 | Q34: 133204 | R34: 134752 | S34: 136228 | T34: 137720 | U34: 139460 | V34: 141508 | W34: 143552 | X34: 145600 | Y34: 147376 | Z34: 149184 | AA34: 150984 | AB34: 152816 | AC34: 154688 | AD34: 156624 | AE34: 158700 | AF34: 160620 | AG34: 162540 | AH34: 164460 | AI34: 166380 | AJ34: 168300 | AK34: 170220 | AL34: 172140 | AM34: 174060 | AN34: 175980 | AO34: 177900 | AP34: 179820 | AQ34: 181740 | AR34: 183660 | AS34: 185580 | AT34: 187500 | AU34: 189420 | AV34: 191340 | AW34: 193260 | AX34: 195180 | AY34: 197100 | AZ34: 199020 | BA34: 200940
D35: 46055 | H35: SHIP | I35: FAB | Q35: RAW
D36: Net Totals | E36: 2124 | F36: 2784 | G36: 2276 | H36: 2648 | I36: 2928 | J36: 1640 | K36: 3236 | L36: 3328 | M36: 0 | N36: 2280 | O36: 2256 | P36: 2140 | Q36: 2136 | R36: 1488 | S36: 1408 | T36: 1424 | U36: 1412 | V36: 2132 | W36: 2164 | X36: 2180 | Y36: 1132 | Z36: 2100 | AA36: 1984 | AB36: 2136 | AC36: 1436 | AD36: 2376 | AE36: 2036 | AF36: 2036 | AG36: 2036 | AH36: 2036 | AI36: 2036 | AJ36: 2036 | AK36: 2036 | AL36: 2036 | AM36: 2036 | AN36: 2036 | AO36: 2036 | AP36: 2036 | AQ36: 2036 | AR36: 2036 | AS36: 2036 | AT36: 2036 | AU36: 2036 | AV36: 2036 | AW36: 2036 | AX36: 2036 | AY36: 2036 | AZ36: 2036
D37: Cum Totals | E37: 102932 | F37: 105716 | G37: 107992 | H37: 110640 | I37: 113568 | J37: 115208 | K37: 118444 | L37: 121772 | M37: 121772 | N37: 124052 | O37: 126308 | P37: 128448 | Q37: 130584 | R37: 132072 | S37: 133480 | T37: 134904 | U37: 136316 | V37: 138448 | W37: 140612 | X37: 142792 | Y37: 143924 | Z37: 146024 | AA37: 148008 | AB37: 150144 | AC37: 151580 | AD37: 153956 | AE37: 155992 | AF37: 158028 | AG37: 160064 | AH37: 162100 | AI37: 164136 | AJ37: 166172 | AK37: 168208 | AL37: 170244 | AM37: 172280 | AN37: 174316 | AO37: 176352 | AP37: 178388 | AQ37: 180424 | AR37: 182460 | AS37: 184496 | AT37: 186532 | AU37: 188568 | AV37: 190604 | AW37: 192640 | AX37: 194676 | AY37: 196712 | AZ37: 198748
D38: 46048 | G38: SHIP | H38: FAB | P38: RAW
D39: Net Totals | E39: 2124 | F39: 2784 | G39: 2276 | H39: 2648 | I39: 3184 | J39: 2280 | K39: 3664 | L39: 3680 | M39: 0 | N39: 2268 | O39: 2256 | P39: 2024 | Q39: 1828 | R39: 1664 | S39: 1460 | T39: 1500 | U39: 1500 | V39: 2176 | W39: 2180 | X39: 2168 | Y39: 2036 | Z39: 1996 | AA39: 2040 | AB39: 2108 | AC39: 1812 | AD39: 1812 | AE39: 1812 | AF39: 1812 | AG39: 1812 | AH39: 1812 | AI39: 1812 | AJ39: 1812 | AK39: 1812 | AL39: 1812 | AM39: 1812 | AN39: 1812 | AO39: 1812 | AP39: 1812 | AQ39: 1812 | AR39: 1812 | AS39: 1812 | AT39: 1812 | AU39: 1812 | AV39: 1812 | AW39: 1812 | AX39: 1812 | AY39: 1812
D40: Cum Totals | E40: 102932 | F40: 105716 | G40: 107992 | H40: 110640 | I40: 113824 | J40: 116104 | K40: 119768 | L40: 123448 | M40: 123448 | N40: 125716 | O40: 127972 | P40: 129996 | Q40: 131824 | R40: 133488 | S40: 134948 | T40: 136448 | U40: 137948 | V40: 140124 | W40: 142304 | X40: 144472 | Y40: 146508 | Z40: 148504 | AA40: 150544 | AB40: 152652 | AC40: 154464 | AD40: 156276 | AE40: 158088 | AF40: 159900 | AG40: 161712 | AH40: 163524 | AI40: 165336 | AJ40: 167148 | AK40: 168960 | AL40: 170772 | AM40: 172584 | AN40: 174396 | AO40: 176208 | AP40: 178020 | AQ40: 179832 | AR40: 181644 | AS40: 183456 | AT40: 185268 | AU40: 187080 | AV40: 188892 | AW40: 190704 | AX40: 192516 | AY40: 194328
D41: 46041 | F41: SHIP | G41: FAB | O41: RAW
D42: Net Totals | E42: 2124 | F42: 2608 | G42: 2276 | H42: 2592 | I42: 2472 | J42: 2540 | K42: 3372 | L42: 3388 | M42: 0 | N42: 2056 | O42: 2064 | P42: 1864 | Q42: 1848 | R42: 1640 | S42: 1460 | T42: 1532 | U42: 1552 | V42: 2064 | W42: 2064 | X42: 2064 | Y42: 1920 | Z42: 1916 | AA42: 2000 | AB42: 2000 | AC42: 2000 | AD42: 2000 | AE42: 2000 | AF42: 2000 | AG42: 2000 | AH42: 2000 | AI42: 2000 | AJ42: 2000 | AK42: 2000 | AL42: 2000 | AM42: 2000 | AN42: 2000 | AO42: 2000 | AP42: 2000 | AQ42: 2000 | AR42: 2000 | AS42: 2000 | AT42: 2000 | AU42: 2000 | AV42: 2000 | AW42: 2000 | AX42: 2000
D43: Cum Totals | E43: 102932 | F43: 105540 | G43: 107816 | H43: 110408 | I43: 112880 | J43: 115420 | K43: 118792 | L43: 122180 | M43: 122180 | N43: 124236 | O43: 126300 | P43: 128164 | Q43: 130012 | R43: 131652 | S43: 133112 | T43: 134644 | U43: 136196 | V43: 138260 | W43: 140324 | X43: 142388 | Y43: 144308 | Z43: 146224 | AA43: 148224 | AB43: 150224 | AC43: 152224 | AD43: 154224 | AE43: 156224 | AF43: 158224 | AG43: 160224 | AH43: 162224 | AI43: 164224 | AJ43: 166224 | AK43: 168224 | AL43: 170224 | AM43: 172224 | AN43: 174224 | AO43: 176224 | AP43: 178224 | AQ43: 180224 | AR43: 182224 | AS43: 184224 | AT43: 186224 | AU43: 188224 | AV43: 190224 | AW43: 192224 | AX43: 194224
D44: 46034 | E44: SHIP | F44: FAB | N44: RAW
D45: Net Totals | E45: 2124 | F45: 2608 | G45: 2304 | H45: 2496 | I45: 2500 | J45: 2448 | K45: 3000 | L45: 2856 | M45: 0 | N45: 2164 | O45: 2732 | P45: 2012 | Q45: 1912 | R45: 1636 | S45: 1456 | T45: 1548 | U45: 1548 | V45: 2060 | W45: 2064 | X45: 2060 | Y45: 1928 | Z45: 2060 | AA45: 2064 | AB45: 2064 | AC45: 2064 | AD45: 2064 | AE45: 2064 | AF45: 2064 | AG45: 2064 | AH45: 2064 | AI45: 2064 | AJ45: 2064 | AK45: 2064 | AL45: 2064 | AM45: 2064 | AN45: 2064 | AO45: 2064 | AP45: 2064 | AQ45: 2064 | AR45: 2064 | AS45: 2064 | AT45: 2064 | AU45: 2064 | AV45: 2064 | AW45: 2064
D46: Cum Totals | E46: 102932 | F46: 105540 | G46: 107844 | H46: 110340 | I46: 112840 | J46: 115288 | K46: 118288 | L46: 121144 | M46: 121144 | N46: 123308 | O46: 126040 | P46: 128052 | Q46: 129964 | R46: 131600 | S46: 133056 | T46: 134604 | U46: 136152 | V46: 138212 | W46: 140276 | X46: 142336 | Y46: 144264 | Z46: 146324 | AA46: 148388 | AB46: 150452 | AC46: 152516 | AD46: 154580 | AE46: 156644 | AF46: 158708 | AG46: 160772 | AH46: 162836 | AI46: 164900 | AJ46: 166964 | AK46: 169028 | AL46: 171092 | AM46: 173156 | AN46: 175220 | AO46: 177284 | AP46: 179348 | AQ46: 181412 | AR46: 183476 | AS46: 185540 | AT46: 187604 | AU46: 189668 | AV46: 191732 | AW46: 193796
D47: 46027 | E47: FAB | M47: RAW
D48: Net Totals | E48: 2124 | F48: 2636 | G48: 2476 | H48: 2492 | I48: 2512 | J48: 2996 | K48: 3000 | L48: 3012 | M48: 0 | N48: 2068 | O48: 2068 | P48: 2016 | Q48: 1904 | R48: 1816 | S48: 1300 | T48: 2068 | U48: 2060 | V48: 2064 | W48: 2064 | X48: 2064 | Y48: 1932 | Z48: 2068 | AA48: 2068 | AB48: 2068 | AC48: 2068 | AD48: 2068 | AE48: 2068 | AF48: 2068 | AG48: 2068 | AH48: 2068 | AI48: 2068 | AJ48: 2068 | AK48: 2068 | AL48: 2068 | AM48: 2068 | AN48: 2068 | AO48: 2068 | AP48: 2068 | AQ48: 2068 | AR48: 2068 | AS48: 2068 | AT48: 2068 | AU48: 2068 | AV48: 2068
D49: Cum Totals | E49: 102932 | F49: 105568 | G49: 108044 | H49: 110536 | I49: 113048 | J49: 116044 | K49: 119044 | L49: 122056 | M49: 122056 | N49: 124124 | O49: 126192 | P49: 128208 | Q49: 130112 | R49: 131928 | S49: 133228 | T49: 135296 | U49: 137356 | V49: 139420 | W49: 141484 | X49: 143548 | Y49: 145480 | Z49: 147548 | AA49: 149616 | AB49: 151684 | AC49: 153752 | AD49: 155820 | AE49: 157888 | AF49: 159956 | AG49: 162024 | AH49: 164092 | AI49: 166160 | AJ49: 168228 | AK49: 170296 | AL49: 172364 | AM49: 174432 | AN49: 176500 | AO49: 178568 | AP49: 180636 | AQ49: 182704 | AR49: 184772 | AS49: 186840 | AT49: 188908 | AU49: 190976 | AV49: 193044
D50: 46020 | L50: RAW
D51: Net Totals | E51: 2140 | F51: 2556 | G51: 2568 | H51: 2560 | I51: 2544 | J51: 3120 | K51: 3104 | L51: 3092 | M51: 0 | N51: 2068 | O51: 2060 | P51: 2068 | Q51: 2056 | R51: 2068 | S51: 2056 | T51: 2072 | U51: 2056 | V51: 2068 | W51: 2068 | X51: 2068 | Y51: 2068 | Z51: 2068 | AA51: 2068 | AB51: 2068 | AC51: 2068 | AD51: 2068 | AE51: 2068 | AF51: 2068 | AG51: 2068 | AH51: 2068 | AI51: 2068 | AJ51: 2068 | AK51: 2068 | AL51: 2068 | AM51: 2068 | AN51: 2068 | AO51: 2068 | AP51: 2068 | AQ51: 2068 | AR51: 2068 | AS51: 2068
D52: Cum Totals | E52: 102948 | F52: 105504 | G52: 108072 | H52: 110632 | I52: 113176 | J52: 116296 | K52: 119400 | L52: 122492 | M52: 122492 | N52: 124560 | O52: 126620 | P52: 128688 | Q52: 130744 | R52: 132812 | S52: 134868 | T52: 136940 | U52: 138996 | V52: 141064 | W52: 143132 | X52: 145200 | Y52: 147268 | Z52: 149336 | AA52: 151404 | AB52: 153472 | AC52: 155540 | AD52: 157608 | AE52: 159676 | AF52: 161744 | AG52: 163812 | AH52: 165880 | AI52: 167948 | AJ52: 170016 | AK52: 172084 | AL52: 174152 | AM52: 176220 | AN52: 178288 | AO52: 180356 | AP52: 182424 | AQ52: 184492 | AR52: 186560 | AS52: 188628
D53: 46013 | K53: RAW
D54: Net Totals | E54: 2140 | F54: 2556 | G54: 2568 | H54: 2560 | I54: 2544 | J54: 3120 | K54: 3104 | L54: 3092 | M54: 0 | N54: 2068 | O54: 2060 | P54: 2068 | Q54: 2056 | R54: 2068 | S54: 2056 | T54: 2072 | U54: 2056 | V54: 2068 | W54: 2068 | X54: 2068 | Y54: 2068 | Z54: 2068 | AA54: 2068 | AB54: 2068 | AC54: 2068 | AD54: 2068 | AE54: 2068 | AF54: 2068 | AG54: 2068 | AH54: 2068 | AI54: 2068 | AJ54: 2068 | AK54: 2068 | AL54: 2068 | AM54: 2068 | AN54: 2068 | AO54: 2068 | AP54: 2068 | AQ54: 2068 | AR54: 2068 | AS54: 2068
D55: Cum Totals | E55: 102948 | F55: 105504 | G55: 108072 | H55: 110632 | I55: 113176 | J55: 116296 | K55: 119400 | L55: 122492 | M55: 122492 | N55: 124560 | O55: 126620 | P55: 128688 | Q55: 130744 | R55: 132812 | S55: 134868 | T55: 136940 | U55: 138996 | V55: 141064 | W55: 143132 | X55: 145200 | Y55: 147268 | Z55: 149336 | AA55: 151404 | AB55: 153472 | AC55: 155540 | AD55: 157608 | AE55: 159676 | AF55: 161744 | AG55: 163812 | AH55: 165880 | AI55: 167948 | AJ55: 170016 | AK55: 172084 | AL55: 174152 | AM55: 176220 | AN55: 178288 | AO55: 180356 | AP55: 182424 | AQ55: 184492 | AR55: 186560 | AS55: 188628
D56: 46006 | J56: RAW
D57: Net Totals | E57: 2140 | F57: 2556 | G57: 2568 | H57: 2560 | I57: 2544 | J57: 3120 | K57: 3104 | L57: 3092 | M57: 0 | N57: 2068 | O57: 2060 | P57: 2068 | Q57: 2056 | R57: 2068 | S57: 2056 | T57: 2072 | U57: 2056 | V57: 2068 | W57: 2068 | X57: 2068 | Y57: 2068 | Z57: 2068 | AA57: 2068 | AB57: 2068 | AC57: 2068 | AD57: 2068 | AE57: 2068 | AF57: 2068 | AG57: 2068 | AH57: 2068 | AI57: 2068 | AJ57: 2068 | AK57: 2068 | AL57: 2068 | AM57: 2068 | AN57: 2068 | AO57: 2068 | AP57: 2068 | AQ57: 2068 | AR57: 2068 | AS57: 2068
D58: Cum Totals | E58: 102948 | F58: 105504 | G58: 108072 | H58: 110632 | I58: 113176 | J58: 116296 | K58: 119400 | L58: 122492 | M58: 122492 | N58: 124560 | O58: 126620 | P58: 128688 | Q58: 130744 | R58: 132812 | S58: 134868 | T58: 136940 | U58: 138996 | V58: 141064 | W58: 143132 | X58: 145200 | Y58: 147268 | Z58: 149336 | AA58: 151404 | AB58: 153472 | AC58: 155540 | AD58: 157608 | AE58: 159676 | AF58: 161744 | AG58: 163812 | AH58: 165880 | AI58: 167948 | AJ58: 170016 | AK58: 172084 | AL58: 174152 | AM58: 176220 | AN58: 178288 | AO58: 180356 | AP58: 182424 | AQ58: 184492 | AR58: 186560 | AS58: 188628
I59: RAW
L64: SHIP | M64: FAB | U64: RAW | AK64: NORMAL | AL64: EXTENDED | AM64: MAXIMUM
B65: 495D-HV | C65: Net Family Totals | E65: =SUMIFS('Final SR'!J:J,'Final SR'!$E:$E,TOTALss!$B65,'Final SR'!$I:$I,'Final SR'!$I$12) -> 3196 | F65: =SUMIFS('Final SR'!K:K,'Final SR'!$E:$E,TOTALss!$B65,'Final SR'!$I:$I,'Final SR'!$I$12) -> 1112 | G65: =SUMIFS('Final SR'!L:L,'Final SR'!$E:$E,TOTALss!$B65,'Final SR'!$I:$I,'Final SR'!$I$12) -> 836 | H65: =SUMIFS('Final SR'!M:M,'Final SR'!$E:$E,TOTALss!$B65,'Final SR'!$I:$I,'Final SR'!$I$12) -> 1168 | I65: =SUMIFS('Final SR'!N:N,'Final SR'!$E:$E,TOTALss!$B65,'Final SR'!$I:$I,'Final SR'!$I$12) -> 1520 | J65: =SUMIFS('Final SR'!O:O,'Final SR'!$E:$E,TOTALss!$B65,'Final SR'!$I:$I,'Final SR'!$I$12) -> 1044 | K65: =SUMIFS('Final SR'!P:P,'Final SR'!$E:$E,TOTALss!$B65,'Final SR'!$I:$I,'Final SR'!$I$12) -> 1224 | L65: =SUMIFS('Final SR'!Q:Q,'Final SR'!$E:$E,TOTALss!$B65,'Final SR'!$I:$I,'Final SR'!$I$12) -> 1304 | M65: =SUMIFS('Final SR'!R:R,'Final SR'!$E:$E,TOTALss!$B65,'Final SR'!$I:$I,'Final SR'!$I$12) -> 0 | N65: =SUMIFS('Final SR'!S:S,'Final SR'!$E:$E,TOTALss!$B65,'Final SR'!$I:$I,'Final SR'!$I$12) -> 1144 | O65: =SUMIFS('Final SR'!T:T,'Final SR'!$E:$E,TOTALss!$B65,'Final SR'!$I:$I,'Final SR'!$I$12) -> 560 | P65: =SUMIFS('Final SR'!U:U,'Final SR'!$E:$E,TOTALss!$B65,'Final SR'!$I:$I,'Final SR'!$I$12) -> 848 | Q65: =SUMIFS('Final SR'!V:V,'Final SR'!$E:$E,TOTALss!$B65,'Final SR'!$I:$I,'Final SR'!$I$12) -> 616 | R65: =SUMIFS('Final SR'!W:W,'Final SR'!$E:$E,TOTALss!$B65,'Final SR'!$I:$I,'Final SR'!$I$12) -> 804 | S65: =SUMIFS('Final SR'!X:X,'Final SR'!$E:$E,TOTALss!$B65,'Final SR'!$I:$I,'Final SR'!$I$12) -> 612 | T65: =SUMIFS('Final SR'!Y:Y,'Final SR'!$E:$E,TOTALss!$B65,'Final SR'!$I:$I,'Final SR'!$I$12) -> 612 | U65: =SUMIFS('Final SR'!Z:Z,'Final SR'!$E:$E,TOTALss!$B65,'Final SR'!$I:$I,'Final SR'!$I$12) -> 760 | V65: =SUMIFS('Final SR'!AA:AA,'Final SR'!$E:$E,TOTALss!$B65,'Final SR'!$I:$I,'Final SR'!$I$12) -> 916 | W65: =SUMIFS('Final SR'!AB:AB,'Final SR'!$E:$E,TOTALss!$B65,'Final SR'!$I:$I,'Final SR'!$I$12) -> 912 | X65: =SUMIFS('Final SR'!AC:AC,'Final SR'!$E:$E,TOTALss!$B65,'Final SR'!$I:$I,'Final SR'!$I$12) -> 920 | Y65: =SUMIFS('Final SR'!AD:AD,'Final SR'!$E:$E,TOTALss!$B65,'Final SR'!$I:$I,'Final SR'!$I$12) -> 808 | Z65: =SUMIFS('Final SR'!AE:AE,'Final SR'!$E:$E,TOTALss!$B65,'Final SR'!$I:$I,'Final SR'!$I$12) -> 840 | AA65: =SUMIFS('Final SR'!AF:AF,'Final SR'!$E:$E,TOTALss!$B65,'Final SR'!$I:$I,'Final SR'!$I$12) -> 708 | AB65: =SUMIFS('Final SR'!AG:AG,'Final SR'!$E:$E,TOTALss!$B65,'Final SR'!$I:$I,'Final SR'!$I$12) -> 892 | AC65: =SUMIFS('Final SR'!AH:AH,'Final SR'!$E:$E,TOTALss!$B65,'Final SR'!$I:$I,'Final SR'!$I$12) -> 612 | AD65: =SUMIFS('Final SR'!AI:AI,'Final SR'!$E:$E,TOTALss!$B65,'Final SR'!$I:$I,'Final SR'!$I$12) -> 908 | AE65: =SUMIFS('Final SR'!AJ:AJ,'Final SR'!$E:$E,TOTALss!$B65,'Final SR'!$I:$I,'Final SR'!$I$12) -> 872 | AF65: =SUMIFS('Final SR'!AK:AK,'Final SR'!$E:$E,TOTALss!$B65,'Final SR'!$I:$I,'Final SR'!$I$12) -> 876 | AG65: =SUMIFS('Final SR'!AL:AL,'Final SR'!$E:$E,TOTALss!$B65,'Final SR'!$I:$I,'Final SR'!$I$12) -> 1136 | AH65: =SUMIFS('Final SR'!AM:AM,'Final SR'!$E:$E,TOTALss!$B65,'Final SR'!$I:$I,'Final SR'!$I$12) -> 1096 | AI65: =SUMIFS('Final SR'!AN:AN,'Final SR'!$E:$E,TOTALss!$B65,'Final SR'!$I:$I,'Final SR'!$I$12) -> 1104 | AJ65: =SUMIFS('Final SR'!AO:AO,'Final SR'!$E:$E,TOTALss!$B65,'Final SR'!$I:$I,'Final SR'!$I$12) -> 1104 | AK65: =SUMIFS('Final SR'!AP:AP,'Final SR'!$E:$E,TOTALss!$B65,'Final SR'!$I:$I,'Final SR'!$I$12) -> 1104 | AL65: =SUMIFS('Final SR'!AQ:AQ,'Final SR'!$E:$E,TOTALss!$B65,'Final SR'!$I:$I,'Final SR'!$I$12) -> 1104 | AM65: =SUMIFS('Final SR'!AR:AR,'Final SR'!$E:$E,TOTALss!$B65,'Final SR'!$I:$I,'Final SR'!$I$12) -> 1104 | AN65: =SUMIFS('Final SR'!AS:AS,'Final SR'!$E:$E,TOTALss!$B65,'Final SR'!$I:$I,'Final SR'!$I$12) -> 1104 | AO65: =SUMIFS('Final SR'!AT:AT,'Final SR'!$E:$E,TOTALss!$B65,'Final SR'!$I:$I,'Final SR'!$I$12) -> 1104 | AP65: =SUMIFS('Final SR'!AU:AU,'Final SR'!$E:$E,TOTALss!$B65,'Final SR'!$I:$I,'Final SR'!$I$12) -> 1104 | AQ65: =SUMIFS('Final SR'!AV:AV,'Final SR'!$E:$E,TOTALss!$B65,'Final SR'!$I:$I,'Final SR'!$I$12) -> 1104 | AR65: =SUMIFS('Final SR'!AW:AW,'Final SR'!$E:$E,TOTALss!$B65,'Final SR'!$I:$I,'Final SR'!$I$12) -> 1104 | AS65: =SUMIFS('Final SR'!AX:AX,'Final SR'!$E:$E,TOTALss!$B65,'Final SR'!$I:$I,'Final SR'!$I$12) -> 1104 | AT65: =SUMIFS('Final SR'!AY:AY,'Final SR'!$E:$E,TOTALss!$B65,'Final SR'!$I:$I,'Final SR'!$I$12) -> 1104 | AU65: =SUMIFS('Final SR'!AZ:AZ,'Final SR'!$E:$E,TOTALss!$B65,'Final SR'!$I:$I,'Final SR'!$I$12) -> 1104 | AV65: =SUMIFS('Final SR'!BA:BA,'Final SR'!$E:$E,TOTALss!$B65,'Final SR'!$I:$I,'Final SR'!$I$12) -> 1104 | AW65: =SUMIFS('Final SR'!BB:BB,'Final SR'!$E:$E,TOTALss!$B65,'Final SR'!$I:$I,'Final SR'!$I$12) -> 1104 | AX65: =SUMIFS('Final SR'!BC:BC,'Final SR'!$E:$E,TOTALss!$B65,'Final SR'!$I:$I,'Final SR'!$I$12) -> 1104 | AY65: =SUMIFS('Final SR'!BD:BD,'Final SR'!$E:$E,TOTALss!$B65,'Final SR'!$I:$I,'Final SR'!$I$12) -> 1104 | AZ65: =SUMIFS('Final SR'!BE:BE,'Final SR'!$E:$E,TOTALss!$B65,'Final SR'!$I:$I,'Final SR'!$I$12) -> 1104 | BA65: =SUMIFS('Final SR'!BF:BF,'Final SR'!$E:$E,TOTALss!$B65,'Final SR'!$I:$I,'Final SR'!$I$12) -> 1104 | BB65: =SUMIFS('Final SR'!BG:BG,'Final SR'!$E:$E,TOTALss!$B65,'Final SR'!$I:$I,'Final SR'!$I$12) -> 1104 | BC65: =SUMIFS('Final SR'!BH:BH,'Final SR'!$E:$E,TOTALss!$B65,'Final SR'!$I:$I,'Final SR'!$I$12) -> 1104 | BD65: =SUMIFS('Final SR'!BI:BI,'Final SR'!$E:$E,TOTALss!$B65,'Final SR'!$I:$I,'Final SR'!$I$12) -> 1104
C66: CUM Family Totals | E66: =SUMIFS('Final SR'!J:J,'Final SR'!$E:$E,TOTALss!$B65,'Final SR'!$I:$I,'Final SR'!$I$13) -> 31424 | F66: =+F65+E66 -> 32536 | G66: =+G65+F66 -> 33372 | H66: =+H65+G66 -> 34540 | I66: =+I65+H66 -> 36060 | J66: =+J65+I66 -> 37104 | K66: =+K65+J66 -> 38328 | L66: =+L65+K66 -> 39632 | M66: =+M65+L66 -> 39632 | ... BD66: =+BD65+BC66 -> 81372
B67: 495D-HV | C67: Net Totals w/o Level Load | E67: 3196 | F67: 1112 | G67: 836 | H67: 1168 | I67: 1520 | J67: 1044 | K67: 1224 | L67: 1304 | M67: 844 | N67: 300 | O67: 424 | P67: 788 | Q67: 812 | R67: 756 | S67: 380 | T67: 892 | U67: 760 | V67: 916 | W67: 912 | X67: 920 | Y67: 672 | Z67: 976 | AA67: 708 | AB67: 892 | AC67: 612 | AD67: 908 | AE67: 872 | AF67: 876 | AG67: 1136 | AH67: 1096 | AI67: 248 | AJ67: 0 | AK67: 0 | AL67: 0 | AM67: 0 | AN67: 0 | AO67: 0 | AP67: 0 | AQ67: 0 | AR67: 0 | AS67: 0 | AT67: 0 | AU67: 0 | AV67: 0 | AW67: 0 | AX67: 0 | AY67: 0 | AZ67: 0 | BA67: 0 | BB67: 0 | BC67: 0 | BD67: 0
C68: Cum Totals w/o Level Load | E68: 31424 | F68: 32536 | G68: 33372 | H68: 34540 | I68: 36060 | J68: 37104 | K68: 38328 | L68: 39632 | M68: 40476 | N68: 40776 | O68: 41200 | P68: 41988 | Q68: 42800 | R68: 43556 | S68: 43936 | T68: 44828 | U68: 45588 | V68: 46504 | W68: 47416 | X68: 48336 | Y68: 49008 | Z68: 49984 | AA68: 50692 | AB68: 51584 | AC68: 52196 | AD68: 53104 | AE68: 53976 | AF68: 54852 | AG68: 55988 | AH68: 57084 | AI68: 57332 | AJ68: 57332 | AK68: 57332 | AL68: 57332 | AM68: 57332 | AN68: 57332 | AO68: 57332 | AP68: 57332 | AQ68: 57332 | AR68: 57332 | AS68: 57332 | AT68: 57332 | AU68: 57332 | AV68: 57332 | AW68: 57332 | AX68: 57332 | AY68: 57332 | AZ68: 57332 | BA68: 57332 | BB68: 57332 | BC68: 57332 | BD68: 57332
J69: (SAP vs Level Load) | L69: =+L65-L67 -> 0 | M69: =+M65-M67 -> -844 | N69: =+N65-N67 -> 844 | O69: =+O65-O67 -> 136 | P69: =+P65-P67 -> 60 | Q69: =+Q65-Q67 -> -196 | R69: =+R65-R67 -> 48 | S69: =+S65-S67 -> 232 | ... BD69: =+BD65-BD67 -> 1104
J70: CUM Diff | L70: =+L69 -> 0 | M70: =+M69+L70 -> -844 | N70: =+N69+M70 -> 0 | O70: =+O69+N70 -> 136 | P70: =+P69+O70 -> 196 | Q70: =+Q69+P70 -> 0 | R70: =+R69+Q70 -> 48 | S70: =+S69+R70 -> 280 | T70: =+T69+S70 -> 0 | ... BD70: =+BD69+BC70 -> 24040
J71: Extra DOH | K71: =AVERAGE(L65:AA65)/5 -> 154.55 | L71: =+L70/$K71 -> 0 | M71: =+M70/$K71 -> -5.4610159 | N71: =+N70/$K71 -> 0 | O71: =+O70/$K71 -> 0.87997412 | P71: =+P70/$K71 -> 1.268198 | Q71: =+Q70/$K71 -> 0 | R71: =+R70/$K71 -> 0.3105791 | S71: =+S70/$K71 -> 1.8117114 | ... BD71: =+BD70/$K71 -> 155.54837
J72: Estimated Cost | L72: =L70*76 -> 0 | M72: =M70*76 -> -64144 | N72: =N70*76 -> 0 | O72: =O70*76 -> 10336 | P72: =P70*76 -> 14896 | Q72: =Q70*76 -> 0 | R72: =R70*76 -> 3648 | S72: =S70*76 -> 21280 | ... BD72: =BD70*76 -> 1827040
D73: Working days
D74: Daily Capacity | K74: 256 | L74: 256 | M74: 256 | N74: 260 | O74: 268 | P74: 268 | Q74: 216 | R74: 204 | S74: 220 | T74: 220 | U74: 220 | V74: 220 | W74: 220 | X74: 220 | Y74: 268 | Z74: 268 | AA74: 220 | AB74: 220
D75: Working days | K75: 5 | L75: 5 | M75: 3 | N75: 2 | O75: 4 | P75: 5 | Q75: 5 | R75: 5 | S75: 5 | T75: 5 | U75: 4 | V75: 5 | W75: 3 | X75: 5 | Y75: 5 | Z75: 3 | AA75: 5 | AB75: 5
D76: Planned Capacity | K76: =K75*K74 -> 1280 | L76: =L75*L74 -> 1280 | M76: =M75*M74 -> 768 | N76: =N75*N74 -> 520 | O76: =O75*O74 -> 1072 | P76: =P75*P74 -> 1340 | Q76: =Q75*Q74 -> 1080 | R76: =R75*R74 -> 1020 | ... BD76: =BD75*BD74 -> 0
K77: =K76 -> 1280 | L77: =L76 -> 1280 | M77: =M76 -> 768 | N77: =N76 -> 520 | O77: =O76 -> 1072 | P77: =P76 -> 1340 | Q77: =Q76 -> 1080 | R77: =R76 -> 1020 | ... BD77: =BD76 -> 0
D78: Difference Capacity - SR | L78: =L77-L65 -> -24 | M78: =M77-M65 -> 768 | N78: =N77-N65 -> -624 | O78: =O77-O65 -> 512 | P78: =P77-P65 -> 492 | Q78: =Q77-Q65 -> 464 | R78: =R77-R65 -> 216 | S78: =S77-S65 -> 488 | ... BD78: =BD77-BD65 -> -1104
J80: Net Difference | L80: =L83-L86 -> 0 | M80: =M83-M86 -> 0 | N80: =N83-N86 -> 172 | O80: =O83-O86 -> -328 | P80: =P83-P86 -> 128 | Q80: =Q83-Q86 -> -292 | R80: =R83-R86 -> -20 | S80: =S83-S86 -> -272 | ... BD80: =BD83-BD86 -> 1104
J81: Cum Difference | L81: =L84-L87 -> 0 | M81: =M84-M87 -> 0 | N81: =N84-N87 -> 172 | O81: =O84-O87 -> -156 | P81: =P84-P87 -> -28 | Q81: =Q84-Q87 -> -320 | R81: =R84-R87 -> -340 | S81: =S84-S87 -> -612 | ... BD81: =BD84-BD87 -> 81372
B82: SR Waterfall | D82: 46083 | L82: SHIP | M82: FAB | U82: RAW
B83: Family Totals | C83: 495D-HV | D83: Net Totals | E83: =E65 -> 3196 | F83: =F65 -> 1112 | G83: =G65 -> 836 | H83: =H65 -> 1168 | I83: =I65 -> 1520 | J83: =J65 -> 1044 | K83: =K65 -> 1224 | L83: =L65 -> 1304 | ... BD83: =BD65 -> 1104
D84: Cum Totals | E84: =E66 -> 31424 | F84: =F66 -> 32536 | G84: =G66 -> 33372 | H84: =H66 -> 34540 | I84: =I66 -> 36060 | J84: =J66 -> 37104 | K84: =K66 -> 38328 | L84: =L66 -> 39632 | ... BD84: =BD66 -> 81372
D85: 46076 | K85: SHIP | L85: FAB | T85: RAW
D86: Net Totals | E86: 1076 | F86: 1112 | G86: 836 | H86: 1168 | I86: 1520 | J86: 1044 | K86: 1224 | L86: 1304 | M86: 0 | N86: 972 | O86: 888 | P86: 720 | Q86: 908 | R86: 824 | S86: 884 | T86: 904 | U86: 884 | V86: 1028 | W86: 916 | X86: 1028 | Y86: 776 | Z86: 992 | AA86: 900 | AB86: 1004 | AC86: 728 | AD86: 1004 | AE86: 976 | AF86: 984 | AG86: 1108 | AH86: 984 | AI86: 984 | AJ86: 984 | AK86: 984 | AL86: 984 | AM86: 984 | AN86: 984 | AO86: 984 | AP86: 984 | AQ86: 984 | AR86: 984 | AS86: 984 | AT86: 984 | AU86: 984 | AV86: 984 | AW86: 984 | AX86: 984 | AY86: 984 | AZ86: 984 | BA86: 984 | BB86: 984 | BC86: 984
D87: Cum Totals | E87: 31424 | F87: 32536 | G87: 33372 | H87: 34540 | I87: 36060 | J87: 37104 | K87: 38328 | L87: 39632 | M87: 39632 | N87: 40604 | O87: 41492 | P87: 42212 | Q87: 43120 | R87: 43944 | S87: 44828 | T87: 45732 | U87: 46616 | V87: 47644 | W87: 48560 | X87: 49588 | Y87: 50364 | Z87: 51356 | AA87: 52256 | AB87: 53260 | AC87: 53988 | AD87: 54992 | AE87: 55968 | AF87: 56952 | AG87: 58060 | AH87: 59044 | AI87: 60028 | AJ87: 61012 | AK87: 61996 | AL87: 62980 | AM87: 63964 | AN87: 64948 | AO87: 65932 | AP87: 66916 | AQ87: 67900 | AR87: 68884 | AS87: 69868 | AT87: 70852 | AU87: 71836 | AV87: 72820 | AW87: 73804 | AX87: 74788 | AY87: 75772 | AZ87: 76756 | BA87: 77740 | BB87: 78724 | BC87: 79708
D88: 46069 | J88: SHIP | K88: FAB | S88: RAW
D89: Net Totals | E89: 1076 | F89: 1112 | G89: 836 | H89: 1168 | I89: 1520 | J89: 1044 | K89: 1224 | L89: 1228 | M89: 0 | N89: 924 | O89: 924 | P89: 924 | Q89: 928 | R89: 852 | S89: 860 | T89: 860 | U89: 860 | V89: 860 | W89: 1036 | X89: 1036 | Y89: 888 | Z89: 908 | AA89: 900 | AB89: 1004 | AC89: 716 | AD89: 1008 | AE89: 992 | AF89: 1116 | AG89: 992 | AH89: 992 | AI89: 992 | AJ89: 992 | AK89: 992 | AL89: 992 | AM89: 992 | AN89: 992 | AO89: 992 | AP89: 992 | AQ89: 992 | AR89: 992 | AS89: 992 | AT89: 992 | AU89: 992 | AV89: 992 | AW89: 992 | AX89: 992 | AY89: 992 | AZ89: 992 | BA89: 992 | BB89: 992
D90: Cum Totals | E90: 31424 | F90: 32536 | G90: 33372 | H90: 34540 | I90: 36060 | J90: 37104 | K90: 38328 | L90: 39556 | M90: 39556 | N90: 40480 | O90: 41404 | P90: 42328 | Q90: 43256 | R90: 44108 | S90: 44968 | T90: 45828 | U90: 46688 | V90: 47548 | W90: 48584 | X90: 49620 | Y90: 50508 | Z90: 51416 | AA90: 52316 | AB90: 53320 | AC90: 54036 | AD90: 55044 | AE90: 56036 | AF90: 57152 | AG90: 58144 | AH90: 59136 | AI90: 60128 | AJ90: 61120 | AK90: 62112 | AL90: 63104 | AM90: 64096 | AN90: 65088 | AO90: 66080 | AP90: 67072 | AQ90: 68064 | AR90: 69056 | AS90: 70048 | AT90: 71040 | AU90: 72032 | AV90: 73024 | AW90: 74016 | AX90: 75008 | AY90: 76000 | AZ90: 76992 | BA90: 77984 | BB90: 78976
D91: 46062 | I91: SHIP | J91: FAB | R91: RAW
D92: Net Totals | E92: 1076 | F92: 1112 | G92: 836 | H92: 1168 | I92: 1520 | J92: 1044 | K92: 1472 | L92: 1480 | M92: 0 | N92: 896 | O92: 900 | P92: 924 | Q92: 968 | R92: 908 | S92: 828 | T92: 828 | U92: 948 | V92: 984 | W92: 988 | X92: 988 | Y92: 928 | Z92: 940 | AA92: 940 | AB92: 952 | AC92: 896 | AD92: 992 | AE92: 956 | AF92: 956 | AG92: 956 | AH92: 956 | AI92: 956 | AJ92: 956 | AK92: 956 | AL92: 956 | AM92: 956 | AN92: 956 | AO92: 956 | AP92: 956 | AQ92: 956 | AR92: 956 | AS92: 956 | AT92: 956 | AU92: 956 | AV92: 956 | AW92: 956 | AX92: 956 | AY92: 956 | AZ92: 956 | BA92: 956
D93: Cum Totals | E93: 31424 | F93: 32536 | G93: 33372 | H93: 34540 | I93: 36060 | J93: 37104 | K93: 38576 | L93: 40056 | M93: 40056 | N93: 40952 | O93: 41852 | P93: 42776 | Q93: 43744 | R93: 44652 | S93: 45480 | T93: 46308 | U93: 47256 | V93: 48240 | W93: 49228 | X93: 50216 | Y93: 51144 | Z93: 52084 | AA93: 53024 | AB93: 53976 | AC93: 54872 | AD93: 55864 | AE93: 56820 | AF93: 57776 | AG93: 58732 | AH93: 59688 | AI93: 60644 | AJ93: 61600 | AK93: 62556 | AL93: 63512 | AM93: 64468 | AN93: 65424 | AO93: 66380 | AP93: 67336 | AQ93: 68292 | AR93: 69248 | AS93: 70204 | AT93: 71160 | AU93: 72116 | AV93: 73072 | AW93: 74028 | AX93: 74984 | AY93: 75940 | AZ93: 76896 | BA93: 77852
D94: 46055 | H94: SHIP | I94: FAB | Q94: RAW
D95: Net Totals | E95: 1076 | F95: 1112 | G95: 836 | H95: 1168 | I95: 1520 | J95: 860 | K95: 1164 | L95: 1072 | M95: 0 | N95: 896 | O95: 900 | P95: 936 | Q95: 956 | R95: 824 | S95: 828 | T95: 828 | U95: 832 | V95: 1052 | W95: 1056 | X95: 1052 | Y95: 796 | Z95: 1016 | AA95: 924 | AB95: 1024 | AC95: 732 | AD95: 1156 | AE95: 1024 | AF95: 1024 | AG95: 1024 | AH95: 1024 | AI95: 1024 | AJ95: 1024 | AK95: 1024 | AL95: 1024 | AM95: 1024 | AN95: 1024 | AO95: 1024 | AP95: 1024 | AQ95: 1024 | AR95: 1024 | AS95: 1024 | AT95: 1024 | AU95: 1024 | AV95: 1024 | AW95: 1024 | AX95: 1024 | AY95: 1024 | AZ95: 1024
D96: Cum Totals | E96: 31424 | F96: 32536 | G96: 33372 | H96: 34540 | I96: 36060 | J96: 36920 | K96: 38084 | L96: 39156 | M96: 39156 | N96: 40052 | O96: 40952 | P96: 41888 | Q96: 42844 | R96: 43668 | S96: 44496 | T96: 45324 | U96: 46156 | V96: 47208 | W96: 48264 | X96: 49316 | Y96: 50112 | Z96: 51128 | AA96: 52052 | AB96: 53076 | AC96: 53808 | AD96: 54964 | AE96: 55988 | AF96: 57012 | AG96: 58036 | AH96: 59060 | AI96: 60084 | AJ96: 61108 | AK96: 62132 | AL96: 63156 | AM96: 64180 | AN96: 65204 | AO96: 66228 | AP96: 67252 | AQ96: 68276 | AR96: 69300 | AS96: 70324 | AT96: 71348 | AU96: 72372 | AV96: 73396 | AW96: 74420 | AX96: 75444 | AY96: 76468 | AZ96: 77492
D97: 46048 | G97: SHIP | H97: FAB | P97: RAW
D98: Net Totals | E98: 1076 | F98: 1112 | G98: 836 | H98: 1168 | I98: 1296 | J98: 896 | K98: 1412 | L98: 1420 | M98: 0 | N98: 900 | O98: 904 | P98: 816 | Q98: 976 | R98: 508 | S98: 876 | T98: 1036 | U98: 1060 | V98: 1060 | W98: 1064 | X98: 1060 | Y98: 1064 | Z98: 932 | AA98: 1000 | AB98: 1036 | AC98: 1036 | AD98: 1036 | AE98: 1036 | AF98: 1036 | AG98: 1036 | AH98: 1036 | AI98: 1036 | AJ98: 1036 | AK98: 1036 | AL98: 1036 | AM98: 1036 | AN98: 1036 | AO98: 1036 | AP98: 1036 | AQ98: 1036 | AR98: 1036 | AS98: 1036 | AT98: 1036 | AU98: 1036 | AV98: 1036 | AW98: 1036 | AX98: 1036 | AY98: 1036
D99: Cum Totals | E99: 31424 | F99: 32536 | G99: 33372 | H99: 34540 | I99: 35836 | J99: 36732 | K99: 38144 | L99: 39564 | M99: 39564 | N99: 40464 | O99: 41368 | P99: 42184 | Q99: 43160 | R99: 43668 | S99: 44544 | T99: 45580 | U99: 46640 | V99: 47700 | W99: 48764 | X99: 49824 | Y99: 50888 | Z99: 51820 | AA99: 52820 | AB99: 53856 | AC99: 54892 | AD99: 55928 | AE99: 56964 | AF99: 58000 | AG99: 59036 | AH99: 60072 | AI99: 61108 | AJ99: 62144 | AK99: 63180 | AL99: 64216 | AM99: 65252 | AN99: 66288 | AO99: 67324 | AP99: 68360 | AQ99: 69396 | AR99: 70432 | AS99: 71468 | AT99: 72504 | AU99: 73540 | AV99: 74576 | AW99: 75612 | AX99: 76648 | AY99: 77684
D100: 46041 | F100: SHIP | G100: FAB | O100: RAW
D101: Net Totals | E101: 1076 | F101: 1112 | G101: 836 | H101: 1168 | I101: 1348 | J101: 1136 | K101: 1664 | L101: 1672 | M101: 0 | N101: 1064 | O101: 1056 | P101: 956 | Q101: 1024 | R101: 824 | S101: 860 | T101: 924 | U101: 920 | V101: 1060 | W101: 1060 | X101: 1060 | Y101: 1060 | Z101: 952 | AA101: 1028 | AB101: 1028 | AC101: 1028 | AD101: 1028 | AE101: 1028 | AF101: 1028 | AG101: 1028 | AH101: 1028 | AI101: 1028 | AJ101: 1028 | AK101: 1028 | AL101: 1028 | AM101: 1028 | AN101: 1028 | AO101: 1028 | AP101: 1028 | AQ101: 1028 | AR101: 1028 | AS101: 1028 | AT101: 1028 | AU101: 1028 | AV101: 1028 | AW101: 1028 | AX101: 1028
D102: Cum Totals | E102: 31424 | F102: 32536 | G102: 33372 | H102: 34540 | I102: 35888 | J102: 37024 | K102: 38688 | L102: 40360 | M102: 40360 | N102: 41424 | O102: 42480 | P102: 43436 | Q102: 44460 | R102: 45284 | S102: 46144 | T102: 47068 | U102: 47988 | V102: 49048 | W102: 50108 | X102: 51168 | Y102: 52228 | Z102: 53180 | AA102: 54208 | AB102: 55236 | AC102: 56264 | AD102: 57292 | AE102: 58320 | AF102: 59348 | AG102: 60376 | AH102: 61404 | AI102: 62432 | AJ102: 63460 | AK102: 64488 | AL102: 65516 | AM102: 66544 | AN102: 67572 | AO102: 68600 | AP102: 69628 | AQ102: 70656 | AR102: 71684 | AS102: 72712 | AT102: 73740 | AU102: 74768 | AV102: 75796 | AW102: 76824 | AX102: 77852
D103: 46034 | E103: SHIP | F103: FAB | N103: RAW
D104: Net Totals | E104: 1076 | F104: 1112 | G104: 836 | H104: 1244 | I104: 1276 | J104: 1388 | K104: 1456 | L104: 1500 | M104: 0 | N104: 1032 | O104: 1332 | P104: 1072 | Q104: 1068 | R104: 840 | S104: 872 | T104: 924 | U104: 928 | V104: 1068 | W104: 1072 | X104: 1072 | Y104: 1072 | Z104: 1068 | AA104: 1068 | AB104: 1068 | AC104: 1068 | AD104: 1068 | AE104: 1068 | AF104: 1068 | AG104: 1068 | AH104: 1068 | AI104: 1068 | AJ104: 1068 | AK104: 1068 | AL104: 1068 | AM104: 1068 | AN104: 1068 | AO104: 1068 | AP104: 1068 | AQ104: 1068 | AR104: 1068 | AS104: 1068 | AT104: 1068 | AU104: 1068 | AV104: 1068 | AW104: 1068
D105: Cum Totals | E105: 31424 | F105: 32536 | G105: 33372 | H105: 34616 | I105: 35892 | J105: 37280 | K105: 38736 | L105: 40236 | M105: 40236 | N105: 41268 | O105: 42600 | P105: 43672 | Q105: 44740 | R105: 45580 | S105: 46452 | T105: 47376 | U105: 48304 | V105: 49372 | W105: 50444 | X105: 51516 | Y105: 52588 | Z105: 53656 | AA105: 54724 | AB105: 55792 | AC105: 56860 | AD105: 57928 | AE105: 58996 | AF105: 60064 | AG105: 61132 | AH105: 62200 | AI105: 63268 | AJ105: 64336 | AK105: 65404 | AL105: 66472 | AM105: 67540 | AN105: 68608 | AO105: 69676 | AP105: 70744 | AQ105: 71812 | AR105: 72880 | AS105: 73948 | AT105: 75016 | AU105: 76084 | AV105: 77152 | AW105: 78220
D106: 46027 | E106: FAB | M106: RAW
...

Sheet Timing Table
A1: Part Number | B1: SAP ID | C1: AFF | D1: Carline | E1: Project Code | F1: Model Code | G1: MY | H1: Market | I1: Last ETD or First ETD | J1: BO or SOP | K1: Service Overbuy | L1: Qty Service | M1: Rank | N1: SNP | O1: PSA Number | P1: Product Group | Q1: Super Product Group | R1: DC | S1: Vendor Code
A2: 82115-0E310 | B2: F0014825701 | C2: JAI | D2: Lexus TX | E2: 564D | F2: 910W | G2: 2025 | H2: GAS | I2: 46034 | J2: C/O | M2: C | O2: 5500990628 | P2: 564D_82115_25 | Q2: LEXUS TX 82115 | R2: 1090 | S2: 6000224
A3: 82115-0E310 | B3: F0014825702 | C3: JAI | D3: Lexus TX | E3: 564D | F3: 910W | G3: 2025 | H3: GAS | I3: 46041 | J3: C/O | M3: C | O3: 5501060672 | P3: 564D_82115_25 | Q3: LEXUS TX 82115 | R3: 1090 | S3: 6000224
A4: 82115-0E440 | B4: F0013547909 | C4: JAI | D4: Grand Highlander | E4: 495D | F4: 909W | G4: 2025 | H4: GAS | I4: 46034 | J4: C/O | M4: B | O4: 5501017954 | P4: TOYOTA_200D_82115 | Q4: GRAND HL 82115 | R4: 1090 | S4: 6000224
A5: 82115-0E440 | B5: F0013547911 | C5: JAI | D5: Grand Highlander | E5: 495D | F5: 909W | G5: 2025 | H5: GAS | I5: 46041 | J5: C/O | M5: B | O5: 5501065659 | P5: TOYOTA_200D_82115 | Q5: GRAND HL 82115 | R5: 1090 | S5: 6000224
A6: 82115-0E440 | B6: F0013547912 | C6: JAI | D6: Grand Highlander | E6: 495D | F6: 909W | G6: 2025 | H6: GAS | I6: Pending | J6: C/O | M6: B | O6: 5501060667 | P6: TOYOTA_200D_82115 | Q6: GRAND HL 82115 | R6: 1090 | S6: 6000224
A7: 82115-0E450 | B7: F0013548109 | C7: JAI | D7: Grand Highlander | E7: 495D | F7: 909W | G7: 2025 | H7: GAS | I7: 46034 | J7: C/O | M7: C | O7: 5501017955 | P7: TOYOTA_200D_82115 | Q7: GRAND HL 82115 | R7: 1090 | S7: 6000224
A8: 82115-0E450 | B8: F0013548111 | C8: JAI | D8: Grand Highlander | E8: 495D | F8: 909W | G8: 2025 | H8: GAS | I8: 46041 | J8: C/O | M8: C | O8: 5501065660 | P8: TOYOTA_200D_82115 | Q8: GRAND HL 82115 | R8: 1090 | S8: 6000224
A9: 82115-0E450 | B9: F0013548112 | C9: JAI | D9: Grand Highlander | E9: 495D | F9: 909W | G9: 2025 | H9: GAS | I9: Pending | J9: C/O | M9: C | O9: 5501060668 | P9: TOYOTA_200D_82115 | Q9: GRAND HL 82115 | R9: 1090 | S9: 6000224
A10: 82115-0E460 | B10: F0013548009 | C10: JAI | D10: Grand Highlander | E10: 495D | F10: 909W | G10: 2025 | H10: GAS | I10: 46034 | J10: C/O | M10: B | O10: 5501017956 | P10: TOYOTA_200D_82115 | Q10: GRAND HL 82115 | R10: 1090 | S10: 6000224
A11: 82115-0E460 | B11: F0013548011 | C11: JAI | D11: Grand Highlander | E11: 495D | F11: 909W | G11: 2025 | H11: GAS | I11: 46041 | J11: C/O | M11: B | O11: 5501065661 | P11: TOYOTA_200D_82115 | Q11: GRAND HL 82115 | R11: 1090 | S11: 6000224
A12: 82115-0E460 | B12: F0013548012 | C12: JAI | D12: Grand Highlander | E12: 495D | F12: 909W | G12: 2025 | H12: GAS | I12: Pending | J12: C/O | M12: B | O12: 5501060669 | P12: TOYOTA_200D_82115 | Q12: GRAND HL 82115 | R12: 1090 | S12: 6000224
A13: 82115-0E480 | B13: F0013546510 | C13: JAI | D13: Grand Highlander | E13: 495D | F13: 909W | G13: 2025 | H13: 495D-HV | J13: C/O | O13: 5501044286 | R13: 1090 | S13: 6000224
A14: 82115-0E490 | B14: F0013547309 | C14: JAI | D14: Grand Highlander | E14: 495D | F14: 909W | G14: 2025 | H14: 495D-HV | I14: 46034 | J14: C/O | M14: C | O14: 5501017963 | P14: TOYOTA_200D_82115 | Q14: GRAND HL 82115 | R14: 1090 | S14: 6000224
A15: 82115-0E490 | B15: F0013547310 | C15: JAI | D15: Grand Highlander | E15: 495D | F15: 909W | G15: 2025 | H15: 495D-HV | I15: 46041 | J15: C/O | M15: C | O15: 5501060670 | P15: TOYOTA_200D_82115 | Q15: GRAND HL 82115 | R15: 1090 | S15: 6000224
A16: 82115-0E501 | B16: F0014826801 | C16: JAI | D16: Lexus TX | E16: 564D | F16: 910W | G16: 2025 | H16: GAS | J16: C/O | M16: C | O16: 5500990629 | P16: 564D_82115_25 | Q16: LEXUS TX 82115 | R16: 1090 | S16: 6000224
A17: 82115-0E501 | B17: F0014826803 | C17: JAI | D17: Lexus TX | E17: 564D | F17: 910W | G17: 2025 | H17: GAS | J17: C/O | M17: C | O17: 5501017965 | P17: 564D_82115_25 | Q17: LEXUS TX 82115 | R17: 1090 | S17: 6000224
A18: 82115-0E511 | B18: F0014827303 | C18: JAI | D18: Lexus TX | E18: 564D | F18: 910W | G18: 2025 | H18: GAS | J18: C/O | M18: C | O18: 5501017966 | P18: 564D_82115_25 | Q18: LEXUS TX 82115 | R18: 1090 | S18: 6000224
A19: 82115-0E521 | B19: F0014826703 | C19: JAI | D19: Lexus TX | E19: 564D | F19: 910W | G19: 2025 | H19: GAS | J19: C/O | M19: C | O19: 5501017967 | P19: 564D_82115_25 | Q19: LEXUS TX 82115 | R19: 1090 | S19: 6000224
A20: 82115-0E531 | B20: F0014827203 | C20: JAI | D20: Lexus TX | E20: 564D | F20: 910W | G20: 2025 | H20: GAS | J20: C/O | M20: A | O20: 5501017968 | P20: 564D_82115_25 | Q20: LEXUS TX 82115 | R20: 1090 | S20: 6000224
A21: 82115-0E541 | B21: F0014826601 | C21: JAI | D21: Lexus TX | E21: 564D | F21: 910W | G21: 2025 | H21: GAS | J21: C/O | M21: C | O21: 5500990633 | P21: 564D_82115_25 | Q21: LEXUS TX 82115 | R21: 1090 | S21: 6000224
A22: 82115-0E541 | B22: F0014826603 | C22: JAI | D22: Lexus TX | E22: 564D | F22: 910W | G22: 2025 | H22: GAS | J22: C/O | M22: C | O22: 5501017969 | P22: 564D_82115_25 | Q22: LEXUS TX 82115 | R22: 1090 | S22: 6000224
A23: 82115-0E551 | B23: F0014827001 | C23: JAI | D23: Lexus TX | E23: 564D | F23: 910W | G23: 2025 | H23: GAS | J23: C/O | M23: C | O23: 5500990634 | P23: 564D_82115_25 | Q23: LEXUS TX 82115 | R23: 1090 | S23: 6000224
A24: 82115-0E551 | B24: F0014827003 | C24: JAI | D24: Lexus TX | E24: 564D | F24: 910W | G24: 2025 | H24: GAS | J24: C/O | M24: C | O24: 5501017970 | P24: 564D_82115_25 | Q24: LEXUS TX 82115 | R24: 1090 | S24: 6000224
A25: 82115-0E561 | B25: F0014826503 | C25: JAI | D25: Lexus TX | E25: 564D | F25: 910W | G25: 2025 | H25: GAS | J25: C/O | M25: B | O25: 5501017971 | P25: 564D_82115_25 | Q25: LEXUS TX 82115 | R25: 1090 | S25: 6000224
A26: 82115-0EA00 | B26: F0013547809 | C26: JAI | D26: Grand Highlander | E26: 495D | F26: 909W | G26: 2025 | H26: GAS | I26: 46034 | J26: C/O | M26: B | O26: 5501017957 | P26: TOYOTA_200D_82115 | Q26: GRAND HL 82115 | R26: 1090 | S26: 6000224
A27: 82115-0EA00 | B27: F0013547811 | C27: JAI | D27: Grand Highlander | E27: 495D | F27: 909W | G27: 2025 | H27: GAS | I27: 46041 | J27: C/O | M27: B | O27: 5501065658 | P27: TOYOTA_200D_82115 | Q27: GRAND HL 82115 | R27: 1090 | S27: 6000224
A28: 82115-0EA00 | B28: F0013547812 | C28: JAI | D28: Grand Highlander | E28: 495D | F28: 909W | G28: 2025 | H28: GAS | I28: Pending | J28: C/O | M28: B | O28: 5501060666 | P28: TOYOTA_200D_82115 | Q28: GRAND HL 82115 | R28: 1090 | S28: 6000224
A29: 82115-0EA10 | B29: F0013546309 | C29: JAI | D29: Grand Highlander | E29: 495D | F29: 909W | G29: 2025 | H29: 495D-HV | I29: 46034 | J29: C/O | M29: B | O29: 5501017964 | P29: TOYOTA_200D_82115 | Q29: GRAND HL 82115 | R29: 1090 | S29: 6000224
A30: 82115-0EA10 | B30: F0013546310 | C30: JAI | D30: Grand Highlander | E30: 495D | F30: 909W | G30: 2025 | H30: 495D-HV | I30: 46041 | J30: C/O | M30: B | O30: 5501060671 | P30: TOYOTA_200D_82115 | Q30: GRAND HL 82115 | R30: 1090 | S30: 6000224
A31: 82115-0EA21 | B31: F0014826901 | C31: JAI | D31: Lexus TX | E31: 495D | F31: 909W | G31: 2025 | H31: GAS | J31: C/O | M31: C | O31: 5500990636 | P31: 564D_82115_25 | Q31: LEXUS TX 82115 | R31: 1090 | S31: 6000224
A32: 82115-0EA21 | B32: F0014826903 | C32: JAI | D32: Lexus TX | E32: 564D | F32: 910W | G32: 2025 | H32: GAS | J32: C/O | M32: C | O32: 5501017972 | P32: 564D_82115_25 | Q32: LEXUS TX 82115 | R32: 1090 | S32: 6000224
A33: 82115-0EA31 | B33: F0014827101 | C33: JAI | D33: Lexus TX | E33: 564D | F33: 910W | G33: 2025 | H33: GAS | J33: C/O | M33: C | O33: 5500990620 | P33: 564D_82115_25 | Q33: LEXUS TX 82115 | R33: 1090 | S33: 6000224
A34: 82115-0EA31 | B34: F0014827103 | C34: JAI | D34: Lexus TX | E34: 564D | F34: 910W | G34: 2025 | H34: GAS | J34: C/O | M34: C | O34: 5501017973 | P34: 564D_82115_25 | Q34: LEXUS TX 82115 | R34: 1090 | S34: 6000224
A35: 82115-0EZ30 | B35: F0014825901 | C35: JAI | D35: Lexus TX | E35: 564D | F35: 910W | G35: 2025 | H35: GAS | J35: C/O | M35: C | O35: 5500990621 | P35: 564D_82115_25 | Q35: LEXUS TX 82115 | R35: 1090 | S35: 6000224
A36: 82115-0EZ30 | B36: F0014825903 | C36: JAI | D36: Lexus TX | E36: 564D | F36: 910W | G36: 2025 | H36: GAS | J36: C/O | M36: C | O36: 5501017974 | P36: 564D_82115_25 | Q36: LEXUS TX 82115 | R36: 1090 | S36: 6000224
A37: 82115-0EZ40 | B37: F0014826103 | C37: JAI | D37: Lexus TX | E37: 564D | F37: 910W | G37: 2025 | H37: GAS | J37: C/O | M37: C | O37: 5501017975 | P37: 564D_82115_25 | Q37: LEXUS TX 82115 | R37: 1090 | S37: 6000224
A38: 82115-0EZ50 | B38: F0014826403 | C38: JAI | D38: Lexus TX | E38: 564D | F38: 910W | G38: 2025 | H38: GAS | J38: C/O | M38: C | O38: 5501017976 | P38: 564D_82115_25 | Q38: LEXUS TX 82115 | R38: 1090 | S38: 6000224
A39: 82115-0EZ60 | B39: F0014826003 | C39: JAI | D39: Lexus TX | E39: 564D | F39: 910W | G39: 2025 | H39: GAS | J39: C/O | M39: C | O39: 5501017977 | P39: 564D_82115_25 | Q39: LEXUS TX 82115 | R39: 1090 | S39: 6000224
A40: 82115-0EZ70 | B40: F0014826301 | C40: JAI | D40: Lexus TX | E40: 564D | F40: 910W | G40: 2025 | H40: GAS | J40: C/O | M40: C | O40: 5500990625 | P40: 564D_82115_25 | Q40: LEXUS TX 82115 | R40: 1090 | S40: 6000224
A41: 82115-0EZ70 | B41: F0014826303 | C41: JAI | D41: Lexus TX | E41: 564D | F41: 910W | G41: 2025 | H41: GAS | J41: C/O | M41: C | O41: 5501017978 | P41: 564D_82115_25 | Q41: LEXUS TX 82115 | R41: 1090 | S41: 6000224
A42: 82115-0EZ80 | B42: F0014825801 | C42: JAI | D42: Lexus TX | E42: 564D | F42: 910W | G42: 2025 | H42: GAS | J42: C/O | M42: C | O42: 5500990626 | P42: 564D_82115_25 | Q42: LEXUS TX 82115 | R42: 1090 | S42: 6000224
... A44: 82115-0EZ90 | B44: F0014826203 | C44: JAI | D44: Lexus TX | E44: 564D | F44: 910W | G44: 2025 | H44: GAS | J44: C/O | M44: C | O44: 5501017980 | P44: 564D_82115_25 | Q44: LEXUS TX 82115 | R44: 1090 | S44: 6000224
I46: Final CUM
A47: 82115-0EA10 | B47: F0013546307 | C47: JAI | D47: Grand Highlander | E47: 491D | F47: 909W | G47: 2025 | H47: 491D-HV | I47: 1908 | J47: C/O | O47: 5500991056
A48: 82115-0EA10 | B48: F0013546308 | C48: JAI | D48: Grand Highlander | E48: 491D | F48: 909W | G48: 2025 | H48: 491D-HV | I48: 1388 | J48: C/O | O48: 5501015413
A49: 82115-0E490 | B49: F0013547307 | C49: JAI | D49: Grand Highlander | E49: 491D | F49: 909W | G49: 2025 | H49: 491D-HV | I49: 588 | J49: C/O | O49: 5500991055
A50: 82115-0E490 | B50: F0013547308 | C50: JAI | D50: Grand Highlander | E50: 491D | F50: 909W | G50: 2025 | H50: 491D-HV | I50: 424 | J50: C/O | O50: 5501015415
A51: 82115-0EA00 | B51: F0013547807 | C51: JAI | D51: Grand Highlander | E51: 491D | F51: 909W | G51: 2025 | H51: GAS | I51: 3996 | J51: C/O | O51: 5500991060
A52: 82115-0EA00 | B52: F0013547808 | C52: JAI | D52: Grand Highlander | E52: 491D | F52: 909W | G52: 2025 | H52: GAS | I52: 524 | J52: C/O | O52: 5501015409
A53: 82115-0E440 | B53: F0013547907 | C53: JAI | D53: Grand Highlander | E53: 491D | F53: 909W | G53: 2025 | H53: GAS | I53: 4040 | J53: C/O | O53: 5500991057
A54: 82115-0E440 | B54: F0013547908 | C54: JAI | D54: Grand Highlander | E54: 491D | F54: 909W | G54: 2025 | H54: GAS | I54: 728 | J54: C/O | O54: 5501015410
A55: 82115-0E460 | B55: F0013548007 | C55: JAI | D55: Grand Highlander | E55: 491D | F55: 909W | G55: 2025 | H55: GAS | I55: 4792 | J55: C/O | O55: 5500991059
A56: 82115-0E460 | B56: F0013548008 | C56: JAI | D56: Grand Highlander | E56: 491D | F56: 909W | G56: 2025 | H56: GAS | I56: 1000 | J56: C/O | O56: 5501015411
A57: 82115-0E450 | B57: F0013548107 | C57: JAI | D57: Grand Highlander | E57: 491D | F57: 909W | G57: 2025 | H57: GAS | I57: 1428 | J57: C/O | O57: 5500991058
A58: 82115-0E450 | B58: F0013548108 | C58: JAI | D58: Grand Highlander | E58: 491D | F58: 909W | G58: 2025 | H58: GAS | I58: 1920 | J58: C/O | O58: 5501015412
... A66: 82115-0EZ50 | B66: F0014826401 | C66: JAI | D66: Lexus TX | E66: 564D | F66: 910W | G66: 2025 | H66: GAS | I66: 16 | J66: L/O | O66: 5500990623
K93: 1090
K94: 1090
K95: 1090
K96: 1090

Sheet GRAPH
