Workbook
Name ProdLines: [1]Chart!$A$66:$A$66

Sheet NOTES
B2: JAI Meeting Notes from 01/05
B24: Release Notes from 01/05
B40: JAI Meeting Notes from 01/08
B53: Release Notes from 01/10
B64: Release Notes from 01/15
B74: Release Notes from 01/22
B90: Release Notes from 01/29
B99: Release Notes from 02/05
B109: Release Notes from 02/12
B117: Release Notes from 02/19
B124: Release Notes from 02/26
B133: Release Notes from 03/04
... B149: Release Notes from 03/18

Sheet SUMMARY
A1: 1 | B1: =+A1+1 -> 2 | C1: =+B1+1 -> 3 | D1: =+C1+1 -> 4 | E1: =+D1+1 -> 5 | F1: =+E1+1 -> 6 | G1: =+F1+1 -> 7 | H1: =+G1+1 -> 8 | I1: =+H1+1 -> 9 | ... BN1: =+BM1+1 -> 66
A2: =+'[2]Final SR'!BJ10 -> ETD Date | B2: =+'Final SR'!BK10 -> 46041 | C2: =+'Final SR'!BL10 -> 46048 | D2: =+'Final SR'!BM10 -> 46055 | E2: =+'Final SR'!BN10 -> 46062 | F2: =+'Final SR'!BO10 -> 46069 | G2: =+'Final SR'!BP10 -> 46076 | H2: =+'Final SR'!BQ10 -> 46083 | I2: =+'Final SR'!BR10 -> 46090 | ... BN2: =+'Final SR'!DW10 -> 0
A3: =+'[2]Final SR'!BJ11 -> ETA Date | B3: =+'Final SR'!BK11 -> 46083 | C3: =+'Final SR'!BL11 -> 46090 | D3: =+'Final SR'!BM11 -> 46097 | E3: =+'Final SR'!BN11 -> 46104 | F3: =+'Final SR'!BO11 -> 46111 | G3: =+'Final SR'!BP11 -> 46118 | H3: =+'Final SR'!BQ11 -> 46125 | I3: =+'Final SR'!BR11 -> 46132 | ... BN3: =+'Final SR'!DW11 -> DEC
A4: Row Labels | B4: Sum of 2-Mar | C4: Sum of 9-Mar | D4: Sum of 16-Mar | E4: Sum of 23-Mar | F4: Sum of 30-Mar | G4: Sum of 6-Apr | H4: Sum of 13-Apr | I4: Sum of 20-Apr | J4: Sum of 27-Apr | K4: Sum of 4-May | L4: Sum of 11-May | M4: Sum of 18-May | N4: Sum of 25-May | O4: Sum of 1-Jun | P4: Sum of 8-Jun | Q4: Sum of 15-Jun | R4: Sum of 22-Jun | S4: Sum of 29-Jun | T4: Sum of 6-Jul | U4: Sum of 13-Jul | V4: Sum of 20-Jul | W4: Sum of 27-Jul | X4: Sum of 3-Aug | Y4: Sum of 10-Aug | Z4: Sum of 17-Aug | AA4: Sum of 24-Aug | AB4: Sum of 31-Aug | AC4: Sum of 7-Sep | AD4: Sum of 14-Sep | AE4: Sum of 21-Sep | AF4: Sum of 28-Sep | AG4: Sum of 5-Oct | AH4: Sum of 12-Oct | AI4: Sum of 19-Oct | AJ4: Sum of 26-Oct | AK4: Sum of 2-Nov | AL4: Sum of 9-Nov | AM4: Sum of 16-Nov | AN4: Sum of 23-Nov | AO4: Sum of 30-Nov | AP4: Sum of 7-Dec | AQ4: Sum of 14-Dec | AR4: Sum of 21-Dec | AS4: Sum of 28-Dec | AT4: Sum of 4-Jan | AU4: Sum of 11-Jan | AV4: Sum of 12-Jan | AW4: Sum of 19-Jan | AX4: Sum of 26-Jan | AY4: Sum of 2-Feb | AZ4: Sum of 9-Feb | BA4: Sum of 16-Feb
A5: 82115-0E310 | B5: 0 | C5: 0 | D5: 0 | E5: 0 | F5: 0 | G5: 0 | H5: 0 | I5: 0 | J5: 0 | K5: 0 | L5: 0 | M5: 0 | N5: 0 | O5: 0 | P5: 0 | Q5: 0 | R5: 0 | S5: 0 | T5: 0 | U5: 0 | V5: 0 | W5: 0 | X5: 0 | Y5: 0 | Z5: 0 | AA5: 0 | AB5: 0 | AC5: 0 | AD5: 0 | AE5: 0 | AF5: 0 | AG5: 0 | AH5: 0 | AI5: 0 | AJ5: 0 | AK5: 0 | AL5: 0 | AM5: 0 | AN5: 0 | AO5: 0 | AP5: 0 | AQ5: 0 | AR5: 0 | AS5: 0 | AT5: 0 | AU5: 0 | AV5: 0 | AW5: 0 | AX5: 0 | AY5: 0 | AZ5: 0 | BA5: 0 | BC5: =SUM(B5:C5) -> 0 | BD5: =SUM(D5:G5) -> 0 | BE5: =SUM(H5:K5) -> 0 | BF5: =SUM(L5:P5) -> 0 | BG5: =SUM(Q5:T5) -> 0 | BH5: =SUM(U5:X5) -> 0 | BI5: =SUM(Y5:AC5) -> 0 | BJ5: =SUM(AD5:AG5) -> 0 | BK5: =SUM(AH5:AL5) -> 0 | BL5: =SUM(AM5:AP5) -> 0 | BM5: =SUM(AQ5:AT5) -> 0 | BN5: =SUM(AU5:AY5) -> 0
A6: 82115-0E310 B | B6: 0 | C6: 0 | D6: 0 | E6: 0 | F6: 0 | G6: 0 | H6: 0 | I6: 0 | J6: 0 | K6: 0 | L6: 0 | M6: 0 | N6: 0 | O6: 0 | P6: 0 | Q6: 0 | R6: 0 | S6: 0 | T6: 0 | U6: 0 | V6: 0 | W6: 0 | X6: 0 | Y6: 0 | Z6: 0 | AA6: 0 | AB6: 0 | AC6: 0 | AD6: 0 | AE6: 0 | AF6: 0 | AG6: 0 | AH6: 0 | AI6: 0 | AJ6: 0 | AK6: 0 | AL6: 0 | AM6: 0 | AN6: 0 | AO6: 0 | AP6: 0 | AQ6: 0 | AR6: 0 | AS6: 0 | AT6: 0 | AU6: 0 | AV6: 0 | AW6: 0 | AX6: 0 | AY6: 0 | AZ6: 0 | BA6: 0 | BC6: =SUM(B6:C6) -> 0 | BD6: =SUM(D6:G6) -> 0 | BE6: =SUM(H6:K6) -> 0 | BF6: =SUM(L6:P6) -> 0 | BG6: =SUM(Q6:T6) -> 0 | BH6: =SUM(U6:X6) -> 0 | BI6: =SUM(Y6:AC6) -> 0 | BJ6: =SUM(AD6:AG6) -> 0 | BK6: =SUM(AH6:AL6) -> 0 | BL6: =SUM(AM6:AP6) -> 0 | BM6: =SUM(AQ6:AT6) -> 0 | BN6: =SUM(AU6:AY6) -> 0
A7: 82115-0E440 L | B7: 260 | C7: 364 | D7: 380 | E7: 600 | F7: 936 | G7: 476 | H7: 128 | I7: 0 | J7: 0 | K7: 0 | L7: 0 | M7: 0 | N7: 0 | O7: 0 | P7: 0 | Q7: 0 | R7: 0 | S7: 0 | T7: 0 | U7: 0 | V7: 0 | W7: 0 | X7: 0 | Y7: 0 | Z7: 0 | AA7: 0 | AB7: 0 | AC7: 0 | AD7: 0 | AE7: 0 | AF7: 0 | AG7: 0 | AH7: 0 | AI7: 0 | AJ7: 0 | AK7: 0 | AL7: 0 | AM7: 0 | AN7: 0 | AO7: 0 | AP7: 0 | AQ7: 0 | AR7: 0 | AS7: 0 | AT7: 0 | AU7: 0 | AV7: 0 | AW7: 0 | AX7: 0 | AY7: 0 | AZ7: 0 | BA7: 0 | BC7: =SUM(B7:C7) -> 624 | BD7: =SUM(D7:G7) -> 2392 | BE7: =SUM(H7:K7) -> 128 | BF7: =SUM(L7:P7) -> 0 | BG7: =SUM(Q7:T7) -> 0 | BH7: =SUM(U7:X7) -> 0 | BI7: =SUM(Y7:AC7) -> 0 | BJ7: =SUM(AD7:AG7) -> 0 | BK7: =SUM(AH7:AL7) -> 0 | BL7: =SUM(AM7:AP7) -> 0 | BM7: =SUM(AQ7:AT7) -> 0 | BN7: =SUM(AU7:AY7) -> 0
A8: 82115-0E440 M | B8: 0 | C8: 0 | D8: 0 | E8: 0 | F8: 0 | G8: 0 | H8: 192 | I8: 428 | J8: 0 | K8: 416 | L8: 412 | M8: 364 | N8: 360 | O8: 224 | P8: 168 | Q8: 168 | R8: 220 | S8: 308 | T8: 304 | U8: 308 | V8: 260 | W8: 260 | X8: 212 | Y8: 296 | Z8: 176 | AA8: 252 | AB8: 352 | AC8: 352 | AD8: 492 | AE8: 492 | AF8: 492 | AG8: 492 | AH8: 492 | AI8: 492 | AJ8: 492 | AK8: 492 | AL8: 492 | AM8: 492 | AN8: 492 | AO8: 492 | AP8: 492 | AQ8: 492 | AR8: 492 | AS8: 492 | AT8: 492 | AU8: 492 | AV8: 492 | AW8: 492 | AX8: 492 | AY8: 492 | AZ8: 492 | BA8: 492 | BC8: =SUM(B8:C8) -> 0 | BD8: =SUM(D8:G8) -> 0 | BE8: =SUM(H8:K8) -> 1036 | BF8: =SUM(L8:P8) -> 1528 | BG8: =SUM(Q8:T8) -> 1000 | BH8: =SUM(U8:X8) -> 1040 | BI8: =SUM(Y8:AC8) -> 1428 | BJ8: =SUM(AD8:AG8) -> 1968 | BK8: =SUM(AH8:AL8) -> 2460 | BL8: =SUM(AM8:AP8) -> 1968 | BM8: =SUM(AQ8:AT8) -> 1968 | BN8: =SUM(AU8:AY8) -> 2460
A9: 82115-0E440. | B9: 1224 | C9: 0 | D9: 0 | E9: 0 | F9: 0 | G9: 0 | H9: 0 | I9: 0 | J9: 0 | K9: 0 | L9: 0 | M9: 0 | N9: 0 | O9: 0 | P9: 0 | Q9: 0 | R9: 0 | S9: 0 | T9: 0 | U9: 0 | V9: 0 | W9: 0 | X9: 0 | Y9: 0 | Z9: 0 | AA9: 0 | AB9: 0 | AC9: 0 | AD9: 0 | AE9: 0 | AF9: 0 | AG9: 0 | AH9: 0 | AI9: 0 | AJ9: 0 | AK9: 0 | AL9: 0 | AM9: 0 | AN9: 0 | AO9: 0 | AP9: 0 | AQ9: 0 | AR9: 0 | AS9: 0 | AT9: 0 | AU9: 0 | AV9: 0 | AW9: 0 | AX9: 0 | AY9: 0 | AZ9: 0 | BA9: 0 | BC9: =SUM(B9:C9) -> 1224 | BD9: =SUM(D9:G9) -> 0 | BE9: =SUM(H9:K9) -> 0 | BF9: =SUM(L9:P9) -> 0 | BG9: =SUM(Q9:T9) -> 0 | BH9: =SUM(U9:X9) -> 0 | BI9: =SUM(Y9:AC9) -> 0 | BJ9: =SUM(AD9:AG9) -> 0 | BK9: =SUM(AH9:AL9) -> 0 | BL9: =SUM(AM9:AP9) -> 0 | BM9: =SUM(AQ9:AT9) -> 0 | BN9: =SUM(AU9:AY9) -> 0
A10: 82115-0E450 L | B10: 196 | C10: 240 | D10: 64 | E10: 448 | F10: 196 | G10: 216 | H10: 72 | I10: 0 | J10: 0 | K10: 0 | L10: 0 | M10: 0 | N10: 0 | O10: 0 | P10: 0 | Q10: 0 | R10: 0 | S10: 0 | T10: 0 | U10: 0 | V10: 0 | W10: 0 | X10: 0 | Y10: 0 | Z10: 0 | AA10: 0 | AB10: 0 | AC10: 0 | AD10: 0 | AE10: 0 | AF10: 0 | AG10: 0 | AH10: 0 | AI10: 0 | AJ10: 0 | AK10: 0 | AL10: 0 | AM10: 0 | AN10: 0 | AO10: 0 | AP10: 0 | AQ10: 0 | AR10: 0 | AS10: 0 | AT10: 0 | AU10: 0 | AV10: 0 | AW10: 0 | AX10: 0 | AY10: 0 | AZ10: 0 | BA10: 0 | BC10: =SUM(B10:C10) -> 436 | BD10: =SUM(D10:G10) -> 924 | BE10: =SUM(H10:K10) -> 72 | BF10: =SUM(L10:P10) -> 0 | BG10: =SUM(Q10:T10) -> 0 | BH10: =SUM(U10:X10) -> 0 | BI10: =SUM(Y10:AC10) -> 0 | BJ10: =SUM(AD10:AG10) -> 0 | BK10: =SUM(AH10:AL10) -> 0 | BL10: =SUM(AM10:AP10) -> 0 | BM10: =SUM(AQ10:AT10) -> 0 | BN10: =SUM(AU10:AY10) -> 0
A11: 82115-0E450 M | B11: 0 | C11: 0 | D11: 0 | E11: 0 | F11: 0 | G11: 0 | H11: 100 | I11: 264 | J11: 0 | K11: 364 | L11: 188 | M11: 188 | N11: 176 | O11: 108 | P11: 84 | Q11: 80 | R11: 108 | S11: 152 | T11: 148 | U11: 148 | V11: 120 | W11: 160 | X11: 104 | Y11: 144 | Z11: 60 | AA11: 120 | AB11: 172 | AC11: 172 | AD11: 276 | AE11: 204 | AF11: 204 | AG11: 204 | AH11: 204 | AI11: 204 | AJ11: 204 | AK11: 204 | AL11: 204 | AM11: 204 | AN11: 204 | AO11: 204 | AP11: 204 | AQ11: 204 | AR11: 204 | AS11: 204 | AT11: 204 | AU11: 204 | AV11: 204 | AW11: 204 | AX11: 204 | AY11: 204 | AZ11: 204 | BA11: 204 | BC11: =SUM(B11:C11) -> 0 | BD11: =SUM(D11:G11) -> 0 | BE11: =SUM(H11:K11) -> 728 | BF11: =SUM(L11:P11) -> 744 | BG11: =SUM(Q11:T11) -> 488 | BH11: =SUM(U11:X11) -> 532 | BI11: =SUM(Y11:AC11) -> 668 | BJ11: =SUM(AD11:AG11) -> 888 | BK11: =SUM(AH11:AL11) -> 1020 | BL11: =SUM(AM11:AP11) -> 816 | BM11: =SUM(AQ11:AT11) -> 816 | BN11: =SUM(AU11:AY11) -> 1020
A12: 82115-0E450. | B12: 276 | C12: 176 | D12: 0 | E12: 0 | F12: 0 | G12: 0 | H12: 0 | I12: 0 | J12: 0 | K12: 0 | L12: 0 | M12: 0 | N12: 0 | O12: 0 | P12: 0 | Q12: 0 | R12: 0 | S12: 0 | T12: 0 | U12: 0 | V12: 0 | W12: 0 | X12: 0 | Y12: 0 | Z12: 0 | AA12: 0 | AB12: 0 | AC12: 0 | AD12: 0 | AE12: 0 | AF12: 0 | AG12: 0 | AH12: 0 | AI12: 0 | AJ12: 0 | AK12: 0 | AL12: 0 | AM12: 0 | AN12: 0 | AO12: 0 | AP12: 0 | AQ12: 0 | AR12: 0 | AS12: 0 | AT12: 0 | AU12: 0 | AV12: 0 | AW12: 0 | AX12: 0 | AY12: 0 | AZ12: 0 | BA12: 0 | BC12: =SUM(B12:C12) -> 452 | BD12: =SUM(D12:G12) -> 0 | BE12: =SUM(H12:K12) -> 0 | BF12: =SUM(L12:P12) -> 0 | BG12: =SUM(Q12:T12) -> 0 | BH12: =SUM(U12:X12) -> 0 | BI12: =SUM(Y12:AC12) -> 0 | BJ12: =SUM(AD12:AG12) -> 0 | BK12: =SUM(AH12:AL12) -> 0 | BL12: =SUM(AM12:AP12) -> 0 | BM12: =SUM(AQ12:AT12) -> 0 | BN12: =SUM(AU12:AY12) -> 0
A13: 82115-0E460 L | B13: 204 | C13: 408 | D13: 504 | E13: 0 | F13: 264 | G13: 380 | H13: 792 | I13: 0 | J13: 0 | K13: 0 | L13: 0 | M13: 0 | N13: 0 | O13: 0 | P13: 0 | Q13: 0 | R13: 0 | S13: 0 | T13: 0 | U13: 0 | V13: 0 | W13: 0 | X13: 0 | Y13: 0 | Z13: 0 | AA13: 0 | AB13: 0 | AC13: 0 | AD13: 0 | AE13: 0 | AF13: 0 | AG13: 0 | AH13: 0 | AI13: 0 | AJ13: 0 | AK13: 0 | AL13: 0 | AM13: 0 | AN13: 0 | AO13: 0 | AP13: 0 | AQ13: 0 | AR13: 0 | AS13: 0 | AT13: 0 | AU13: 0 | AV13: 0 | AW13: 0 | AX13: 0 | AY13: 0 | AZ13: 0 | BA13: 0 | BC13: =SUM(B13:C13) -> 612 | BD13: =SUM(D13:G13) -> 1148 | BE13: =SUM(H13:K13) -> 792 | BF13: =SUM(L13:P13) -> 0 | BG13: =SUM(Q13:T13) -> 0 | BH13: =SUM(U13:X13) -> 0 | BI13: =SUM(Y13:AC13) -> 0 | BJ13: =SUM(AD13:AG13) -> 0 | BK13: =SUM(AH13:AL13) -> 0 | BL13: =SUM(AM13:AP13) -> 0 | BM13: =SUM(AQ13:AT13) -> 0 | BN13: =SUM(AU13:AY13) -> 0
A14: 82115-0E460 M | B14: 0 | C14: 0 | D14: 0 | E14: 0 | F14: 0 | G14: 0 | H14: 12 | I14: 532 | J14: 0 | K14: 480 | L14: 500 | M14: 392 | N14: 328 | O14: 240 | P14: 180 | Q14: 180 | R14: 236 | S14: 328 | T14: 328 | U14: 328 | V14: 280 | W14: 276 | X14: 232 | Y14: 312 | Z14: 196 | AA14: 264 | AB14: 384 | AC14: 372 | AD14: 536 | AE14: 524 | AF14: 524 | AG14: 524 | AH14: 524 | AI14: 524 | AJ14: 524 | AK14: 524 | AL14: 524 | AM14: 524 | AN14: 524 | AO14: 524 | AP14: 524 | AQ14: 524 | AR14: 524 | AS14: 524 | AT14: 524 | AU14: 524 | AV14: 524 | AW14: 524 | AX14: 524 | AY14: 524 | AZ14: 524 | BA14: 524 | BC14: =SUM(B14:C14) -> 0 | BD14: =SUM(D14:G14) -> 0 | BE14: =SUM(H14:K14) -> 1024 | BF14: =SUM(L14:P14) -> 1640 | BG14: =SUM(Q14:T14) -> 1072 | BH14: =SUM(U14:X14) -> 1116 | BI14: =SUM(Y14:AC14) -> 1528 | BJ14: =SUM(AD14:AG14) -> 2108 | BK14: =SUM(AH14:AL14) -> 2620 | BL14: =SUM(AM14:AP14) -> 2096 | BM14: =SUM(AQ14:AT14) -> 2096 | BN14: =SUM(AU14:AY14) -> 2620
A15: 82115-0E460. | B15: 896 | C15: 0 | D15: 0 | E15: 0 | F15: 0 | G15: 0 | H15: 0 | I15: 0 | J15: 0 | K15: 0 | L15: 0 | M15: 0 | N15: 0 | O15: 0 | P15: 0 | Q15: 0 | R15: 0 | S15: 0 | T15: 0 | U15: 0 | V15: 0 | W15: 0 | X15: 0 | Y15: 0 | Z15: 0 | AA15: 0 | AB15: 0 | AC15: 0 | AD15: 0 | AE15: 0 | AF15: 0 | AG15: 0 | AH15: 0 | AI15: 0 | AJ15: 0 | AK15: 0 | AL15: 0 | AM15: 0 | AN15: 0 | AO15: 0 | AP15: 0 | AQ15: 0 | AR15: 0 | AS15: 0 | AT15: 0 | AU15: 0 | AV15: 0 | AW15: 0 | AX15: 0 | AY15: 0 | AZ15: 0 | BA15: 0 | BC15: =SUM(B15:C15) -> 896 | BD15: =SUM(D15:G15) -> 0 | BE15: =SUM(H15:K15) -> 0 | BF15: =SUM(L15:P15) -> 0 | BG15: =SUM(Q15:T15) -> 0 | BH15: =SUM(U15:X15) -> 0 | BI15: =SUM(Y15:AC15) -> 0 | BJ15: =SUM(AD15:AG15) -> 0 | BK15: =SUM(AH15:AL15) -> 0 | BL15: =SUM(AM15:AP15) -> 0 | BM15: =SUM(AQ15:AT15) -> 0 | BN15: =SUM(AU15:AY15) -> 0
A16: 82115-0E480 K | B16: 788 | C16: 348 | D16: 348 | E16: 348 | F16: 348 | G16: 348 | H16: 520 | I16: 524 | J16: 0 | K16: 596 | L16: 248 | M16: 248 | N16: 248 | O16: 248 | P16: 248 | Q16: 248 | R16: 248 | S16: 248 | T16: 248 | U16: 248 | V16: 248 | W16: 248 | X16: 248 | Y16: 248 | Z16: 248 | AA16: 248 | AB16: 248 | AC16: 248 | AD16: 248 | AE16: 248 | AF16: 248 | AG16: 248 | AH16: 248 | AI16: 248 | AJ16: 248 | AK16: 248 | AL16: 248 | AM16: 248 | AN16: 248 | AO16: 248 | AP16: 248 | AQ16: 248 | AR16: 248 | AS16: 248 | AT16: 248 | AU16: 248 | AV16: 248 | AW16: 248 | AX16: 248 | AY16: 248 | AZ16: 248 | BA16: 248 | BC16: =SUM(B16:C16) -> 1136 | BD16: =SUM(D16:G16) -> 1392 | BE16: =SUM(H16:K16) -> 1640 | BF16: =SUM(L16:P16) -> 1240 | BG16: =SUM(Q16:T16) -> 992 | BH16: =SUM(U16:X16) -> 992 | BI16: =SUM(Y16:AC16) -> 1240 | BJ16: =SUM(AD16:AG16) -> 992 | BK16: =SUM(AH16:AL16) -> 1240 | BL16: =SUM(AM16:AP16) -> 992 | BM16: =SUM(AQ16:AT16) -> 992 | BN16: =SUM(AU16:AY16) -> 1240
... A45: 82115-0EZ90 B | B45: 216 | C45: 0 | D45: 0 | E45: 0 | F45: 0 | G45: 0 | H45: 0 | I45: 0 | J45: 0 | K45: 0 | L45: 0 | M45: 0 | N45: 0 | O45: 0 | P45: 0 | Q45: 0 | R45: 0 | S45: 0 | T45: 0 | U45: 0 | V45: 0 | W45: 0 | X45: 0 | Y45: 0 | Z45: 0 | AA45: 0 | AB45: 0 | AC45: 0 | AD45: 0 | AE45: 0 | AF45: 0 | AG45: 0 | AH45: 0 | AI45: 0 | AJ45: 0 | AK45: 0 | AL45: 0 | AM45: 0 | AN45: 0 | AO45: 0 | AP45: 0 | AQ45: 0 | AR45: 0 | AS45: 0 | AT45: 0 | AU45: 0 | AV45: 0 | AW45: 0 | AX45: 0 | AY45: 0 | AZ45: 0 | BA45: 0 | BC45: =SUM(B45:C45) -> 216 | BD45: =SUM(D45:G45) -> 0 | BE45: =SUM(H45:K45) -> 0 | BF45: =SUM(L45:P45) -> 0 | BG45: =SUM(Q45:T45) -> 0 | BH45: =SUM(U45:X45) -> 0 | BI45: =SUM(Y45:AC45) -> 0 | BJ45: =SUM(AD45:AG45) -> 0 | BK45: =SUM(AH45:AL45) -> 0 | BL45: =SUM(AM45:AP45) -> 0 | BM45: =SUM(AQ45:AT45) -> 0 | BN45: =SUM(AU45:AY45) -> 0
A46: (blank) | BC46: =SUM(B46:C46) -> 0 | BD46: =SUM(D46:G46) -> 0 | BE46: =SUM(H46:K46) -> 0 | BF46: =SUM(L46:P46) -> 0 | BG46: =SUM(Q46:T46) -> 0 | BH46: =SUM(U46:X46) -> 0 | BI46: =SUM(Y46:AC46) -> 0 | BJ46: =SUM(AD46:AG46) -> 0 | BK46: =SUM(AH46:AL46) -> 0 | BL46: =SUM(AM46:AP46) -> 0 | BM46: =SUM(AQ46:AT46) -> 0 | BN46: =SUM(AU46:AY46) -> 0
A47: 82115-0EA10 J | B47: 1444 | C47: 0 | D47: 0 | E47: 0 | F47: 0 | G47: 0 | H47: 0 | I47: 0 | J47: 0 | K47: 0 | L47: 0 | M47: 0 | N47: 0 | O47: 0 | P47: 0 | Q47: 0 | R47: 0 | S47: 0 | T47: 0 | U47: 0 | V47: 0 | W47: 0 | X47: 0 | Y47: 0 | Z47: 0 | AA47: 0 | AB47: 0 | AC47: 0 | AD47: 0 | AE47: 0 | AF47: 0 | AG47: 0 | AH47: 0 | AI47: 0 | AJ47: 0 | AK47: 0 | AL47: 0 | AM47: 0 | AN47: 0 | AO47: 0 | AP47: 0 | AQ47: 0 | AR47: 0 | AS47: 0 | AT47: 0 | AU47: 0 | AV47: 0 | AW47: 0 | AX47: 0 | AY47: 0 | AZ47: 0 | BA47: 0 | BC47: =SUM(B47:C47) -> 1444 | BD47: =SUM(D47:G47) -> 0 | BE47: =SUM(H47:K47) -> 0 | BF47: =SUM(L47:P47) -> 0 | BG47: =SUM(Q47:T47) -> 0 | BH47: =SUM(U47:X47) -> 0 | BI47: =SUM(Y47:AC47) -> 0 | BJ47: =SUM(AD47:AG47) -> 0 | BK47: =SUM(AH47:AL47) -> 0 | BL47: =SUM(AM47:AP47) -> 0 | BM47: =SUM(AQ47:AT47) -> 0 | BN47: =SUM(AU47:AY47) -> 0
A48: 82115-0E490 J | B48: 372 | C48: 0 | D48: 0 | E48: 0 | F48: 0 | G48: 0 | H48: 0 | I48: 0 | J48: 0 | K48: 0 | L48: 0 | M48: 0 | N48: 0 | O48: 0 | P48: 0 | Q48: 0 | R48: 0 | S48: 0 | T48: 0 | U48: 0 | V48: 0 | W48: 0 | X48: 0 | Y48: 0 | Z48: 0 | AA48: 0 | AB48: 0 | AC48: 0 | AD48: 0 | AE48: 0 | AF48: 0 | AG48: 0 | AH48: 0 | AI48: 0 | AJ48: 0 | AK48: 0 | AL48: 0 | AM48: 0 | AN48: 0 | AO48: 0 | AP48: 0 | AQ48: 0 | AR48: 0 | AS48: 0 | AT48: 0 | AU48: 0 | AV48: 0 | AW48: 0 | AX48: 0 | AY48: 0 | AZ48: 0 | BA48: 0 | BC48: =SUM(B48:C48) -> 372 | BD48: =SUM(D48:G48) -> 0 | BE48: =SUM(H48:K48) -> 0 | BF48: =SUM(L48:P48) -> 0 | BG48: =SUM(Q48:T48) -> 0 | BH48: =SUM(U48:X48) -> 0 | BI48: =SUM(Y48:AC48) -> 0 | BJ48: =SUM(AD48:AG48) -> 0 | BK48: =SUM(AH48:AL48) -> 0 | BL48: =SUM(AM48:AP48) -> 0 | BM48: =SUM(AQ48:AT48) -> 0 | BN48: =SUM(AU48:AY48) -> 0
A49: Grand Total | B49: 9848 | C49: 3896 | D49: 3112 | E49: 3816 | F49: 4448 | G49: 3732 | H49: 4940 | I49: 5024 | J49: 0 | K49: 3200 | L49: 3200 | M49: 3196 | N49: 2560 | O49: 2424 | P49: 1764 | Q49: 1804 | R49: 2500 | S49: 3100 | T49: 3088 | U49: 3100 | V49: 2464 | W49: 2544 | X49: 2512 | Y49: 2988 | Z49: 2120 | AA49: 2816 | AB49: 3236 | AC49: 3236 | AD49: 4212 | AE49: 4108 | AF49: 4008 | AG49: 4008 | AH49: 4008 | AI49: 4008 | AJ49: 4008 | AK49: 4008 | AL49: 4008 | AM49: 4008 | AN49: 4008 | AO49: 4008 | AP49: 4008 | AQ49: 4008 | AR49: 4008 | AS49: 4008 | AT49: 4008 | AU49: 4008 | AV49: 4008 | AW49: 4008 | AX49: 4008 | AY49: 4008 | AZ49: 4008 | BA49: 4008 | BC49: =SUM(B49:C49) -> 13744 | BD49: =SUM(D49:G49) -> 15108 | BE49: =SUM(H49:K49) -> 13164 | BF49: =SUM(L49:P49) -> 13144 | BG49: =SUM(Q49:T49) -> 10492 | BH49: =SUM(U49:X49) -> 10620 | BI49: =SUM(Y49:AC49) -> 14396 | BJ49: =SUM(AD49:AG49) -> 16336 | BK49: =SUM(AH49:AL49) -> 20040 | BL49: =SUM(AM49:AP49) -> 16032 | BM49: =SUM(AQ49:AT49) -> 16032 | BN49: =SUM(AU49:AY49) -> 20040
A50: GAS 200D | B50: =SUM(B7:B15,B28:B30) -> 3840 | C50: =SUM(C7:C15,C28:C30) -> 1596 | D50: =SUM(D7:D15,D28:D30) -> 1240 | E50: =SUM(E7:E15,E28:E30) -> 1228 | F50: =SUM(F7:F15,F28:F30) -> 1636 | G50: =SUM(G7:G15,G28:G30) -> 1536 | H50: =SUM(H7:H15,H28:H30) -> 2064 | I50: =SUM(I7:I15,I28:I30) -> 1684 | ... BA50: =SUM(BA7:BA15,BA28:BA30) -> 1744 | BC50: =SUM(B50:C50) -> 5436 | BD50: =SUM(D50:G50) -> 5640 | BE50: =SUM(H50:K50) -> 5472 | BF50: =SUM(L50:P50) -> 5556 | BG50: =SUM(Q50:T50) -> 3640 | BH50: =SUM(U50:X50) -> 3800 | BI50: =SUM(Y50:AC50) -> 5164 | BJ50: =SUM(AD50:AG50) -> 7072 | BK50: =SUM(AH50:AL50) -> 8720 | BL50: =SUM(AM50:AP50) -> 6976 | BM50: =SUM(AQ50:AT50) -> 6976 | BN50: =SUM(AU50:AY50) -> 8720
A51: HEV 200D | B51: =SUM(B16:B17,B31,B47:B48) -> 3196 | C51: =SUM(C16:C17,C31,C47:C48) -> 1112 | D51: =SUM(D16:D17,D31,D47:D48) -> 836 | E51: =SUM(E16:E17,E31,E47:E48) -> 1168 | F51: =SUM(F16:F17,F31,F47:F48) -> 1520 | G51: =SUM(G16:G17,G31,G47:G48) -> 1044 | H51: =SUM(H16:H17,H31,H47:H48) -> 1224 | I51: =SUM(I16:I17,I31,I47:I48) -> 1304 | ... BA51: =SUM(BA16:BA17,BA31,BA47:BA48) -> 1104 | BC51: =SUM(B51:C51) -> 4308 | BD51: =SUM(D51:G51) -> 4568 | BE51: =SUM(H51:K51) -> 3672 | BF51: =SUM(L51:P51) -> 3440 | BG51: =SUM(Q51:T51) -> 3200 | BH51: =SUM(U51:X51) -> 3276 | BI51: =SUM(Y51:AC51) -> 4160 | BJ51: =SUM(AD51:AG51) -> 4440 | BK51: =SUM(AH51:AL51) -> 5520 | BL51: =SUM(AM51:AP51) -> 4416 | BM51: =SUM(AQ51:AT51) -> 4416 | BN51: =SUM(AU51:AY51) -> 5520
A52: TOTAL | B52: =+B50+B51 -> 7036 | C52: =+C50+C51 -> 2708 | D52: =+D50+D51 -> 2076 | E52: =+E50+E51 -> 2396 | F52: =+F50+F51 -> 3156 | G52: =+G50+G51 -> 2580 | H52: =+H50+H51 -> 3288 | I52: =+I50+I51 -> 2988 | ... BA52: =+BA50+BA51 -> 2848 | BC52: =SUM(B52:C52) -> 9744 | BD52: =SUM(D52:G52) -> 10208 | BE52: =SUM(H52:K52) -> 9144 | BF52: =SUM(L52:P52) -> 8996 | BG52: =SUM(Q52:T52) -> 6840 | BH52: =SUM(U52:X52) -> 7076 | BI52: =SUM(Y52:AC52) -> 9324 | BJ52: =SUM(AD52:AG52) -> 11512 | BK52: =SUM(AH52:AL52) -> 14240 | BL52: =SUM(AM52:AP52) -> 11392 | BM52: =SUM(AQ52:AT52) -> 11392 | BN52: =SUM(AU52:AY52) -> 14240
A53: GAS 564D | B53: =SUM(B5:B6,B18:B27,B32:B46) -> 2812 | C53: =SUM(C5:C6,C18:C27,C32:C46) -> 1188 | D53: =SUM(D5:D6,D18:D27,D32:D46) -> 1036 | E53: =SUM(E5:E6,E18:E27,E32:E46) -> 1420 | F53: =SUM(F5:F6,F18:F27,F32:F46) -> 1292 | G53: =SUM(G5:G6,G18:G27,G32:G46) -> 1152 | H53: =SUM(H5:H6,H18:H27,H32:H46) -> 1652 | I53: =SUM(I5:I6,I18:I27,I32:I46) -> 2036 | ... BA53: =SUM(BA5:BA6,BA18:BA27,BA32:BA46) -> 1160 | BC53: =SUM(B53:C53) -> 4000 | BD53: =SUM(D53:G53) -> 4900 | BE53: =SUM(H53:K53) -> 4020 | BF53: =SUM(L53:P53) -> 4148 | BG53: =SUM(Q53:T53) -> 3652 | BH53: =SUM(U53:X53) -> 3544 | BI53: =SUM(Y53:AC53) -> 5072 | BJ53: =SUM(AD53:AG53) -> 4824 | BK53: =SUM(AH53:AL53) -> 5800 | BL53: =SUM(AM53:AP53) -> 4640 | BM53: =SUM(AQ53:AT53) -> 4640 | BN53: =SUM(AU53:AY53) -> 5800
A54: TOTAL | B54: =+B53 -> 2812 | C54: =+C53 -> 1188 | D54: =+D53 -> 1036 | E54: =+E53 -> 1420 | F54: =+F53 -> 1292 | G54: =+G53 -> 1152 | H54: =+H53 -> 1652 | I54: =+I53 -> 2036 | ... BA54: =+BA53 -> 1160 | BC54: =SUM(B54:C54) -> 4000 | BD54: =SUM(D54:G54) -> 4900 | BE54: =SUM(H54:K54) -> 4020 | BF54: =SUM(L54:P54) -> 4148 | BG54: =SUM(Q54:T54) -> 3652 | BH54: =SUM(U54:X54) -> 3544 | BI54: =SUM(Y54:AC54) -> 5072 | BJ54: =SUM(AD54:AG54) -> 4824 | BK54: =SUM(AH54:AL54) -> 5800 | BL54: =SUM(AM54:AP54) -> 4640 | BM54: =SUM(AQ54:AT54) -> 4640 | BN54: =SUM(AU54:AY54) -> 5800
A55: TOTAL SR | B55: =+B52+B54 -> 9848 | C55: =+C52+C54 -> 3896 | D55: =+D52+D54 -> 3112 | E55: =+E52+E54 -> 3816 | F55: =+F52+F54 -> 4448 | G55: =+G52+G54 -> 3732 | H55: =+H52+H54 -> 4940 | I55: =+I52+I54 -> 5024 | ... BA55: =+BA52+BA54 -> 4008 | BC55: =SUM(B55:C55) -> 13744 | BD55: =SUM(D55:G55) -> 15108 | BE55: =SUM(H55:K55) -> 13164 | BF55: =SUM(L55:P55) -> 13144 | BG55: =SUM(Q55:T55) -> 10492 | BH55: =SUM(U55:X55) -> 10620 | BI55: =SUM(Y55:AC55) -> 14396 | BJ55: =SUM(AD55:AG55) -> 16336 | BK55: =SUM(AH55:AL55) -> 20040 | BL55: =SUM(AM55:AP55) -> 16032 | BM55: =SUM(AQ55:AT55) -> 16032 | BN55: =SUM(AU55:AY55) -> 20040
A56: TOTAL SR | B56: =SUM(B5:B48) -> 9848 | C56: =SUM(C5:C48) -> 3896 | D56: =SUM(D5:D48) -> 3112 | E56: =SUM(E5:E48) -> 3816 | F56: =SUM(F5:F48) -> 4448 | G56: =SUM(G5:G48) -> 3732 | H56: =SUM(H5:H48) -> 4940 | I56: =SUM(I5:I48) -> 5024 | ... BA56: =SUM(BA5:BA48) -> 4008 | BC56: =SUM(B56:C56) -> 13744 | BD56: =SUM(D56:G56) -> 15108 | BE56: =SUM(H56:K56) -> 13164 | BF56: =SUM(L56:P56) -> 13144 | BG56: =SUM(Q56:T56) -> 10492 | BH56: =SUM(U56:X56) -> 10620 | BI56: =SUM(Y56:AC56) -> 14396 | BJ56: =SUM(AD56:AG56) -> 16336 | BK56: =SUM(AH56:AL56) -> 20040 | BL56: =SUM(AM56:AP56) -> 16032 | BM56: =SUM(AQ56:AT56) -> 16032 | BN56: =SUM(AU56:AY56) -> 20040
A57: COMPARE SR | B57: =IF(B55=B56,"OK","N-OK") -> OK | C57: =IF(C55=C56,"OK","N-OK") -> OK | D57: =IF(D55=D56,"OK","N-OK") -> OK | E57: =IF(E55=E56,"OK","N-OK") -> OK | F57: =IF(F55=F56,"OK","N-OK") -> OK | G57: =IF(G55=G56,"OK","N-OK") -> OK | H57: =IF(H55=H56,"OK","N-OK") -> OK | I57: =IF(I55=I56,"OK","N-OK") -> OK | ... BA57: =IF(BA55=BA56,"OK","N-OK") -> OK | BC57: =IF(BC55=BC56,"OK","N-OK") -> OK | BD57: =IF(BD55=BD56,"OK","N-OK") -> OK | BE57: =IF(BE55=BE56,"OK","N-OK") -> OK | BF57: =IF(BF55=BF56,"OK","N-OK") -> OK | BG57: =IF(BG55=BG56,"OK","N-OK") -> OK | BH57: =IF(BH55=BH56,"OK","N-OK") -> OK | BI57: =IF(BI55=BI56,"OK","N-OK") -> OK | BJ57: =IF(BJ55=BJ56,"OK","N-OK") -> OK | ... BN57: =IF(BN55=BN56,"OK","N-OK") -> OK
B59: =+'Final SR'!J437 -> 9848 | C59: =+'Final SR'!K437 -> 3896 | D59: =+'Final SR'!L437 -> 3112 | E59: =+'Final SR'!M437 -> 3816 | F59: =+'Final SR'!N437 -> 4448 | G59: =+'Final SR'!O437 -> 3732 | H59: =+'Final SR'!P437 -> 4940 | I59: =+'Final SR'!Q437 -> 5024 | ... BA59: =+'Final SR'!BI437 -> 4008
B60: =B59=B56 -> TRUE | C60: =C59=C56 -> TRUE | D60: =D59=D56 -> TRUE | E60: =E59=E56 -> TRUE | F60: =F59=F56 -> TRUE | G60: =G59=G56 -> TRUE | H60: =H59=H56 -> TRUE | I60: =I59=I56 -> TRUE | ... BA60: =BA59=BA56 -> TRUE
A62: TOTAL GAS | B62: =+B50+B53 -> 6652 | C62: =+C50+C53 -> 2784 | D62: =+D50+D53 -> 2276 | E62: =+E50+E53 -> 2648 | F62: =+F50+F53 -> 2928 | G62: =+G50+G53 -> 2688 | H62: =+H50+H53 -> 3716 | I62: =+I50+I53 -> 3720 | ... BN62: =+BN50+BN53 -> 14520
A63: TOTAL HEV | B63: =+B51 -> 3196 | C63: =+C51 -> 1112 | D63: =+D51 -> 836 | E63: =+E51 -> 1168 | F63: =+F51 -> 1520 | G63: =+G51 -> 1044 | H63: =+H51 -> 1224 | I63: =+I51 -> 1304 | ... BN63: =+BN51 -> 5520

Sheet Final SR
A1: 1 | F1: Yazaki North America, Inc. | P1: Boxes | Q1: =Q437/4 -> 1256 | R1: =R437/4 -> 0 | S1: =S437/4 -> 800 | T1: =T437/4 -> 800 | U1: =U437/4 -> 799 | V1: =V437/4 -> 640 | W1: =W437/4 -> 606 | X1: =X437/4 -> 441 | ... BI1: =BI437/4 -> 1002
A2: 2 | F2: Supplier Shipping Release | P2: 40FT | Q2: =Q1/160 -> 7.85 | R2: =R1/160 -> 0 | S2: =S1/160 -> 5 | T2: =T1/160 -> 5 | U2: =U1/160 -> 4.99375 | V2: =V1/160 -> 4 | W2: =W1/160 -> 3.7875 | X2: =X1/160 -> 2.75625 | ... BI2: =BI1/160 -> 6.2625
A3: 3 | Q3: SHIP | R3: FAB | Z3: RAW
A4: 4 | F4: Ordering Plant | G4: 1090 | H4: Ordering Plant Name | I4: Memphis | L4: Product Group | N4: NONE | P4: 46083 | Q4: 46090 | R4: 46097 | S4: 46104 | T4: 46111 | U4: 46118 | V4: 46125 | W4: 46132 | X4: 46139 | Y4: 46146 | Z4: 46153 | AA4: 46160 | AB4: 46167 | AC4: 46174 | AD4: 46181 | AE4: 46188 | AF4: 46195 | AG4: 46202 | AH4: 46209 | AI4: 46216 | AJ4: 46223 | AK4: 46230 | AL4: 46237 | AM4: 46244 | AN4: 46251 | AO4: 46258 | AP4: 46265 | AQ4: 46272 | AR4: 46279 | AS4: 46286 | AT4: 46293 | AU4: 46300 | AV4: 46307 | AW4: 46314 | AX4: 46321 | AY4: 46328 | AZ4: 46335 | BA4: 46342 | BB4: 46349 | BC4: 46356 | BD4: 46363 | BE4: 46370 | BF4: 46377 | BG4: 46384 | BH4: 46391 | BI4: 46398
A5: 5 | F5: Vendor | G5: 6000224 | H5: Vendor Name | I5: PT JATIM AUTOCOMP INDONESIA | L5: Date Created | N5: 46086
A7: =+A6+1 -> 1 | B7: =IF(F7=$F$7,G8,B6) -> F0013546309 | C7: =IF(F7=$F$7,G9,C6) -> 82115-0EA10 J | D7: =VLOOKUP(B7,'Timing Table'!B:G,6,0) -> #N/A | E7: =VLOOKUP(B7,'Timing Table'!B:D,3,0) -> #N/A | F7: PSA# | G7: 5501017964 | H7: Release# | I7: 93 | J7: BEAMS ID | K7: 1177750 | M7: Release Date | O7: 46086 | P7: Std. Pack | Q7: 4
A8: =+A7+1 -> 2 | B8: =IF(F8=$F$7,G9,B7) -> F0013546309 | C8: =IF(F8=$F$7,G10,C7) -> 82115-0EA10 J | D8: =VLOOKUP(B8,'Timing Table'!B:G,6,0) -> #N/A | E8: =VLOOKUP(B8,'Timing Table'!B:D,3,0) -> #N/A | F8: YNA Part# | G8: F0013546309 | H8: YNA Part Description | I8: 82115-0EA10_J1 491D HV-2025 82115 | M8: Model Year | N8: 2025 | O8: Eng. Revision | Q8: J1 | BJ8: =BI8+1 -> 1 | BK8: =BJ8+1 -> 2 | BL8: =BK8+1 -> 3 | BM8: =BL8+1 -> 4 | BN8: =BM8+1 -> 5 | BO8: =BN8+1 -> 6 | BP8: =BO8+1 -> 7 | BQ8: =BP8+1 -> 8 | ... DW8: =DV8+1 -> 66
A9: =+A8+1 -> 3 | B9: =IF(F9=$F$7,G10,B8) -> F0013546309 | C9: =IF(F9=$F$7,G11,C8) -> 82115-0EA10 J | D9: =VLOOKUP(B9,'Timing Table'!B:G,6,0) -> #N/A | E9: =VLOOKUP(B9,'Timing Table'!B:D,3,0) -> #N/A | F9: Customer Part# | G9: 82115-0EA10 J | H9: PIA Part# | Q9: SHIP | R9: FAB | Z9: RAW
A10: =+A9+1 -> 4 | B10: =IF(F10=$F$7,G11,B9) -> F0013546309 | C10: =IF(F10=$F$7,G12,C9) -> 82115-0EA10 J | D10: =VLOOKUP(B10,'Timing Table'!B:G,6,0) -> #N/A | E10: =VLOOKUP(B10,'Timing Table'!B:D,3,0) -> #N/A | F10: High Fab | G10: 21448 | H10: B | I10: ETD Date | J10: 46041 | K10: 46048 | L10: 46055 | M10: 46062 | N10: 46069 | O10: 46076 | P10: 46083 | Q10: 46090 | R10: 46097 | S10: 46104 | T10: 46111 | U10: 46118 | V10: 46125 | W10: 46132 | X10: 46139 | Y10: 46146 | Z10: 46153 | AA10: 46160 | AB10: 46167 | AC10: 46174 | AD10: 46181 | AE10: 46188 | AF10: 46195 | AG10: 46202 | AH10: 46209 | AI10: 46216 | AJ10: 46223 | AK10: 46230 | AL10: 46237 | AM10: 46244 | AN10: 46251 | AO10: 46258 | AP10: 46265 | AQ10: 46272 | AR10: 46279 | AS10: 46286 | AT10: 46293 | AU10: 46300 | AV10: 46307 | AW10: 46314 | AX10: 46321 | AY10: 46328 | AZ10: 46335 | BA10: 46342 | BB10: 46349 | BC10: 46356 | BD10: 46363 | BE10: 46370 | BF10: 46377 | BG10: 46384 | BH10: 46391 | BI10: 46398 | BJ10: =+I10 -> ETD Date | BK10: =+J10 -> 46041 | BL10: =+K10 -> 46048 | BM10: =+L10 -> 46055 | BN10: =+M10 -> 46062 | BO10: =+N10 -> 46069 | BP10: =+O10 -> 46076 | BQ10: =+P10 -> 46083 | ... DJ10: =+BI10 -> 46398
A11: =+A10+1 -> 5 | B11: =IF(F11=$F$7,G12,B10) -> F0013546309 | C11: =IF(F11=$F$7,G13,C10) -> 82115-0EA10 J | D11: =VLOOKUP(B11,'Timing Table'!B:G,6,0) -> #N/A | E11: =VLOOKUP(B11,'Timing Table'!B:D,3,0) -> #N/A | F11: High Raw | G11: 22720 | I11: ETA Date | J11: 46083 | K11: 46090 | L11: 46097 | M11: 46104 | N11: 46111 | O11: 46118 | P11: 46125 | Q11: 46132 | R11: 46139 | S11: 46146 | T11: 46153 | U11: 46160 | V11: 46167 | W11: 46174 | X11: 46181 | Y11: 46188 | Z11: 46195 | AA11: 46202 | AB11: 46209 | AC11: 46216 | AD11: 46223 | AE11: 46230 | AF11: 46237 | AG11: 46244 | AH11: 46251 | AI11: 46258 | AJ11: 46265 | AK11: 46272 | AL11: 46279 | AM11: 46286 | AN11: 46293 | AO11: 46300 | AP11: 46307 | AQ11: 46314 | AR11: 46321 | AS11: 46328 | AT11: 46335 | AU11: 46342 | AV11: 46349 | AW11: 46356 | AX11: 46363 | AY11: 46370 | AZ11: 46377 | BA11: 46384 | BB11: 46391 | BC11: 46398 | BD11: 46399 | BE11: 46406 | BF11: 46413 | BG11: 46420 | BH11: 46427 | BI11: =+BH11+7 -> 46434 | BJ11: =+I11 -> ETA Date | BK11: =+J11 -> 46083 | BL11: =+K11 -> 46090 | BM11: =+L11 -> 46097 | BN11: =+M11 -> 46104 | BO11: =+N11 -> 46111 | BP11: =+O11 -> 46118 | BQ11: =+P11 -> 46125 | ... DJ11: =+BI11 -> 46434 | DL11: JAN | DM11: FEB | DN11: MAR | DO11: APR | DP11: MAY | DQ11: JUN | DR11: JUL | DS11: AUG | DT11: SEP | DU11: OCT | DV11: NOV | DW11: DEC
A12: =+A11+1 -> 6 | B12: =IF(F12=$F$7,G13,B11) -> F0013546309 | C12: =IF(F12=$F$7,G14,C11) -> 82115-0EA10 J | D12: =VLOOKUP(B12,'Timing Table'!B:G,6,0) -> #N/A | E12: =VLOOKUP(B12,'Timing Table'!B:D,3,0) -> #N/A | F12: Car line | G12: GRAND HIGHLANDER HYBRID 200D | H12: 82115-0EA10 | I12: Net | J12: 1444 | K12: 0 | L12: 0 | M12: 0 | N12: 0 | O12: 0 | P12: 0 | Q12: 0 | R12: 0 | S12: 0 | T12: 0 | U12: 0 | V12: 0 | W12: 0 | X12: 0 | Y12: 0 | Z12: 0 | AA12: 0 | AB12: 0 | AC12: 0 | AD12: 0 | AE12: 0 | AF12: 0 | AG12: 0 | AH12: 0 | AI12: 0 | AJ12: 0 | AK12: 0 | AL12: 0 | AM12: 0 | AN12: 0 | AO12: 0 | AP12: 0 | AQ12: 0 | AR12: 0 | AS12: 0 | AT12: 0 | AU12: 0 | AV12: 0 | AW12: 0 | AX12: 0 | AY12: 0 | AZ12: 0 | BA12: 0 | BB12: 0 | BC12: 0 | BD12: 0 | BE12: 0 | BF12: 0 | BG12: 0 | BH12: 0 | BI12: 0 | BJ12: =+G9 -> 82115-0EA10 J | BK12: =+J12 -> 1444 | BL12: =+K12 -> 0 | BM12: =+L12 -> 0 | BN12: =+M12 -> 0 | BO12: =+N12 -> 0 | BP12: =+O12 -> 0 | BQ12: =+P12 -> 0 | BR12: =+Q12 -> 0 | ... DJ12: =+BI12 -> 0 | DL12: =SUM(BK12:BL12) -> 1444 | DM12: =SUM(BM12:BP12) -> 0 | DN12: =SUM(BQ12:BT12) -> 0 | DO12: =SUM(BU12:BY12) -> 0 | DP12: =SUM(BZ12:CC12) -> 0 | DQ12: =SUM(CD12:CG12) -> 0 | DR12: =SUM(CH12:CL12) -> 0 | DS12: =SUM(CM12:CP12) -> 0 | DT12: =SUM(CQ12:CU12) -> 0 | DU12: =SUM(CV12:CY12) -> 0 | DV12: =SUM(CZ12:DC12) -> 0 | DW12: =SUM(DD12:DH12) -> 0
A13: =+A12+1 -> 7 | B13: =IF(F13=$F$7,G14,B12) -> F0013546309 | C13: =IF(F13=$F$7,G15,C12) -> 82115-0EA10 J | D13: =VLOOKUP(B13,'Timing Table'!B:G,6,0) -> #N/A | E13: =VLOOKUP(B13,'Timing Table'!B:D,3,0) -> #N/A | F13: Family | G13: 82115 | H13: 82115-0EA10 | I13: Cum | J13: 21448 | K13: 21448 | L13: 21448 | M13: 21448 | N13: 21448 | O13: 21448 | P13: 21448 | Q13: 21448 | R13: 21448 | S13: 21448 | T13: 21448 | U13: 21448 | V13: 21448 | W13: 21448 | X13: 21448 | Y13: 21448 | Z13: 21448 | AA13: 21448 | AB13: 21448 | AC13: 21448 | AD13: 21448 | AE13: 21448 | AF13: 21448 | AG13: 21448 | AH13: 21448 | AI13: 21448 | AJ13: 21448 | AK13: 21448 | AL13: 21448 | AM13: 21448 | AN13: 21448 | AO13: 21448 | AP13: 21448 | AQ13: 21448 | AR13: 21448 | AS13: 21448 | AT13: 21448 | AU13: 21448 | AV13: 21448 | AW13: 21448 | AX13: 21448 | AY13: 21448 | AZ13: 21448 | BA13: 21448 | BB13: 21448 | BC13: 21448 | BD13: 21448 | BE13: 21448 | BF13: 21448 | BG13: 21448 | BH13: 21448 | BI13: 21448 | DL13: =SUM(BK13:BL13) -> 0 | DM13: =SUM(BM13:BP13) -> 0 | DN13: =SUM(BQ13:BT13) -> 0 | DO13: =SUM(BU13:BY13) -> 0 | DP13: =SUM(BZ13:CC13) -> 0 | DQ13: =SUM(CD13:CG13) -> 0 | DR13: =SUM(CH13:CL13) -> 0 | DS13: =SUM(CM13:CP13) -> 0 | DT13: =SUM(CQ13:CU13) -> 0 | DU13: =SUM(CV13:CY13) -> 0 | DV13: =SUM(CZ13:DC13) -> 0 | DW13: =SUM(DD13:DH13) -> 0
A14: =+A13+1 -> 8 | B14: =IF(F14=$F$7,G15,B13) -> F0013546309 | C14: =IF(F14=$F$7,G16,C13) -> 82115-0EA10 J | D14: =VLOOKUP(B14,'Timing Table'!B:G,6,0) -> #N/A | E14: =VLOOKUP(B14,'Timing Table'!B:D,3,0) -> #N/A | F14: Cum Received | G14: 20004 | H14: Last Goods Receipt Invoice | J14: JAOJ60001B | DL14: =SUM(BK14:BL14) -> 0 | DM14: =SUM(BM14:BP14) -> 0 | DN14: =SUM(BQ14:BT14) -> 0 | DO14: =SUM(BU14:BY14) -> 0 | DP14: =SUM(BZ14:CC14) -> 0 | DQ14: =SUM(CD14:CG14) -> 0 | DR14: =SUM(CH14:CL14) -> 0 | DS14: =SUM(CM14:CP14) -> 0 | DT14: =SUM(CQ14:CU14) -> 0 | DU14: =SUM(CV14:CY14) -> 0 | DV14: =SUM(CZ14:DC14) -> 0 | DW14: =SUM(DD14:DH14) -> 0
A15: =+A14+1 -> 9 | B15: =IF(F15=$F$7,G16,B14) -> F0013546309 | C15: =IF(F15=$F$7,G17,C14) -> 82115-0EA10 J | D15: =VLOOKUP(B15,'Timing Table'!B:G,6,0) -> #N/A | E15: =VLOOKUP(B15,'Timing Table'!B:D,3,0) -> #N/A | F15: Comments | DL15: =SUM(BK15:BL15) -> 0 | DM15: =SUM(BM15:BP15) -> 0 | DN15: =SUM(BQ15:BT15) -> 0 | DO15: =SUM(BU15:BY15) -> 0 | DP15: =SUM(BZ15:CC15) -> 0 | DQ15: =SUM(CD15:CG15) -> 0 | DR15: =SUM(CH15:CL15) -> 0 | DS15: =SUM(CM15:CP15) -> 0 | DT15: =SUM(CQ15:CU15) -> 0 | DU15: =SUM(CV15:CY15) -> 0 | DV15: =SUM(CZ15:DC15) -> 0 | DW15: =SUM(DD15:DH15) -> 0
A16: =+A15+1 -> 10 | B16: =IF(F16=$F$7,G17,B15) -> F0013546309 | C16: =IF(F16=$F$7,G18,C15) -> 82115-0EA10 J | D16: =VLOOKUP(B16,'Timing Table'!B:G,6,0) -> #N/A | E16: =VLOOKUP(B16,'Timing Table'!B:D,3,0) -> #N/A | DL16: =SUM(BK16:BL16) -> 0 | DM16: =SUM(BM16:BP16) -> 0 | DN16: =SUM(BQ16:BT16) -> 0 | DO16: =SUM(BU16:BY16) -> 0 | DP16: =SUM(BZ16:CC16) -> 0 | DQ16: =SUM(CD16:CG16) -> 0 | DR16: =SUM(CH16:CL16) -> 0 | DS16: =SUM(CM16:CP16) -> 0 | DT16: =SUM(CQ16:CU16) -> 0 | DU16: =SUM(CV16:CY16) -> 0 | DV16: =SUM(CZ16:DC16) -> 0 | DW16: =SUM(DD16:DH16) -> 0
A17: =+A16+1 -> 11 | B17: =IF(F17=$F$7,G18,B16) -> F0013546310 | C17: =IF(F17=$F$7,G19,C16) -> 82115-0EA10 K | D17: =VLOOKUP(B17,'Timing Table'!B:G,6,0) -> #N/A | E17: =VLOOKUP(B17,'Timing Table'!B:D,3,0) -> #N/A | F17: PSA# | G17: 5501060671 | H17: Release# | I17: 18 | J17: BEAMS ID | K17: 1179886 | M17: Release Date | O17: 46086 | P17: Std. Pack | Q17: 4 | DL17: =SUM(BK17:BL17) -> 0 | DM17: =SUM(BM17:BP17) -> 0 | DN17: =SUM(BQ17:BT17) -> 0 | DO17: =SUM(BU17:BY17) -> 0 | DP17: =SUM(BZ17:CC17) -> 0 | DQ17: =SUM(CD17:CG17) -> 0 | DR17: =SUM(CH17:CL17) -> 0 | DS17: =SUM(CM17:CP17) -> 0 | DT17: =SUM(CQ17:CU17) -> 0 | DU17: =SUM(CV17:CY17) -> 0 | DV17: =SUM(CZ17:DC17) -> 0 | DW17: =SUM(DD17:DH17) -> 0
A18: =+A17+1 -> 12 | B18: =IF(F18=$F$7,G19,B17) -> F0013546310 | C18: =IF(F18=$F$7,G20,C17) -> 82115-0EA10 K | D18: =VLOOKUP(B18,'Timing Table'!B:G,6,0) -> #N/A | E18: =VLOOKUP(B18,'Timing Table'!B:D,3,0) -> #N/A | F18: YNA Part# | G18: F0013546310 | H18: YNA Part Description | I18: 82115-0EA10_K0 491D-2025 82115 | M18: Model Year | N18: 2023 | O18: Eng. Revision | Q18: K0 | DL18: =SUM(BK18:BL18) -> 0 | DM18: =SUM(BM18:BP18) -> 0 | DN18: =SUM(BQ18:BT18) -> 0 | DO18: =SUM(BU18:BY18) -> 0 | DP18: =SUM(BZ18:CC18) -> 0 | DQ18: =SUM(CD18:CG18) -> 0 | DR18: =SUM(CH18:CL18) -> 0 | DS18: =SUM(CM18:CP18) -> 0 | DT18: =SUM(CQ18:CU18) -> 0 | DU18: =SUM(CV18:CY18) -> 0 | DV18: =SUM(CZ18:DC18) -> 0 | DW18: =SUM(DD18:DH18) -> 0
A19: =+A18+1 -> 13 | B19: =IF(F19=$F$7,G20,B18) -> F0013546310 | C19: =IF(F19=$F$7,G21,C18) -> 82115-0EA10 K | D19: =VLOOKUP(B19,'Timing Table'!B:G,6,0) -> #N/A | E19: =VLOOKUP(B19,'Timing Table'!B:D,3,0) -> #N/A | F19: Customer Part# | G19: 82115-0EA10 K | H19: PIA Part# | Q19: SHIP | R19: FAB | Z19: RAW | DL19: =SUM(BK19:BL19) -> 0 | DM19: =SUM(BM19:BP19) -> 0 | DN19: =SUM(BQ19:BT19) -> 0 | DO19: =SUM(BU19:BY19) -> 0 | DP19: =SUM(BZ19:CC19) -> 0 | DQ19: =SUM(CD19:CG19) -> 0 | DR19: =SUM(CH19:CL19) -> 0 | DS19: =SUM(CM19:CP19) -> 0 | DT19: =SUM(CQ19:CU19) -> 0 | DU19: =SUM(CV19:CY19) -> 0 | DV19: =SUM(CZ19:DC19) -> 0 | DW19: =SUM(DD19:DH19) -> 0
A20: =+A19+1 -> 14 | B20: =IF(F20=$F$7,G21,B19) -> F0013546310 | C20: =IF(F20=$F$7,G22,C19) -> 82115-0EA10 K | D20: =VLOOKUP(B20,'Timing Table'!B:G,6,0) -> #N/A | E20: =VLOOKUP(B20,'Timing Table'!B:D,3,0) -> #N/A | F20: High Fab | G20: 5536 | H20: B | I20: ETD Date | J20: 46041 | K20: 46048 | L20: 46055 | M20: 46062 | N20: 46069 | O20: 46076 | P20: 46083 | Q20: 46090 | R20: 46097 | S20: 46104 | T20: 46111 | U20: 46118 | V20: 46125 | W20: 46132 | X20: 46139 | Y20: 46146 | Z20: 46153 | AA20: 46160 | AB20: 46167 | AC20: 46174 | AD20: 46181 | AE20: 46188 | AF20: 46195 | AG20: 46202 | AH20: 46209 | AI20: 46216 | AJ20: 46223 | AK20: 46230 | AL20: 46237 | AM20: 46244 | AN20: 46251 | AO20: 46258 | AP20: 46265 | AQ20: 46272 | AR20: 46279 | AS20: 46286 | AT20: 46293 | AU20: 46300 | AV20: 46307 | AW20: 46314 | AX20: 46321 | AY20: 46328 | AZ20: 46335 | BA20: 46342 | BB20: 46349 | BC20: 46356 | BD20: 46363 | BE20: 46370 | BF20: 46377 | BG20: 46384 | BH20: 46391 | BI20: 46398 | DL20: =SUM(BK20:BL20) -> 0 | DM20: =SUM(BM20:BP20) -> 0 | DN20: =SUM(BQ20:BT20) -> 0 | DO20: =SUM(BU20:BY20) -> 0 | DP20: =SUM(BZ20:CC20) -> 0 | DQ20: =SUM(CD20:CG20) -> 0 | DR20: =SUM(CH20:CL20) -> 0 | DS20: =SUM(CM20:CP20) -> 0 | DT20: =SUM(CQ20:CU20) -> 0 | DU20: =SUM(CV20:CY20) -> 0 | DV20: =SUM(CZ20:DC20) -> 0 | DW20: =SUM(DD20:DH20) -> 0
A21: =+A20+1 -> 15 | B21: =IF(F21=$F$7,G22,B20) -> F0013546310 | C21: =IF(F21=$F$7,G23,C20) -> 82115-0EA10 K | D21: =VLOOKUP(B21,'Timing Table'!B:G,6,0) -> #N/A | E21: =VLOOKUP(B21,'Timing Table'!B:D,3,0) -> #N/A | F21: High Raw | G21: 8080 | I21: ETA Date | DL21: =SUM(BK21:BL21) -> 0 | DM21: =SUM(BM21:BP21) -> 0 | DN21: =SUM(BQ21:BT21) -> 0 | DO21: =SUM(BU21:BY21) -> 0 | DP21: =SUM(BZ21:CC21) -> 0 | DQ21: =SUM(CD21:CG21) -> 0 | DR21: =SUM(CH21:CL21) -> 0 | DS21: =SUM(CM21:CP21) -> 0 | DT21: =SUM(CQ21:CU21) -> 0 | DU21: =SUM(CV21:CY21) -> 0 | DV21: =SUM(CZ21:DC21) -> 0 | DW21: =SUM(DD21:DH21) -> 0
A22: =+A21+1 -> 16 | B22: =IF(F22=$F$7,G23,B21) -> F0013546310 | C22: =IF(F22=$F$7,G24,C21) -> 82115-0EA10 K | D22: =VLOOKUP(B22,'Timing Table'!B:G,6,0) -> #N/A | E22: =VLOOKUP(B22,'Timing Table'!B:D,3,0) -> #N/A | F22: Car line | G22: GRAND HIGHLANDER HYBRID 200D | H22: 82115-0EA10 | I22: Net | J22: 456 | K22: 680 | L22: 320 | M22: 592 | N22: 1172 | O22: 640 | P22: 400 | Q22: 780 | R22: 0 | S22: 496 | T22: 228 | U22: 512 | V22: 284 | W22: 480 | X22: 304 | Y22: 304 | Z22: 432 | AA22: 564 | AB22: 564 | AC22: 568 | AD22: 476 | AE22: 480 | AF22: 392 | AG22: 544 | AH22: 324 | AI22: 556 | AJ22: 528 | AK22: 532 | AL22: 732 | AM22: 736 | AN22: 736 | AO22: 736 | AP22: 736 | AQ22: 736 | AR22: 736 | AS22: 736 | AT22: 736 | AU22: 736 | AV22: 736 | AW22: 736 | AX22: 736 | AY22: 736 | AZ22: 736 | BA22: 736 | BB22: 736 | BC22: 736 | BD22: 736 | BE22: 736 | BF22: 736 | BG22: 736 | BH22: 736 | BI22: 736 | BJ22: =+G19 -> 82115-0EA10 K | BK22: =+J22 -> 456 | BL22: =+K22 -> 680 | BM22: =+L22 -> 320 | BN22: =+M22 -> 592 | BO22: =+N22 -> 1172 | BP22: =+O22 -> 640 | BQ22: =+P22 -> 400 | BR22: =+Q22 -> 780 | ... DJ22: =+BI22 -> 736 | DL22: =SUM(BK22:BL22) -> 1136 | DM22: =SUM(BM22:BP22) -> 2724 | DN22: =SUM(BQ22:BT22) -> 1676 | DO22: =SUM(BU22:BY22) -> 1808 | DP22: =SUM(BZ22:CC22) -> 1864 | DQ22: =SUM(CD22:CG22) -> 1916 | DR22: =SUM(CH22:CL22) -> 2484 | DS22: =SUM(CM22:CP22) -> 2940 | DT22: =SUM(CQ22:CU22) -> 3680 | DU22: =SUM(CV22:CY22) -> 2944 | DV22: =SUM(CZ22:DC22) -> 2944 | DW22: =SUM(DD22:DH22) -> 3680
A23: =+A22+1 -> 17 | B23: =IF(F23=$F$7,G24,B22) -> F0013546310 | C23: =IF(F23=$F$7,G25,C22) -> 82115-0EA10 K | D23: =VLOOKUP(B23,'Timing Table'!B:G,6,0) -> #N/A | E23: =VLOOKUP(B23,'Timing Table'!B:D,3,0) -> #N/A | F23: Family | G23: 82115 | H23: 82115-0EA10 | I23: Cum | J23: 456 | K23: 1136 | L23: 1456 | M23: 2048 | N23: 3220 | O23: 3860 | P23: 4260 | Q23: 5040 | R23: 5040 | S23: 5536 | T23: 5764 | U23: 6276 | V23: 6560 | W23: 7040 | X23: 7344 | Y23: 7648 | Z23: 8080 | AA23: 8644 | AB23: 9208 | AC23: 9776 | AD23: 10252 | AE23: 10732 | AF23: 11124 | AG23: 11668 | AH23: 11992 | AI23: 12548 | AJ23: 13076 | AK23: 13608 | AL23: 14340 | AM23: 15076 | AN23: 15812 | AO23: 16548 | AP23: 17284 | AQ23: 18020 | AR23: 18756 | AS23: 19492 | AT23: 20228 | AU23: 20964 | AV23: 21700 | AW23: 22436 | AX23: 23172 | AY23: 23908 | AZ23: 24644 | BA23: 25380 | BB23: 26116 | BC23: 26852 | BD23: 27588 | BE23: 28324 | BF23: 29060 | BG23: 29796 | BH23: 30532 | BI23: 31268 | DL23: =SUM(BK23:BL23) -> 0 | DM23: =SUM(BM23:BP23) -> 0 | DN23: =SUM(BQ23:BT23) -> 0 | DO23: =SUM(BU23:BY23) -> 0 | DP23: =SUM(BZ23:CC23) -> 0 | DQ23: =SUM(CD23:CG23) -> 0 | DR23: =SUM(CH23:CL23) -> 0 | DS23: =SUM(CM23:CP23) -> 0 | DT23: =SUM(CQ23:CU23) -> 0 | DU23: =SUM(CV23:CY23) -> 0 | DV23: =SUM(CZ23:DC23) -> 0 | DW23: =SUM(DD23:DH23) -> 0
A24: =+A23+1 -> 18 | B24: =IF(F24=$F$7,G25,B23) -> F0013546310 | C24: =IF(F24=$F$7,G26,C23) -> 82115-0EA10 K | D24: =VLOOKUP(B24,'Timing Table'!B:G,6,0) -> #N/A | E24: =VLOOKUP(B24,'Timing Table'!B:D,3,0) -> #N/A | F24: Cum Received | G24: 0 | H24: Last Goods Receipt Invoice | Q24: 0.95 | DL24: =SUM(BK24:BL24) -> 0 | DM24: =SUM(BM24:BP24) -> 0 | DN24: =SUM(BQ24:BT24) -> 0 | DO24: =SUM(BU24:BY24) -> 0 | DP24: =SUM(BZ24:CC24) -> 0 | DQ24: =SUM(CD24:CG24) -> 0 | DR24: =SUM(CH24:CL24) -> 0 | DS24: =SUM(CM24:CP24) -> 0 | DT24: =SUM(CQ24:CU24) -> 0 | DU24: =SUM(CV24:CY24) -> 0 | DV24: =SUM(CZ24:DC24) -> 0 | DW24: =SUM(DD24:DH24) -> 0
A25: =+A24+1 -> 19 | B25: =IF(F25=$F$7,G26,B24) -> F0013546310 | C25: =IF(F25=$F$7,G27,C24) -> 82115-0EA10 K | D25: =VLOOKUP(B25,'Timing Table'!B:G,6,0) -> #N/A | E25: =VLOOKUP(B25,'Timing Table'!B:D,3,0) -> #N/A | F25: Comments | Q25: SNPs: 95 | DL25: =SUM(BK25:BL25) -> 0 | DM25: =SUM(BM25:BP25) -> 0 | DN25: =SUM(BQ25:BT25) -> 0 | DO25: =SUM(BU25:BY25) -> 0 | DP25: =SUM(BZ25:CC25) -> 0 | DQ25: =SUM(CD25:CG25) -> 0 | DR25: =SUM(CH25:CL25) -> 0 | DS25: =SUM(CM25:CP25) -> 0 | DT25: =SUM(CQ25:CU25) -> 0 | DU25: =SUM(CV25:CY25) -> 0 | DV25: =SUM(CZ25:DC25) -> 0 | DW25: =SUM(DD25:DH25) -> 0
A26: =+A25+1 -> 20 | B26: =IF(F26=$F$7,G27,B25) -> F0013546310 | C26: =IF(F26=$F$7,G28,C25) -> 82115-0EA10 K | D26: =VLOOKUP(B26,'Timing Table'!B:G,6,0) -> #N/A | E26: =VLOOKUP(B26,'Timing Table'!B:D,3,0) -> #N/A | DL26: =SUM(BK26:BL26) -> 0 | DM26: =SUM(BM26:BP26) -> 0 | DN26: =SUM(BQ26:BT26) -> 0 | DO26: =SUM(BU26:BY26) -> 0 | DP26: =SUM(BZ26:CC26) -> 0 | DQ26: =SUM(CD26:CG26) -> 0 | DR26: =SUM(CH26:CL26) -> 0 | DS26: =SUM(CM26:CP26) -> 0 | DT26: =SUM(CQ26:CU26) -> 0 | DU26: =SUM(CV26:CY26) -> 0 | DV26: =SUM(CZ26:DC26) -> 0 | DW26: =SUM(DD26:DH26) -> 0
A27: =+A26+1 -> 21 | B27: =IF(F27=$F$7,G28,B26) -> F0013546510 | C27: =IF(F27=$F$7,G29,C26) -> 82115-0E480 K | D27: =VLOOKUP(B27,'Timing Table'!B:G,6,0) -> #N/A | E27: =VLOOKUP(B27,'Timing Table'!B:D,3,0) -> #N/A | F27: PSA# | G27: 5501044286 | H27: Release# | I27: 51 | J27: BEAMS ID | K27: 1179884 | M27: Release Date | O27: 46086 | P27: Std. Pack | Q27: 4 | DL27: =SUM(BK27:BL27) -> 0 | DM27: =SUM(BM27:BP27) -> 0 | DN27: =SUM(BQ27:BT27) -> 0 | DO27: =SUM(BU27:BY27) -> 0 | DP27: =SUM(BZ27:CC27) -> 0 | DQ27: =SUM(CD27:CG27) -> 0 | DR27: =SUM(CH27:CL27) -> 0 | DS27: =SUM(CM27:CP27) -> 0 | DT27: =SUM(CQ27:CU27) -> 0 | DU27: =SUM(CV27:CY27) -> 0 | DV27: =SUM(CZ27:DC27) -> 0 | DW27: =SUM(DD27:DH27) -> 0
A28: =+A27+1 -> 22 | B28: =IF(F28=$F$7,G29,B27) -> F0013546510 | C28: =IF(F28=$F$7,G30,C27) -> 82115-0E480 K | D28: =VLOOKUP(B28,'Timing Table'!B:G,6,0) -> #N/A | E28: =VLOOKUP(B28,'Timing Table'!B:D,3,0) -> #N/A | F28: YNA Part# | G28: F0013546510 | H28: YNA Part Description | I28: 82115-0E480_K0 491D-2025 82115 | M28: Model Year | N28: 2023 | O28: Eng. Revision | Q28: K0 | DL28: =SUM(BK28:BL28) -> 0 | DM28: =SUM(BM28:BP28) -> 0 | DN28: =SUM(BQ28:BT28) -> 0 | DO28: =SUM(BU28:BY28) -> 0 | DP28: =SUM(BZ28:CC28) -> 0 | DQ28: =SUM(CD28:CG28) -> 0 | DR28: =SUM(CH28:CL28) -> 0 | DS28: =SUM(CM28:CP28) -> 0 | DT28: =SUM(CQ28:CU28) -> 0 | DU28: =SUM(CV28:CY28) -> 0 | DV28: =SUM(CZ28:DC28) -> 0 | DW28: =SUM(DD28:DH28) -> 0
A29: =+A28+1 -> 23 | B29: =IF(F29=$F$7,G30,B28) -> F0013546510 | C29: =IF(F29=$F$7,G31,C28) -> 82115-0E480 K | D29: =VLOOKUP(B29,'Timing Table'!B:G,6,0) -> #N/A | E29: =VLOOKUP(B29,'Timing Table'!B:D,3,0) -> #N/A | F29: Customer Part# | G29: 82115-0E480 K | H29: PIA Part# | Q29: SHIP | R29: FAB | Z29: RAW | DL29: =SUM(BK29:BL29) -> 0 | DM29: =SUM(BM29:BP29) -> 0 | DN29: =SUM(BQ29:BT29) -> 0 | DO29: =SUM(BU29:BY29) -> 0 | DP29: =SUM(BZ29:CC29) -> 0 | DQ29: =SUM(CD29:CG29) -> 0 | DR29: =SUM(CH29:CL29) -> 0 | DS29: =SUM(CM29:CP29) -> 0 | DT29: =SUM(CQ29:CU29) -> 0 | DU29: =SUM(CV29:CY29) -> 0 | DV29: =SUM(CZ29:DC29) -> 0 | DW29: =SUM(DD29:DH29) -> 0
A30: =+A29+1 -> 24 | B30: =IF(F30=$F$7,G31,B29) -> F0013546510 | C30: =IF(F30=$F$7,G32,C29) -> 82115-0E480 K | D30: =VLOOKUP(B30,'Timing Table'!B:G,6,0) -> #N/A | E30: =VLOOKUP(B30,'Timing Table'!B:D,3,0) -> #N/A | F30: High Fab | G30: 7576 | I30: ETD Date | J30: 46041 | K30: 46048 | L30: 46055 | M30: 46062 | N30: 46069 | O30: 46076 | P30: 46083 | Q30: 46090 | R30: 46097 | S30: 46104 | T30: 46111 | U30: 46118 | V30: 46125 | W30: 46132 | X30: 46139 | Y30: 46146 | Z30: 46153 | AA30: 46160 | AB30: 46167 | AC30: 46174 | AD30: 46181 | AE30: 46188 | AF30: 46195 | AG30: 46202 | AH30: 46209 | AI30: 46216 | AJ30: 46223 | AK30: 46230 | AL30: 46237 | AM30: 46244 | AN30: 46251 | AO30: 46258 | AP30: 46265 | AQ30: 46272 | AR30: 46279 | AS30: 46286 | AT30: 46293 | AU30: 46300 | AV30: 46307 | AW30: 46314 | AX30: 46321 | AY30: 46328 | AZ30: 46335 | BA30: 46342 | BB30: 46349 | BC30: 46356 | BD30: 46363 | BE30: 46370 | BF30: 46377 | BG30: 46384 | BH30: 46391 | BI30: 46398 | DL30: =SUM(BK30:BL30) -> 0 | DM30: =SUM(BM30:BP30) -> 0 | DN30: =SUM(BQ30:BT30) -> 0 | DO30: =SUM(BU30:BY30) -> 0 | DP30: =SUM(BZ30:CC30) -> 0 | DQ30: =SUM(CD30:CG30) -> 0 | DR30: =SUM(CH30:CL30) -> 0 | DS30: =SUM(CM30:CP30) -> 0 | DT30: =SUM(CQ30:CU30) -> 0 | DU30: =SUM(CV30:CY30) -> 0 | DV30: =SUM(CZ30:DC30) -> 0 | DW30: =SUM(DD30:DH30) -> 0
A31: =+A30+1 -> 25 | B31: =IF(F31=$F$7,G32,B30) -> F0013546510 | C31: =IF(F31=$F$7,G33,C30) -> 82115-0E480 K | D31: =VLOOKUP(B31,'Timing Table'!B:G,6,0) -> #N/A | E31: =VLOOKUP(B31,'Timing Table'!B:D,3,0) -> #N/A | F31: High Raw | G31: 9836 | I31: ETA Date | DL31: =SUM(BK31:BL31) -> 0 | DM31: =SUM(BM31:BP31) -> 0 | DN31: =SUM(BQ31:BT31) -> 0 | DO31: =SUM(BU31:BY31) -> 0 | DP31: =SUM(BZ31:CC31) -> 0 | DQ31: =SUM(CD31:CG31) -> 0 | DR31: =SUM(CH31:CL31) -> 0 | DS31: =SUM(CM31:CP31) -> 0 | DT31: =SUM(CQ31:CU31) -> 0 | DU31: =SUM(CV31:CY31) -> 0 | DV31: =SUM(CZ31:DC31) -> 0 | DW31: =SUM(DD31:DH31) -> 0
A32: =+A31+1 -> 26 | B32: =IF(F32=$F$7,G33,B31) -> F0013546510 | C32: =IF(F32=$F$7,G34,C31) -> 82115-0E480 K | D32: =VLOOKUP(B32,'Timing Table'!B:G,6,0) -> #N/A | E32: =VLOOKUP(B32,'Timing Table'!B:D,3,0) -> #N/A | F32: Car line | G32: GRAND HIGHLANDER HYBRID 491D | H32: 82115-0E480 | I32: Net | J32: 788 | K32: 348 | L32: 348 | M32: 348 | N32: 348 | O32: 348 | P32: 520 | Q32: 524 | R32: 0 | S32: 596 | T32: 248 | U32: 248 | V32: 248 | W32: 248 | X32: 248 | Y32: 248 | Z32: 248 | AA32: 248 | AB32: 248 | AC32: 248 | AD32: 248 | AE32: 248 | AF32: 248 | AG32: 248 | AH32: 248 | AI32: 248 | AJ32: 248 | AK32: 248 | AL32: 248 | AM32: 248 | AN32: 248 | AO32: 248 | AP32: 248 | AQ32: 248 | AR32: 248 | AS32: 248 | AT32: 248 | AU32: 248 | AV32: 248 | AW32: 248 | AX32: 248 | AY32: 248 | AZ32: 248 | BA32: 248 | BB32: 248 | BC32: 248 | BD32: 248 | BE32: 248 | BF32: 248 | BG32: 248 | BH32: 248 | BI32: 248 | BJ32: =+G29 -> 82115-0E480 K | BK32: =+J32 -> 788 | BL32: =+K32 -> 348 | BM32: =+L32 -> 348 | BN32: =+M32 -> 348 | BO32: =+N32 -> 348 | BP32: =+O32 -> 348 | BQ32: =+P32 -> 520 | BR32: =+Q32 -> 524 | ... DJ32: =+BI32 -> 248 | DL32: =SUM(BK32:BL32) -> 1136 | DM32: =SUM(BM32:BP32) -> 1392 | DN32: =SUM(BQ32:BT32) -> 1640 | DO32: =SUM(BU32:BY32) -> 1240 | DP32: =SUM(BZ32:CC32) -> 992 | DQ32: =SUM(CD32:CG32) -> 992 | DR32: =SUM(CH32:CL32) -> 1240 | DS32: =SUM(CM32:CP32) -> 992 | DT32: =SUM(CQ32:CU32) -> 1240 | DU32: =SUM(CV32:CY32) -> 992 | DV32: =SUM(CZ32:DC32) -> 992 | DW32: =SUM(DD32:DH32) -> 1240
A33: =+A32+1 -> 27 | B33: =IF(F33=$F$7,G34,B32) -> F0013546510 | C33: =IF(F33=$F$7,G35,C32) -> 82115-0E480 K | D33: =VLOOKUP(B33,'Timing Table'!B:G,6,0) -> #N/A | E33: =VLOOKUP(B33,'Timing Table'!B:D,3,0) -> #N/A | F33: Family | G33: 82115 | H33: 82115-0E480 | I33: Cum | J33: 4444 | K33: 4792 | L33: 5140 | M33: 5488 | N33: 5836 | O33: 6184 | P33: 6704 | Q33: 7228 | R33: 7228 | S33: 7824 | T33: 8072 | U33: 8320 | V33: 8568 | W33: 8816 | X33: 9064 | Y33: 9312 | Z33: 9560 | AA33: 9808 | AB33: 10056 | AC33: 10304 | AD33: 10552 | AE33: 10800 | AF33: 11048 | AG33: 11296 | AH33: 11544 | AI33: 11792 | AJ33: 12040 | AK33: 12288 | AL33: 12536 | AM33: 12784 | AN33: 13032 | AO33: 13280 | AP33: 13528 | AQ33: 13776 | AR33: 14024 | AS33: 14272 | AT33: 14520 | AU33: 14768 | AV33: 15016 | AW33: 15264 | AX33: 15512 | AY33: 15760 | AZ33: 16008 | BA33: 16256 | BB33: 16504 | BC33: 16752 | BD33: 17000 | BE33: 17248 | BF33: 17496 | BG33: 17744 | BH33: 17992 | BI33: 18240 | DL33: =SUM(BK33:BL33) -> 0 | DM33: =SUM(BM33:BP33) -> 0 | DN33: =SUM(BQ33:BT33) -> 0 | DO33: =SUM(BU33:BY33) -> 0 | DP33: =SUM(BZ33:CC33) -> 0 | DQ33: =SUM(CD33:CG33) -> 0 | DR33: =SUM(CH33:CL33) -> 0 | DS33: =SUM(CM33:CP33) -> 0 | DT33: =SUM(CQ33:CU33) -> 0 | DU33: =SUM(CV33:CY33) -> 0 | DV33: =SUM(CZ33:DC33) -> 0 | DW33: =SUM(DD33:DH33) -> 0
A34: =+A33+1 -> 28 | B34: =IF(F34=$F$7,G35,B33) -> F0013546510 | C34: =IF(F34=$F$7,G36,C33) -> 82115-0E480 K | D34: =VLOOKUP(B34,'Timing Table'!B:G,6,0) -> #N/A | E34: =VLOOKUP(B34,'Timing Table'!B:D,3,0) -> #N/A | F34: Cum Received | G34: 3656 | H34: Last Goods Receipt Invoice | J34: JAOJ50240B | Q34: 0.0076923077 | DL34: =SUM(BK34:BL34) -> 0 | DM34: =SUM(BM34:BP34) -> 0 | DN34: =SUM(BQ34:BT34) -> 0 | DO34: =SUM(BU34:BY34) -> 0 | DP34: =SUM(BZ34:CC34) -> 0 | DQ34: =SUM(CD34:CG34) -> 0 | DR34: =SUM(CH34:CL34) -> 0 | DS34: =SUM(CM34:CP34) -> 0 | DT34: =SUM(CQ34:CU34) -> 0 | DU34: =SUM(CV34:CY34) -> 0 | DV34: =SUM(CZ34:DC34) -> 0 | DW34: =SUM(DD34:DH34) -> 0
A35: =+A34+1 -> 29 | B35: =IF(F35=$F$7,G36,B34) -> F0013546510 | C35: =IF(F35=$F$7,#REF!,C34) -> 82115-0E480 K | D35: =VLOOKUP(B35,'Timing Table'!B:G,6,0) -> #N/A | E35: =VLOOKUP(B35,'Timing Table'!B:D,3,0) -> #N/A | F35: Comments | Q35: SNPs: 1 | DL35: =SUM(BK35:BL35) -> 0 | DM35: =SUM(BM35:BP35) -> 0 | DN35: =SUM(BQ35:BT35) -> 0 | DO35: =SUM(BU35:BY35) -> 0 | DP35: =SUM(BZ35:CC35) -> 0 | DQ35: =SUM(CD35:CG35) -> 0 | DR35: =SUM(CH35:CL35) -> 0 | DS35: =SUM(CM35:CP35) -> 0 | DT35: =SUM(CQ35:CU35) -> 0 | DU35: =SUM(CV35:CY35) -> 0 | DV35: =SUM(CZ35:DC35) -> 0 | DW35: =SUM(DD35:DH35) -> 0
A36: =+A35+1 -> 30 | B36: =IF(F36=$F$7,#REF!,B35) -> F0013546510 | C36: =IF(F36=$F$7,#REF!,C35) -> 82115-0E480 K | D36: =VLOOKUP(B36,'Timing Table'!B:G,6,0) -> #N/A | E36: =VLOOKUP(B36,'Timing Table'!B:D,3,0) -> #N/A | DL36: =SUM(BK36:BL36) -> 0 | DM36: =SUM(BM36:BP36) -> 0 | DN36: =SUM(BQ36:BT36) -> 0 | DO36: =SUM(BU36:BY36) -> 0 | DP36: =SUM(BZ36:CC36) -> 0 | DQ36: =SUM(CD36:CG36) -> 0 | DR36: =SUM(CH36:CL36) -> 0 | DS36: =SUM(CM36:CP36) -> 0 | DT36: =SUM(CQ36:CU36) -> 0 | DU36: =SUM(CV36:CY36) -> 0 | DV36: =SUM(CZ36:DC36) -> 0 | DW36: =SUM(DD36:DH36) -> 0
A37: =+A36+1 -> 31 | B37: =IF(F37=$F$7,G38,#REF!) -> F0013547309 | C37: =IF(F37=$F$7,G39,#REF!) -> 82115-0E490 J | D37: =VLOOKUP(B37,'Timing Table'!B:G,6,0) -> #N/A | E37: =VLOOKUP(B37,'Timing Table'!B:D,3,0) -> #N/A | F37: PSA# | G37: 5501017963 | H37: Release# | I37: 91 | J37: BEAMS ID | K37: 1177749 | M37: Release Date | O37: 46086 | P37: Std. Pack | Q37: 4 | DL37: =SUM(BK37:BL37) -> 0 | DM37: =SUM(BM37:BP37) -> 0 | DN37: =SUM(BQ37:BT37) -> 0 | DO37: =SUM(BU37:BY37) -> 0 | DP37: =SUM(BZ37:CC37) -> 0 | DQ37: =SUM(CD37:CG37) -> 0 | DR37: =SUM(CH37:CL37) -> 0 | DS37: =SUM(CM37:CP37) -> 0 | DT37: =SUM(CQ37:CU37) -> 0 | DU37: =SUM(CV37:CY37) -> 0 | DV37: =SUM(CZ37:DC37) -> 0 | DW37: =SUM(DD37:DH37) -> 0
A38: =+A37+1 -> 32 | B38: =IF(F38=$F$7,G39,B37) -> F0013547309 | C38: =IF(F38=$F$7,G40,C37) -> 82115-0E490 J | D38: =VLOOKUP(B38,'Timing Table'!B:G,6,0) -> #N/A | E38: =VLOOKUP(B38,'Timing Table'!B:D,3,0) -> #N/A | F38: YNA Part# | G38: F0013547309 | H38: YNA Part Description | I38: 82115-0E490_J1 491D HV-2025 82115 | M38: Model Year | N38: 2023 | O38: Eng. Revision | Q38: J1 | DL38: =SUM(BK38:BL38) -> 0 | DM38: =SUM(BM38:BP38) -> 0 | DN38: =SUM(BQ38:BT38) -> 0 | DO38: =SUM(BU38:BY38) -> 0 | DP38: =SUM(BZ38:CC38) -> 0 | DQ38: =SUM(CD38:CG38) -> 0 | DR38: =SUM(CH38:CL38) -> 0 | DS38: =SUM(CM38:CP38) -> 0 | DT38: =SUM(CQ38:CU38) -> 0 | DU38: =SUM(CV38:CY38) -> 0 | DV38: =SUM(CZ38:DC38) -> 0 | DW38: =SUM(DD38:DH38) -> 0
A39: =+A38+1 -> 33 | B39: =IF(F39=$F$7,G40,B38) -> F0013547309 | C39: =IF(F39=$F$7,G41,C38) -> 82115-0E490 J | D39: =VLOOKUP(B39,'Timing Table'!B:G,6,0) -> #N/A | E39: =VLOOKUP(B39,'Timing Table'!B:D,3,0) -> #N/A | F39: Customer Part# | G39: 82115-0E490 J | H39: PIA Part# | Q39: SHIP | R39: FAB | Z39: RAW | DL39: =SUM(BK39:BL39) -> 0 | DM39: =SUM(BM39:BP39) -> 0 | DN39: =SUM(BQ39:BT39) -> 0 | DO39: =SUM(BU39:BY39) -> 0 | DP39: =SUM(BZ39:CC39) -> 0 | DQ39: =SUM(CD39:CG39) -> 0 | DR39: =SUM(CH39:CL39) -> 0 | DS39: =SUM(CM39:CP39) -> 0 | DT39: =SUM(CQ39:CU39) -> 0 | DU39: =SUM(CV39:CY39) -> 0 | DV39: =SUM(CZ39:DC39) -> 0 | DW39: =SUM(DD39:DH39) -> 0
A40: =+A39+1 -> 34 | B40: =IF(F40=$F$7,G41,B39) -> F0013547309 | C40: =IF(F40=$F$7,G42,C39) -> 82115-0E490 J | D40: =VLOOKUP(B40,'Timing Table'!B:G,6,0) -> #N/A | E40: =VLOOKUP(B40,'Timing Table'!B:D,3,0) -> #N/A | F40: High Fab | G40: 4940 | H40: C | I40: ETD Date | J40: 46041 | K40: 46048 | L40: 46055 | M40: 46062 | N40: 46069 | O40: 46076 | P40: 46083 | Q40: 46090 | R40: 46097 | S40: 46104 | T40: 46111 | U40: 46118 | V40: 46125 | W40: 46132 | X40: 46139 | Y40: 46146 | Z40: 46153 | AA40: 46160 | AB40: 46167 | AC40: 46174 | AD40: 46181 | AE40: 46188 | AF40: 46195 | AG40: 46202 | AH40: 46209 | AI40: 46216 | AJ40: 46223 | AK40: 46230 | AL40: 46237 | AM40: 46244 | AN40: 46251 | AO40: 46258 | AP40: 46265 | AQ40: 46272 | AR40: 46279 | AS40: 46286 | AT40: 46293 | AU40: 46300 | AV40: 46307 | AW40: 46314 | AX40: 46321 | AY40: 46328 | AZ40: 46335 | BA40: 46342 | BB40: 46349 | BC40: 46356 | BD40: 46363 | BE40: 46370 | BF40: 46377 | BG40: 46384 | BH40: 46391 | BI40: 46398 | DL40: =SUM(BK40:BL40) -> 0 | DM40: =SUM(BM40:BP40) -> 0 | DN40: =SUM(BQ40:BT40) -> 0 | DO40: =SUM(BU40:BY40) -> 0 | DP40: =SUM(BZ40:CC40) -> 0 | DQ40: =SUM(CD40:CG40) -> 0 | DR40: =SUM(CH40:CL40) -> 0 | DS40: =SUM(CM40:CP40) -> 0 | DT40: =SUM(CQ40:CU40) -> 0 | DU40: =SUM(CV40:CY40) -> 0 | DV40: =SUM(CZ40:DC40) -> 0 | DW40: =SUM(DD40:DH40) -> 0
A41: =+A40+1 -> 35 | B41: =IF(F41=$F$7,G42,B40) -> F0013547309 | C41: =IF(F41=$F$7,G43,C40) -> 82115-0E490 J | D41: =VLOOKUP(B41,'Timing Table'!B:G,6,0) -> #N/A | E41: =VLOOKUP(B41,'Timing Table'!B:D,3,0) -> #N/A | F41: High Raw | G41: 5128 | I41: ETA Date | DL41: =SUM(BK41:BL41) -> 0 | DM41: =SUM(BM41:BP41) -> 0 | DN41: =SUM(BQ41:BT41) -> 0 | DO41: =SUM(BU41:BY41) -> 0 | DP41: =SUM(BZ41:CC41) -> 0 | DQ41: =SUM(CD41:CG41) -> 0 | DR41: =SUM(CH41:CL41) -> 0 | DS41: =SUM(CM41:CP41) -> 0 | DT41: =SUM(CQ41:CU41) -> 0 | DU41: =SUM(CV41:CY41) -> 0 | DV41: =SUM(CZ41:DC41) -> 0 | DW41: =SUM(DD41:DH41) -> 0
A42: =+A41+1 -> 36 | B42: =IF(F42=$F$7,G43,B41) -> F0013547309 | C42: =IF(F42=$F$7,G44,C41) -> 82115-0E490 J | D42: =VLOOKUP(B42,'Timing Table'!B:G,6,0) -> #N/A | E42: =VLOOKUP(B42,'Timing Table'!B:D,3,0) -> #N/A | F42: Car line | G42: GRAND HIGHLANDER HYBRID 200D | H42: 82115-0E490 | I42: Net | J42: 372 | K42: 0 | L42: 0 | M42: 0 | N42: 0 | O42: 0 | P42: 0 | Q42: 0 | R42: 0 | S42: 0 | T42: 0 | U42: 0 | V42: 0 | W42: 0 | X42: 0 | Y42: 0 | Z42: 0 | AA42: 0 | AB42: 0 | AC42: 0 | AD42: 0 | AE42: 0 | AF42: 0 | AG42: 0 | AH42: 0 | AI42: 0 | AJ42: 0 | AK42: 0 | AL42: 0 | AM42: 0 | AN42: 0 | AO42: 0 | AP42: 0 | AQ42: 0 | AR42: 0 | AS42: 0 | AT42: 0 | AU42: 0 | AV42: 0 | AW42: 0 | AX42: 0 | AY42: 0 | AZ42: 0 | BA42: 0 | BB42: 0 | BC42: 0 | BD42: 0 | BE42: 0 | BF42: 0 | BG42: 0 | BH42: 0 | BI42: 0 | BJ42: =+G39 -> 82115-0E490 J | BK42: =+J42 -> 372 | BL42: =+K42 -> 0 | BM42: =+L42 -> 0 | BN42: =+M42 -> 0 | BO42: =+N42 -> 0 | BP42: =+O42 -> 0 | BQ42: =+P42 -> 0 | BR42: =+Q42 -> 0 | ... DJ42: =+BI42 -> 0 | DL42: =SUM(BK42:BL42) -> 372 | DM42: =SUM(BM42:BP42) -> 0 | DN42: =SUM(BQ42:BT42) -> 0 | DO42: =SUM(BU42:BY42) -> 0 | DP42: =SUM(BZ42:CC42) -> 0 | DQ42: =SUM(CD42:CG42) -> 0 | DR42: =SUM(CH42:CL42) -> 0 | DS42: =SUM(CM42:CP42) -> 0 | DT42: =SUM(CQ42:CU42) -> 0 | DU42: =SUM(CV42:CY42) -> 0 | DV42: =SUM(CZ42:DC42) -> 0 | DW42: =SUM(DD42:DH42) -> 0
A43: =+A42+1 -> 37 | B43: =IF(F43=$F$7,G44,B42) -> F0013547309 | C43: =IF(F43=$F$7,G45,C42) -> 82115-0E490 J | D43: =VLOOKUP(B43,'Timing Table'!B:G,6,0) -> #N/A | E43: =VLOOKUP(B43,'Timing Table'!B:D,3,0) -> #N/A | F43: Family | G43: 82115 | H43: 82115-0E490 | I43: Cum | J43: 4940 | K43: 4940 | L43: 4940 | M43: 4940 | N43: 4940 | O43: 4940 | P43: 4940 | Q43: 4940 | R43: 4940 | S43: 4940 | T43: 4940 | U43: 4940 | V43: 4940 | W43: 4940 | X43: 4940 | Y43: 4940 | Z43: 4940 | AA43: 4940 | AB43: 4940 | AC43: 4940 | AD43: 4940 | AE43: 4940 | AF43: 4940 | AG43: 4940 | AH43: 4940 | AI43: 4940 | AJ43: 4940 | AK43: 4940 | AL43: 4940 | AM43: 4940 | AN43: 4940 | AO43: 4940 | AP43: 4940 | AQ43: 4940 | AR43: 4940 | AS43: 4940 | AT43: 4940 | AU43: 4940 | AV43: 4940 | AW43: 4940 | AX43: 4940 | AY43: 4940 | AZ43: 4940 | BA43: 4940 | BB43: 4940 | BC43: 4940 | BD43: 4940 | BE43: 4940 | BF43: 4940 | BG43: 4940 | BH43: 4940 | BI43: 4940 | DL43: =SUM(BK43:BL43) -> 0 | DM43: =SUM(BM43:BP43) -> 0 | DN43: =SUM(BQ43:BT43) -> 0 | DO43: =SUM(BU43:BY43) -> 0 | DP43: =SUM(BZ43:CC43) -> 0 | DQ43: =SUM(CD43:CG43) -> 0 | DR43: =SUM(CH43:CL43) -> 0 | DS43: =SUM(CM43:CP43) -> 0 | DT43: =SUM(CQ43:CU43) -> 0 | DU43: =SUM(CV43:CY43) -> 0 | DV43: =SUM(CZ43:DC43) -> 0 | DW43: =SUM(DD43:DH43) -> 0
A44: =+A43+1 -> 38 | B44: =IF(F44=$F$7,G45,B43) -> F0013547309 | C44: =IF(F44=$F$7,G46,C43) -> 82115-0E490 J | D44: =VLOOKUP(B44,'Timing Table'!B:G,6,0) -> #N/A | E44: =VLOOKUP(B44,'Timing Table'!B:D,3,0) -> #N/A | F44: Cum Received | G44: 4568 | H44: Last Goods Receipt Invoice | J44: JAOJ60001B | DL44: =SUM(BK44:BL44) -> 0 | DM44: =SUM(BM44:BP44) -> 0 | DN44: =SUM(BQ44:BT44) -> 0 | DO44: =SUM(BU44:BY44) -> 0 | DP44: =SUM(BZ44:CC44) -> 0 | DQ44: =SUM(CD44:CG44) -> 0 | DR44: =SUM(CH44:CL44) -> 0 | DS44: =SUM(CM44:CP44) -> 0 | DT44: =SUM(CQ44:CU44) -> 0 | DU44: =SUM(CV44:CY44) -> 0 | DV44: =SUM(CZ44:DC44) -> 0 | DW44: =SUM(DD44:DH44) -> 0
A45: =+A44+1 -> 39 | B45: =IF(F45=$F$7,G46,B44) -> F0013547309 | C45: =IF(F45=$F$7,G47,C44) -> 82115-0E490 J | D45: =VLOOKUP(B45,'Timing Table'!B:G,6,0) -> #N/A | E45: =VLOOKUP(B45,'Timing Table'!B:D,3,0) -> #N/A | F45: Comments | DL45: =SUM(BK45:BL45) -> 0 | DM45: =SUM(BM45:BP45) -> 0 | DN45: =SUM(BQ45:BT45) -> 0 | DO45: =SUM(BU45:BY45) -> 0 | DP45: =SUM(BZ45:CC45) -> 0 | DQ45: =SUM(CD45:CG45) -> 0 | DR45: =SUM(CH45:CL45) -> 0 | DS45: =SUM(CM45:CP45) -> 0 | DT45: =SUM(CQ45:CU45) -> 0 | DU45: =SUM(CV45:CY45) -> 0 | DV45: =SUM(CZ45:DC45) -> 0 | DW45: =SUM(DD45:DH45) -> 0
A46: 40 | B46: F0013546508 | C46: 82115-0E480 | D46: C/O | E46: 491D-HV | DL46: =SUM(BK46:BL46) -> 0 | DM46: =SUM(BM46:BP46) -> 0 | DN46: =SUM(BQ46:BT46) -> 0 | DO46: =SUM(BU46:BY46) -> 0 | DP46: =SUM(BZ46:CC46) -> 0 | DQ46: =SUM(CD46:CG46) -> 0 | DR46: =SUM(CH46:CL46) -> 0 | DS46: =SUM(CM46:CP46) -> 0 | DT46: =SUM(CQ46:CU46) -> 0 | DU46: =SUM(CV46:CY46) -> 0 | DV46: =SUM(CZ46:DC46) -> 0 | DW46: =SUM(DD46:DH46) -> 0
A47: 41 | B47: F0013546509 | C47: 82115-0E480 | D47: C/O | E47: 491D-HV | F47: PSA# | G47: 5501060670 | H47: Release# | I47: 18 | J47: BEAMS ID | K47: 1179885 | M47: Release Date | O47: 46086 | P47: Std. Pack | Q47: 4 | DL47: =SUM(BK47:BL47) -> 0 | DM47: =SUM(BM47:BP47) -> 0 | DN47: =SUM(BQ47:BT47) -> 0 | DO47: =SUM(BU47:BY47) -> 0 | DP47: =SUM(BZ47:CC47) -> 0 | DQ47: =SUM(CD47:CG47) -> 0 | DR47: =SUM(CH47:CL47) -> 0 | DS47: =SUM(CM47:CP47) -> 0 | DT47: =SUM(CQ47:CU47) -> 0 | DU47: =SUM(CV47:CY47) -> 0 | DV47: =SUM(CZ47:DC47) -> 0 | DW47: =SUM(DD47:DH47) -> 0
A48: 42 | B48: F0013546509 | C48: 82115-0E480 | D48: C/O | E48: 491D-HV | F48: YNA Part# | G48: F0013547310 | H48: YNA Part Description | I48: 82115-0E490_K0 491D-2025 82115 | M48: Model Year | N48: 2025 | O48: Eng. Revision | Q48: K0 | DL48: =SUM(BK48:BL48) -> 0 | DM48: =SUM(BM48:BP48) -> 0 | DN48: =SUM(BQ48:BT48) -> 0 | DO48: =SUM(BU48:BY48) -> 0 | DP48: =SUM(BZ48:CC48) -> 0 | DQ48: =SUM(CD48:CG48) -> 0 | DR48: =SUM(CH48:CL48) -> 0 | DS48: =SUM(CM48:CP48) -> 0 | DT48: =SUM(CQ48:CU48) -> 0 | DU48: =SUM(CV48:CY48) -> 0 | DV48: =SUM(CZ48:DC48) -> 0 | DW48: =SUM(DD48:DH48) -> 0
A49: 43 | B49: F0013546509 | C49: 82115-0E480 | D49: C/O | E49: 491D-HV | F49: Customer Part# | G49: 82115-0E490 K | H49: PIA Part# | Q49: SHIP | R49: FAB | Z49: RAW | DL49: =SUM(BK49:BL49) -> 0 | DM49: =SUM(BM49:BP49) -> 0 | DN49: =SUM(BQ49:BT49) -> 0 | DO49: =SUM(BU49:BY49) -> 0 | DP49: =SUM(BZ49:CC49) -> 0 | DQ49: =SUM(CD49:CG49) -> 0 | DR49: =SUM(CH49:CL49) -> 0 | DS49: =SUM(CM49:CP49) -> 0 | DT49: =SUM(CQ49:CU49) -> 0 | DU49: =SUM(CV49:CY49) -> 0 | DV49: =SUM(CZ49:DC49) -> 0 | DW49: =SUM(DD49:DH49) -> 0
A50: 44 | B50: F0013546509 | C50: 82115-0E480 | D50: C/O | E50: 491D-HV | F50: High Fab | G50: 976 | H50: C | I50: ETD Date | J50: 46041 | K50: 46048 | L50: 46055 | M50: 46062 | N50: 46069 | O50: 46076 | P50: 46083 | Q50: 46090 | R50: 46097 | S50: 46104 | T50: 46111 | U50: 46118 | V50: 46125 | W50: 46132 | X50: 46139 | Y50: 46146 | Z50: 46153 | AA50: 46160 | AB50: 46167 | AC50: 46174 | AD50: 46181 | AE50: 46188 | AF50: 46195 | AG50: 46202 | AH50: 46209 | AI50: 46216 | AJ50: 46223 | AK50: 46230 | AL50: 46237 | AM50: 46244 | AN50: 46251 | AO50: 46258 | AP50: 46265 | AQ50: 46272 | AR50: 46279 | AS50: 46286 | AT50: 46293 | AU50: 46300 | AV50: 46307 | AW50: 46314 | AX50: 46321 | AY50: 46328 | AZ50: 46335 | BA50: 46342 | BB50: 46349 | BC50: 46356 | BD50: 46363 | BE50: 46370 | BF50: 46377 | BG50: 46384 | BH50: 46391 | BI50: 46398 | DL50: =SUM(BK50:BL50) -> 0 | DM50: =SUM(BM50:BP50) -> 0 | DN50: =SUM(BQ50:BT50) -> 0 | DO50: =SUM(BU50:BY50) -> 0 | DP50: =SUM(BZ50:CC50) -> 0 | DQ50: =SUM(CD50:CG50) -> 0 | DR50: =SUM(CH50:CL50) -> 0 | DS50: =SUM(CM50:CP50) -> 0 | DT50: =SUM(CQ50:CU50) -> 0 | DU50: =SUM(CV50:CY50) -> 0 | DV50: =SUM(CZ50:DC50) -> 0 | DW50: =SUM(DD50:DH50) -> 0
A51: 45 | B51: F0013546509 | C51: 82115-0E480 | D51: C/O | E51: 491D-HV | F51: High Raw | G51: 1808 | I51: ETA Date | DL51: =SUM(BK51:BL51) -> 0 | DM51: =SUM(BM51:BP51) -> 0 | DN51: =SUM(BQ51:BT51) -> 0 | DO51: =SUM(BU51:BY51) -> 0 | DP51: =SUM(BZ51:CC51) -> 0 | DQ51: =SUM(CD51:CG51) -> 0 | DR51: =SUM(CH51:CL51) -> 0 | DS51: =SUM(CM51:CP51) -> 0 | DT51: =SUM(CQ51:CU51) -> 0 | DU51: =SUM(CV51:CY51) -> 0 | DV51: =SUM(CZ51:DC51) -> 0 | DW51: =SUM(DD51:DH51) -> 0
A52: 46 | B52: F0013546509 | C52: 82115-0E480 | D52: C/O | E52: 491D-HV | F52: Car line | G52: GRAND HIGHLANDER 491D | H52: 82115-0E490 | I52: Net | J52: 136 | K52: 84 | L52: 168 | M52: 228 | N52: 0 | O52: 56 | P52: 304 | Q52: 0 | R52: 0 | S52: 52 | T52: 84 | U52: 88 | V52: 84 | W52: 76 | X52: 60 | Y52: 60 | Z52: 80 | AA52: 104 | AB52: 100 | AC52: 104 | AD52: 84 | AE52: 112 | AF52: 68 | AG52: 100 | AH52: 40 | AI52: 104 | AJ52: 96 | AK52: 96 | AL52: 156 | AM52: 112 | AN52: 120 | AO52: 120 | AP52: 120 | AQ52: 120 | AR52: 120 | AS52: 120 | AT52: 120 | AU52: 120 | AV52: 120 | AW52: 120 | AX52: 120 | AY52: 120 | AZ52: 120 | BA52: 120 | BB52: 120 | BC52: 120 | BD52: 120 | BE52: 120 | BF52: 120 | BG52: 120 | BH52: 120 | BI52: 120 | BJ52: =+G49 -> 82115-0E490 K | BK52: =+J52 -> 136 | BL52: =+K52 -> 84 | BM52: =+L52 -> 168 | BN52: =+M52 -> 228 | BO52: =+N52 -> 0 | BP52: =+O52 -> 56 | BQ52: =+P52 -> 304 | BR52: =+Q52 -> 0 | ... DJ52: =+BI52 -> 120 | DL52: =SUM(BK52:BL52) -> 220 | DM52: =SUM(BM52:BP52) -> 452 | DN52: =SUM(BQ52:BT52) -> 356 | DO52: =SUM(BU52:BY52) -> 392 | DP52: =SUM(BZ52:CC52) -> 344 | DQ52: =SUM(CD52:CG52) -> 368 | DR52: =SUM(CH52:CL52) -> 436 | DS52: =SUM(CM52:CP52) -> 508 | DT52: =SUM(CQ52:CU52) -> 600 | DU52: =SUM(CV52:CY52) -> 480 | DV52: =SUM(CZ52:DC52) -> 480 | DW52: =SUM(DD52:DH52) -> 600
A53: 47 | B53: F0013546509 | C53: 82115-0E480 | D53: C/O | E53: 491D-HV | F53: Family | G53: 82115 | H53: 82115-0E490 | I53: Cum | J53: 136 | K53: 220 | L53: 388 | M53: 616 | N53: 616 | O53: 672 | P53: 976 | Q53: 976 | R53: 976 | S53: 1028 | T53: 1112 | U53: 1200 | V53: 1284 | W53: 1360 | X53: 1420 | Y53: 1480 | Z53: 1560 | AA53: 1664 | AB53: 1764 | AC53: 1868 | AD53: 1952 | AE53: 2064 | AF53: 2132 | AG53: 2232 | AH53: 2272 | AI53: 2376 | AJ53: 2472 | AK53: 2568 | AL53: 2724 | AM53: 2836 | AN53: 2956 | AO53: 3076 | AP53: 3196 | AQ53: 3316 | AR53: 3436 | AS53: 3556 | AT53: 3676 | AU53: 3796 | AV53: 3916 | AW53: 4036 | AX53: 4156 | AY53: 4276 | AZ53: 4396 | BA53: 4516 | BB53: 4636 | BC53: 4756 | BD53: 4876 | BE53: 4996 | BF53: 5116 | BG53: 5236 | BH53: 5356 | BI53: 5476 | DL53: =SUM(BK53:BL53) -> 0 | DM53: =SUM(BM53:BP53) -> 0 | DN53: =SUM(BQ53:BT53) -> 0 | DO53: =SUM(BU53:BY53) -> 0 | DP53: =SUM(BZ53:CC53) -> 0 | DQ53: =SUM(CD53:CG53) -> 0 | DR53: =SUM(CH53:CL53) -> 0 | DS53: =SUM(CM53:CP53) -> 0 | DT53: =SUM(CQ53:CU53) -> 0 | DU53: =SUM(CV53:CY53) -> 0 | DV53: =SUM(CZ53:DC53) -> 0 | DW53: =SUM(DD53:DH53) -> 0
A54: 48 | B54: F0013546509 | C54: 82115-0E480 | D54: C/O | E54: 491D-HV | F54: Cum Received | G54: 0 | H54: Last Goods Receipt Invoice | Q54: -1 | DL54: =SUM(BK54:BL54) -> 0 | DM54: =SUM(BM54:BP54) -> 0 | DN54: =SUM(BQ54:BT54) -> 0 | DO54: =SUM(BU54:BY54) -> 0 | DP54: =SUM(BZ54:CC54) -> 0 | DQ54: =SUM(CD54:CG54) -> 0 | DR54: =SUM(CH54:CL54) -> 0 | DS54: =SUM(CM54:CP54) -> 0 | DT54: =SUM(CQ54:CU54) -> 0 | DU54: =SUM(CV54:CY54) -> 0 | DV54: =SUM(CZ54:DC54) -> 0 | DW54: =SUM(DD54:DH54) -> 0
A55: 49 | B55: F0013546509 | C55: 82115-0E480 | D55: C/O | E55: 491D-HV | F55: Comments | Q55: SNPs: -76 | DL55: =SUM(BK55:BL55) -> 0 | DM55: =SUM(BM55:BP55) -> 0 | DN55: =SUM(BQ55:BT55) -> 0 | DO55: =SUM(BU55:BY55) -> 0 | DP55: =SUM(BZ55:CC55) -> 0 | DQ55: =SUM(CD55:CG55) -> 0 | DR55: =SUM(CH55:CL55) -> 0 | DS55: =SUM(CM55:CP55) -> 0 | DT55: =SUM(CQ55:CU55) -> 0 | DU55: =SUM(CV55:CY55) -> 0 | DV55: =SUM(CZ55:DC55) -> 0 | DW55: =SUM(DD55:DH55) -> 0
A56: =+A55+1 -> 50 | B56: =IF(F56=$F$7,#REF!,B55) -> F0013546509 | C56: =IF(F56=$F$7,#REF!,C55) -> 82115-0E480 | D56: =VLOOKUP(B56,'Timing Table'!B:G,6,0) -> #N/A | E56: =VLOOKUP(B56,'Timing Table'!B:D,3,0) -> #N/A | DL56: =SUM(BK56:BL56) -> 0 | DM56: =SUM(BM56:BP56) -> 0 | DN56: =SUM(BQ56:BT56) -> 0 | DO56: =SUM(BU56:BY56) -> 0 | DP56: =SUM(BZ56:CC56) -> 0 | DQ56: =SUM(CD56:CG56) -> 0 | DR56: =SUM(CH56:CL56) -> 0 | DS56: =SUM(CM56:CP56) -> 0 | DT56: =SUM(CQ56:CU56) -> 0 | DU56: =SUM(CV56:CY56) -> 0 | DV56: =SUM(CZ56:DC56) -> 0 | DW56: =SUM(DD56:DH56) -> 0
A57: =+A56+1 -> 51 | B57: =IF(F57=$F$7,G58,#REF!) -> F0013547809 | C57: =IF(F57=$F$7,G59,#REF!) -> 82115-0EA00. | D57: =VLOOKUP(B57,'Timing Table'!B:G,6,0) -> #N/A | E57: =VLOOKUP(B57,'Timing Table'!B:D,3,0) -> #N/A | F57: PSA# | G57: 5501017957 | H57: Release# | I57: 91 | J57: BEAMS ID | K57: 1146064 | M57: Release Date | O57: 46086 | P57: Std. Pack | Q57: 4 | DL57: =SUM(BK57:BL57) -> 0 | DM57: =SUM(BM57:BP57) -> 0 | DN57: =SUM(BQ57:BT57) -> 0 | DO57: =SUM(BU57:BY57) -> 0 | DP57: =SUM(BZ57:CC57) -> 0 | DQ57: =SUM(CD57:CG57) -> 0 | DR57: =SUM(CH57:CL57) -> 0 | DS57: =SUM(CM57:CP57) -> 0 | DT57: =SUM(CQ57:CU57) -> 0 | DU57: =SUM(CV57:CY57) -> 0 | DV57: =SUM(CZ57:DC57) -> 0 | DW57: =SUM(DD57:DH57) -> 0
A58: =+A57+1 -> 52 | B58: =IF(F58=$F$7,G59,B57) -> F0013547809 | C58: =IF(F58=$F$7,G60,C57) -> 82115-0EA00. | D58: =VLOOKUP(B58,'Timing Table'!B:G,6,0) -> #N/A | E58: =VLOOKUP(B58,'Timing Table'!B:D,3,0) -> #N/A | F58: YNA Part# | G58: F0013547809 | H58: YNA Part Description | I58: 82115-0EA00_K0 200D-2023 82115 | M58: Model Year | N58: 2023 | O58: Eng. Revision | Q58: K0 | DL58: =SUM(BK58:BL58) -> 0 | DM58: =SUM(BM58:BP58) -> 0 | DN58: =SUM(BQ58:BT58) -> 0 | DO58: =SUM(BU58:BY58) -> 0 | DP58: =SUM(BZ58:CC58) -> 0 | DQ58: =SUM(CD58:CG58) -> 0 | DR58: =SUM(CH58:CL58) -> 0 | DS58: =SUM(CM58:CP58) -> 0 | DT58: =SUM(CQ58:CU58) -> 0 | DU58: =SUM(CV58:CY58) -> 0 | DV58: =SUM(CZ58:DC58) -> 0 | DW58: =SUM(DD58:DH58) -> 0
A59: =+A58+1 -> 53 | B59: =IF(F59=$F$7,G60,B58) -> F0013547809 | C59: =IF(F59=$F$7,G61,C58) -> 82115-0EA00. | D59: =VLOOKUP(B59,'Timing Table'!B:G,6,0) -> #N/A | E59: =VLOOKUP(B59,'Timing Table'!B:D,3,0) -> #N/A | F59: Customer Part# | G59: 82115-0EA00. | H59: PIA Part# | Q59: SHIP | R59: FAB | Z59: RAW | DL59: =SUM(BK59:BL59) -> 0 | DM59: =SUM(BM59:BP59) -> 0 | DN59: =SUM(BQ59:BT59) -> 0 | DO59: =SUM(BU59:BY59) -> 0 | DP59: =SUM(BZ59:CC59) -> 0 | DQ59: =SUM(CD59:CG59) -> 0 | DR59: =SUM(CH59:CL59) -> 0 | DS59: =SUM(CM59:CP59) -> 0 | DT59: =SUM(CQ59:CU59) -> 0 | DU59: =SUM(CV59:CY59) -> 0 | DV59: =SUM(CZ59:DC59) -> 0 | DW59: =SUM(DD59:DH59) -> 0
A60: =+A59+1 -> 54 | B60: =IF(F60=$F$7,G61,B59) -> F0013547809 | C60: =IF(F60=$F$7,G62,C59) -> 82115-0EA00. | D60: =VLOOKUP(B60,'Timing Table'!B:G,6,0) -> #N/A | E60: =VLOOKUP(B60,'Timing Table'!B:D,3,0) -> #N/A | F60: High Fab | G60: 17712 | H60: B | I60: ETD Date | J60: 46041 | K60: 46048 | L60: 46055 | M60: 46062 | N60: 46069 | O60: 46076 | P60: 46083 | Q60: 46090 | R60: 46097 | S60: 46104 | T60: 46111 | U60: 46118 | V60: 46125 | W60: 46132 | X60: 46139 | Y60: 46146 | Z60: 46153 | AA60: 46160 | AB60: 46167 | AC60: 46174 | AD60: 46181 | AE60: 46188 | AF60: 46195 | AG60: 46202 | AH60: 46209 | AI60: 46216 | AJ60: 46223 | AK60: 46230 | AL60: 46237 | AM60: 46244 | AN60: 46251 | AO60: 46258 | AP60: 46265 | AQ60: 46272 | AR60: 46279 | AS60: 46286 | AT60: 46293 | AU60: 46300 | AV60: 46307 | AW60: 46314 | AX60: 46321 | AY60: 46328 | AZ60: 46335 | BA60: 46342 | BB60: 46349 | BC60: 46356 | BD60: 46363 | BE60: 46370 | BF60: 46377 | BG60: 46384 | BH60: 46391 | BI60: 46398 | DL60: =SUM(BK60:BL60) -> 0 | DM60: =SUM(BM60:BP60) -> 0 | DN60: =SUM(BQ60:BT60) -> 0 | DO60: =SUM(BU60:BY60) -> 0 | DP60: =SUM(BZ60:CC60) -> 0 | DQ60: =SUM(CD60:CG60) -> 0 | DR60: =SUM(CH60:CL60) -> 0 | DS60: =SUM(CM60:CP60) -> 0 | DT60: =SUM(CQ60:CU60) -> 0 | DU60: =SUM(CV60:CY60) -> 0 | DV60: =SUM(CZ60:DC60) -> 0 | DW60: =SUM(DD60:DH60) -> 0
A61: =+A60+1 -> 55 | B61: =IF(F61=$F$7,G62,B60) -> F0013547809 | C61: =IF(F61=$F$7,G63,C60) -> 82115-0EA00. | D61: =VLOOKUP(B61,'Timing Table'!B:G,6,0) -> #N/A | E61: =VLOOKUP(B61,'Timing Table'!B:D,3,0) -> #N/A | F61: High Raw | G61: 18560 | I61: ETA Date | DL61: =SUM(BK61:BL61) -> 0 | DM61: =SUM(BM61:BP61) -> 0 | DN61: =SUM(BQ61:BT61) -> 0 | DO61: =SUM(BU61:BY61) -> 0 | DP61: =SUM(BZ61:CC61) -> 0 | DQ61: =SUM(CD61:CG61) -> 0 | DR61: =SUM(CH61:CL61) -> 0 | DS61: =SUM(CM61:CP61) -> 0 | DT61: =SUM(CQ61:CU61) -> 0 | DU61: =SUM(CV61:CY61) -> 0 | DV61: =SUM(CZ61:DC61) -> 0 | DW61: =SUM(DD61:DH61) -> 0
A62: =+A61+1 -> 56 | B62: =IF(F62=$F$7,G63,B61) -> F0013547809 | C62: =IF(F62=$F$7,G64,C61) -> 82115-0EA00. | D62: =VLOOKUP(B62,'Timing Table'!B:G,6,0) -> #N/A | E62: =VLOOKUP(B62,'Timing Table'!B:D,3,0) -> #N/A | F62: Car line | G62: GRAND HIGHLANDER 200D | H62: 82115-0EA00 | I62: Net | J62: 512 | K62: 0 | L62: 0 | M62: 0 | N62: 0 | O62: 0 | P62: 0 | Q62: 0 | R62: 0 | S62: 0 | T62: 0 | U62: 0 | V62: 0 | W62: 0 | X62: 0 | Y62: 0 | Z62: 0 | AA62: 0 | AB62: 0 | AC62: 0 | AD62: 0 | AE62: 0 | AF62: 0 | AG62: 0 | AH62: 0 | AI62: 0 | AJ62: 0 | AK62: 0 | AL62: 0 | AM62: 0 | AN62: 0 | AO62: 0 | AP62: 0 | AQ62: 0 | AR62: 0 | AS62: 0 | AT62: 0 | AU62: 0 | AV62: 0 | AW62: 0 | AX62: 0 | AY62: 0 | AZ62: 0 | BA62: 0 | BB62: 0 | BC62: 0 | BD62: 0 | BE62: 0 | BF62: 0 | BG62: 0 | BH62: 0 | BI62: 0 | BJ62: =+G59 -> 82115-0EA00. | BK62: =+J62 -> 512 | BL62: =+K62 -> 0 | BM62: =+L62 -> 0 | BN62: =+M62 -> 0 | BO62: =+N62 -> 0 | BP62: =+O62 -> 0 | BQ62: =+P62 -> 0 | BR62: =+Q62 -> 0 | ... DJ62: =+BI62 -> 0 | DL62: =SUM(BK62:BL62) -> 512 | DM62: =SUM(BM62:BP62) -> 0 | DN62: =SUM(BQ62:BT62) -> 0 | DO62: =SUM(BU62:BY62) -> 0 | DP62: =SUM(BZ62:CC62) -> 0 | DQ62: =SUM(CD62:CG62) -> 0 | DR62: =SUM(CH62:CL62) -> 0 | DS62: =SUM(CM62:CP62) -> 0 | DT62: =SUM(CQ62:CU62) -> 0 | DU62: =SUM(CV62:CY62) -> 0 | DV62: =SUM(CZ62:DC62) -> 0 | DW62: =SUM(DD62:DH62) -> 0
A63: =+A62+1 -> 57 | B63: =IF(F63=$F$7,G64,B62) -> F0013547809 | C63: =IF(F63=$F$7,G65,C62) -> 82115-0EA00. | D63: =VLOOKUP(B63,'Timing Table'!B:G,6,0) -> #N/A | E63: =VLOOKUP(B63,'Timing Table'!B:D,3,0) -> #N/A | F63: Family | G63: 82115 | H63: 82115-0EA00 | I63: Cum | J63: 17712 | K63: 17712 | L63: 17712 | M63: 17712 | N63: 17712 | O63: 17712 | P63: 17712 | Q63: 17712 | R63: 17712 | S63: 17712 | T63: 17712 | U63: 17712 | V63: 17712 | W63: 17712 | X63: 17712 | Y63: 17712 | Z63: 17712 | AA63: 17712 | AB63: 17712 | AC63: 17712 | AD63: 17712 | AE63: 17712 | AF63: 17712 | AG63: 17712 | AH63: 17712 | AI63: 17712 | AJ63: 17712 | AK63: 17712 | AL63: 17712 | AM63: 17712 | AN63: 17712 | AO63: 17712 | AP63: 17712 | AQ63: 17712 | AR63: 17712 | AS63: 17712 | AT63: 17712 | AU63: 17712 | AV63: 17712 | AW63: 17712 | AX63: 17712 | AY63: 17712 | AZ63: 17712 | BA63: 17712 | BB63: 17712 | BC63: 17712 | BD63: 17712 | BE63: 17712 | BF63: 17712 | BG63: 17712 | BH63: 17712 | BI63: 17712 | DL63: =SUM(BK63:BL63) -> 0 | DM63: =SUM(BM63:BP63) -> 0 | DN63: =SUM(BQ63:BT63) -> 0 | DO63: =SUM(BU63:BY63) -> 0 | DP63: =SUM(BZ63:CC63) -> 0 | DQ63: =SUM(CD63:CG63) -> 0 | DR63: =SUM(CH63:CL63) -> 0 | DS63: =SUM(CM63:CP63) -> 0 | DT63: =SUM(CQ63:CU63) -> 0 | DU63: =SUM(CV63:CY63) -> 0 | DV63: =SUM(CZ63:DC63) -> 0 | DW63: =SUM(DD63:DH63) -> 0
A64: =+A63+1 -> 58 | B64: =IF(F64=$F$7,G65,B63) -> F0013547809 | C64: =IF(F64=$F$7,G66,C63) -> 82115-0EA00. | D64: =VLOOKUP(B64,'Timing Table'!B:G,6,0) -> #N/A | E64: =VLOOKUP(B64,'Timing Table'!B:D,3,0) -> #N/A | F64: Cum Received | G64: 17200 | H64: Last Goods Receipt Invoice | J64: JAOJ60001B | DL64: =SUM(BK64:BL64) -> 0 | DM64: =SUM(BM64:BP64) -> 0 | DN64: =SUM(BQ64:BT64) -> 0 | DO64: =SUM(BU64:BY64) -> 0 | DP64: =SUM(BZ64:CC64) -> 0 | DQ64: =SUM(CD64:CG64) -> 0 | DR64: =SUM(CH64:CL64) -> 0 | DS64: =SUM(CM64:CP64) -> 0 | DT64: =SUM(CQ64:CU64) -> 0 | DU64: =SUM(CV64:CY64) -> 0 | DV64: =SUM(CZ64:DC64) -> 0 | DW64: =SUM(DD64:DH64) -> 0
A65: =+A64+1 -> 59 | B65: =IF(F65=$F$7,G66,B64) -> F0013547809 | C65: =IF(F65=$F$7,G67,C64) -> 82115-0EA00. | D65: =VLOOKUP(B65,'Timing Table'!B:G,6,0) -> #N/A | E65: =VLOOKUP(B65,'Timing Table'!B:D,3,0) -> #N/A | F65: Comments | DL65: =SUM(BK65:BL65) -> 0 | DM65: =SUM(BM65:BP65) -> 0 | DN65: =SUM(BQ65:BT65) -> 0 | DO65: =SUM(BU65:BY65) -> 0 | DP65: =SUM(BZ65:CC65) -> 0 | DQ65: =SUM(CD65:CG65) -> 0 | DR65: =SUM(CH65:CL65) -> 0 | DS65: =SUM(CM65:CP65) -> 0 | DT65: =SUM(CQ65:CU65) -> 0 | DU65: =SUM(CV65:CY65) -> 0 | DV65: =SUM(CZ65:DC65) -> 0 | DW65: =SUM(DD65:DH65) -> 0
A66: =+A65+1 -> 60 | B66: =IF(F66=$F$7,G67,B65) -> F0013547809 | C66: =IF(F66=$F$7,G68,C65) -> 82115-0EA00. | D66: =VLOOKUP(B66,'Timing Table'!B:G,6,0) -> #N/A | E66: =VLOOKUP(B66,'Timing Table'!B:D,3,0) -> #N/A | DL66: =SUM(BK66:BL66) -> 0 | DM66: =SUM(BM66:BP66) -> 0 | DN66: =SUM(BQ66:BT66) -> 0 | DO66: =SUM(BU66:BY66) -> 0 | DP66: =SUM(BZ66:CC66) -> 0 | DQ66: =SUM(CD66:CG66) -> 0 | DR66: =SUM(CH66:CL66) -> 0 | DS66: =SUM(CM66:CP66) -> 0 | DT66: =SUM(CQ66:CU66) -> 0 | DU66: =SUM(CV66:CY66) -> 0 | DV66: =SUM(CZ66:DC66) -> 0 | DW66: =SUM(DD66:DH66) -> 0
A67: =+A66+1 -> 61 | B67: =IF(F67=$F$7,G68,B66) -> F0013547811 | C67: =IF(F67=$F$7,G69,C66) -> 82115-0EA00 L | D67: =VLOOKUP(B67,'Timing Table'!B:G,6,0) -> #N/A | E67: =VLOOKUP(B67,'Timing Table'!B:D,3,0) -> #N/A | F67: PSA# | G67: 5501065658 | H67: Release# | I67: 9 | J67: BEAMS ID | K67: 1179881 | M67: Release Date | O67: 46086 | P67: Std. Pack | Q67: 4 | DL67: =SUM(BK67:BL67) -> 0 | DM67: =SUM(BM67:BP67) -> 0 | DN67: =SUM(BQ67:BT67) -> 0 | DO67: =SUM(BU67:BY67) -> 0 | DP67: =SUM(BZ67:CC67) -> 0 | DQ67: =SUM(CD67:CG67) -> 0 | DR67: =SUM(CH67:CL67) -> 0 | DS67: =SUM(CM67:CP67) -> 0 | DT67: =SUM(CQ67:CU67) -> 0 | DU67: =SUM(CV67:CY67) -> 0 | DV67: =SUM(CZ67:DC67) -> 0 | DW67: =SUM(DD67:DH67) -> 0
A68: =+A67+1 -> 62 | B68: =IF(F68=$F$7,G69,B67) -> F0013547811 | C68: =IF(F68=$F$7,G70,C67) -> 82115-0EA00 L | D68: =VLOOKUP(B68,'Timing Table'!B:G,6,0) -> #N/A | E68: =VLOOKUP(B68,'Timing Table'!B:D,3,0) -> #N/A | F68: YNA Part# | G68: F0013547811 | H68: YNA Part Description | I68: 82115-0EA00_L0 491D-2025 82115 | M68: Model Year | N68: 2023 | O68: Eng. Revision | Q68: L0 | DL68: =SUM(BK68:BL68) -> 0 | DM68: =SUM(BM68:BP68) -> 0 | DN68: =SUM(BQ68:BT68) -> 0 | DO68: =SUM(BU68:BY68) -> 0 | DP68: =SUM(BZ68:CC68) -> 0 | DQ68: =SUM(CD68:CG68) -> 0 | DR68: =SUM(CH68:CL68) -> 0 | DS68: =SUM(CM68:CP68) -> 0 | DT68: =SUM(CQ68:CU68) -> 0 | DU68: =SUM(CV68:CY68) -> 0 | DV68: =SUM(CZ68:DC68) -> 0 | DW68: =SUM(DD68:DH68) -> 0
A69: =+A68+1 -> 63 | B69: =IF(F69=$F$7,G70,B68) -> F0013547811 | C69: =IF(F69=$F$7,G71,C68) -> 82115-0EA00 L | D69: =VLOOKUP(B69,'Timing Table'!B:G,6,0) -> #N/A | E69: =VLOOKUP(B69,'Timing Table'!B:D,3,0) -> #N/A | F69: Customer Part# | G69: 82115-0EA00 L | H69: PIA Part# | Q69: SHIP | R69: FAB | Z69: RAW | DL69: =SUM(BK69:BL69) -> 0 | DM69: =SUM(BM69:BP69) -> 0 | DN69: =SUM(BQ69:BT69) -> 0 | DO69: =SUM(BU69:BY69) -> 0 | DP69: =SUM(BZ69:CC69) -> 0 | DQ69: =SUM(CD69:CG69) -> 0 | DR69: =SUM(CH69:CL69) -> 0 | DS69: =SUM(CM69:CP69) -> 0 | DT69: =SUM(CQ69:CU69) -> 0 | DU69: =SUM(CV69:CY69) -> 0 | DV69: =SUM(CZ69:DC69) -> 0 | DW69: =SUM(DD69:DH69) -> 0
A70: =+A69+1 -> 64 | B70: =IF(F70=$F$7,G71,B69) -> F0013547811 | C70: =IF(F70=$F$7,G72,C69) -> 82115-0EA00 L | D70: =VLOOKUP(B70,'Timing Table'!B:G,6,0) -> #N/A | E70: =VLOOKUP(B70,'Timing Table'!B:D,3,0) -> #N/A | F70: High Fab | G70: 2672 | H70: B | I70: ETD Date | J70: 46041 | K70: 46048 | L70: 46055 | M70: 46062 | N70: 46069 | O70: 46076 | P70: 46083 | Q70: 46090 | R70: 46097 | S70: 46104 | T70: 46111 | U70: 46118 | V70: 46125 | W70: 46132 | X70: 46139 | Y70: 46146 | Z70: 46153 | AA70: 46160 | AB70: 46167 | AC70: 46174 | AD70: 46181 | AE70: 46188 | AF70: 46195 | AG70: 46202 | AH70: 46209 | AI70: 46216 | AJ70: 46223 | AK70: 46230 | AL70: 46237 | AM70: 46244 | AN70: 46251 | AO70: 46258 | AP70: 46265 | AQ70: 46272 | AR70: 46279 | AS70: 46286 | AT70: 46293 | AU70: 46300 | AV70: 46307 | AW70: 46314 | AX70: 46321 | AY70: 46328 | AZ70: 46335 | BA70: 46342 | BB70: 46349 | BC70: 46356 | BD70: 46363 | BE70: 46370 | BF70: 46377 | BG70: 46384 | BH70: 46391 | BI70: 46398 | DL70: =SUM(BK70:BL70) -> 0 | DM70: =SUM(BM70:BP70) -> 0 | DN70: =SUM(BQ70:BT70) -> 0 | DO70: =SUM(BU70:BY70) -> 0 | DP70: =SUM(BZ70:CC70) -> 0 | DQ70: =SUM(CD70:CG70) -> 0 | DR70: =SUM(CH70:CL70) -> 0 | DS70: =SUM(CM70:CP70) -> 0 | DT70: =SUM(CQ70:CU70) -> 0 | DU70: =SUM(CV70:CY70) -> 0 | DV70: =SUM(CZ70:DC70) -> 0 | DW70: =SUM(DD70:DH70) -> 0
A71: =+A70+1 -> 65 | B71: =IF(F71=$F$7,G72,B70) -> F0013547811 | C71: =IF(F71=$F$7,G73,C70) -> 82115-0EA00 L | D71: =VLOOKUP(B71,'Timing Table'!B:G,6,0) -> #N/A | E71: =VLOOKUP(B71,'Timing Table'!B:D,3,0) -> #N/A | F71: High Raw | G71: 5040 | I71: ETA Date | DL71: =SUM(BK71:BL71) -> 0 | DM71: =SUM(BM71:BP71) -> 0 | DN71: =SUM(BQ71:BT71) -> 0 | DO71: =SUM(BU71:BY71) -> 0 | DP71: =SUM(BZ71:CC71) -> 0 | DQ71: =SUM(CD71:CG71) -> 0 | DR71: =SUM(CH71:CL71) -> 0 | DS71: =SUM(CM71:CP71) -> 0 | DT71: =SUM(CQ71:CU71) -> 0 | DU71: =SUM(CV71:CY71) -> 0 | DV71: =SUM(CZ71:DC71) -> 0 | DW71: =SUM(DD71:DH71) -> 0
A72: =+A71+1 -> 66 | B72: =IF(F72=$F$7,G73,B71) -> F0013547811 | C72: =IF(F72=$F$7,G74,C71) -> 82115-0EA00 L | D72: =VLOOKUP(B72,'Timing Table'!B:G,6,0) -> #N/A | E72: =VLOOKUP(B72,'Timing Table'!B:D,3,0) -> #N/A | F72: Car line | G72: GRAND HIGHLANDER 491D | H72: 82115-0EA00 | I72: Net | J72: 272 | K72: 408 | L72: 292 | M72: 180 | N72: 240 | O72: 464 | P72: 768 | Q72: 48 | R72: 0 | S72: 0 | T72: 0 | U72: 0 | V72: 0 | W72: 0 | X72: 0 | Y72: 0 | Z72: 0 | AA72: 0 | AB72: 0 | AC72: 0 | AD72: 0 | AE72: 0 | AF72: 0 | AG72: 0 | AH72: 0 | AI72: 0 | AJ72: 0 | AK72: 0 | AL72: 0 | AM72: 0 | AN72: 0 | AO72: 0 | AP72: 0 | AQ72: 0 | AR72: 0 | AS72: 0 | AT72: 0 | AU72: 0 | AV72: 0 | AW72: 0 | AX72: 0 | AY72: 0 | AZ72: 0 | BA72: 0 | BB72: 0 | BC72: 0 | BD72: 0 | BE72: 0 | BF72: 0 | BG72: 0 | BH72: 0 | BI72: 0 | BJ72: =+G69 -> 82115-0EA00 L | BK72: =+J72 -> 272 | BL72: =+K72 -> 408 | BM72: =+L72 -> 292 | BN72: =+M72 -> 180 | BO72: =+N72 -> 240 | BP72: =+O72 -> 464 | BQ72: =+P72 -> 768 | BR72: =+Q72 -> 48 | ... DJ72: =+BI72 -> 0 | DL72: =SUM(BK72:BL72) -> 680 | DM72: =SUM(BM72:BP72) -> 1176 | DN72: =SUM(BQ72:BT72) -> 816 | DO72: =SUM(BU72:BY72) -> 0 | DP72: =SUM(BZ72:CC72) -> 0 | DQ72: =SUM(CD72:CG72) -> 0 | DR72: =SUM(CH72:CL72) -> 0 | DS72: =SUM(CM72:CP72) -> 0 | DT72: =SUM(CQ72:CU72) -> 0 | DU72: =SUM(CV72:CY72) -> 0 | DV72: =SUM(CZ72:DC72) -> 0 | DW72: =SUM(DD72:DH72) -> 0
A73: =+A72+1 -> 67 | B73: =IF(F73=$F$7,G74,B72) -> F0013547811 | C73: =IF(F73=$F$7,G75,C72) -> 82115-0EA00 L | D73: =VLOOKUP(B73,'Timing Table'!B:G,6,0) -> #N/A | E73: =VLOOKUP(B73,'Timing Table'!B:D,3,0) -> #N/A | F73: Family | G73: 82115 | H73: 82115-0EA00 | I73: Cum | J73: 272 | K73: 680 | L73: 972 | M73: 1152 | N73: 1392 | O73: 1856 | P73: 2624 | Q73: 2672 | R73: 2672 | S73: 2672 | T73: 2672 | U73: 2672 | V73: 2672 | W73: 2672 | X73: 2672 | Y73: 2672 | Z73: 2672 | AA73: 2672 | AB73: 2672 | AC73: 2672 | AD73: 2672 | AE73: 2672 | AF73: 2672 | AG73: 2672 | AH73: 2672 | AI73: 2672 | AJ73: 2672 | AK73: 2672 | AL73: 2672 | AM73: 2672 | AN73: 2672 | AO73: 2672 | AP73: 2672 | AQ73: 2672 | AR73: 2672 | AS73: 2672 | AT73: 2672 | AU73: 2672 | AV73: 2672 | AW73: 2672 | AX73: 2672 | AY73: 2672 | AZ73: 2672 | BA73: 2672 | BB73: 2672 | BC73: 2672 | BD73: 2672 | BE73: 2672 | BF73: 2672 | BG73: 2672 | BH73: 2672 | BI73: 2672 | DL73: =SUM(BK73:BL73) -> 0 | DM73: =SUM(BM73:BP73) -> 0 | DN73: =SUM(BQ73:BT73) -> 0 | DO73: =SUM(BU73:BY73) -> 0 | DP73: =SUM(BZ73:CC73) -> 0 | DQ73: =SUM(CD73:CG73) -> 0 | DR73: =SUM(CH73:CL73) -> 0 | DS73: =SUM(CM73:CP73) -> 0 | DT73: =SUM(CQ73:CU73) -> 0 | DU73: =SUM(CV73:CY73) -> 0 | DV73: =SUM(CZ73:DC73) -> 0 | DW73: =SUM(DD73:DH73) -> 0
A74: =+A73+1 -> 68 | B74: =IF(F74=$F$7,G75,B73) -> F0013547811 | C74: =IF(F74=$F$7,G76,C73) -> 82115-0EA00 L | D74: =VLOOKUP(B74,'Timing Table'!B:G,6,0) -> #N/A | E74: =VLOOKUP(B74,'Timing Table'!B:D,3,0) -> #N/A | F74: Cum Received | G74: 0 | H74: Last Goods Receipt Invoice | Q74: -0.9375 | DL74: =SUM(BK74:BL74) -> 0 | DM74: =SUM(BM74:BP74) -> 0 | DN74: =SUM(BQ74:BT74) -> 0 | DO74: =SUM(BU74:BY74) -> 0 | DP74: =SUM(BZ74:CC74) -> 0 | DQ74: =SUM(CD74:CG74) -> 0 | DR74: =SUM(CH74:CL74) -> 0 | DS74: =SUM(CM74:CP74) -> 0 | DT74: =SUM(CQ74:CU74) -> 0 | DU74: =SUM(CV74:CY74) -> 0 | DV74: =SUM(CZ74:DC74) -> 0 | DW74: =SUM(DD74:DH74) -> 0
A75: =+A74+1 -> 69 | B75: =IF(F75=$F$7,G76,B74) -> F0013547811 | C75: =IF(F75=$F$7,#REF!,C74) -> 82115-0EA00 L | D75: =VLOOKUP(B75,'Timing Table'!B:G,6,0) -> #N/A | E75: =VLOOKUP(B75,'Timing Table'!B:D,3,0) -> #N/A | F75: Comments | Q75: SNPs: -180 | DL75: =SUM(BK75:BL75) -> 0 | DM75: =SUM(BM75:BP75) -> 0 | DN75: =SUM(BQ75:BT75) -> 0 | DO75: =SUM(BU75:BY75) -> 0 | DP75: =SUM(BZ75:CC75) -> 0 | DQ75: =SUM(CD75:CG75) -> 0 | DR75: =SUM(CH75:CL75) -> 0 | DS75: =SUM(CM75:CP75) -> 0 | DT75: =SUM(CQ75:CU75) -> 0 | DU75: =SUM(CV75:CY75) -> 0 | DV75: =SUM(CZ75:DC75) -> 0 | DW75: =SUM(DD75:DH75) -> 0
A76: =+A75+1 -> 70 | B76: =IF(F76=$F$7,#REF!,B75) -> F0013547811 | C76: =IF(F76=$F$7,#REF!,C75) -> 82115-0EA00 L | D76: =VLOOKUP(B76,'Timing Table'!B:G,6,0) -> #N/A | E76: =VLOOKUP(B76,'Timing Table'!B:D,3,0) -> #N/A | DL76: =SUM(BK76:BL76) -> 0 | DM76: =SUM(BM76:BP76) -> 0 | DN76: =SUM(BQ76:BT76) -> 0 | DO76: =SUM(BU76:BY76) -> 0 | DP76: =SUM(BZ76:CC76) -> 0 | DQ76: =SUM(CD76:CG76) -> 0 | DR76: =SUM(CH76:CL76) -> 0 | DS76: =SUM(CM76:CP76) -> 0 | DT76: =SUM(CQ76:CU76) -> 0 | DU76: =SUM(CV76:CY76) -> 0 | DV76: =SUM(CZ76:DC76) -> 0 | DW76: =SUM(DD76:DH76) -> 0
A77: =+A76+1 -> 71 | B77: =IF(F77=$F$7,G78,#REF!) -> F0013547812 | C77: =IF(F77=$F$7,G79,#REF!) -> 82115-0EA00 M | D77: =VLOOKUP(B77,'Timing Table'!B:G,6,0) -> #N/A | E77: =VLOOKUP(B77,'Timing Table'!B:D,3,0) -> #N/A | F77: PSA# | G77: 5501060666 | H77: Release# | I77: 18 | J77: BEAMS ID | K77: 1210847 | M77: Release Date | O77: 46086 | P77: Std. Pack | Q77: 4 | DL77: =SUM(BK77:BL77) -> 0 | DM77: =SUM(BM77:BP77) -> 0 | DN77: =SUM(BQ77:BT77) -> 0 | DO77: =SUM(BU77:BY77) -> 0 | DP77: =SUM(BZ77:CC77) -> 0 | DQ77: =SUM(CD77:CG77) -> 0 | DR77: =SUM(CH77:CL77) -> 0 | DS77: =SUM(CM77:CP77) -> 0 | DT77: =SUM(CQ77:CU77) -> 0 | DU77: =SUM(CV77:CY77) -> 0 | DV77: =SUM(CZ77:DC77) -> 0 | DW77: =SUM(DD77:DH77) -> 0
A78: =+A77+1 -> 72 | B78: =IF(F78=$F$7,G79,B77) -> F0013547812 | C78: =IF(F78=$F$7,G80,C77) -> 82115-0EA00 M | D78: =VLOOKUP(B78,'Timing Table'!B:G,6,0) -> #N/A | E78: =VLOOKUP(B78,'Timing Table'!B:D,3,0) -> #N/A | F78: YNA Part# | G78: F0013547812 | H78: YNA Part Description | I78: 82115-0EA00_M0 777D-2027 82115 | M78: Model Year | N78: 2025 | O78: Eng. Revision | Q78: M0 | DL78: =SUM(BK78:BL78) -> 0 | DM78: =SUM(BM78:BP78) -> 0 | DN78: =SUM(BQ78:BT78) -> 0 | DO78: =SUM(BU78:BY78) -> 0 | DP78: =SUM(BZ78:CC78) -> 0 | DQ78: =SUM(CD78:CG78) -> 0 | DR78: =SUM(CH78:CL78) -> 0 | DS78: =SUM(CM78:CP78) -> 0 | DT78: =SUM(CQ78:CU78) -> 0 | DU78: =SUM(CV78:CY78) -> 0 | DV78: =SUM(CZ78:DC78) -> 0 | DW78: =SUM(DD78:DH78) -> 0
A79: =+A78+1 -> 73 | B79: =IF(F79=$F$7,G80,B78) -> F0013547812 | C79: =IF(F79=$F$7,G81,C78) -> 82115-0EA00 M | D79: =VLOOKUP(B79,'Timing Table'!B:G,6,0) -> #N/A | E79: =VLOOKUP(B79,'Timing Table'!B:D,3,0) -> #N/A | F79: Customer Part# | G79: 82115-0EA00 M | H79: PIA Part# | Q79: SHIP | R79: FAB | Z79: RAW | DL79: =SUM(BK79:BL79) -> 0 | DM79: =SUM(BM79:BP79) -> 0 | DN79: =SUM(BQ79:BT79) -> 0 | DO79: =SUM(BU79:BY79) -> 0 | DP79: =SUM(BZ79:CC79) -> 0 | DQ79: =SUM(CD79:CG79) -> 0 | DR79: =SUM(CH79:CL79) -> 0 | DS79: =SUM(CM79:CP79) -> 0 | DT79: =SUM(CQ79:CU79) -> 0 | DU79: =SUM(CV79:CY79) -> 0 | DV79: =SUM(CZ79:DC79) -> 0 | DW79: =SUM(DD79:DH79) -> 0
A80: =+A79+1 -> 74 | B80: =IF(F80=$F$7,G81,B79) -> F0013547812 | C80: =IF(F80=$F$7,G82,C79) -> 82115-0EA00 M | D80: =VLOOKUP(B80,'Timing Table'!B:G,6,0) -> #N/A | E80: =VLOOKUP(B80,'Timing Table'!B:D,3,0) -> #N/A | F80: High Fab | G80: 1172 | H80: B | I80: ETD Date | J80: 46041 | K80: 46048 | L80: 46055 | M80: 46062 | N80: 46069 | O80: 46076 | P80: 46083 | Q80: 46090 | R80: 46097 | S80: 46104 | T80: 46111 | U80: 46118 | V80: 46125 | W80: 46132 | X80: 46139 | Y80: 46146 | Z80: 46153 | AA80: 46160 | AB80: 46167 | AC80: 46174 | AD80: 46181 | AE80: 46188 | AF80: 46195 | AG80: 46202 | AH80: 46209 | AI80: 46216 | AJ80: 46223 | AK80: 46230 | AL80: 46237 | AM80: 46244 | AN80: 46251 | AO80: 46258 | AP80: 46265 | AQ80: 46272 | AR80: 46279 | AS80: 46286 | AT80: 46293 | AU80: 46300 | AV80: 46307 | AW80: 46314 | AX80: 46321 | AY80: 46328 | AZ80: 46335 | BA80: 46342 | BB80: 46349 | BC80: 46356 | BD80: 46363 | BE80: 46370 | BF80: 46377 | BG80: 46384 | BH80: 46391 | BI80: 46398 | DL80: =SUM(BK80:BL80) -> 0 | DM80: =SUM(BM80:BP80) -> 0 | DN80: =SUM(BQ80:BT80) -> 0 | DO80: =SUM(BU80:BY80) -> 0 | DP80: =SUM(BZ80:CC80) -> 0 | DQ80: =SUM(CD80:CG80) -> 0 | DR80: =SUM(CH80:CL80) -> 0 | DS80: =SUM(CM80:CP80) -> 0 | DT80: =SUM(CQ80:CU80) -> 0 | DU80: =SUM(CV80:CY80) -> 0 | DV80: =SUM(CZ80:DC80) -> 0 | DW80: =SUM(DD80:DH80) -> 0
A81: =+A80+1 -> 75 | B81: =IF(F81=$F$7,G82,B80) -> F0013547812 | C81: =IF(F81=$F$7,G83,C80) -> 82115-0EA00 M | D81: =VLOOKUP(B81,'Timing Table'!B:G,6,0) -> #N/A | E81: =VLOOKUP(B81,'Timing Table'!B:D,3,0) -> #N/A | F81: High Raw | G81: 3724 | I81: ETA Date | DL81: =SUM(BK81:BL81) -> 0 | DM81: =SUM(BM81:BP81) -> 0 | DN81: =SUM(BQ81:BT81) -> 0 | DO81: =SUM(BU81:BY81) -> 0 | DP81: =SUM(BZ81:CC81) -> 0 | DQ81: =SUM(CD81:CG81) -> 0 | DR81: =SUM(CH81:CL81) -> 0 | DS81: =SUM(CM81:CP81) -> 0 | DT81: =SUM(CQ81:CU81) -> 0 | DU81: =SUM(CV81:CY81) -> 0 | DV81: =SUM(CZ81:DC81) -> 0 | DW81: =SUM(DD81:DH81) -> 0
A82: =+A81+1 -> 76 | B82: =IF(F82=$F$7,G83,B81) -> F0013547812 | C82: =IF(F82=$F$7,G84,C81) -> 82115-0EA00 M | D82: =VLOOKUP(B82,'Timing Table'!B:G,6,0) -> #N/A | E82: =VLOOKUP(B82,'Timing Table'!B:D,3,0) -> #N/A | F82: Car line | G82: GRAND HIGHLANDER 495D | H82: 82115-0EA00 | I82: Net | J82: 0 | K82: 0 | L82: 0 | M82: 0 | N82: 0 | O82: 0 | P82: 0 | Q82: 412 | R82: 0 | S82: 464 | T82: 460 | U82: 432 | V82: 332 | W82: 240 | X82: 180 | Y82: 180 | Z82: 240 | AA82: 328 | AB82: 332 | AC82: 328 | AD82: 280 | AE82: 276 | AF82: 228 | AG82: 320 | AH82: 196 | AI82: 264 | AJ82: 380 | AK82: 380 | AL82: 536 | AM82: 524 | AN82: 524 | AO82: 524 | AP82: 524 | AQ82: 524 | AR82: 524 | AS82: 524 | AT82: 524 | AU82: 524 | AV82: 524 | AW82: 524 | AX82: 524 | AY82: 524 | AZ82: 524 | BA82: 524 | BB82: 524 | BC82: 524 | BD82: 524 | BE82: 524 | BF82: 524 | BG82: 524 | BH82: 524 | BI82: 524 | BJ82: =+G79 -> 82115-0EA00 M | BK82: =+J82 -> 0 | BL82: =+K82 -> 0 | BM82: =+L82 -> 0 | BN82: =+M82 -> 0 | BO82: =+N82 -> 0 | BP82: =+O82 -> 0 | BQ82: =+P82 -> 0 | BR82: =+Q82 -> 412 | ... DJ82: =+BI82 -> 524 | DL82: =SUM(BK82:BL82) -> 0 | DM82: =SUM(BM82:BP82) -> 0 | DN82: =SUM(BQ82:BT82) -> 876 | DO82: =SUM(BU82:BY82) -> 1644 | DP82: =SUM(BZ82:CC82) -> 1080 | DQ82: =SUM(CD82:CG82) -> 1112 | DR82: =SUM(CH82:CL82) -> 1540 | DS82: =SUM(CM82:CP82) -> 2108 | DT82: =SUM(CQ82:CU82) -> 2620 | DU82: =SUM(CV82:CY82) -> 2096 | DV82: =SUM(CZ82:DC82) -> 2096 | DW82: =SUM(DD82:DH82) -> 2620
A83: =+A82+1 -> 77 | B83: =IF(F83=$F$7,G84,B82) -> F0013547812 | C83: =IF(F83=$F$7,G85,C82) -> 82115-0EA00 M | D83: =VLOOKUP(B83,'Timing Table'!B:G,6,0) -> #N/A | E83: =VLOOKUP(B83,'Timing Table'!B:D,3,0) -> #N/A | F83: Family | G83: 82115 | H83: 82115-0EA00 | I83: Cum | J83: 0 | K83: 0 | L83: 0 | M83: 0 | N83: 0 | O83: 0 | P83: 0 | Q83: 412 | R83: 412 | S83: 876 | T83: 1336 | U83: 1768 | V83: 2100 | W83: 2340 | X83: 2520 | Y83: 2700 | Z83: 2940 | AA83: 3268 | AB83: 3600 | AC83: 3928 | AD83: 4208 | AE83: 4484 | AF83: 4712 | AG83: 5032 | AH83: 5228 | AI83: 5492 | AJ83: 5872 | AK83: 6252 | AL83: 6788 | AM83: 7312 | AN83: 7836 | AO83: 8360 | AP83: 8884 | AQ83: 9408 | AR83: 9932 | AS83: 10456 | AT83: 10980 | AU83: 11504 | AV83: 12028 | AW83: 12552 | AX83: 13076 | AY83: 13600 | AZ83: 14124 | BA83: 14648 | BB83: 15172 | BC83: 15696 | BD83: 16220 | BE83: 16744 | BF83: 17268 | BG83: 17792 | BH83: 18316 | BI83: 18840 | DL83: =SUM(BK83:BL83) -> 0 | DM83: =SUM(BM83:BP83) -> 0 | DN83: =SUM(BQ83:BT83) -> 0 | DO83: =SUM(BU83:BY83) -> 0 | DP83: =SUM(BZ83:CC83) -> 0 | DQ83: =SUM(CD83:CG83) -> 0 | DR83: =SUM(CH83:CL83) -> 0 | DS83: =SUM(CM83:CP83) -> 0 | DT83: =SUM(CQ83:CU83) -> 0 | DU83: =SUM(CV83:CY83) -> 0 | DV83: =SUM(CZ83:DC83) -> 0 | DW83: =SUM(DD83:DH83) -> 0
A84: =+A83+1 -> 78 | B84: =IF(F84=$F$7,G85,B83) -> F0013547812 | C84: =IF(F84=$F$7,G86,C83) -> 82115-0EA00 M | D84: =VLOOKUP(B84,'Timing Table'!B:G,6,0) -> #N/A | E84: =VLOOKUP(B84,'Timing Table'!B:D,3,0) -> #N/A | F84: Cum Received | G84: 0 | H84: Last Goods Receipt Invoice | DL84: =SUM(BK84:BL84) -> 0 | DM84: =SUM(BM84:BP84) -> 0 | DN84: =SUM(BQ84:BT84) -> 0 | DO84: =SUM(BU84:BY84) -> 0 | DP84: =SUM(BZ84:CC84) -> 0 | DQ84: =SUM(CD84:CG84) -> 0 | DR84: =SUM(CH84:CL84) -> 0 | DS84: =SUM(CM84:CP84) -> 0 | DT84: =SUM(CQ84:CU84) -> 0 | DU84: =SUM(CV84:CY84) -> 0 | DV84: =SUM(CZ84:DC84) -> 0 | DW84: =SUM(DD84:DH84) -> 0
A85: =+A84+1 -> 79 | B85: =IF(F85=$F$7,G86,B84) -> F0013547812 | C85: =IF(F85=$F$7,G87,C84) -> 82115-0EA00 M | D85: =VLOOKUP(B85,'Timing Table'!B:G,6,0) -> #N/A | E85: =VLOOKUP(B85,'Timing Table'!B:D,3,0) -> #N/A | F85: Comments | DL85: =SUM(BK85:BL85) -> 0 | DM85: =SUM(BM85:BP85) -> 0 | DN85: =SUM(BQ85:BT85) -> 0 | DO85: =SUM(BU85:BY85) -> 0 | DP85: =SUM(BZ85:CC85) -> 0 | DQ85: =SUM(CD85:CG85) -> 0 | DR85: =SUM(CH85:CL85) -> 0 | DS85: =SUM(CM85:CP85) -> 0 | DT85: =SUM(CQ85:CU85) -> 0 | DU85: =SUM(CV85:CY85) -> 0 | DV85: =SUM(CZ85:DC85) -> 0 | DW85: =SUM(DD85:DH85) -> 0
A86: =+A85+1 -> 80 | B86: =IF(F86=$F$7,G87,B85) -> F0013547812 | C86: =IF(F86=$F$7,G88,C85) -> 82115-0EA00 M | D86: =VLOOKUP(B86,'Timing Table'!B:G,6,0) -> #N/A | E86: =VLOOKUP(B86,'Timing Table'!B:D,3,0) -> #N/A | DL86: =SUM(BK86:BL86) -> 0 | DM86: =SUM(BM86:BP86) -> 0 | DN86: =SUM(BQ86:BT86) -> 0 | DO86: =SUM(BU86:BY86) -> 0 | DP86: =SUM(BZ86:CC86) -> 0 | DQ86: =SUM(CD86:CG86) -> 0 | DR86: =SUM(CH86:CL86) -> 0 | DS86: =SUM(CM86:CP86) -> 0 | DT86: =SUM(CQ86:CU86) -> 0 | DU86: =SUM(CV86:CY86) -> 0 | DV86: =SUM(CZ86:DC86) -> 0 | DW86: =SUM(DD86:DH86) -> 0
A87: =+A86+1 -> 81 | B87: =IF(F87=$F$7,G88,B86) -> F0013547909 | C87: =IF(F87=$F$7,G89,C86) -> 82115-0E440. | D87: =VLOOKUP(B87,'Timing Table'!B:G,6,0) -> #N/A | E87: =VLOOKUP(B87,'Timing Table'!B:D,3,0) -> #N/A | F87: PSA# | G87: 5501017954 | H87: Release# | I87: 91 | J87: BEAMS ID | K87: 1146061 | M87: Release Date | O87: 46086 | P87: Std. Pack | Q87: 4 | DL87: =SUM(BK87:BL87) -> 0 | DM87: =SUM(BM87:BP87) -> 0 | DN87: =SUM(BQ87:BT87) -> 0 | DO87: =SUM(BU87:BY87) -> 0 | DP87: =SUM(BZ87:CC87) -> 0 | DQ87: =SUM(CD87:CG87) -> 0 | DR87: =SUM(CH87:CL87) -> 0 | DS87: =SUM(CM87:CP87) -> 0 | DT87: =SUM(CQ87:CU87) -> 0 | DU87: =SUM(CV87:CY87) -> 0 | DV87: =SUM(CZ87:DC87) -> 0 | DW87: =SUM(DD87:DH87) -> 0
A88: =+A87+1 -> 82 | B88: =IF(F88=$F$7,G89,B87) -> F0013547909 | C88: =IF(F88=$F$7,G90,C87) -> 82115-0E440. | D88: =VLOOKUP(B88,'Timing Table'!B:G,6,0) -> #N/A | E88: =VLOOKUP(B88,'Timing Table'!B:D,3,0) -> #N/A | F88: YNA Part# | G88: F0013547909 | H88: YNA Part Description | I88: 82115-0E440_K0 200D-2023 82115 | M88: Model Year | N88: 2023 | O88: Eng. Revision | Q88: K0 | DL88: =SUM(BK88:BL88) -> 0 | DM88: =SUM(BM88:BP88) -> 0 | DN88: =SUM(BQ88:BT88) -> 0 | DO88: =SUM(BU88:BY88) -> 0 | DP88: =SUM(BZ88:CC88) -> 0 | DQ88: =SUM(CD88:CG88) -> 0 | DR88: =SUM(CH88:CL88) -> 0 | DS88: =SUM(CM88:CP88) -> 0 | DT88: =SUM(CQ88:CU88) -> 0 | DU88: =SUM(CV88:CY88) -> 0 | DV88: =SUM(CZ88:DC88) -> 0 | DW88: =SUM(DD88:DH88) -> 0
A89: =+A88+1 -> 83 | B89: =IF(F89=$F$7,G90,B88) -> F0013547909 | C89: =IF(F89=$F$7,G91,C88) -> 82115-0E440. | D89: =VLOOKUP(B89,'Timing Table'!B:G,6,0) -> #N/A | E89: =VLOOKUP(B89,'Timing Table'!B:D,3,0) -> #N/A | F89: Customer Part# | G89: 82115-0E440. | H89: PIA Part# | Q89: SHIP | R89: FAB | Z89: RAW | DL89: =SUM(BK89:BL89) -> 0 | DM89: =SUM(BM89:BP89) -> 0 | DN89: =SUM(BQ89:BT89) -> 0 | DO89: =SUM(BU89:BY89) -> 0 | DP89: =SUM(BZ89:CC89) -> 0 | DQ89: =SUM(CD89:CG89) -> 0 | DR89: =SUM(CH89:CL89) -> 0 | DS89: =SUM(CM89:CP89) -> 0 | DT89: =SUM(CQ89:CU89) -> 0 | DU89: =SUM(CV89:CY89) -> 0 | DV89: =SUM(CZ89:DC89) -> 0 | DW89: =SUM(DD89:DH89) -> 0
A90: =+A89+1 -> 84 | B90: =IF(F90=$F$7,G91,B89) -> F0013547909 | C90: =IF(F90=$F$7,G92,C89) -> 82115-0E440. | D90: =VLOOKUP(B90,'Timing Table'!B:G,6,0) -> #N/A | E90: =VLOOKUP(B90,'Timing Table'!B:D,3,0) -> #N/A | F90: High Fab | G90: 15736 | H90: B | I90: ETD Date | J90: 46041 | K90: 46048 | L90: 46055 | M90: 46062 | N90: 46069 | O90: 46076 | P90: 46083 | Q90: 46090 | R90: 46097 | S90: 46104 | T90: 46111 | U90: 46118 | V90: 46125 | W90: 46132 | X90: 46139 | Y90: 46146 | Z90: 46153 | AA90: 46160 | AB90: 46167 | AC90: 46174 | AD90: 46181 | AE90: 46188 | AF90: 46195 | AG90: 46202 | AH90: 46209 | AI90: 46216 | AJ90: 46223 | AK90: 46230 | AL90: 46237 | AM90: 46244 | AN90: 46251 | AO90: 46258 | AP90: 46265 | AQ90: 46272 | AR90: 46279 | AS90: 46286 | AT90: 46293 | AU90: 46300 | AV90: 46307 | AW90: 46314 | AX90: 46321 | AY90: 46328 | AZ90: 46335 | BA90: 46342 | BB90: 46349 | BC90: 46356 | BD90: 46363 | BE90: 46370 | BF90: 46377 | BG90: 46384 | BH90: 46391 | BI90: 46398 | DL90: =SUM(BK90:BL90) -> 0 | DM90: =SUM(BM90:BP90) -> 0 | DN90: =SUM(BQ90:BT90) -> 0 | DO90: =SUM(BU90:BY90) -> 0 | DP90: =SUM(BZ90:CC90) -> 0 | DQ90: =SUM(CD90:CG90) -> 0 | DR90: =SUM(CH90:CL90) -> 0 | DS90: =SUM(CM90:CP90) -> 0 | DT90: =SUM(CQ90:CU90) -> 0 | DU90: =SUM(CV90:CY90) -> 0 | DV90: =SUM(CZ90:DC90) -> 0 | DW90: =SUM(DD90:DH90) -> 0
A91: =+A90+1 -> 85 | B91: =IF(F91=$F$7,G92,B90) -> F0013547909 | C91: =IF(F91=$F$7,G93,C90) -> 82115-0E440. | D91: =VLOOKUP(B91,'Timing Table'!B:G,6,0) -> #N/A | E91: =VLOOKUP(B91,'Timing Table'!B:D,3,0) -> #N/A | F91: High Raw | G91: 16744 | I91: ETA Date | DL91: =SUM(BK91:BL91) -> 0 | DM91: =SUM(BM91:BP91) -> 0 | DN91: =SUM(BQ91:BT91) -> 0 | DO91: =SUM(BU91:BY91) -> 0 | DP91: =SUM(BZ91:CC91) -> 0 | DQ91: =SUM(CD91:CG91) -> 0 | DR91: =SUM(CH91:CL91) -> 0 | DS91: =SUM(CM91:CP91) -> 0 | DT91: =SUM(CQ91:CU91) -> 0 | DU91: =SUM(CV91:CY91) -> 0 | DV91: =SUM(CZ91:DC91) -> 0 | DW91: =SUM(DD91:DH91) -> 0
A92: =+A91+1 -> 86 | B92: =IF(F92=$F$7,G93,B91) -> F0013547909 | C92: =IF(F92=$F$7,G94,C91) -> 82115-0E440. | D92: =VLOOKUP(B92,'Timing Table'!B:G,6,0) -> #N/A | E92: =VLOOKUP(B92,'Timing Table'!B:D,3,0) -> #N/A | F92: Car line | G92: GRAND HIGHLANDER 200D | H92: 82115-0E440 | I92: Net | J92: 1224 | K92: 0 | L92: 0 | M92: 0 | N92: 0 | O92: 0 | P92: 0 | Q92: 0 | R92: 0 | S92: 0 | T92: 0 | U92: 0 | V92: 0 | W92: 0 | X92: 0 | Y92: 0 | Z92: 0 | AA92: 0 | AB92: 0 | AC92: 0 | AD92: 0 | AE92: 0 | AF92: 0 | AG92: 0 | AH92: 0 | AI92: 0 | AJ92: 0 | AK92: 0 | AL92: 0 | AM92: 0 | AN92: 0 | AO92: 0 | AP92: 0 | AQ92: 0 | AR92: 0 | AS92: 0 | AT92: 0 | AU92: 0 | AV92: 0 | AW92: 0 | AX92: 0 | AY92: 0 | AZ92: 0 | BA92: 0 | BB92: 0 | BC92: 0 | BD92: 0 | BE92: 0 | BF92: 0 | BG92: 0 | BH92: 0 | BI92: 0 | BJ92: =+G89 -> 82115-0E440. | BK92: =+J92 -> 1224 | BL92: =+K92 -> 0 | BM92: =+L92 -> 0 | BN92: =+M92 -> 0 | BO92: =+N92 -> 0 | BP92: =+O92 -> 0 | BQ92: =+P92 -> 0 | BR92: =+Q92 -> 0 | ... DJ92: =+BI92 -> 0 | DL92: =SUM(BK92:BL92) -> 1224 | DM92: =SUM(BM92:BP92) -> 0 | DN92: =SUM(BQ92:BT92) -> 0 | DO92: =SUM(BU92:BY92) -> 0 | DP92: =SUM(BZ92:CC92) -> 0 | DQ92: =SUM(CD92:CG92) -> 0 | DR92: =SUM(CH92:CL92) -> 0 | DS92: =SUM(CM92:CP92) -> 0 | DT92: =SUM(CQ92:CU92) -> 0 | DU92: =SUM(CV92:CY92) -> 0 | DV92: =SUM(CZ92:DC92) -> 0 | DW92: =SUM(DD92:DH92) -> 0
A93: =+A92+1 -> 87 | B93: =IF(F93=$F$7,G94,B92) -> F0013547909 | C93: =IF(F93=$F$7,G95,C92) -> 82115-0E440. | D93: =VLOOKUP(B93,'Timing Table'!B:G,6,0) -> #N/A | E93: =VLOOKUP(B93,'Timing Table'!B:D,3,0) -> #N/A | F93: Family | G93: 82115 | H93: 82115-0E440 | I93: Cum | J93: 15736 | K93: 15736 | L93: 15736 | M93: 15736 | N93: 15736 | O93: 15736 | P93: 15736 | Q93: 15736 | R93: 15736 | S93: 15736 | T93: 15736 | U93: 15736 | V93: 15736 | W93: 15736 | X93: 15736 | Y93: 15736 | Z93: 15736 | AA93: 15736 | AB93: 15736 | AC93: 15736 | AD93: 15736 | AE93: 15736 | AF93: 15736 | AG93: 15736 | AH93: 15736 | AI93: 15736 | AJ93: 15736 | AK93: 15736 | AL93: 15736 | AM93: 15736 | AN93: 15736 | AO93: 15736 | AP93: 15736 | AQ93: 15736 | AR93: 15736 | AS93: 15736 | AT93: 15736 | AU93: 15736 | AV93: 15736 | AW93: 15736 | AX93: 15736 | AY93: 15736 | AZ93: 15736 | BA93: 15736 | BB93: 15736 | BC93: 15736 | BD93: 15736 | BE93: 15736 | BF93: 15736 | BG93: 15736 | BH93: 15736 | BI93: 15736 | DL93: =SUM(BK93:BL93) -> 0 | DM93: =SUM(BM93:BP93) -> 0 | DN93: =SUM(BQ93:BT93) -> 0 | DO93: =SUM(BU93:BY93) -> 0 | DP93: =SUM(BZ93:CC93) -> 0 | DQ93: =SUM(CD93:CG93) -> 0 | DR93: =SUM(CH93:CL93) -> 0 | DS93: =SUM(CM93:CP93) -> 0 | DT93: =SUM(CQ93:CU93) -> 0 | DU93: =SUM(CV93:CY93) -> 0 | DV93: =SUM(CZ93:DC93) -> 0 | DW93: =SUM(DD93:DH93) -> 0
A94: =+A93+1 -> 88 | B94: =IF(F94=$F$7,G95,B93) -> F0013547909 | C94: =IF(F94=$F$7,G96,C93) -> 82115-0E440. | D94: =VLOOKUP(B94,'Timing Table'!B:G,6,0) -> #N/A | E94: =VLOOKUP(B94,'Timing Table'!B:D,3,0) -> #N/A | F94: Cum Received | G94: 14512 | H94: Last Goods Receipt Invoice | J94: JAOJ60001B | DL94: =SUM(BK94:BL94) -> 0 | DM94: =SUM(BM94:BP94) -> 0 | DN94: =SUM(BQ94:BT94) -> 0 | DO94: =SUM(BU94:BY94) -> 0 | DP94: =SUM(BZ94:CC94) -> 0 | DQ94: =SUM(CD94:CG94) -> 0 | DR94: =SUM(CH94:CL94) -> 0 | DS94: =SUM(CM94:CP94) -> 0 | DT94: =SUM(CQ94:CU94) -> 0 | DU94: =SUM(CV94:CY94) -> 0 | DV94: =SUM(CZ94:DC94) -> 0 | DW94: =SUM(DD94:DH94) -> 0
A95: =+A94+1 -> 89 | B95: =IF(F95=$F$7,G96,B94) -> F0013547909 | C95: =IF(F95=$F$7,#REF!,C94) -> 82115-0E440. | D95: =VLOOKUP(B95,'Timing Table'!B:G,6,0) -> #N/A | E95: =VLOOKUP(B95,'Timing Table'!B:D,3,0) -> #N/A | F95: Comments | DL95: =SUM(BK95:BL95) -> 0 | DM95: =SUM(BM95:BP95) -> 0 | DN95: =SUM(BQ95:BT95) -> 0 | DO95: =SUM(BU95:BY95) -> 0 | DP95: =SUM(BZ95:CC95) -> 0 | DQ95: =SUM(CD95:CG95) -> 0 | DR95: =SUM(CH95:CL95) -> 0 | DS95: =SUM(CM95:CP95) -> 0 | DT95: =SUM(CQ95:CU95) -> 0 | DU95: =SUM(CV95:CY95) -> 0 | DV95: =SUM(CZ95:DC95) -> 0 | DW95: =SUM(DD95:DH95) -> 0
A96: =+A95+1 -> 90 | B96: =IF(F96=$F$7,#REF!,B95) -> F0013547909 | C96: =IF(F96=$F$7,#REF!,C95) -> 82115-0E440. | D96: =VLOOKUP(B96,'Timing Table'!B:G,6,0) -> #N/A | E96: =VLOOKUP(B96,'Timing Table'!B:D,3,0) -> #N/A | DL96: =SUM(BK96:BL96) -> 0 | DM96: =SUM(BM96:BP96) -> 0 | DN96: =SUM(BQ96:BT96) -> 0 | DO96: =SUM(BU96:BY96) -> 0 | DP96: =SUM(BZ96:CC96) -> 0 | DQ96: =SUM(CD96:CG96) -> 0 | DR96: =SUM(CH96:CL96) -> 0 | DS96: =SUM(CM96:CP96) -> 0 | DT96: =SUM(CQ96:CU96) -> 0 | DU96: =SUM(CV96:CY96) -> 0 | DV96: =SUM(CZ96:DC96) -> 0 | DW96: =SUM(DD96:DH96) -> 0
A97: =+A96+1 -> 91 | B97: =IF(F97=$F$7,G98,#REF!) -> F0013547911 | C97: =IF(F97=$F$7,G99,#REF!) -> 82115-0E440 L | D97: =VLOOKUP(B97,'Timing Table'!B:G,6,0) -> #N/A | E97: =VLOOKUP(B97,'Timing Table'!B:D,3,0) -> #N/A | F97: PSA# | G97: 5501065659 | H97: Release# | I97: 9 | J97: BEAMS ID | K97: 1179878 | M97: Release Date | O97: 46086 | P97: Std. Pack | Q97: 4 | DL97: =SUM(BK97:BL97) -> 0 | DM97: =SUM(BM97:BP97) -> 0 | DN97: =SUM(BQ97:BT97) -> 0 | DO97: =SUM(BU97:BY97) -> 0 | DP97: =SUM(BZ97:CC97) -> 0 | DQ97: =SUM(CD97:CG97) -> 0 | DR97: =SUM(CH97:CL97) -> 0 | DS97: =SUM(CM97:CP97) -> 0 | DT97: =SUM(CQ97:CU97) -> 0 | DU97: =SUM(CV97:CY97) -> 0 | DV97: =SUM(CZ97:DC97) -> 0 | DW97: =SUM(DD97:DH97) -> 0
A98: =+A97+1 -> 92 | B98: =IF(F98=$F$7,G99,B97) -> F0013547911 | C98: =IF(F98=$F$7,G100,C97) -> 82115-0E440 L | D98: =VLOOKUP(B98,'Timing Table'!B:G,6,0) -> #N/A | E98: =VLOOKUP(B98,'Timing Table'!B:D,3,0) -> #N/A | F98: YNA Part# | G98: F0013547911 | H98: YNA Part Description | I98: 82115-0E440_L0 491D-2025 82115 | M98: Model Year | N98: 2023 | O98: Eng. Revision | Q98: L0 | DL98: =SUM(BK98:BL98) -> 0 | DM98: =SUM(BM98:BP98) -> 0 | DN98: =SUM(BQ98:BT98) -> 0 | DO98: =SUM(BU98:BY98) -> 0 | DP98: =SUM(BZ98:CC98) -> 0 | DQ98: =SUM(CD98:CG98) -> 0 | DR98: =SUM(CH98:CL98) -> 0 | DS98: =SUM(CM98:CP98) -> 0 | DT98: =SUM(CQ98:CU98) -> 0 | DU98: =SUM(CV98:CY98) -> 0 | DV98: =SUM(CZ98:DC98) -> 0 | DW98: =SUM(DD98:DH98) -> 0
A99: =+A98+1 -> 93 | B99: =IF(F99=$F$7,G100,B98) -> F0013547911 | C99: =IF(F99=$F$7,G101,C98) -> 82115-0E440 L | D99: =VLOOKUP(B99,'Timing Table'!B:G,6,0) -> #N/A | E99: =VLOOKUP(B99,'Timing Table'!B:D,3,0) -> #N/A | F99: Customer Part# | G99: 82115-0E440 L | H99: PIA Part# | Q99: SHIP | R99: FAB | Z99: RAW | DL99: =SUM(BK99:BL99) -> 0 | DM99: =SUM(BM99:BP99) -> 0 | DN99: =SUM(BQ99:BT99) -> 0 | DO99: =SUM(BU99:BY99) -> 0 | DP99: =SUM(BZ99:CC99) -> 0 | DQ99: =SUM(CD99:CG99) -> 0 | DR99: =SUM(CH99:CL99) -> 0 | DS99: =SUM(CM99:CP99) -> 0 | DT99: =SUM(CQ99:CU99) -> 0 | DU99: =SUM(CV99:CY99) -> 0 | DV99: =SUM(CZ99:DC99) -> 0 | DW99: =SUM(DD99:DH99) -> 0
A100: =+A99+1 -> 94 | B100: =IF(F100=$F$7,G101,B99) -> F0013547911 | C100: =IF(F100=$F$7,G102,C99) -> 82115-0E440 L | D100: =VLOOKUP(B100,'Timing Table'!B:G,6,0) -> #N/A | E100: =VLOOKUP(B100,'Timing Table'!B:D,3,0) -> #N/A | F100: High Fab | G100: 3336 | H100: B | I100: ETD Date | J100: 46041 | K100: 46048 | L100: 46055 | M100: 46062 | N100: 46069 | O100: 46076 | P100: 46083 | Q100: 46090 | R100: 46097 | S100: 46104 | T100: 46111 | U100: 46118 | V100: 46125 | W100: 46132 | X100: 46139 | Y100: 46146 | Z100: 46153 | AA100: 46160 | AB100: 46167 | AC100: 46174 | AD100: 46181 | AE100: 46188 | AF100: 46195 | AG100: 46202 | AH100: 46209 | AI100: 46216 | AJ100: 46223 | AK100: 46230 | AL100: 46237 | AM100: 46244 | AN100: 46251 | AO100: 46258 | AP100: 46265 | AQ100: 46272 | AR100: 46279 | AS100: 46286 | AT100: 46293 | AU100: 46300 | AV100: 46307 | AW100: 46314 | AX100: 46321 | AY100: 46328 | AZ100: 46335 | BA100: 46342 | BB100: 46349 | BC100: 46356 | BD100: 46363 | BE100: 46370 | BF100: 46377 | BG100: 46384 | BH100: 46391 | BI100: 46398 | DL100: =SUM(BK100:BL100) -> 0 | DM100: =SUM(BM100:BP100) -> 0 | DN100: =SUM(BQ100:BT100) -> 0 | DO100: =SUM(BU100:BY100) -> 0 | DP100: =SUM(BZ100:CC100) -> 0 | DQ100: =SUM(CD100:CG100) -> 0 | DR100: =SUM(CH100:CL100) -> 0 | DS100: =SUM(CM100:CP100) -> 0 | DT100: =SUM(CQ100:CU100) -> 0 | DU100: =SUM(CV100:CY100) -> 0 | DV100: =SUM(CZ100:DC100) -> 0 | DW100: =SUM(DD100:DH100) -> 0
A101: =+A100+1 -> 95 | B101: =IF(F101=$F$7,G102,B100) -> F0013547911 | C101: =IF(F101=$F$7,G103,C100) -> 82115-0E440 L | D101: =VLOOKUP(B101,'Timing Table'!B:G,6,0) -> #N/A | E101: =VLOOKUP(B101,'Timing Table'!B:D,3,0) -> #N/A | F101: High Raw | G101: 5960 | I101: ETA Date | DL101: =SUM(BK101:BL101) -> 0 | DM101: =SUM(BM101:BP101) -> 0 | DN101: =SUM(BQ101:BT101) -> 0 | DO101: =SUM(BU101:BY101) -> 0 | DP101: =SUM(BZ101:CC101) -> 0 | DQ101: =SUM(CD101:CG101) -> 0 | DR101: =SUM(CH101:CL101) -> 0 | DS101: =SUM(CM101:CP101) -> 0 | DT101: =SUM(CQ101:CU101) -> 0 | DU101: =SUM(CV101:CY101) -> 0 | DV101: =SUM(CZ101:DC101) -> 0 | DW101: =SUM(DD101:DH101) -> 0
...

Sheet Sheet1
B2: F0013546307 | C2: 82115-0EA10_H0 200D Hybrid-2023 82115
B3: F0013547307 | C3: 82115-0E490_H0 200D Hybrid-2023 82115
B4: F0013547807 | C4: 82115-0EA00_H0 200D-2023 82115
B5: F0013547907 | C5: 82115-0E440_H0 200D-2023 82115
B6: F0013548007 | C6: 82115-0E460_H0 200D-2023 82115
B7: F0013548107 | C7: 82115-0E450_H0 200D-2023 82115
B8: F0014825701 | C8: 82115-0E310_A0 564D-2025 82115
B9: F0014825801 | C9: 82115-0EZ80_A0 564D-2025 82115
B10: F0014825901 | C10: 82115-0EZ30_A0 564D-2025 82115
B11: F0014826001 | C11: 82115-0EZ60_A0 564D-2025 82115
B12: F0014826101 | C12: 82115-0EZ40_A0 564D-2025 82115
B13: F0014826201 | C13: 82115-0EZ90_A0 564D-2025 82115
... B24: F0014827301 | C24: 82115-0E511_A0 564D-2025 82115

Sheet JAI TOTALs
C2: ETD Date | E2: ='Final SR'!$J$10 -> 46041 | F2: =E2+7 -> 46048 | G2: =F2+7 -> 46055 | H2: =G2+7 -> 46062 | I2: =H2+7 -> 46069 | J2: =I2+7 -> 46076 | K2: =J2+7 -> 46083 | L2: =K2+7 -> 46090 | M2: =L2+7 -> 46097 | ... AH2: =AG2+7 -> 46244
L4: SHIP | M4: FAB | U4: RAW
A5: Family Totals | B5: 220D- GAS | C5: Net Family Totals | E5: =SUMIFS('Final SR'!J:J,'Final SR'!$E:$E,TOTALss!$B6,'Final SR'!$I:$I,'Final SR'!$I$12) -> 0 | F5: =SUMIFS('Final SR'!K:K,'Final SR'!$E:$E,TOTALss!$B6,'Final SR'!$I:$I,'Final SR'!$I$12) -> 0 | G5: =SUMIFS('Final SR'!L:L,'Final SR'!$E:$E,TOTALss!$B6,'Final SR'!$I:$I,'Final SR'!$I$12) -> 0 | H5: =SUMIFS('Final SR'!M:M,'Final SR'!$E:$E,TOTALss!$B6,'Final SR'!$I:$I,'Final SR'!$I$12) -> 0 | I5: =SUMIFS('Final SR'!N:N,'Final SR'!$E:$E,TOTALss!$B6,'Final SR'!$I:$I,'Final SR'!$I$12) -> 0 | J5: =SUMIFS('Final SR'!O:O,'Final SR'!$E:$E,TOTALss!$B6,'Final SR'!$I:$I,'Final SR'!$I$12) -> 0 | K5: =SUMIFS('Final SR'!P:P,'Final SR'!$E:$E,TOTALss!$B6,'Final SR'!$I:$I,'Final SR'!$I$12) -> 0 | L5: =SUMIFS('Final SR'!Q:Q,'Final SR'!$E:$E,TOTALss!$B6,'Final SR'!$I:$I,'Final SR'!$I$12) -> 0 | M5: =SUMIFS('Final SR'!R:R,'Final SR'!$E:$E,TOTALss!$B6,'Final SR'!$I:$I,'Final SR'!$I$12) -> 0 | N5: =SUMIFS('Final SR'!S:S,'Final SR'!$E:$E,TOTALss!$B6,'Final SR'!$I:$I,'Final SR'!$I$12) -> 0 | O5: =SUMIFS('Final SR'!T:T,'Final SR'!$E:$E,TOTALss!$B6,'Final SR'!$I:$I,'Final SR'!$I$12) -> 0 | P5: =SUMIFS('Final SR'!U:U,'Final SR'!$E:$E,TOTALss!$B6,'Final SR'!$I:$I,'Final SR'!$I$12) -> 0 | Q5: =SUMIFS('Final SR'!V:V,'Final SR'!$E:$E,TOTALss!$B6,'Final SR'!$I:$I,'Final SR'!$I$12) -> 0 | R5: =SUMIFS('Final SR'!W:W,'Final SR'!$E:$E,TOTALss!$B6,'Final SR'!$I:$I,'Final SR'!$I$12) -> 0 | S5: =SUMIFS('Final SR'!X:X,'Final SR'!$E:$E,TOTALss!$B6,'Final SR'!$I:$I,'Final SR'!$I$12) -> 0 | T5: =SUMIFS('Final SR'!Y:Y,'Final SR'!$E:$E,TOTALss!$B6,'Final SR'!$I:$I,'Final SR'!$I$12) -> 0 | U5: =SUMIFS('Final SR'!Z:Z,'Final SR'!$E:$E,TOTALss!$B6,'Final SR'!$I:$I,'Final SR'!$I$12) -> 0 | V5: =SUMIFS('Final SR'!AA:AA,'Final SR'!$E:$E,TOTALss!$B6,'Final SR'!$I:$I,'Final SR'!$I$12) -> 0 | W5: =SUMIFS('Final SR'!AB:AB,'Final SR'!$E:$E,TOTALss!$B6,'Final SR'!$I:$I,'Final SR'!$I$12) -> 0 | X5: =SUMIFS('Final SR'!AC:AC,'Final SR'!$E:$E,TOTALss!$B6,'Final SR'!$I:$I,'Final SR'!$I$12) -> 0 | Y5: =SUMIFS('Final SR'!AD:AD,'Final SR'!$E:$E,TOTALss!$B6,'Final SR'!$I:$I,'Final SR'!$I$12) -> 0 | Z5: =SUMIFS('Final SR'!AE:AE,'Final SR'!$E:$E,TOTALss!$B6,'Final SR'!$I:$I,'Final SR'!$I$12) -> 0 | AA5: =SUMIFS('Final SR'!AF:AF,'Final SR'!$E:$E,TOTALss!$B6,'Final SR'!$I:$I,'Final SR'!$I$12) -> 0 | AB5: =SUMIFS('Final SR'!AG:AG,'Final SR'!$E:$E,TOTALss!$B6,'Final SR'!$I:$I,'Final SR'!$I$12) -> 0 | AC5: =SUMIFS('Final SR'!AH:AH,'Final SR'!$E:$E,TOTALss!$B6,'Final SR'!$I:$I,'Final SR'!$I$12) -> 0 | AD5: =SUMIFS('Final SR'!AI:AI,'Final SR'!$E:$E,TOTALss!$B6,'Final SR'!$I:$I,'Final SR'!$I$12) -> 0 | AE5: =SUMIFS('Final SR'!AJ:AJ,'Final SR'!$E:$E,TOTALss!$B6,'Final SR'!$I:$I,'Final SR'!$I$12) -> 0 | AF5: =SUMIFS('Final SR'!AK:AK,'Final SR'!$E:$E,TOTALss!$B6,'Final SR'!$I:$I,'Final SR'!$I$12) -> 0 | AG5: =SUMIFS('Final SR'!AL:AL,'Final SR'!$E:$E,TOTALss!$B6,'Final SR'!$I:$I,'Final SR'!$I$12) -> 0 | AH5: =SUMIFS('Final SR'!AM:AM,'Final SR'!$E:$E,TOTALss!$B6,'Final SR'!$I:$I,'Final SR'!$I$12) -> 0
C6: Cum Family Totals | E6: =+E5+D6 -> 0 | F6: =+F5+E6 -> 0 | G6: =+G5+F6 -> 0 | H6: =+H5+G6 -> 0 | I6: =+I5+H6 -> 0 | J6: =+J5+I6 -> 0 | K6: =+K5+J6 -> 0 | L6: =+L5+K6 -> 0 | ... AH6: =+AH5+AG6 -> 0
L7: SHIP | M7: FAB | U7: RAW
K8: SHIP | L8: FAB
G9: =B5 -> 220D- GAS | H9: THIS WEEK | I9: NET | J9: =K5 -> 0 | K9: =L5 -> 0 | L9: =M5 -> 0 | M9: =K9=K11 -> FALSE | N9: =K10-K12 -> 0
I10: CUM | J10: =K6 -> 0 | K10: 10186 | L10: =M6 -> 0 | M10: =K10=K12 -> TRUE
H11: LAST SR | I11: NET | K11: 752
I12: CUM | K12: 10186
L14: SHIP | M14: FAB | U14: RAW
A15: Family Totals | B15: 220D-HV | C15: Net Family Totals | E15: =SUMIFS('Final SR'!J:J,'Final SR'!$E:$E,TOTALss!$B56,'Final SR'!$I:$I,'Final SR'!$I$12) -> 0 | F15: =SUMIFS('Final SR'!K:K,'Final SR'!$E:$E,TOTALss!$B56,'Final SR'!$I:$I,'Final SR'!$I$12) -> 0 | G15: =SUMIFS('Final SR'!L:L,'Final SR'!$E:$E,TOTALss!$B56,'Final SR'!$I:$I,'Final SR'!$I$12) -> 0 | H15: =SUMIFS('Final SR'!M:M,'Final SR'!$E:$E,TOTALss!$B56,'Final SR'!$I:$I,'Final SR'!$I$12) -> 0 | I15: =SUMIFS('Final SR'!N:N,'Final SR'!$E:$E,TOTALss!$B56,'Final SR'!$I:$I,'Final SR'!$I$12) -> 0 | J15: =SUMIFS('Final SR'!O:O,'Final SR'!$E:$E,TOTALss!$B56,'Final SR'!$I:$I,'Final SR'!$I$12) -> 0 | K15: =SUMIFS('Final SR'!P:P,'Final SR'!$E:$E,TOTALss!$B56,'Final SR'!$I:$I,'Final SR'!$I$12) -> 0 | L15: =SUMIFS('Final SR'!Q:Q,'Final SR'!$E:$E,TOTALss!$B56,'Final SR'!$I:$I,'Final SR'!$I$12) -> 0 | M15: =SUMIFS('Final SR'!R:R,'Final SR'!$E:$E,TOTALss!$B56,'Final SR'!$I:$I,'Final SR'!$I$12) -> 0 | N15: =SUMIFS('Final SR'!S:S,'Final SR'!$E:$E,TOTALss!$B56,'Final SR'!$I:$I,'Final SR'!$I$12) -> 0 | O15: =SUMIFS('Final SR'!T:T,'Final SR'!$E:$E,TOTALss!$B56,'Final SR'!$I:$I,'Final SR'!$I$12) -> 0 | P15: =SUMIFS('Final SR'!U:U,'Final SR'!$E:$E,TOTALss!$B56,'Final SR'!$I:$I,'Final SR'!$I$12) -> 0 | Q15: =SUMIFS('Final SR'!V:V,'Final SR'!$E:$E,TOTALss!$B56,'Final SR'!$I:$I,'Final SR'!$I$12) -> 0 | R15: =SUMIFS('Final SR'!W:W,'Final SR'!$E:$E,TOTALss!$B56,'Final SR'!$I:$I,'Final SR'!$I$12) -> 0 | S15: =SUMIFS('Final SR'!X:X,'Final SR'!$E:$E,TOTALss!$B56,'Final SR'!$I:$I,'Final SR'!$I$12) -> 0 | T15: =SUMIFS('Final SR'!Y:Y,'Final SR'!$E:$E,TOTALss!$B56,'Final SR'!$I:$I,'Final SR'!$I$12) -> 0 | U15: =SUMIFS('Final SR'!Z:Z,'Final SR'!$E:$E,TOTALss!$B56,'Final SR'!$I:$I,'Final SR'!$I$12) -> 0 | V15: =SUMIFS('Final SR'!AA:AA,'Final SR'!$E:$E,TOTALss!$B56,'Final SR'!$I:$I,'Final SR'!$I$12) -> 0 | W15: =SUMIFS('Final SR'!AB:AB,'Final SR'!$E:$E,TOTALss!$B56,'Final SR'!$I:$I,'Final SR'!$I$12) -> 0 | X15: =SUMIFS('Final SR'!AC:AC,'Final SR'!$E:$E,TOTALss!$B56,'Final SR'!$I:$I,'Final SR'!$I$12) -> 0 | Y15: =SUMIFS('Final SR'!AD:AD,'Final SR'!$E:$E,TOTALss!$B56,'Final SR'!$I:$I,'Final SR'!$I$12) -> 0 | Z15: =SUMIFS('Final SR'!AE:AE,'Final SR'!$E:$E,TOTALss!$B56,'Final SR'!$I:$I,'Final SR'!$I$12) -> 0 | AA15: =SUMIFS('Final SR'!AF:AF,'Final SR'!$E:$E,TOTALss!$B56,'Final SR'!$I:$I,'Final SR'!$I$12) -> 0 | AB15: =SUMIFS('Final SR'!AG:AG,'Final SR'!$E:$E,TOTALss!$B56,'Final SR'!$I:$I,'Final SR'!$I$12) -> 0 | AC15: =SUMIFS('Final SR'!AH:AH,'Final SR'!$E:$E,TOTALss!$B56,'Final SR'!$I:$I,'Final SR'!$I$12) -> 0 | AD15: =SUMIFS('Final SR'!AI:AI,'Final SR'!$E:$E,TOTALss!$B56,'Final SR'!$I:$I,'Final SR'!$I$12) -> 0 | AE15: =SUMIFS('Final SR'!AJ:AJ,'Final SR'!$E:$E,TOTALss!$B56,'Final SR'!$I:$I,'Final SR'!$I$12) -> 0 | AF15: =SUMIFS('Final SR'!AK:AK,'Final SR'!$E:$E,TOTALss!$B56,'Final SR'!$I:$I,'Final SR'!$I$12) -> 0 | AG15: =SUMIFS('Final SR'!AL:AL,'Final SR'!$E:$E,TOTALss!$B56,'Final SR'!$I:$I,'Final SR'!$I$12) -> 0 | AH15: =SUMIFS('Final SR'!AM:AM,'Final SR'!$E:$E,TOTALss!$B56,'Final SR'!$I:$I,'Final SR'!$I$12) -> 0
C16: Cum Family Totals | E16: =SUMIFS('Final SR'!J:J,'Final SR'!$E:$E,TOTALss!$B56,'Final SR'!$I:$I,'Final SR'!$I$13) -> 0 | F16: =SUMIFS('Final SR'!K:K,'Final SR'!$E:$E,TOTALss!$B56,'Final SR'!$I:$I,'Final SR'!$I$13) -> 0 | G16: =SUMIFS('Final SR'!L:L,'Final SR'!$E:$E,TOTALss!$B56,'Final SR'!$I:$I,'Final SR'!$I$13) -> 0 | H16: =SUMIFS('Final SR'!M:M,'Final SR'!$E:$E,TOTALss!$B56,'Final SR'!$I:$I,'Final SR'!$I$13) -> 0 | I16: =SUMIFS('Final SR'!N:N,'Final SR'!$E:$E,TOTALss!$B56,'Final SR'!$I:$I,'Final SR'!$I$13) -> 0 | J16: =SUMIFS('Final SR'!O:O,'Final SR'!$E:$E,TOTALss!$B56,'Final SR'!$I:$I,'Final SR'!$I$13) -> 0 | K16: =SUMIFS('Final SR'!P:P,'Final SR'!$E:$E,TOTALss!$B56,'Final SR'!$I:$I,'Final SR'!$I$13) -> 0 | L16: =SUMIFS('Final SR'!Q:Q,'Final SR'!$E:$E,TOTALss!$B56,'Final SR'!$I:$I,'Final SR'!$I$13) -> 0 | M16: =SUMIFS('Final SR'!R:R,'Final SR'!$E:$E,TOTALss!$B56,'Final SR'!$I:$I,'Final SR'!$I$13) -> 0 | N16: =SUMIFS('Final SR'!S:S,'Final SR'!$E:$E,TOTALss!$B56,'Final SR'!$I:$I,'Final SR'!$I$13) -> 0 | O16: =SUMIFS('Final SR'!T:T,'Final SR'!$E:$E,TOTALss!$B56,'Final SR'!$I:$I,'Final SR'!$I$13) -> 0 | P16: =SUMIFS('Final SR'!U:U,'Final SR'!$E:$E,TOTALss!$B56,'Final SR'!$I:$I,'Final SR'!$I$13) -> 0 | Q16: =SUMIFS('Final SR'!V:V,'Final SR'!$E:$E,TOTALss!$B56,'Final SR'!$I:$I,'Final SR'!$I$13) -> 0 | R16: =SUMIFS('Final SR'!W:W,'Final SR'!$E:$E,TOTALss!$B56,'Final SR'!$I:$I,'Final SR'!$I$13) -> 0 | S16: =SUMIFS('Final SR'!X:X,'Final SR'!$E:$E,TOTALss!$B56,'Final SR'!$I:$I,'Final SR'!$I$13) -> 0 | T16: =SUMIFS('Final SR'!Y:Y,'Final SR'!$E:$E,TOTALss!$B56,'Final SR'!$I:$I,'Final SR'!$I$13) -> 0 | U16: =SUMIFS('Final SR'!Z:Z,'Final SR'!$E:$E,TOTALss!$B56,'Final SR'!$I:$I,'Final SR'!$I$13) -> 0 | V16: =SUMIFS('Final SR'!AA:AA,'Final SR'!$E:$E,TOTALss!$B56,'Final SR'!$I:$I,'Final SR'!$I$13) -> 0 | W16: =SUMIFS('Final SR'!AB:AB,'Final SR'!$E:$E,TOTALss!$B56,'Final SR'!$I:$I,'Final SR'!$I$13) -> 0 | X16: =SUMIFS('Final SR'!AC:AC,'Final SR'!$E:$E,TOTALss!$B56,'Final SR'!$I:$I,'Final SR'!$I$13) -> 0 | Y16: =SUMIFS('Final SR'!AD:AD,'Final SR'!$E:$E,TOTALss!$B56,'Final SR'!$I:$I,'Final SR'!$I$13) -> 0 | Z16: =SUMIFS('Final SR'!AE:AE,'Final SR'!$E:$E,TOTALss!$B56,'Final SR'!$I:$I,'Final SR'!$I$13) -> 0 | AA16: =SUMIFS('Final SR'!AF:AF,'Final SR'!$E:$E,TOTALss!$B56,'Final SR'!$I:$I,'Final SR'!$I$13) -> 0 | AB16: =SUMIFS('Final SR'!AG:AG,'Final SR'!$E:$E,TOTALss!$B56,'Final SR'!$I:$I,'Final SR'!$I$13) -> 0 | AC16: =SUMIFS('Final SR'!AH:AH,'Final SR'!$E:$E,TOTALss!$B56,'Final SR'!$I:$I,'Final SR'!$I$13) -> 0 | AD16: =SUMIFS('Final SR'!AI:AI,'Final SR'!$E:$E,TOTALss!$B56,'Final SR'!$I:$I,'Final SR'!$I$13) -> 0 | AE16: =SUMIFS('Final SR'!AJ:AJ,'Final SR'!$E:$E,TOTALss!$B56,'Final SR'!$I:$I,'Final SR'!$I$13) -> 0 | AF16: =SUMIFS('Final SR'!AK:AK,'Final SR'!$E:$E,TOTALss!$B56,'Final SR'!$I:$I,'Final SR'!$I$13) -> 0 | AG16: =SUMIFS('Final SR'!AL:AL,'Final SR'!$E:$E,TOTALss!$B56,'Final SR'!$I:$I,'Final SR'!$I$13) -> 0 | AH16: =SUMIFS('Final SR'!AM:AM,'Final SR'!$E:$E,TOTALss!$B56,'Final SR'!$I:$I,'Final SR'!$I$13) -> 0
L17: SHIP | M17: FAB | U17: RAW
K18: SHIP | L18: FAB
G19: =B15 -> 220D-HV | H19: THIS WEEK | I19: NET | J19: =K15 -> 0 | K19: =L15 -> 0 | L19: =M15 -> 0 | M19: =K19=K21 -> TRUE | N19: =K20-K22 -> -7228
I20: CUM | J20: =K16 -> 0 | K20: =L16 -> 0 | L20: =M16 -> 0 | M20: =K20=K22 -> FALSE
H21: LAST SR | I21: NET | K21: 0
I22: CUM | K22: 7228
L24: SHIP | M24: FAB | U24: RAW
A25: Family Totals | B25: 200D-GAS | C25: Net Family Totals | E25: =SUMIFS('Final SR'!J:J,'Final SR'!$E:$E,TOTALss!$B106,'Final SR'!$I:$I,'Final SR'!$I$12) -> 0 | F25: =SUMIFS('Final SR'!K:K,'Final SR'!$E:$E,TOTALss!$B106,'Final SR'!$I:$I,'Final SR'!$I$12) -> 0 | G25: =SUMIFS('Final SR'!L:L,'Final SR'!$E:$E,TOTALss!$B106,'Final SR'!$I:$I,'Final SR'!$I$12) -> 0 | H25: =SUMIFS('Final SR'!M:M,'Final SR'!$E:$E,TOTALss!$B106,'Final SR'!$I:$I,'Final SR'!$I$12) -> 0 | I25: =SUMIFS('Final SR'!N:N,'Final SR'!$E:$E,TOTALss!$B106,'Final SR'!$I:$I,'Final SR'!$I$12) -> 0 | J25: =SUMIFS('Final SR'!O:O,'Final SR'!$E:$E,TOTALss!$B106,'Final SR'!$I:$I,'Final SR'!$I$12) -> 0 | K25: =SUMIFS('Final SR'!P:P,'Final SR'!$E:$E,TOTALss!$B106,'Final SR'!$I:$I,'Final SR'!$I$12) -> 0 | L25: =SUMIFS('Final SR'!Q:Q,'Final SR'!$E:$E,TOTALss!$B106,'Final SR'!$I:$I,'Final SR'!$I$12) -> 0 | M25: =SUMIFS('Final SR'!R:R,'Final SR'!$E:$E,TOTALss!$B106,'Final SR'!$I:$I,'Final SR'!$I$12) -> 0 | N25: =SUMIFS('Final SR'!S:S,'Final SR'!$E:$E,TOTALss!$B106,'Final SR'!$I:$I,'Final SR'!$I$12) -> 0 | O25: =SUMIFS('Final SR'!T:T,'Final SR'!$E:$E,TOTALss!$B106,'Final SR'!$I:$I,'Final SR'!$I$12) -> 0 | P25: =SUMIFS('Final SR'!U:U,'Final SR'!$E:$E,TOTALss!$B106,'Final SR'!$I:$I,'Final SR'!$I$12) -> 0 | Q25: =SUMIFS('Final SR'!V:V,'Final SR'!$E:$E,TOTALss!$B106,'Final SR'!$I:$I,'Final SR'!$I$12) -> 0 | R25: =SUMIFS('Final SR'!W:W,'Final SR'!$E:$E,TOTALss!$B106,'Final SR'!$I:$I,'Final SR'!$I$12) -> 0 | S25: =SUMIFS('Final SR'!X:X,'Final SR'!$E:$E,TOTALss!$B106,'Final SR'!$I:$I,'Final SR'!$I$12) -> 0 | T25: =SUMIFS('Final SR'!Y:Y,'Final SR'!$E:$E,TOTALss!$B106,'Final SR'!$I:$I,'Final SR'!$I$12) -> 0 | U25: =SUMIFS('Final SR'!Z:Z,'Final SR'!$E:$E,TOTALss!$B106,'Final SR'!$I:$I,'Final SR'!$I$12) -> 0 | V25: =SUMIFS('Final SR'!AA:AA,'Final SR'!$E:$E,TOTALss!$B106,'Final SR'!$I:$I,'Final SR'!$I$12) -> 0 | W25: =SUMIFS('Final SR'!AB:AB,'Final SR'!$E:$E,TOTALss!$B106,'Final SR'!$I:$I,'Final SR'!$I$12) -> 0 | X25: =SUMIFS('Final SR'!AC:AC,'Final SR'!$E:$E,TOTALss!$B106,'Final SR'!$I:$I,'Final SR'!$I$12) -> 0 | Y25: =SUMIFS('Final SR'!AD:AD,'Final SR'!$E:$E,TOTALss!$B106,'Final SR'!$I:$I,'Final SR'!$I$12) -> 0 | Z25: =SUMIFS('Final SR'!AE:AE,'Final SR'!$E:$E,TOTALss!$B106,'Final SR'!$I:$I,'Final SR'!$I$12) -> 0 | AA25: =SUMIFS('Final SR'!AF:AF,'Final SR'!$E:$E,TOTALss!$B106,'Final SR'!$I:$I,'Final SR'!$I$12) -> 0 | AB25: =SUMIFS('Final SR'!AG:AG,'Final SR'!$E:$E,TOTALss!$B106,'Final SR'!$I:$I,'Final SR'!$I$12) -> 0 | AC25: =SUMIFS('Final SR'!AH:AH,'Final SR'!$E:$E,TOTALss!$B106,'Final SR'!$I:$I,'Final SR'!$I$12) -> 0 | AD25: =SUMIFS('Final SR'!AI:AI,'Final SR'!$E:$E,TOTALss!$B106,'Final SR'!$I:$I,'Final SR'!$I$12) -> 0 | AE25: =SUMIFS('Final SR'!AJ:AJ,'Final SR'!$E:$E,TOTALss!$B106,'Final SR'!$I:$I,'Final SR'!$I$12) -> 0 | AF25: =SUMIFS('Final SR'!AK:AK,'Final SR'!$E:$E,TOTALss!$B106,'Final SR'!$I:$I,'Final SR'!$I$12) -> 0 | AG25: =SUMIFS('Final SR'!AL:AL,'Final SR'!$E:$E,TOTALss!$B106,'Final SR'!$I:$I,'Final SR'!$I$12) -> 0 | AH25: =SUMIFS('Final SR'!AM:AM,'Final SR'!$E:$E,TOTALss!$B106,'Final SR'!$I:$I,'Final SR'!$I$12) -> 0
C26: Cum Family Totals | E26: =SUMIFS('Final SR'!J:J,'Final SR'!$E:$E,TOTALss!$B106,'Final SR'!$I:$I,'Final SR'!$I$13) -> 0 | F26: =SUMIFS('Final SR'!K:K,'Final SR'!$E:$E,TOTALss!$B106,'Final SR'!$I:$I,'Final SR'!$I$13) -> 0 | G26: =SUMIFS('Final SR'!L:L,'Final SR'!$E:$E,TOTALss!$B106,'Final SR'!$I:$I,'Final SR'!$I$13) -> 0 | H26: =SUMIFS('Final SR'!M:M,'Final SR'!$E:$E,TOTALss!$B106,'Final SR'!$I:$I,'Final SR'!$I$13) -> 0 | I26: =SUMIFS('Final SR'!N:N,'Final SR'!$E:$E,TOTALss!$B106,'Final SR'!$I:$I,'Final SR'!$I$13) -> 0 | J26: =SUMIFS('Final SR'!O:O,'Final SR'!$E:$E,TOTALss!$B106,'Final SR'!$I:$I,'Final SR'!$I$13) -> 0 | K26: =SUMIFS('Final SR'!P:P,'Final SR'!$E:$E,TOTALss!$B106,'Final SR'!$I:$I,'Final SR'!$I$13) -> 0 | L26: =SUMIFS('Final SR'!Q:Q,'Final SR'!$E:$E,TOTALss!$B106,'Final SR'!$I:$I,'Final SR'!$I$13) -> 0 | M26: =SUMIFS('Final SR'!R:R,'Final SR'!$E:$E,TOTALss!$B106,'Final SR'!$I:$I,'Final SR'!$I$13) -> 0 | N26: =SUMIFS('Final SR'!S:S,'Final SR'!$E:$E,TOTALss!$B106,'Final SR'!$I:$I,'Final SR'!$I$13) -> 0 | O26: =SUMIFS('Final SR'!T:T,'Final SR'!$E:$E,TOTALss!$B106,'Final SR'!$I:$I,'Final SR'!$I$13) -> 0 | P26: =SUMIFS('Final SR'!U:U,'Final SR'!$E:$E,TOTALss!$B106,'Final SR'!$I:$I,'Final SR'!$I$13) -> 0 | Q26: =SUMIFS('Final SR'!V:V,'Final SR'!$E:$E,TOTALss!$B106,'Final SR'!$I:$I,'Final SR'!$I$13) -> 0 | R26: =SUMIFS('Final SR'!W:W,'Final SR'!$E:$E,TOTALss!$B106,'Final SR'!$I:$I,'Final SR'!$I$13) -> 0 | S26: =SUMIFS('Final SR'!X:X,'Final SR'!$E:$E,TOTALss!$B106,'Final SR'!$I:$I,'Final SR'!$I$13) -> 0 | T26: =SUMIFS('Final SR'!Y:Y,'Final SR'!$E:$E,TOTALss!$B106,'Final SR'!$I:$I,'Final SR'!$I$13) -> 0 | U26: =SUMIFS('Final SR'!Z:Z,'Final SR'!$E:$E,TOTALss!$B106,'Final SR'!$I:$I,'Final SR'!$I$13) -> 0 | V26: =SUMIFS('Final SR'!AA:AA,'Final SR'!$E:$E,TOTALss!$B106,'Final SR'!$I:$I,'Final SR'!$I$13) -> 0 | W26: =SUMIFS('Final SR'!AB:AB,'Final SR'!$E:$E,TOTALss!$B106,'Final SR'!$I:$I,'Final SR'!$I$13) -> 0 | X26: =SUMIFS('Final SR'!AC:AC,'Final SR'!$E:$E,TOTALss!$B106,'Final SR'!$I:$I,'Final SR'!$I$13) -> 0 | Y26: =SUMIFS('Final SR'!AD:AD,'Final SR'!$E:$E,TOTALss!$B106,'Final SR'!$I:$I,'Final SR'!$I$13) -> 0 | Z26: =SUMIFS('Final SR'!AE:AE,'Final SR'!$E:$E,TOTALss!$B106,'Final SR'!$I:$I,'Final SR'!$I$13) -> 0 | AA26: =SUMIFS('Final SR'!AF:AF,'Final SR'!$E:$E,TOTALss!$B106,'Final SR'!$I:$I,'Final SR'!$I$13) -> 0 | AB26: =SUMIFS('Final SR'!AG:AG,'Final SR'!$E:$E,TOTALss!$B106,'Final SR'!$I:$I,'Final SR'!$I$13) -> 0 | AC26: =SUMIFS('Final SR'!AH:AH,'Final SR'!$E:$E,TOTALss!$B106,'Final SR'!$I:$I,'Final SR'!$I$13) -> 0 | AD26: =SUMIFS('Final SR'!AI:AI,'Final SR'!$E:$E,TOTALss!$B106,'Final SR'!$I:$I,'Final SR'!$I$13) -> 0 | AE26: =SUMIFS('Final SR'!AJ:AJ,'Final SR'!$E:$E,TOTALss!$B106,'Final SR'!$I:$I,'Final SR'!$I$13) -> 0 | AF26: =SUMIFS('Final SR'!AK:AK,'Final SR'!$E:$E,TOTALss!$B106,'Final SR'!$I:$I,'Final SR'!$I$13) -> 0 | AG26: =SUMIFS('Final SR'!AL:AL,'Final SR'!$E:$E,TOTALss!$B106,'Final SR'!$I:$I,'Final SR'!$I$13) -> 0 | AH26: =SUMIFS('Final SR'!AM:AM,'Final SR'!$E:$E,TOTALss!$B106,'Final SR'!$I:$I,'Final SR'!$I$13) -> 0
L27: SHIP | M27: FAB | U27: RAW
K28: SHIP | L28: FAB
G29: =B25 -> 200D-GAS | H29: THIS WEEK | I29: NET | J29: =K25 -> 0 | K29: =L25 -> 0 | L29: =M25 -> 0 | M29: =K29=K31 -> FALSE | N29: =K30-K32 -> -91378
I30: CUM | J30: =K26 -> 0 | K30: =L26 -> 0 | L30: =M26 -> 0 | M30: =K30=K32 -> FALSE
H31: LAST SR | I31: NET | K31: 2016
I32: CUM | K32: 91378
L34: SHIP | M34: FAB | U34: RAW
A35: Family Totals | B35: 200D-HV | C35: Net Family Totals | E35: =SUMIFS('Final SR'!J:J,'Final SR'!$E:$E,TOTALss!$B156,'Final SR'!$I:$I,'Final SR'!$I$12) -> 0 | F35: =SUMIFS('Final SR'!K:K,'Final SR'!$E:$E,TOTALss!$B156,'Final SR'!$I:$I,'Final SR'!$I$12) -> 0 | G35: =SUMIFS('Final SR'!L:L,'Final SR'!$E:$E,TOTALss!$B156,'Final SR'!$I:$I,'Final SR'!$I$12) -> 0 | H35: =SUMIFS('Final SR'!M:M,'Final SR'!$E:$E,TOTALss!$B156,'Final SR'!$I:$I,'Final SR'!$I$12) -> 0 | I35: =SUMIFS('Final SR'!N:N,'Final SR'!$E:$E,TOTALss!$B156,'Final SR'!$I:$I,'Final SR'!$I$12) -> 0 | J35: =SUMIFS('Final SR'!O:O,'Final SR'!$E:$E,TOTALss!$B156,'Final SR'!$I:$I,'Final SR'!$I$12) -> 0 | K35: =SUMIFS('Final SR'!P:P,'Final SR'!$E:$E,TOTALss!$B156,'Final SR'!$I:$I,'Final SR'!$I$12) -> 0 | L35: =SUMIFS('Final SR'!Q:Q,'Final SR'!$E:$E,TOTALss!$B156,'Final SR'!$I:$I,'Final SR'!$I$12) -> 0 | M35: =SUMIFS('Final SR'!R:R,'Final SR'!$E:$E,TOTALss!$B156,'Final SR'!$I:$I,'Final SR'!$I$12) -> 0 | N35: =SUMIFS('Final SR'!S:S,'Final SR'!$E:$E,TOTALss!$B156,'Final SR'!$I:$I,'Final SR'!$I$12) -> 0 | O35: =SUMIFS('Final SR'!T:T,'Final SR'!$E:$E,TOTALss!$B156,'Final SR'!$I:$I,'Final SR'!$I$12) -> 0 | P35: =SUMIFS('Final SR'!U:U,'Final SR'!$E:$E,TOTALss!$B156,'Final SR'!$I:$I,'Final SR'!$I$12) -> 0 | Q35: =SUMIFS('Final SR'!V:V,'Final SR'!$E:$E,TOTALss!$B156,'Final SR'!$I:$I,'Final SR'!$I$12) -> 0 | R35: =SUMIFS('Final SR'!W:W,'Final SR'!$E:$E,TOTALss!$B156,'Final SR'!$I:$I,'Final SR'!$I$12) -> 0 | S35: =SUMIFS('Final SR'!X:X,'Final SR'!$E:$E,TOTALss!$B156,'Final SR'!$I:$I,'Final SR'!$I$12) -> 0 | T35: =SUMIFS('Final SR'!Y:Y,'Final SR'!$E:$E,TOTALss!$B156,'Final SR'!$I:$I,'Final SR'!$I$12) -> 0 | U35: =SUMIFS('Final SR'!Z:Z,'Final SR'!$E:$E,TOTALss!$B156,'Final SR'!$I:$I,'Final SR'!$I$12) -> 0 | V35: =SUMIFS('Final SR'!AA:AA,'Final SR'!$E:$E,TOTALss!$B156,'Final SR'!$I:$I,'Final SR'!$I$12) -> 0 | W35: =SUMIFS('Final SR'!AB:AB,'Final SR'!$E:$E,TOTALss!$B156,'Final SR'!$I:$I,'Final SR'!$I$12) -> 0 | X35: =SUMIFS('Final SR'!AC:AC,'Final SR'!$E:$E,TOTALss!$B156,'Final SR'!$I:$I,'Final SR'!$I$12) -> 0 | Y35: =SUMIFS('Final SR'!AD:AD,'Final SR'!$E:$E,TOTALss!$B156,'Final SR'!$I:$I,'Final SR'!$I$12) -> 0 | Z35: =SUMIFS('Final SR'!AE:AE,'Final SR'!$E:$E,TOTALss!$B156,'Final SR'!$I:$I,'Final SR'!$I$12) -> 0 | AA35: =SUMIFS('Final SR'!AF:AF,'Final SR'!$E:$E,TOTALss!$B156,'Final SR'!$I:$I,'Final SR'!$I$12) -> 0 | AB35: =SUMIFS('Final SR'!AG:AG,'Final SR'!$E:$E,TOTALss!$B156,'Final SR'!$I:$I,'Final SR'!$I$12) -> 0 | AC35: =SUMIFS('Final SR'!AH:AH,'Final SR'!$E:$E,TOTALss!$B156,'Final SR'!$I:$I,'Final SR'!$I$12) -> 0 | AD35: =SUMIFS('Final SR'!AI:AI,'Final SR'!$E:$E,TOTALss!$B156,'Final SR'!$I:$I,'Final SR'!$I$12) -> 0 | AE35: =SUMIFS('Final SR'!AJ:AJ,'Final SR'!$E:$E,TOTALss!$B156,'Final SR'!$I:$I,'Final SR'!$I$12) -> 0 | AF35: =SUMIFS('Final SR'!AK:AK,'Final SR'!$E:$E,TOTALss!$B156,'Final SR'!$I:$I,'Final SR'!$I$12) -> 0 | AG35: =SUMIFS('Final SR'!AL:AL,'Final SR'!$E:$E,TOTALss!$B156,'Final SR'!$I:$I,'Final SR'!$I$12) -> 0 | AH35: =SUMIFS('Final SR'!AM:AM,'Final SR'!$E:$E,TOTALss!$B156,'Final SR'!$I:$I,'Final SR'!$I$12) -> 0
C36: Cum Family Totals | E36: =SUMIFS('Final SR'!J:J,'Final SR'!$E:$E,TOTALss!$B156,'Final SR'!$I:$I,'Final SR'!$I$13) -> 0 | F36: =SUMIFS('Final SR'!K:K,'Final SR'!$E:$E,TOTALss!$B156,'Final SR'!$I:$I,'Final SR'!$I$13) -> 0 | G36: =SUMIFS('Final SR'!L:L,'Final SR'!$E:$E,TOTALss!$B156,'Final SR'!$I:$I,'Final SR'!$I$13) -> 0 | H36: =SUMIFS('Final SR'!M:M,'Final SR'!$E:$E,TOTALss!$B156,'Final SR'!$I:$I,'Final SR'!$I$13) -> 0 | I36: =SUMIFS('Final SR'!N:N,'Final SR'!$E:$E,TOTALss!$B156,'Final SR'!$I:$I,'Final SR'!$I$13) -> 0 | J36: =SUMIFS('Final SR'!O:O,'Final SR'!$E:$E,TOTALss!$B156,'Final SR'!$I:$I,'Final SR'!$I$13) -> 0 | K36: =SUMIFS('Final SR'!P:P,'Final SR'!$E:$E,TOTALss!$B156,'Final SR'!$I:$I,'Final SR'!$I$13) -> 0 | L36: =SUMIFS('Final SR'!Q:Q,'Final SR'!$E:$E,TOTALss!$B156,'Final SR'!$I:$I,'Final SR'!$I$13) -> 0 | M36: =SUMIFS('Final SR'!R:R,'Final SR'!$E:$E,TOTALss!$B156,'Final SR'!$I:$I,'Final SR'!$I$13) -> 0 | N36: =SUMIFS('Final SR'!S:S,'Final SR'!$E:$E,TOTALss!$B156,'Final SR'!$I:$I,'Final SR'!$I$13) -> 0 | O36: =SUMIFS('Final SR'!T:T,'Final SR'!$E:$E,TOTALss!$B156,'Final SR'!$I:$I,'Final SR'!$I$13) -> 0 | P36: =SUMIFS('Final SR'!U:U,'Final SR'!$E:$E,TOTALss!$B156,'Final SR'!$I:$I,'Final SR'!$I$13) -> 0 | Q36: =SUMIFS('Final SR'!V:V,'Final SR'!$E:$E,TOTALss!$B156,'Final SR'!$I:$I,'Final SR'!$I$13) -> 0 | R36: =SUMIFS('Final SR'!W:W,'Final SR'!$E:$E,TOTALss!$B156,'Final SR'!$I:$I,'Final SR'!$I$13) -> 0 | S36: =SUMIFS('Final SR'!X:X,'Final SR'!$E:$E,TOTALss!$B156,'Final SR'!$I:$I,'Final SR'!$I$13) -> 0 | T36: =SUMIFS('Final SR'!Y:Y,'Final SR'!$E:$E,TOTALss!$B156,'Final SR'!$I:$I,'Final SR'!$I$13) -> 0 | U36: =SUMIFS('Final SR'!Z:Z,'Final SR'!$E:$E,TOTALss!$B156,'Final SR'!$I:$I,'Final SR'!$I$13) -> 0 | V36: =SUMIFS('Final SR'!AA:AA,'Final SR'!$E:$E,TOTALss!$B156,'Final SR'!$I:$I,'Final SR'!$I$13) -> 0 | W36: =SUMIFS('Final SR'!AB:AB,'Final SR'!$E:$E,TOTALss!$B156,'Final SR'!$I:$I,'Final SR'!$I$13) -> 0 | X36: =SUMIFS('Final SR'!AC:AC,'Final SR'!$E:$E,TOTALss!$B156,'Final SR'!$I:$I,'Final SR'!$I$13) -> 0 | Y36: =SUMIFS('Final SR'!AD:AD,'Final SR'!$E:$E,TOTALss!$B156,'Final SR'!$I:$I,'Final SR'!$I$13) -> 0 | Z36: =SUMIFS('Final SR'!AE:AE,'Final SR'!$E:$E,TOTALss!$B156,'Final SR'!$I:$I,'Final SR'!$I$13) -> 0 | AA36: =SUMIFS('Final SR'!AF:AF,'Final SR'!$E:$E,TOTALss!$B156,'Final SR'!$I:$I,'Final SR'!$I$13) -> 0 | AB36: =SUMIFS('Final SR'!AG:AG,'Final SR'!$E:$E,TOTALss!$B156,'Final SR'!$I:$I,'Final SR'!$I$13) -> 0 | AC36: =SUMIFS('Final SR'!AH:AH,'Final SR'!$E:$E,TOTALss!$B156,'Final SR'!$I:$I,'Final SR'!$I$13) -> 0 | AD36: =SUMIFS('Final SR'!AI:AI,'Final SR'!$E:$E,TOTALss!$B156,'Final SR'!$I:$I,'Final SR'!$I$13) -> 0 | AE36: =SUMIFS('Final SR'!AJ:AJ,'Final SR'!$E:$E,TOTALss!$B156,'Final SR'!$I:$I,'Final SR'!$I$13) -> 0 | AF36: =SUMIFS('Final SR'!AK:AK,'Final SR'!$E:$E,TOTALss!$B156,'Final SR'!$I:$I,'Final SR'!$I$13) -> 0 | AG36: =SUMIFS('Final SR'!AL:AL,'Final SR'!$E:$E,TOTALss!$B156,'Final SR'!$I:$I,'Final SR'!$I$13) -> 0 | AH36: =SUMIFS('Final SR'!AM:AM,'Final SR'!$E:$E,TOTALss!$B156,'Final SR'!$I:$I,'Final SR'!$I$13) -> 0
L37: SHIP | M37: FAB | U37: RAW
K38: SHIP | L38: FAB
G39: =B35 -> 200D-HV | H39: THIS WEEK | I39: NET | J39: =K35 -> 0 | K39: =L35 -> 0 | L39: =M35 -> 0 | M39: =K39=K41 -> FALSE | N39: =K40-K42 -> -23512
I40: CUM | J40: =K36 -> 0 | K40: =L36 -> 0 | L40: =M36 -> 0 | M40: =K40=K42 -> FALSE
H41: LAST SR | I41: NET | K41: 456
I42: CUM | K42: 23512
L44: SHIP | M44: FAB | U44: RAW
A45: Family Totals | B45: 564D-GAS | C45: Net Family Totals | E45: =SUMIFS('Final SR'!J:J,'Final SR'!$E:$E,TOTALss!$B166,'Final SR'!$I:$I,'Final SR'!$I$12) -> 0 | F45: =SUMIFS('Final SR'!K:K,'Final SR'!$E:$E,TOTALss!$B166,'Final SR'!$I:$I,'Final SR'!$I$12) -> 0 | G45: =SUMIFS('Final SR'!L:L,'Final SR'!$E:$E,TOTALss!$B166,'Final SR'!$I:$I,'Final SR'!$I$12) -> 0 | H45: =SUMIFS('Final SR'!M:M,'Final SR'!$E:$E,TOTALss!$B166,'Final SR'!$I:$I,'Final SR'!$I$12) -> 0 | I45: =SUMIFS('Final SR'!N:N,'Final SR'!$E:$E,TOTALss!$B166,'Final SR'!$I:$I,'Final SR'!$I$12) -> 0 | J45: =SUMIFS('Final SR'!O:O,'Final SR'!$E:$E,TOTALss!$B166,'Final SR'!$I:$I,'Final SR'!$I$12) -> 0 | K45: =SUMIFS('Final SR'!P:P,'Final SR'!$E:$E,TOTALss!$B166,'Final SR'!$I:$I,'Final SR'!$I$12) -> 0 | L45: =SUMIFS('Final SR'!Q:Q,'Final SR'!$E:$E,TOTALss!$B166,'Final SR'!$I:$I,'Final SR'!$I$12) -> 0 | M45: =SUMIFS('Final SR'!R:R,'Final SR'!$E:$E,TOTALss!$B166,'Final SR'!$I:$I,'Final SR'!$I$12) -> 0 | N45: =SUMIFS('Final SR'!S:S,'Final SR'!$E:$E,TOTALss!$B166,'Final SR'!$I:$I,'Final SR'!$I$12) -> 0 | O45: =SUMIFS('Final SR'!T:T,'Final SR'!$E:$E,TOTALss!$B166,'Final SR'!$I:$I,'Final SR'!$I$12) -> 0 | P45: =SUMIFS('Final SR'!U:U,'Final SR'!$E:$E,TOTALss!$B166,'Final SR'!$I:$I,'Final SR'!$I$12) -> 0 | Q45: =SUMIFS('Final SR'!V:V,'Final SR'!$E:$E,TOTALss!$B166,'Final SR'!$I:$I,'Final SR'!$I$12) -> 0 | R45: =SUMIFS('Final SR'!W:W,'Final SR'!$E:$E,TOTALss!$B166,'Final SR'!$I:$I,'Final SR'!$I$12) -> 0 | S45: =SUMIFS('Final SR'!X:X,'Final SR'!$E:$E,TOTALss!$B166,'Final SR'!$I:$I,'Final SR'!$I$12) -> 0 | T45: =SUMIFS('Final SR'!Y:Y,'Final SR'!$E:$E,TOTALss!$B166,'Final SR'!$I:$I,'Final SR'!$I$12) -> 0 | U45: =SUMIFS('Final SR'!Z:Z,'Final SR'!$E:$E,TOTALss!$B166,'Final SR'!$I:$I,'Final SR'!$I$12) -> 0 | V45: =SUMIFS('Final SR'!AA:AA,'Final SR'!$E:$E,TOTALss!$B166,'Final SR'!$I:$I,'Final SR'!$I$12) -> 0 | W45: =SUMIFS('Final SR'!AB:AB,'Final SR'!$E:$E,TOTALss!$B166,'Final SR'!$I:$I,'Final SR'!$I$12) -> 0 | X45: =SUMIFS('Final SR'!AC:AC,'Final SR'!$E:$E,TOTALss!$B166,'Final SR'!$I:$I,'Final SR'!$I$12) -> 0 | Y45: =SUMIFS('Final SR'!AD:AD,'Final SR'!$E:$E,TOTALss!$B166,'Final SR'!$I:$I,'Final SR'!$I$12) -> 0 | Z45: =SUMIFS('Final SR'!AE:AE,'Final SR'!$E:$E,TOTALss!$B166,'Final SR'!$I:$I,'Final SR'!$I$12) -> 0 | AA45: =SUMIFS('Final SR'!AF:AF,'Final SR'!$E:$E,TOTALss!$B166,'Final SR'!$I:$I,'Final SR'!$I$12) -> 0 | AB45: =SUMIFS('Final SR'!AG:AG,'Final SR'!$E:$E,TOTALss!$B166,'Final SR'!$I:$I,'Final SR'!$I$12) -> 0 | AC45: =SUMIFS('Final SR'!AH:AH,'Final SR'!$E:$E,TOTALss!$B166,'Final SR'!$I:$I,'Final SR'!$I$12) -> 0 | AD45: =SUMIFS('Final SR'!AI:AI,'Final SR'!$E:$E,TOTALss!$B166,'Final SR'!$I:$I,'Final SR'!$I$12) -> 0 | AE45: =SUMIFS('Final SR'!AJ:AJ,'Final SR'!$E:$E,TOTALss!$B166,'Final SR'!$I:$I,'Final SR'!$I$12) -> 0 | AF45: =SUMIFS('Final SR'!AK:AK,'Final SR'!$E:$E,TOTALss!$B166,'Final SR'!$I:$I,'Final SR'!$I$12) -> 0 | AG45: =SUMIFS('Final SR'!AL:AL,'Final SR'!$E:$E,TOTALss!$B166,'Final SR'!$I:$I,'Final SR'!$I$12) -> 0 | AH45: =SUMIFS('Final SR'!AM:AM,'Final SR'!$E:$E,TOTALss!$B166,'Final SR'!$I:$I,'Final SR'!$I$12) -> 0
C46: Cum Family Totals | E46: =SUMIFS('Final SR'!J:J,'Final SR'!$E:$E,TOTALss!$B166,'Final SR'!$I:$I,'Final SR'!$I$13) -> 0 | F46: =SUMIFS('Final SR'!K:K,'Final SR'!$E:$E,TOTALss!$B166,'Final SR'!$I:$I,'Final SR'!$I$13) -> 0 | G46: =SUMIFS('Final SR'!L:L,'Final SR'!$E:$E,TOTALss!$B166,'Final SR'!$I:$I,'Final SR'!$I$13) -> 0 | H46: =SUMIFS('Final SR'!M:M,'Final SR'!$E:$E,TOTALss!$B166,'Final SR'!$I:$I,'Final SR'!$I$13) -> 0 | I46: =SUMIFS('Final SR'!N:N,'Final SR'!$E:$E,TOTALss!$B166,'Final SR'!$I:$I,'Final SR'!$I$13) -> 0 | J46: =SUMIFS('Final SR'!O:O,'Final SR'!$E:$E,TOTALss!$B166,'Final SR'!$I:$I,'Final SR'!$I$13) -> 0 | K46: =SUMIFS('Final SR'!P:P,'Final SR'!$E:$E,TOTALss!$B166,'Final SR'!$I:$I,'Final SR'!$I$13) -> 0 | L46: =SUMIFS('Final SR'!Q:Q,'Final SR'!$E:$E,TOTALss!$B166,'Final SR'!$I:$I,'Final SR'!$I$13) -> 0 | M46: =SUMIFS('Final SR'!R:R,'Final SR'!$E:$E,TOTALss!$B166,'Final SR'!$I:$I,'Final SR'!$I$13) -> 0 | N46: =SUMIFS('Final SR'!S:S,'Final SR'!$E:$E,TOTALss!$B166,'Final SR'!$I:$I,'Final SR'!$I$13) -> 0 | O46: =SUMIFS('Final SR'!T:T,'Final SR'!$E:$E,TOTALss!$B166,'Final SR'!$I:$I,'Final SR'!$I$13) -> 0 | P46: =SUMIFS('Final SR'!U:U,'Final SR'!$E:$E,TOTALss!$B166,'Final SR'!$I:$I,'Final SR'!$I$13) -> 0 | Q46: =SUMIFS('Final SR'!V:V,'Final SR'!$E:$E,TOTALss!$B166,'Final SR'!$I:$I,'Final SR'!$I$13) -> 0 | R46: =SUMIFS('Final SR'!W:W,'Final SR'!$E:$E,TOTALss!$B166,'Final SR'!$I:$I,'Final SR'!$I$13) -> 0 | S46: =SUMIFS('Final SR'!X:X,'Final SR'!$E:$E,TOTALss!$B166,'Final SR'!$I:$I,'Final SR'!$I$13) -> 0 | T46: =SUMIFS('Final SR'!Y:Y,'Final SR'!$E:$E,TOTALss!$B166,'Final SR'!$I:$I,'Final SR'!$I$13) -> 0 | U46: =SUMIFS('Final SR'!Z:Z,'Final SR'!$E:$E,TOTALss!$B166,'Final SR'!$I:$I,'Final SR'!$I$13) -> 0 | V46: =SUMIFS('Final SR'!AA:AA,'Final SR'!$E:$E,TOTALss!$B166,'Final SR'!$I:$I,'Final SR'!$I$13) -> 0 | W46: =SUMIFS('Final SR'!AB:AB,'Final SR'!$E:$E,TOTALss!$B166,'Final SR'!$I:$I,'Final SR'!$I$13) -> 0 | X46: =SUMIFS('Final SR'!AC:AC,'Final SR'!$E:$E,TOTALss!$B166,'Final SR'!$I:$I,'Final SR'!$I$13) -> 0 | Y46: =SUMIFS('Final SR'!AD:AD,'Final SR'!$E:$E,TOTALss!$B166,'Final SR'!$I:$I,'Final SR'!$I$13) -> 0 | Z46: =SUMIFS('Final SR'!AE:AE,'Final SR'!$E:$E,TOTALss!$B166,'Final SR'!$I:$I,'Final SR'!$I$13) -> 0 | AA46: =SUMIFS('Final SR'!AF:AF,'Final SR'!$E:$E,TOTALss!$B166,'Final SR'!$I:$I,'Final SR'!$I$13) -> 0 | AB46: =SUMIFS('Final SR'!AG:AG,'Final SR'!$E:$E,TOTALss!$B166,'Final SR'!$I:$I,'Final SR'!$I$13) -> 0 | AC46: =SUMIFS('Final SR'!AH:AH,'Final SR'!$E:$E,TOTALss!$B166,'Final SR'!$I:$I,'Final SR'!$I$13) -> 0 | AD46: =SUMIFS('Final SR'!AI:AI,'Final SR'!$E:$E,TOTALss!$B166,'Final SR'!$I:$I,'Final SR'!$I$13) -> 0 | AE46: =SUMIFS('Final SR'!AJ:AJ,'Final SR'!$E:$E,TOTALss!$B166,'Final SR'!$I:$I,'Final SR'!$I$13) -> 0 | AF46: =SUMIFS('Final SR'!AK:AK,'Final SR'!$E:$E,TOTALss!$B166,'Final SR'!$I:$I,'Final SR'!$I$13) -> 0 | AG46: =SUMIFS('Final SR'!AL:AL,'Final SR'!$E:$E,TOTALss!$B166,'Final SR'!$I:$I,'Final SR'!$I$13) -> 0 | AH46: =SUMIFS('Final SR'!AM:AM,'Final SR'!$E:$E,TOTALss!$B166,'Final SR'!$I:$I,'Final SR'!$I$13) -> 0
L47: SHIP | M47: FAB | U47: RAW
K48: SHIP | L48: FAB
G49: =B45 -> 564D-GAS | H49: THIS WEEK | I49: NET | J49: =K45 -> 0 | K49: =L45 -> 0 | L49: =M45 -> 0 | M49: =K49=K51 -> TRUE | N49: =K50-K52 -> 0
I50: CUM | J50: =K46 -> 0 | K50: =L46 -> 0 | L50: =M46 -> 0 | M50: =K50=K52 -> TRUE
H51: LAST SR | I51: NET | K51: 0
I52: CUM | K52: 0

Sheet TOTALss
B1: TOTAL NO OF PALLETS
B2: NO OF CONTAINERS
D3: ETD | E3: ='Final SR'!$J$10 -> 46041 | F3: =+E3+7 -> 46048 | G3: =+F3+7 -> 46055 | H3: =+G3+7 -> 46062 | I3: =+H3+7 -> 46069 | J3: =+I3+7 -> 46076 | K3: =+J3+7 -> 46083 | L3: =+K3+7 -> 46090 | M3: =+L3+7 -> 46097 | ... AH3: =+AG3+7 -> 46244
L5: SHIP | M5: FAB | U5: RAW | AK5: NORMAL | AL5: EXTENDED | AM5: MAXIMUM
B6: 220D- GAS | C6: Net Family Totals | E6: =SUMIFS('Final SR'!J:J,'Final SR'!$E:$E,TOTALss!$B6,'Final SR'!$I:$I,'Final SR'!$I$12) -> 0 | F6: =SUMIFS('Final SR'!K:K,'Final SR'!$E:$E,TOTALss!$B6,'Final SR'!$I:$I,'Final SR'!$I$12) -> 0 | G6: =SUMIFS('Final SR'!L:L,'Final SR'!$E:$E,TOTALss!$B6,'Final SR'!$I:$I,'Final SR'!$I$12) -> 0 | H6: =SUMIFS('Final SR'!M:M,'Final SR'!$E:$E,TOTALss!$B6,'Final SR'!$I:$I,'Final SR'!$I$12) -> 0 | I6: =SUMIFS('Final SR'!N:N,'Final SR'!$E:$E,TOTALss!$B6,'Final SR'!$I:$I,'Final SR'!$I$12) -> 0 | J6: =SUMIFS('Final SR'!O:O,'Final SR'!$E:$E,TOTALss!$B6,'Final SR'!$I:$I,'Final SR'!$I$12) -> 0 | K6: =SUMIFS('Final SR'!P:P,'Final SR'!$E:$E,TOTALss!$B6,'Final SR'!$I:$I,'Final SR'!$I$12) -> 0 | L6: =SUMIFS('Final SR'!Q:Q,'Final SR'!$E:$E,TOTALss!$B6,'Final SR'!$I:$I,'Final SR'!$I$12) -> 0 | M6: =SUMIFS('Final SR'!R:R,'Final SR'!$E:$E,TOTALss!$B6,'Final SR'!$I:$I,'Final SR'!$I$12) -> 0 | N6: =SUMIFS('Final SR'!S:S,'Final SR'!$E:$E,TOTALss!$B6,'Final SR'!$I:$I,'Final SR'!$I$12) -> 0 | O6: =SUMIFS('Final SR'!T:T,'Final SR'!$E:$E,TOTALss!$B6,'Final SR'!$I:$I,'Final SR'!$I$12) -> 0 | P6: =SUMIFS('Final SR'!U:U,'Final SR'!$E:$E,TOTALss!$B6,'Final SR'!$I:$I,'Final SR'!$I$12) -> 0 | Q6: =SUMIFS('Final SR'!V:V,'Final SR'!$E:$E,TOTALss!$B6,'Final SR'!$I:$I,'Final SR'!$I$12) -> 0 | R6: =SUMIFS('Final SR'!W:W,'Final SR'!$E:$E,TOTALss!$B6,'Final SR'!$I:$I,'Final SR'!$I$12) -> 0 | S6: =SUMIFS('Final SR'!X:X,'Final SR'!$E:$E,TOTALss!$B6,'Final SR'!$I:$I,'Final SR'!$I$12) -> 0 | T6: =SUMIFS('Final SR'!Y:Y,'Final SR'!$E:$E,TOTALss!$B6,'Final SR'!$I:$I,'Final SR'!$I$12) -> 0 | U6: =SUMIFS('Final SR'!Z:Z,'Final SR'!$E:$E,TOTALss!$B6,'Final SR'!$I:$I,'Final SR'!$I$12) -> 0 | V6: =SUMIFS('Final SR'!AA:AA,'Final SR'!$E:$E,TOTALss!$B6,'Final SR'!$I:$I,'Final SR'!$I$12) -> 0 | W6: =SUMIFS('Final SR'!AB:AB,'Final SR'!$E:$E,TOTALss!$B6,'Final SR'!$I:$I,'Final SR'!$I$12) -> 0 | X6: =SUMIFS('Final SR'!AC:AC,'Final SR'!$E:$E,TOTALss!$B6,'Final SR'!$I:$I,'Final SR'!$I$12) -> 0 | Y6: =SUMIFS('Final SR'!AD:AD,'Final SR'!$E:$E,TOTALss!$B6,'Final SR'!$I:$I,'Final SR'!$I$12) -> 0 | Z6: =SUMIFS('Final SR'!AE:AE,'Final SR'!$E:$E,TOTALss!$B6,'Final SR'!$I:$I,'Final SR'!$I$12) -> 0 | AA6: =SUMIFS('Final SR'!AF:AF,'Final SR'!$E:$E,TOTALss!$B6,'Final SR'!$I:$I,'Final SR'!$I$12) -> 0 | AB6: =SUMIFS('Final SR'!AG:AG,'Final SR'!$E:$E,TOTALss!$B6,'Final SR'!$I:$I,'Final SR'!$I$12) -> 0 | AC6: =SUMIFS('Final SR'!AH:AH,'Final SR'!$E:$E,TOTALss!$B6,'Final SR'!$I:$I,'Final SR'!$I$12) -> 0 | AD6: =SUMIFS('Final SR'!AI:AI,'Final SR'!$E:$E,TOTALss!$B6,'Final SR'!$I:$I,'Final SR'!$I$12) -> 0 | AE6: =SUMIFS('Final SR'!AJ:AJ,'Final SR'!$E:$E,TOTALss!$B6,'Final SR'!$I:$I,'Final SR'!$I$12) -> 0 | AF6: =SUMIFS('Final SR'!AK:AK,'Final SR'!$E:$E,TOTALss!$B6,'Final SR'!$I:$I,'Final SR'!$I$12) -> 0 | AG6: =SUMIFS('Final SR'!AL:AL,'Final SR'!$E:$E,TOTALss!$B6,'Final SR'!$I:$I,'Final SR'!$I$12) -> 0 | AH6: =SUMIFS('Final SR'!AM:AM,'Final SR'!$E:$E,TOTALss!$B6,'Final SR'!$I:$I,'Final SR'!$I$12) -> 0 | AJ6: =SUM(M6:AH6) -> 0 | AK6: 1950 | AL6: 1950 | AM6: 2400
C7: CUM Family Totals | E7: =SUMIFS('Final SR'!J:J,'Final SR'!$E:$E,TOTALss!$B6,'Final SR'!$I:$I,'Final SR'!$I$13) -> 0 | F7: =+F6+E7 -> 0 | G7: =+G6+F7 -> 0 | H7: =+H6+G7 -> 0 | I7: =+I6+H7 -> 0 | J7: =+J6+I7 -> 0 | K7: =+K6+J7 -> 0 | L7: =+L6+K7 -> 0 | M7: =+M6+L7 -> 0 | ... AH7: =+AH6+AG7 -> 0
B8: HIGHLANDER HYBRID 422D | C8: Net Totals w/o Level Load | E8: 2594 | F8: 1008 | G8: 960 | H8: 1160 | I8: 440 | J8: 836 | K8: 764 | L8: 752 | M8: 0 | N8: 460 | O8: 312 | P8: 616 | Q8: 692 | R8: 840 | S8: 852 | T8: 432 | U8: 0 | V8: 0 | W8: 0 | X8: 0 | Y8: 0 | Z8: 0 | AA8: 0 | AB8: 0 | AC8: 0 | AD8: 0 | AE8: 0 | AF8: 0 | AG8: 0 | AH8: 0 | AJ8: =SUM(M8:AH8) -> 4204 | AK8: =AJ6=AJ8 -> FALSE | AL8: 7557 | AM8: 9204
B9: HIGHLANDER HYBRID 422D | C9: Cum Totals w/o Level Load | E9: 30762 | F9: 31770 | G9: 32730 | H9: 33890 | I9: 34330 | J9: 35166 | K9: 35930 | L9: 36682 | M9: 36682 | N9: 37142 | O9: 37454 | P9: 38070 | Q9: 38762 | R9: 39602 | S9: 40454 | T9: 40886 | U9: 40886 | V9: 40886 | W9: 40886 | X9: 40886 | Y9: 40886 | Z9: 40886 | AA9: 40886 | AB9: 40886 | AC9: 40886 | AD9: 40886 | AE9: 40886 | AF9: 40886 | AG9: 40886 | AH9: 40886
J10: (SAP vs Level Load) | L10: =+L6-L8 -> -752 | M10: =+M6-M8 -> 0 | N10: =+N6-N8 -> -460 | O10: =+O6-O8 -> -312 | P10: =+P6-P8 -> -616 | Q10: =+Q6-Q8 -> -692 | R10: =+R6-R8 -> -840 | S10: =+S6-S8 -> -852 | ... AH10: =+AH6-AH8 -> 0
J11: CUM Diff | L11: =+L10 -> -752 | M11: =+M10+L11 -> -752 | N11: =+N10+M11 -> -1212 | O11: =+O10+N11 -> -1524 | P11: =+P10+O11 -> -2140 | Q11: =+Q10+P11 -> -2832 | R11: =+R10+Q11 -> -3672 | S11: =+S10+R11 -> -4524 | T11: =+T10+S11 -> -4956 | ... AH11: =+AH10+AG11 -> -4956
J12: Extra DOH | K12: 665 | L12: =+L11/$K$12 -> -1.1308271 | M12: =+M11/$K$12 -> -1.1308271 | N12: =+N11/$K$12 -> -1.8225564 | O12: =+O11/$K$12 -> -2.2917293 | P12: =+P11/$K$12 -> -3.2180451 | Q12: =+Q11/$K$12 -> -4.2586466 | R12: =+R11/$K$12 -> -5.5218045 | S12: =+S11/$K$12 -> -6.8030075 | ... AH12: =+AH11/$K$12 -> -7.4526316
J13: Estimated Cost | L13: =L11*76 -> -57152 | M13: =M11*76 -> -57152 | N13: =N11*76 -> -92112 | O13: =O11*76 -> -115824 | P13: =P11*76 -> -162640 | Q13: =Q11*76 -> -215232 | R13: =R11*76 -> -279072 | S13: =S11*76 -> -343824 | ... AH13: =AH11*76 -> -376656
D14: Working days
D15: Planned Capacity | K15: 1950
D16: Working days | J16: =IFERROR(HLOOKUP(J$3,[3]EMI!$D$5:$AA$19,13,FALSE),0) -> 0 | K16: =IFERROR(HLOOKUP(K$3,[3]EMI!$D$5:$AA$19,13,FALSE),0) -> 0 | L16: =IFERROR(HLOOKUP(L$3,[3]EMI!$D$5:$AA$19,13,FALSE),0) -> 0 | M16: =IFERROR(HLOOKUP(M$3,[3]EMI!$D$5:$AA$19,13,FALSE),0) -> 0 | N16: =IFERROR(HLOOKUP(N$3,[3]EMI!$D$5:$AA$19,13,FALSE),0) -> 0 | O16: =IFERROR(HLOOKUP(O$3,[3]EMI!$D$5:$AA$19,13,FALSE),0) -> 0 | P16: =IFERROR(HLOOKUP(P$3,[3]EMI!$D$5:$AA$19,13,FALSE),0) -> 0 | Q16: =IFERROR(HLOOKUP(Q$3,[3]EMI!$D$5:$AA$19,13,FALSE),0) -> 0 | ... AH16: =IFERROR(HLOOKUP(AH$3,[3]EMI!$D$5:$AA$19,13,FALSE),0) -> 0
D17: Planned Capacity | J17: 1950 | K17: 1950 | L17: 1950 | M17: 1950 | N17: 1950 | O17: 1950 | P17: 1950 | Q17: 1950 | R17: 1950 | S17: 1950 | T17: 1950 | U17: 1950 | V17: 1950 | W17: 1950 | X17: 1950 | Y17: 1950 | Z17: 1950 | AA17: 1950 | AB17: 1950 | AC17: 1950 | AD17: 1950 | AE17: 1950 | AF17: 1950 | AG17: 1950 | AH17: 1950
J18: =J15+J17 -> 1950 | K18: =K15+K17 -> 3900 | L18: =L15+L17 -> 1950 | M18: =M15+M17 -> 1950 | N18: =N15+N17 -> 1950 | O18: =O15+O17 -> 1950 | P18: =P15+P17 -> 1950 | Q18: =Q15+Q17 -> 1950 | ... AH18: =AH15+AH17 -> 1950
D19: Difference Capacity - SR | L19: =L6-L18 -> -1950 | M19: =M6-M18 -> -1950 | N19: =N6-N18 -> -1950 | O19: =O6-O18 -> -1950 | P19: =P6-P18 -> -1950 | Q19: =Q6-Q18 -> -1950 | R19: =R6-R18 -> -1950 | S19: =S6-S18 -> -1950 | ... AH19: =AH6-AH18 -> -1950
J21: Net Difference | L21: =L24-L27 -> -752 | M21: =M24-M27 -> 0 | N21: =N24-N27 -> -440 | O21: =O24-O27 -> -620 | P21: =P24-P27 -> -748 | Q21: =Q24-Q27 -> -852 | R21: =R24-R27 -> -848 | S21: =S24-S27 -> -852 | ... AH21: =AH24-AH27 -> 0
J22: Cum Difference | L22: =L25-L28 -> -36682 | M22: =M25-M28 -> -36682 | N22: =N25-N28 -> -37122 | O22: =O25-O28 -> -37742 | P22: =P25-P28 -> -38490 | Q22: =Q25-Q28 -> -39342 | R22: =R25-R28 -> -40190 | S22: =S25-S28 -> -41042 | ... AH22: =AH25-AH28 -> 0
B23: SR Waterfall | D23: 45376 | K23: SHIP | L23: FAB | T23: RAW
B24: Family Totals | C24: 220D- GAS | D24: Net Totals | E24: =E6 -> 0 | F24: =F6 -> 0 | G24: =G6 -> 0 | H24: =H6 -> 0 | I24: =I6 -> 0 | J24: =J6 -> 0 | K24: =K6 -> 0 | L24: =L6 -> 0 | ... AH24: =AH6 -> 0
D25: Cum Totals | E25: =E7 -> 0 | F25: =F7 -> 0 | G25: =G7 -> 0 | H25: =H7 -> 0 | I25: =I7 -> 0 | J25: =J7 -> 0 | K25: =K7 -> 0 | L25: =L7 -> 0 | ... AH25: =AH7 -> 0
D26: 45369 | J26: SHIP | K26: FAB | S26: RAW
D27: Net Totals | E27: 1016 | F27: 1008 | G27: 960 | H27: 1160 | I27: 440 | J27: 836 | K27: 764 | L27: 752 | M27: 0 | N27: 440 | O27: 620 | P27: 748 | Q27: 852 | R27: 848 | S27: 852 | T27: 428 | U27: 0 | V27: 0 | W27: 0 | X27: 0 | Y27: 0 | Z27: 0 | AA27: 0 | AB27: 0 | AC27: 0 | AD27: 0 | AE27: 0 | AF27: 0 | AG27: 0
D28: Cum Totals | E28: 30762 | F28: 31770 | G28: 32730 | H28: 33890 | I28: 34330 | J28: 35166 | K28: 35930 | L28: 36682 | M28: 36682 | N28: 37122 | O28: 37742 | P28: 38490 | Q28: 39342 | R28: 40190 | S28: 41042 | T28: 41470 | U28: 41470 | V28: 41470 | W28: 41470 | X28: 41470 | Y28: 41470 | Z28: 41470 | AA28: 41470 | AB28: 41470 | AC28: 41470 | AD28: 41470 | AE28: 41470 | AF28: 41470 | AG28: 41470
D29: 45362 | I29: SHIP | J29: FAB | R29: RAW
D30: Net Totals | E30: 1016 | F30: 1008 | G30: 960 | H30: 1160 | I30: 440 | J30: 836 | K30: 764 | L30: 752 | M30: 0 | N30: 504 | O30: 628 | P30: 0 | Q30: 0 | R30: 0 | S30: 0 | T30: 0 | U30: 0 | V30: 0 | W30: 0 | X30: 0 | Y30: 0 | Z30: 0 | AA30: 0 | AB30: 0 | AC30: 0 | AD30: 0 | AE30: 0 | AF30: 0
D31: Cum Totals | E31: 30762 | F31: 31770 | G31: 32730 | H31: 33890 | I31: 34330 | J31: 35166 | K31: 35930 | L31: 36682 | M31: 36682 | N31: 37186 | O31: 37814 | P31: 37814 | Q31: 37814 | R31: 37814 | S31: 37814 | T31: 37814 | U31: 37814 | V31: 37814 | W31: 37814 | X31: 37814 | Y31: 37814 | Z31: 37814 | AA31: 37814 | AB31: 37814 | AC31: 37814 | AD31: 37814 | AE31: 37814 | AF31: 37814
D32: 45355 | H32: SHIP | I32: FAB | Q32: RAW
D33: Net Totals | E33: 1016 | F33: 1008 | G33: 960 | H33: 1160 | I33: 440 | J33: 836 | K33: 764 | L33: 632 | M33: 0 | N33: 624 | O33: 628 | P33: 0 | Q33: 0 | R33: 0 | S33: 0 | T33: 0 | U33: 0 | V33: 0 | W33: 0 | X33: 0 | Y33: 0 | Z33: 0 | AA33: 0 | AB33: 0 | AC33: 0 | AD33: 0 | AE33: 0
D34: Cum Totals | E34: 30762 | F34: 31770 | G34: 32730 | H34: 33890 | I34: 34330 | J34: 35166 | K34: 35930 | L34: 36562 | M34: 36562 | N34: 37186 | O34: 37814 | P34: 37814 | Q34: 37814 | R34: 37814 | S34: 37814 | T34: 37814 | U34: 37814 | V34: 37814 | W34: 37814 | X34: 37814 | Y34: 37814 | Z34: 37814 | AA34: 37814 | AB34: 37814 | AC34: 37814 | AD34: 37814 | AE34: 37814
D35: 45348 | G35: SHIP | H35: FAB | P35: RAW
D36: Net Totals | E36: 1016 | F36: 1008 | G36: 960 | H36: 1160 | I36: 440 | J36: 768 | K36: 760 | L36: 632 | M36: 0 | N36: 632 | O36: 628 | P36: 0 | Q36: 0 | R36: 0 | S36: 0 | T36: 0 | U36: 0 | V36: 0 | W36: 0 | X36: 0 | Y36: 0 | Z36: 0 | AA36: 0 | AB36: 0 | AC36: 0 | AD36: 0
D37: Cum Totals | E37: 30762 | F37: 31770 | G37: 32730 | H37: 33890 | I37: 34330 | J37: 35098 | K37: 35858 | L37: 36490 | M37: 36490 | N37: 37122 | O37: 37750 | P37: 37750 | Q37: 37750 | R37: 37750 | S37: 37750 | T37: 37750 | U37: 37750 | V37: 37750 | W37: 37750 | X37: 37750 | Y37: 37750 | Z37: 37750 | AA37: 37750 | AB37: 37750 | AC37: 37750 | AD37: 37750
D38: 45341 | F38: SHIP | G38: FAB | O38: RAW
D39: Net Totals | E39: 1016 | F39: 1008 | G39: 960 | H39: 1160 | I39: 768 | J39: 764 | K39: 768 | L39: 656 | M39: 0 | N39: 608 | O39: 632 | P39: 0 | Q39: 0 | R39: 0 | S39: 0 | T39: 0 | U39: 0 | V39: 0 | W39: 0 | X39: 0 | Y39: 0 | Z39: 0 | AA39: 0 | AB39: 0 | AC39: 0
D40: Cum Totals | E40: 30762 | F40: 31770 | G40: 32730 | H40: 33890 | I40: 34658 | J40: 35422 | K40: 36190 | L40: 36846 | M40: 36846 | N40: 37454 | O40: 38086 | P40: 38086 | Q40: 38086 | R40: 38086 | S40: 38086 | T40: 38086 | U40: 38086 | V40: 38086 | W40: 38086 | X40: 38086 | Y40: 38086 | Z40: 38086 | AA40: 38086 | AB40: 38086 | AC40: 38086
D41: 45334 | E41: SHIP | F41: FAB | N41: RAW
D42: Net Totals | E42: 1016 | F42: 1008 | G42: 960 | H42: 1008 | I42: 1008 | J42: 936 | K42: 940 | L42: 676 | M42: 0 | N42: 596 | O42: 716 | P42: 756 | Q42: 852 | R42: 848 | S42: 852 | T42: 848 | U42: 808 | V42: 1004 | W42: 1000 | X42: 1008 | Y42: 1008 | Z42: 844 | AA42: 844 | AB42: 844
D43: Cum Totals | E43: 30762 | F43: 31770 | G43: 32730 | H43: 33738 | I43: 34746 | J43: 35682 | K43: 36622 | L43: 37298 | M43: 37298 | N43: 37894 | O43: 38610 | P43: 39366 | Q43: 40218 | R43: 41066 | S43: 41918 | T43: 42766 | U43: 43574 | V43: 44578 | W43: 45578 | X43: 46586 | Y43: 47594 | Z43: 48438 | AA43: 49282 | AB43: 50126
D44: 45327 | E44: FAB | M44: RAW
D45: Net Totals | E45: 1016 | F45: 1008 | G45: 1008 | H45: 1116 | I45: 984 | J45: 984 | K45: 772 | L45: 632 | M45: 0 | N45: 636 | O45: 684 | P45: 760 | Q45: 848 | R45: 852 | S45: 848 | T45: 852 | U45: 800 | V45: 1008 | W45: 1008 | X45: 1000 | Y45: 1004 | Z45: 1004 | AA45: 1004
D46: Cum Totals | E46: 30762 | F46: 31770 | G46: 32778 | H46: 33894 | I46: 34878 | J46: 35862 | K46: 36634 | L46: 37266 | M46: 37266 | N46: 37902 | O46: 38586 | P46: 39346 | Q46: 40194 | R46: 41046 | S46: 41894 | T46: 42746 | U46: 43546 | V46: 44554 | W46: 45562 | X46: 46562 | Y46: 47566 | Z46: 48570 | AA46: 49574
D48: Net Totals
D49: Cum Totals
D51: Net Totals
D52: Cum Totals
K55: SHIP | L55: FAB | T55: RAW | AK55: NORMAL | AL55: EXTENDED | AM55: MAXIMUM
B56: 220D-HV | C56: Net Family Totals | E56: =SUMIFS('Final SR'!J:J,'Final SR'!$E:$E,TOTALss!$B56,'Final SR'!$I:$I,'Final SR'!$I$12) -> 0 | F56: =SUMIFS('Final SR'!K:K,'Final SR'!$E:$E,TOTALss!$B56,'Final SR'!$I:$I,'Final SR'!$I$12) -> 0 | G56: =SUMIFS('Final SR'!L:L,'Final SR'!$E:$E,TOTALss!$B56,'Final SR'!$I:$I,'Final SR'!$I$12) -> 0 | H56: =SUMIFS('Final SR'!M:M,'Final SR'!$E:$E,TOTALss!$B56,'Final SR'!$I:$I,'Final SR'!$I$12) -> 0 | I56: =SUMIFS('Final SR'!N:N,'Final SR'!$E:$E,TOTALss!$B56,'Final SR'!$I:$I,'Final SR'!$I$12) -> 0 | J56: =SUMIFS('Final SR'!O:O,'Final SR'!$E:$E,TOTALss!$B56,'Final SR'!$I:$I,'Final SR'!$I$12) -> 0 | K56: =SUMIFS('Final SR'!P:P,'Final SR'!$E:$E,TOTALss!$B56,'Final SR'!$I:$I,'Final SR'!$I$12) -> 0 | L56: =SUMIFS('Final SR'!Q:Q,'Final SR'!$E:$E,TOTALss!$B56,'Final SR'!$I:$I,'Final SR'!$I$12) -> 0 | M56: =SUMIFS('Final SR'!R:R,'Final SR'!$E:$E,TOTALss!$B56,'Final SR'!$I:$I,'Final SR'!$I$12) -> 0 | N56: =SUMIFS('Final SR'!S:S,'Final SR'!$E:$E,TOTALss!$B56,'Final SR'!$I:$I,'Final SR'!$I$12) -> 0 | O56: =SUMIFS('Final SR'!T:T,'Final SR'!$E:$E,TOTALss!$B56,'Final SR'!$I:$I,'Final SR'!$I$12) -> 0 | P56: =SUMIFS('Final SR'!U:U,'Final SR'!$E:$E,TOTALss!$B56,'Final SR'!$I:$I,'Final SR'!$I$12) -> 0 | Q56: =SUMIFS('Final SR'!V:V,'Final SR'!$E:$E,TOTALss!$B56,'Final SR'!$I:$I,'Final SR'!$I$12) -> 0 | R56: =SUMIFS('Final SR'!W:W,'Final SR'!$E:$E,TOTALss!$B56,'Final SR'!$I:$I,'Final SR'!$I$12) -> 0 | S56: =SUMIFS('Final SR'!X:X,'Final SR'!$E:$E,TOTALss!$B56,'Final SR'!$I:$I,'Final SR'!$I$12) -> 0 | T56: =SUMIFS('Final SR'!Y:Y,'Final SR'!$E:$E,TOTALss!$B56,'Final SR'!$I:$I,'Final SR'!$I$12) -> 0 | U56: =SUMIFS('Final SR'!Z:Z,'Final SR'!$E:$E,TOTALss!$B56,'Final SR'!$I:$I,'Final SR'!$I$12) -> 0 | V56: =SUMIFS('Final SR'!AA:AA,'Final SR'!$E:$E,TOTALss!$B56,'Final SR'!$I:$I,'Final SR'!$I$12) -> 0 | W56: =SUMIFS('Final SR'!AB:AB,'Final SR'!$E:$E,TOTALss!$B56,'Final SR'!$I:$I,'Final SR'!$I$12) -> 0 | X56: =SUMIFS('Final SR'!AC:AC,'Final SR'!$E:$E,TOTALss!$B56,'Final SR'!$I:$I,'Final SR'!$I$12) -> 0 | Y56: =SUMIFS('Final SR'!AD:AD,'Final SR'!$E:$E,TOTALss!$B56,'Final SR'!$I:$I,'Final SR'!$I$12) -> 0 | Z56: =SUMIFS('Final SR'!AE:AE,'Final SR'!$E:$E,TOTALss!$B56,'Final SR'!$I:$I,'Final SR'!$I$12) -> 0 | AA56: =SUMIFS('Final SR'!AF:AF,'Final SR'!$E:$E,TOTALss!$B56,'Final SR'!$I:$I,'Final SR'!$I$12) -> 0 | AB56: =SUMIFS('Final SR'!AG:AG,'Final SR'!$E:$E,TOTALss!$B56,'Final SR'!$I:$I,'Final SR'!$I$12) -> 0 | AC56: =SUMIFS('Final SR'!AH:AH,'Final SR'!$E:$E,TOTALss!$B56,'Final SR'!$I:$I,'Final SR'!$I$12) -> 0 | AD56: =SUMIFS('Final SR'!AI:AI,'Final SR'!$E:$E,TOTALss!$B56,'Final SR'!$I:$I,'Final SR'!$I$12) -> 0 | AE56: =SUMIFS('Final SR'!AJ:AJ,'Final SR'!$E:$E,TOTALss!$B56,'Final SR'!$I:$I,'Final SR'!$I$12) -> 0 | AF56: =SUMIFS('Final SR'!AK:AK,'Final SR'!$E:$E,TOTALss!$B56,'Final SR'!$I:$I,'Final SR'!$I$12) -> 0 | AG56: =SUMIFS('Final SR'!AL:AL,'Final SR'!$E:$E,TOTALss!$B56,'Final SR'!$I:$I,'Final SR'!$I$12) -> 0 | AH56: =SUMIFS('Final SR'!AM:AM,'Final SR'!$E:$E,TOTALss!$B56,'Final SR'!$I:$I,'Final SR'!$I$12) -> 0 | AJ56: =SUM(M56:AH56) -> 0 | AK56: 1300 | AL56: 1300 | AM56: 1600
C57: CUM Family Totals | E57: =SUMIFS('Final SR'!J:J,'Final SR'!$E:$E,TOTALss!$B56,'Final SR'!$I:$I,'Final SR'!$I$13) -> 0 | F57: =+F56+E57 -> 0 | G57: =+G56+F57 -> 0 | H57: =+H56+G57 -> 0 | I57: =+I56+H57 -> 0 | J57: =+J56+I57 -> 0 | K57: =+K56+J57 -> 0 | L57: =+L56+K57 -> 0 | M57: =+M56+L57 -> 0 | ... AH57: =+AH56+AG57 -> 0
B58: HIGHLANDER HYBRID 422D | C58: Net Totals w/o Level Load | E58: 0 | F58: 0 | G58: 0 | H58: 0 | I58: 0 | J58: 0 | K58: 0 | L58: 0 | M58: 0 | N58: 0 | O58: 0 | P58: 0 | Q58: 0 | R58: 0 | S58: 0 | T58: 0 | U58: 0 | V58: 0 | W58: 0 | X58: 0 | Y58: 0 | Z58: 0 | AA58: 0 | AB58: 0 | AC58: 0 | AD58: 0 | AE58: 0 | AF58: 0 | AG58: 0 | AH58: 0 | AJ58: =SUM(M58:AH58) -> 0 | AK58: =AJ56=AJ58 -> TRUE | AL58: 7557 | AM58: 9204
B59: HIGHLANDER HYBRID 422D | C59: Cum Totals w/o Level Load | E59: 0 | F59: 0 | G59: 0 | H59: 0 | I59: 0 | J59: 0 | K59: 0 | L59: 0 | M59: 0 | N59: 0 | O59: 0 | P59: 0 | Q59: 0 | R59: 0 | S59: 0 | T59: 0 | U59: 0 | V59: 0 | W59: 0 | X59: 0 | Y59: 0 | Z59: 0 | AA59: 0 | AB59: 0 | AC59: 0 | AD59: 0 | AE59: 0 | AF59: 0 | AG59: 0 | AH59: 0
J60: (SAP vs Level Load) | L60: =+L56-L58 -> 0 | M60: =+M56-M58 -> 0 | N60: =+N56-N58 -> 0 | O60: =+O56-O58 -> 0 | P60: =+P56-P58 -> 0 | Q60: =+Q56-Q58 -> 0 | R60: =+R56-R58 -> 0 | S60: =+S56-S58 -> 0 | ... AH60: =+AH56-AH58 -> 0
J61: CUM Diff | L61: =+L60 -> 0 | M61: =+M60+L61 -> 0 | N61: =+N60+M61 -> 0 | O61: =+O60+N61 -> 0 | P61: =+P60+O61 -> 0 | Q61: =+Q60+P61 -> 0 | R61: =+R60+Q61 -> 0 | S61: =+S60+R61 -> 0 | T61: =+T60+S61 -> 0 | ... AH61: =+AH60+AG61 -> 0
J62: Extra DOH | K62: 665 | L62: =+L61/$K$12 -> 0 | M62: =+M61/$K$12 -> 0 | N62: =+N61/$K$12 -> 0 | O62: =+O61/$K$12 -> 0 | P62: =+P61/$K$12 -> 0 | Q62: =+Q61/$K$12 -> 0 | R62: =+R61/$K$12 -> 0 | S62: =+S61/$K$12 -> 0 | ... AH62: =+AH61/$K$12 -> 0
J63: Estimated Cost | L63: =L61*76 -> 0 | M63: =M61*76 -> 0 | N63: =N61*76 -> 0 | O63: =O61*76 -> 0 | P63: =P61*76 -> 0 | Q63: =Q61*76 -> 0 | R63: =R61*76 -> 0 | S63: =S61*76 -> 0 | ... AH63: =AH61*76 -> 0
D64: Working days
D65: Planned Capacity | J65: 650 | K65: 650 | L65: 650 | M65: 650 | N65: 650 | O65: 650 | P65: 650 | Q65: 650 | R65: 650 | S65: 650 | T65: 650 | U65: 650 | V65: 650 | W65: 650 | X65: 650 | Y65: 650 | Z65: 650 | AA65: 650 | AB65: 650 | AC65: 650 | AD65: 650 | AE65: 650 | AF65: 650 | AG65: 650 | AH65: 650
D66: Working days | J66: =IFERROR(HLOOKUP(J$3,[3]EMI!$D$5:$AA$19,13,FALSE),0) -> 0 | K66: =IFERROR(HLOOKUP(K$3,[3]EMI!$D$5:$AA$19,13,FALSE),0) -> 0 | L66: =IFERROR(HLOOKUP(L$3,[3]EMI!$D$5:$AA$19,13,FALSE),0) -> 0 | M66: =IFERROR(HLOOKUP(M$3,[3]EMI!$D$5:$AA$19,13,FALSE),0) -> 0 | N66: =IFERROR(HLOOKUP(N$3,[3]EMI!$D$5:$AA$19,13,FALSE),0) -> 0 | O66: =IFERROR(HLOOKUP(O$3,[3]EMI!$D$5:$AA$19,13,FALSE),0) -> 0 | P66: =IFERROR(HLOOKUP(P$3,[3]EMI!$D$5:$AA$19,13,FALSE),0) -> 0 | Q66: =IFERROR(HLOOKUP(Q$3,[3]EMI!$D$5:$AA$19,13,FALSE),0) -> 0 | ... AH66: =IFERROR(HLOOKUP(AH$3,[3]EMI!$D$5:$AA$19,13,FALSE),0) -> 0
D67: Planned Capacity | J67: =IFERROR(HLOOKUP(J$3,[3]EMI!$D$5:$AA$19,14,FALSE),0) -> 0 | K67: =IFERROR(HLOOKUP(K$3,[3]EMI!$D$5:$AA$19,14,FALSE),0) -> 0 | L67: =IFERROR(HLOOKUP(L$3,[3]EMI!$D$5:$AA$19,14,FALSE),0) -> 0 | M67: =IFERROR(HLOOKUP(M$3,[3]EMI!$D$5:$AA$19,14,FALSE),0) -> 0 | N67: =IFERROR(HLOOKUP(N$3,[3]EMI!$D$5:$AA$19,14,FALSE),0) -> 0 | O67: =IFERROR(HLOOKUP(O$3,[3]EMI!$D$5:$AA$19,14,FALSE),0) -> 0 | P67: =IFERROR(HLOOKUP(P$3,[3]EMI!$D$5:$AA$19,14,FALSE),0) -> 0 | Q67: =IFERROR(HLOOKUP(Q$3,[3]EMI!$D$5:$AA$19,14,FALSE),0) -> 0 | ... AH67: =IFERROR(HLOOKUP(AH$3,[3]EMI!$D$5:$AA$19,14,FALSE),0) -> 0
J68: =J65+J67 -> 650 | K68: =K65+K67 -> 650 | L68: =L65+L67 -> 650 | M68: =M65+M67 -> 650 | N68: =N65+N67 -> 650 | O68: =O65+O67 -> 650 | P68: =P65+P67 -> 650 | Q68: =Q65+Q67 -> 650 | ... AH68: =AH65+AH67 -> 650
D69: Difference Capacity - SR | L69: =L56-L68 -> -650 | M69: =M56-M68 -> -650 | N69: =N56-N68 -> -650 | O69: =O56-O68 -> -650 | P69: =P56-P68 -> -650 | Q69: =Q56-Q68 -> -650 | R69: =R56-R68 -> -650 | S69: =S56-S68 -> -650 | ... AH69: =AH56-AH68 -> -650
J71: Net Difference | L71: =L74-L77 -> 0 | M71: =M74-M77 -> 0 | N71: =N74-N77 -> 0 | O71: =O74-O77 -> 0 | P71: =P74-P77 -> 0 | Q71: =Q74-Q77 -> 0 | R71: =R74-R77 -> 0 | S71: =S74-S77 -> 0 | ... AH71: =AH74-AH77 -> 0
J72: Cum Difference | L72: =L75-L78 -> -7228 | M72: =M75-M78 -> -7228 | N72: =N75-N78 -> -7228 | O72: =O75-O78 -> -7228 | P72: =P75-P78 -> -7228 | Q72: =Q75-Q78 -> -7228 | R72: =R75-R78 -> -7228 | S72: =S75-S78 -> -7228 | ... AH72: =AH75-AH78 -> 0
B73: SR Waterfall | D73: 45376 | K73: SHIP | L73: FAB | T73: RAW
B74: Family Totals | C74: 220D-HV | D74: Net Totals | E74: =E56 -> 0 | F74: =F56 -> 0 | G74: =G56 -> 0 | H74: =H56 -> 0 | I74: =I56 -> 0 | J74: =J56 -> 0 | K74: =K56 -> 0 | L74: =L56 -> 0 | ... AH74: =AH56 -> 0
D75: Cum Totals | E75: =E57 -> 0 | F75: =F57 -> 0 | G75: =G57 -> 0 | H75: =H57 -> 0 | I75: =I57 -> 0 | J75: =J57 -> 0 | K75: =K57 -> 0 | L75: =L57 -> 0 | ... AH75: =AH57 -> 0
D76: 45369 | J76: SHIP | K76: FAB | S76: RAW
D77: Net Totals | E77: 196 | F77: 196 | G77: 204 | H77: 4 | I77: 8 | J77: 4 | K77: 0 | L77: 0 | M77: 0 | N77: 0 | O77: 0 | P77: 0 | Q77: 0 | R77: 0 | S77: 0 | T77: 0 | U77: 0 | V77: 0 | W77: 0 | X77: 0 | Y77: 0 | Z77: 0 | AA77: 0 | AB77: 0 | AC77: 0 | AD77: 0 | AE77: 0 | AF77: 0 | AG77: 0
D78: Cum Totals | E78: 6812 | F78: 7008 | G78: 7212 | H78: 7216 | I78: 7224 | J78: 7228 | K78: 7228 | L78: 7228 | M78: 7228 | N78: 7228 | O78: 7228 | P78: 7228 | Q78: 7228 | R78: 7228 | S78: 7228 | T78: 7228 | U78: 7228 | V78: 7228 | W78: 7228 | X78: 7228 | Y78: 7228 | Z78: 7228 | AA78: 7228 | AB78: 7228 | AC78: 7228 | AD78: 7228 | AE78: 7228 | AF78: 7228 | AG78: 7228
D79: 45362 | I79: SHIP | J79: FAB | R79: RAW
D80: Net Totals | E80: 196 | F80: 196 | G80: 204 | H80: 4 | I80: 8 | J80: 4 | K80: 0 | L80: 0 | M80: 0 | N80: 0 | O80: 0 | P80: 0 | Q80: 0 | R80: 0 | S80: 0 | T80: 0 | U80: 0 | V80: 0 | W80: 0 | X80: 0 | Y80: 0 | Z80: 0 | AA80: 0 | AB80: 0 | AC80: 0 | AD80: 0 | AE80: 0 | AF80: 0
D81: Cum Totals | E81: 6812 | F81: 7008 | G81: 7212 | H81: 7216 | I81: 7224 | J81: 7228 | K81: 7228 | L81: 7228 | M81: 7228 | N81: 7228 | O81: 7228 | P81: 7228 | Q81: 7228 | R81: 7228 | S81: 7228 | T81: 7228 | U81: 7228 | V81: 7228 | W81: 7228 | X81: 7228 | Y81: 7228 | Z81: 7228 | AA81: 7228 | AB81: 7228 | AC81: 7228 | AD81: 7228 | AE81: 7228 | AF81: 7228
D82: 45355 | H82: SHIP | I82: FAB | Q82: RAW
D83: Net Totals | E83: 196 | F83: 196 | G83: 204 | H83: 4 | I83: 8 | J83: 4 | K83: 0 | L83: 0 | M83: 0 | N83: 0 | O83: 0 | P83: 0 | Q83: 0 | R83: 0 | S83: 0 | T83: 0 | U83: 0 | V83: 0 | W83: 0 | X83: 0 | Y83: 0 | Z83: 0 | AA83: 0 | AB83: 0 | AC83: 0 | AD83: 0 | AE83: 0
D84: Cum Totals | E84: 6812 | F84: 7008 | G84: 7212 | H84: 7216 | I84: 7224 | J84: 7228 | K84: 7228 | L84: 7228 | M84: 7228 | N84: 7228 | O84: 7228 | P84: 7228 | Q84: 7228 | R84: 7228 | S84: 7228 | T84: 7228 | U84: 7228 | V84: 7228 | W84: 7228 | X84: 7228 | Y84: 7228 | Z84: 7228 | AA84: 7228 | AB84: 7228 | AC84: 7228 | AD84: 7228 | AE84: 7228
D85: 45348 | G85: SHIP | H85: FAB | P85: RAW
D86: Net Totals | E86: 196 | F86: 196 | G86: 204 | H86: 4 | I86: 8 | J86: 4 | K86: 0 | L86: 0 | M86: 0 | N86: 0 | O86: 0 | P86: 0 | Q86: 0 | R86: 0 | S86: 0 | T86: 0 | U86: 0 | V86: 0 | W86: 0 | X86: 0 | Y86: 0 | Z86: 0 | AA86: 0 | AB86: 0 | AC86: 0 | AD86: 0
D87: Cum Totals | E87: 6812 | F87: 7008 | G87: 7212 | H87: 7216 | I87: 7224 | J87: 7228 | K87: 7228 | L87: 7228 | M87: 7228 | N87: 7228 | O87: 7228 | P87: 7228 | Q87: 7228 | R87: 7228 | S87: 7228 | T87: 7228 | U87: 7228 | V87: 7228 | W87: 7228 | X87: 7228 | Y87: 7228 | Z87: 7228 | AA87: 7228 | AB87: 7228 | AC87: 7228 | AD87: 7228
D88: 45341 | F88: SHIP | G88: FAB | O88: RAW
D89: Net Totals | E89: 196 | F89: 196 | G89: 204 | H89: 4 | I89: 4 | J89: 4 | K89: 4 | L89: 0 | M89: 0 | N89: 0 | O89: 0 | P89: 0 | Q89: 0 | R89: 0 | S89: 0 | T89: 0 | U89: 0 | V89: 0 | W89: 0 | X89: 0 | Y89: 0 | Z89: 0 | AA89: 0 | AB89: 0 | AC89: 0
D90: Cum Totals | E90: 6812 | F90: 7008 | G90: 7212 | H90: 7216 | I90: 7220 | J90: 7224 | K90: 7228 | L90: 7228 | M90: 7228 | N90: 7228 | O90: 7228 | P90: 7228 | Q90: 7228 | R90: 7228 | S90: 7228 | T90: 7228 | U90: 7228 | V90: 7228 | W90: 7228 | X90: 7228 | Y90: 7228 | Z90: 7228 | AA90: 7228 | AB90: 7228 | AC90: 7228
D91: 45334 | E91: SHIP | F91: FAB | N91: RAW
D92: Net Totals | E92: 196 | F92: 196 | G92: 204 | H92: 4 | I92: 4 | J92: 4 | K92: 4 | L92: 0 | M92: 0 | N92: 0 | O92: 0 | P92: 0 | Q92: 0 | R92: 0 | S92: 0 | T92: 0 | U92: 0 | V92: 0 | W92: 0 | X92: 0 | Y92: 0 | Z92: 0 | AA92: 0 | AB92: 0
D93: Cum Totals | E93: 6812 | F93: 7008 | G93: 7212 | H93: 7216 | I93: 7220 | J93: 7224 | K93: 7228 | L93: 7228 | M93: 7228 | N93: 7228 | O93: 7228 | P93: 7228 | Q93: 7228 | R93: 7228 | S93: 7228 | T93: 7228 | U93: 7228 | V93: 7228 | W93: 7228 | X93: 7228 | Y93: 7228 | Z93: 7228 | AA93: 7228 | AB93: 7228
D94: 45327 | E94: FAB | M94: RAW
D95: Net Totals | E95: 196 | F95: 196 | G95: 204 | H95: 8 | I95: 4 | J95: 0 | K95: 4 | L95: 0 | M95: 0 | N95: 0 | O95: 0 | P95: 0 | Q95: 0 | R95: 0 | S95: 0 | T95: 0 | U95: 0 | V95: 0 | W95: 0 | X95: 0 | Y95: 0 | Z95: 0 | AA95: 0
D96: Cum Totals | E96: 6812 | F96: 7008 | G96: 7212 | H96: 7220 | I96: 7224 | J96: 7224 | K96: 7228 | L96: 7228 | M96: 7228 | N96: 7228 | O96: 7228 | P96: 7228 | Q96: 7228 | R96: 7228 | S96: 7228 | T96: 7228 | U96: 7228 | V96: 7228 | W96: 7228 | X96: 7228 | Y96: 7228 | Z96: 7228 | AA96: 7228
D98: Net Totals
D99: Cum Totals
D101: Net Totals
D102: Cum Totals
K105: SHIP | L105: FAB | T105: RAW | AK105: NORMAL | AL105: EXTENDED | AM105: MAXIMUM
B106: 200D-GAS | C106: Net Family Totals | E106: =SUMIFS('Final SR'!J:J,'Final SR'!$E:$E,TOTALss!$B106,'Final SR'!$I:$I,'Final SR'!$I$12) -> 0 | F106: =SUMIFS('Final SR'!K:K,'Final SR'!$E:$E,TOTALss!$B106,'Final SR'!$I:$I,'Final SR'!$I$12) -> 0 | G106: =SUMIFS('Final SR'!L:L,'Final SR'!$E:$E,TOTALss!$B106,'Final SR'!$I:$I,'Final SR'!$I$12) -> 0 | H106: =SUMIFS('Final SR'!M:M,'Final SR'!$E:$E,TOTALss!$B106,'Final SR'!$I:$I,'Final SR'!$I$12) -> 0 | I106: =SUMIFS('Final SR'!N:N,'Final SR'!$E:$E,TOTALss!$B106,'Final SR'!$I:$I,'Final SR'!$I$12) -> 0 | J106: =SUMIFS('Final SR'!O:O,'Final SR'!$E:$E,TOTALss!$B106,'Final SR'!$I:$I,'Final SR'!$I$12) -> 0 | K106: =SUMIFS('Final SR'!P:P,'Final SR'!$E:$E,TOTALss!$B106,'Final SR'!$I:$I,'Final SR'!$I$12) -> 0 | L106: =SUMIFS('Final SR'!Q:Q,'Final SR'!$E:$E,TOTALss!$B106,'Final SR'!$I:$I,'Final SR'!$I$12) -> 0 | M106: =SUMIFS('Final SR'!R:R,'Final SR'!$E:$E,TOTALss!$B106,'Final SR'!$I:$I,'Final SR'!$I$12) -> 0 | N106: =SUMIFS('Final SR'!S:S,'Final SR'!$E:$E,TOTALss!$B106,'Final SR'!$I:$I,'Final SR'!$I$12) -> 0 | O106: =SUMIFS('Final SR'!T:T,'Final SR'!$E:$E,TOTALss!$B106,'Final SR'!$I:$I,'Final SR'!$I$12) -> 0 | P106: =SUMIFS('Final SR'!U:U,'Final SR'!$E:$E,TOTALss!$B106,'Final SR'!$I:$I,'Final SR'!$I$12) -> 0 | Q106: =SUMIFS('Final SR'!V:V,'Final SR'!$E:$E,TOTALss!$B106,'Final SR'!$I:$I,'Final SR'!$I$12) -> 0 | R106: =SUMIFS('Final SR'!W:W,'Final SR'!$E:$E,TOTALss!$B106,'Final SR'!$I:$I,'Final SR'!$I$12) -> 0 | S106: =SUMIFS('Final SR'!X:X,'Final SR'!$E:$E,TOTALss!$B106,'Final SR'!$I:$I,'Final SR'!$I$12) -> 0 | T106: =SUMIFS('Final SR'!Y:Y,'Final SR'!$E:$E,TOTALss!$B106,'Final SR'!$I:$I,'Final SR'!$I$12) -> 0 | U106: =SUMIFS('Final SR'!Z:Z,'Final SR'!$E:$E,TOTALss!$B106,'Final SR'!$I:$I,'Final SR'!$I$12) -> 0 | V106: =SUMIFS('Final SR'!AA:AA,'Final SR'!$E:$E,TOTALss!$B106,'Final SR'!$I:$I,'Final SR'!$I$12) -> 0 | W106: =SUMIFS('Final SR'!AB:AB,'Final SR'!$E:$E,TOTALss!$B106,'Final SR'!$I:$I,'Final SR'!$I$12) -> 0 | X106: =SUMIFS('Final SR'!AC:AC,'Final SR'!$E:$E,TOTALss!$B106,'Final SR'!$I:$I,'Final SR'!$I$12) -> 0 | Y106: =SUMIFS('Final SR'!AD:AD,'Final SR'!$E:$E,TOTALss!$B106,'Final SR'!$I:$I,'Final SR'!$I$12) -> 0 | Z106: =SUMIFS('Final SR'!AE:AE,'Final SR'!$E:$E,TOTALss!$B106,'Final SR'!$I:$I,'Final SR'!$I$12) -> 0 | AA106: =SUMIFS('Final SR'!AF:AF,'Final SR'!$E:$E,TOTALss!$B106,'Final SR'!$I:$I,'Final SR'!$I$12) -> 0 | AB106: =SUMIFS('Final SR'!AG:AG,'Final SR'!$E:$E,TOTALss!$B106,'Final SR'!$I:$I,'Final SR'!$I$12) -> 0 | AC106: =SUMIFS('Final SR'!AH:AH,'Final SR'!$E:$E,TOTALss!$B106,'Final SR'!$I:$I,'Final SR'!$I$12) -> 0 | AD106: =SUMIFS('Final SR'!AI:AI,'Final SR'!$E:$E,TOTALss!$B106,'Final SR'!$I:$I,'Final SR'!$I$12) -> 0 | AE106: =SUMIFS('Final SR'!AJ:AJ,'Final SR'!$E:$E,TOTALss!$B106,'Final SR'!$I:$I,'Final SR'!$I$12) -> 0 | AF106: =SUMIFS('Final SR'!AK:AK,'Final SR'!$E:$E,TOTALss!$B106,'Final SR'!$I:$I,'Final SR'!$I$12) -> 0 | AG106: =SUMIFS('Final SR'!AL:AL,'Final SR'!$E:$E,TOTALss!$B106,'Final SR'!$I:$I,'Final SR'!$I$12) -> 0 | AH106: =SUMIFS('Final SR'!AM:AM,'Final SR'!$E:$E,TOTALss!$B106,'Final SR'!$I:$I,'Final SR'!$I$12) -> 0 | AJ106: =SUM(M106:AH106) -> 0 | AK106: 1950 | AL106: 1950 | AM106: 2400
C107: CUM Family Totals | E107: =SUMIFS('Final SR'!J:J,'Final SR'!$E:$E,TOTALss!$B106,'Final SR'!$I:$I,'Final SR'!$I$13) -> 0 | F107: =+F106+E107 -> 0 | G107: =+G106+F107 -> 0 | H107: =+H106+G107 -> 0 | I107: =+I106+H107 -> 0 | J107: =+J106+I107 -> 0 | K107: =+K106+J107 -> 0 | L107: =+L106+K107 -> 0 | M107: =+M106+L107 -> 0 | ... AH107: =+AH106+AG107 -> 0
B108: HIGHLANDER HYBRID 422D | C108: Net Totals w/o Level Load | E108: 5054 | F108: 2332 | G108: 2268 | H108: 2416 | I108: 2436 | J108: 1764 | K108: 2148 | L108: 2016 | M108: 0 | N108: 360 | O108: 924 | P108: 1212 | Q108: 1540 | R108: 1928 | S108: 2004 | T108: 1996 | U108: 1908 | V108: 2220 | W108: 2176 | X108: 2328 | Y108: 2324 | Z108: 1992 | AA108: 1992 | AB108: 1832 | AC108: 1836 | AD108: 1656 | AE108: 1656 | AF108: 1568 | AG108: 1572 | AH108: 1568 | AJ108: =SUM(M108:AH108) -> 36592 | AK108: =AJ106=AJ108 -> FALSE | AL108: 7557 | AM108: 9204
B109: HIGHLANDER HYBRID 422D | C109: Cum Totals w/o Level Load | E109: 75998 | F109: 78330 | G109: 80598 | H109: 83014 | I109: 85450 | J109: 87214 | K109: 89362 | L109: 91378 | M109: 91378 | N109: 91738 | O109: 92662 | P109: 93874 | Q109: 95414 | R109: 97342 | S109: 99346 | T109: 101342 | U109: 103250 | V109: 105470 | W109: 107646 | X109: 109974 | Y109: 112298 | Z109: 114290 | AA109: 116282 | AB109: 118114 | AC109: 119950 | AD109: 121606 | AE109: 123262 | AF109: 124830 | AG109: 126402 | AH109: 127970
J110: (SAP vs Level Load) | L110: =+L106-L108 -> -2016 | M110: =+M106-M108 -> 0 | N110: =+N106-N108 -> -360 | O110: =+O106-O108 -> -924 | P110: =+P106-P108 -> -1212 | Q110: =+Q106-Q108 -> -1540 | R110: =+R106-R108 -> -1928 | S110: =+S106-S108 -> -2004 | ... AH110: =+AH106-AH108 -> -1568
J111: CUM Diff | L111: =+L110 -> -2016 | M111: =+M110+L111 -> -2016 | N111: =+N110+M111 -> -2376 | O111: =+O110+N111 -> -3300 | P111: =+P110+O111 -> -4512 | Q111: =+Q110+P111 -> -6052 | R111: =+R110+Q111 -> -7980 | S111: =+S110+R111 -> -9984 | T111: =+T110+S111 -> -11980 | ... AH111: =+AH110+AG111 -> -38608
...

Sheet Timing Table
A1: Part Number | B1: SAP ID | C1: AFF | D1: Carline | E1: MY | F1: Market | G1: Last ETD or First ETD | H1: BO or SOP | I1: Service Overbuy | J1: Qty Service | K1: SNP | L1: PSA Number | M1: Super Product Group (1090) | N1: Vendor Code
A2: 82115-0E500 | B2: F0013545305 | C2: JAI | D2: 220D- GAS | G2: C/O | L2: 5500921479
A3: 82115-0E500 | B3: F0013545306 | C3: JAI | D3: 220D- GAS | G3: C/O | L3: 5500956759
A4: 82115-0E500 | B4: F0013545307 | C4: JAI | D4: 220D- GAS | G4: C/O | L4: 5500977973
A5: 82115-0E510 | B5: F0013545405 | C5: JAI | D5: 220D- GAS | G5: C/O | L5: 5500921480
A6: 82115-0E510 | B6: F0013545406 | C6: JAI | D6: 220D- GAS | G6: C/O | L6: 5500956760
A7: 82115-0E510 | B7: F0013545407 | C7: JAI | D7: 220D- GAS | G7: C/O | L7: 5500977974
A8: 82115-0E520 | B8: F0013545505 | C8: JAI | D8: 220D- GAS | G8: C/O | L8: 5500921481
A9: 82115-0E520 | B9: F0013545506 | C9: JAI | D9: 220D- GAS | G9: C/O | L9: 5500956761
A10: 82115-0E520 | B10: F0013545507 | C10: JAI | D10: 220D- GAS | G10: C/O | L10: 5500977975
A11: 82115-0E530 | B11: F0013545605 | C11: JAI | D11: 220D- GAS | G11: C/O | L11: 5500921482
A12: 82115-0E530 | B12: F0013545606 | C12: JAI | D12: 220D- GAS | G12: C/O | L12: 5500956762
A13: 82115-0E530 | B13: F0013545607 | C13: JAI | D13: 220D- GAS | G13: C/O | L13: 5500977976
... A102: 82115-0EZ90 | B102: F0014826200 | C102: JAI | D102: 564D-GAS | G102: L/O | L102: 5500980433

Sheet GRAPH
