Workbook

Sheet GUM
K1: SIX MONTH PRODUCTION PLAN ( QTY )
K2: TOYOTA 491D.564D | AA2: PREPARED
B3: S/R NO : JAI SR 3-2-2026 | K3: Periode : MAR PRODUCTION 2026
B4: FAX NO : EMAIL
Y7: NSO
C9: 1 | D9: =+C9+1 -> 2 | E9: =+D9+1 -> 3 | F9: =+E9+1 -> 4 | G9: =+F9+1 -> 5 | H9: =+G9+1 -> 6 | I9: =+H9+1 -> 7 | J9: =+I9+1 -> 8 | K9: =+J9+1 -> 9 | ... AD9: =+AC9+1 -> 28
B10: Print Date : | C10: =NOW() -> 46195.105
A11: TYPE | C11: HARNESS No. | D11: LEVEL | E11: ASSY CODE | F11: CCT | G11: Std Pack | H11: JAN - JUN | I11: FEB | L11: MAR | O11: APR | R11: MAY | U11: JUN | X11: JUL | AA11: AUG | AD11: BAL
H12: UMH | I12: =VLOOKUP(I11,WEEK!A2:D13,2,0) -> 02/FEB ~ 27/FEB | L12: =VLOOKUP(L11,WEEK!A2:D13,2,0) -> 02/MAR ~ 31/MAR | O12: =VLOOKUP(O11,WEEK!A2:D13,2,0) -> 01/APR ~ 30/APR | R12: =VLOOKUP(R11,WEEK!A2:D13,2,0) -> 02/MAY ~ 30/MAY | U12: =VLOOKUP(U11,WEEK!A2:D13,2,0) -> 02/JUN ~ 30/JUN | X12: =VLOOKUP(X11,WEEK!$A$2:$D13,2,0) -> 01/JUL ~ 31/JUL | AA12: =VLOOKUP(AA11,WEEK!$A$2:$D13,2,0) -> 03/AUG ~ 31/AUG
I13: BAL | J13: DEL | K13: PROD | L13: BAL | M13: DEL | N13: PROD | O13: BAL | P13: DEL | Q13: PROD | R13: BAL | S13: DEL | T13: PROD | U13: BAL | V13: DEL | W13: PROD | X13: BAL | Y13: DEL | Z13: PROD | AA13: BAL | AB13: DEL | AC13: PROD
A14: LHD HEV | B14: 200D | C14: 82115-0E470 | D14: H 0001 | E14: DS72 | G14: 4 | H14: 0 | I14: 0 | J14: 0 | K14: 0 | L14: =I14+K14-J14 -> 0 | N14: =M14-L14 -> 0 | O14: =L14+N14-M14 -> 0 | Q14: =P14-O14 -> 0 | R14: =O14+Q14-P14 -> 0 | T14: =S14-R14 -> 0 | U14: =R14+T14-S14 -> 0 | W14: =V14-U14 -> 0 | X14: =U14+W14-V14 -> 0 | Z14: =Y14-X14+100-100+64-64 -> 0 | AA14: =X14+Z14-Y14 -> 0 | AB14: =+Y14 | AC14: =AB14-AA14 -> 0 | AD14: =AA14+AC14-AB14 -> 0
C15: 82115-0E480 G | D15: G 0101 | E15: DS04 | G15: 4 | H15: 4.7863717 | I15: 0 | J15: 0 | K15: 0 | L15: =I15+K15-J15 -> 0 | N15: =M15-L15 -> 0 | O15: =L15+N15-M15 -> 0 | Q15: =P15-O15 -> 0 | R15: =O15+Q15-P15 -> 0 | T15: =S15-R15 -> 0 | U15: =R15+T15-S15 -> 0 | W15: =V15-U15 -> 0 | X15: =U15+W15-V15 -> 0 | Z15: =Y15-X15 -> 0 | AA15: =X15+Z15-Y15 -> 0 | AB15: =+Y15 | AC15: =AB15-AA15 -> 0 | AD15: =AA15+AC15-AB15 -> 0
C16: 82115-0E490 H | D16: H 0001 | E16: DS74 | G16: 4 | H16: =VLOOKUP($C16,#REF!,18,0) -> #REF! | I16: 0 | J16: 0 | K16: 0 | L16: =I16+K16-J16 -> 0 | M16: 0 | N16: =M16-L16 -> 0 | O16: =L16+N16-M16 -> 0 | P16: 0 | Q16: =P16-O16 -> 0 | R16: =O16+Q16-P16 -> 0 | S16: 0 | T16: =S16-R16 -> 0 | U16: =R16+T16-S16 -> 0 | V16: 0 | W16: =V16-U16 -> 0 | X16: =U16+W16-V16 -> 0 | Y16: 0 | Z16: =Y16-X16 -> 0 | AA16: =X16+Z16-Y16 -> 0 | AB16: 0 | AC16: =AB16-AA16 -> 0 | AD16: =AA16+AC16-AB16 -> 0
C17: 82115-0EA10 H | D17: H 0001 | E17: DS75 | G17: 4 | H17: =VLOOKUP($C17,#REF!,18,0) -> #REF! | I17: 0 | J17: 0 | K17: 0 | L17: =I17+K17-J17 -> 0 | M17: 0 | N17: =M17-L17 -> 0 | O17: =L17+N17-M17 -> 0 | P17: 0 | Q17: =P17-O17 -> 0 | R17: =O17+Q17-P17 -> 0 | S17: 0 | T17: =S17-R17 -> 0 | U17: =R17+T17-S17 -> 0 | V17: 0 | W17: =V17-U17 -> 0 | X17: =U17+W17-V17 -> 0 | Y17: 0 | Z17: =Y17-X17 -> 0 | AA17: =X17+Z17-Y17 -> 0 | AB17: 0 | AC17: =AB17-AA17 -> 0 | AD17: =AA17+AC17-AB17 -> 0
B18: 491D | C18: 82115-0E480 | D18: J 0101 | E18: DSY3 | G18: 4 | H18: =+H30 -> #REF! | I18: 0 | J18: 0 | K18: 0 | L18: =I18+K18-J18 -> 0 | M18: 0 | N18: =M18-L18 -> 0 | O18: =L18+N18-M18 -> 0 | P18: 0 | Q18: =P18-O18 -> 0 | R18: =O18+Q18-P18 -> 0 | S18: 0 | T18: =S18-R18 -> 0 | U18: =R18+T18-S18 -> 0 | V18: 0 | W18: =V18-U18 -> 0 | X18: =U18+W18-V18 -> 0 | Y18: 0 | Z18: =Y18-X18 -> 0 | AA18: =X18+Z18-Y18 -> 0 | AB18: 0 | AC18: =AB18-AA18 -> 0 | AD18: =AA18+AC18-AB18 -> 0
C19: 82115-0E490 K | D19: K 0001 | E19: DZ01 | G19: 4 | H19: =VLOOKUP(C19,#REF!,18,0) -> #REF! | I19: 0 | J19: 452 | K19: 452 | L19: =I19+K19-J19 -> 0 | M19: =VLOOKUP($C19,#REF!,57,0) -> #REF! | N19: =M19-L19+52-8 -> #REF! | O19: =L19+N19-M19 -> #REF! | P19: =VLOOKUP($C19,#REF!,58,0) -> #REF! | Q19: =P19-O19 -> #REF! | R19: =O19+Q19-P19 -> #REF! | S19: =VLOOKUP($C19,#REF!,59,0) -> #REF! | T19: =S19-R19 -> #REF! | U19: =R19+T19-S19 -> #REF! | V19: =VLOOKUP($C19,#REF!,60,0) -> #REF! | W19: =V19-U19 -> #REF! | X19: =U19+W19-V19 -> #REF! | Y19: =VLOOKUP($C19,#REF!,61,0) -> #REF! | Z19: =Y19-X19 -> #REF! | AA19: =X19+Z19-Y19 -> #REF! | AB19: =VLOOKUP($C19,#REF!,62,0) -> #REF! | AC19: =AB19-AA19 -> #REF! | AD19: =AA19+AC19-AB19 -> #REF!
C20: 82115-0EA10 K | D20: K 0001 | E20: DZ02 | G20: 4 | H20: =VLOOKUP(C20,#REF!,18,0) -> #REF! | I20: 336 | J20: 2724 | K20: 2724 | L20: =I20+K20-J20 -> 336 | M20: =VLOOKUP($C20,#REF!,57,0) -> #REF! | N20: =M20-L20+368-8-4-148 -> #REF! | O20: =L20+N20-M20 -> #REF! | P20: =VLOOKUP($C20,#REF!,58,0) -> #REF! | Q20: =P20-O20+212 -> #REF! | R20: =O20+Q20-P20 -> #REF! | S20: =VLOOKUP($C20,#REF!,59,0) -> #REF! | T20: =S20-R20+432-200 -> #REF! | U20: =R20+T20-S20 -> #REF! | V20: =VLOOKUP($C20,#REF!,60,0) -> #REF! | W20: =V20-U20+736-200 -> #REF! | X20: =U20+W20-V20 -> #REF! | Y20: =VLOOKUP($C20,#REF!,61,0) -> #REF! | Z20: =Y20-X20+496 -> #REF! | AA20: =X20+Z20-Y20 -> #REF! | AB20: =VLOOKUP($C20,#REF!,62,0) -> #REF! | AC20: =AB20-AA20 -> #REF! | AD20: =AA20+AC20-AB20 -> #REF!
C21: 82115-0E600 | D21: H 0201 | E21: DS10 | G21: 4 | K21: 0 | N21: =M21-L21 -> 0 | Q21: =P21-O21 -> 0 | T21: =S21-R21 -> 0 | W21: =V21-U21 -> 0 | Z21: =Y21-X21 -> 0 | AD21: =AA21+AC21-AB21 -> 0
C22: 82115-0E610 | D22: H 0201 | E22: DS11 | G22: 4 | K22: 0 | N22: =M22-L22 -> 0 | Q22: =P22-O22 -> 0 | T22: =S22-R22 -> 0 | W22: =V22-U22 -> 0 | Z22: =Y22-X22 -> 0 | AD22: =AA22+AC22-AB22 -> 0
C23: 82115-0E620 | D23: H 0201 | E23: DS12 | G23: 4 | K23: 0 | N23: =M23-L23 -> 0 | Q23: =P23-O23 -> 0 | T23: =S23-R23 -> 0 | W23: =V23-U23 -> 0 | Z23: =Y23-X23 -> 0 | AD23: =AA23+AC23-AB23 -> 0
C24: 82115-0EA40 | D24: H 0201 | E24: DS13 | G24: 4 | K24: 0 | N24: =M24-L24 -> 0 | Q24: =P24-O24 -> 0 | T24: =S24-R24 -> 0 | W24: =V24-U24 -> 0 | Z24: =Y24-X24 -> 0 | AD24: =AA24+AC24-AB24 -> 0
C25: 82115-0EA50 | D25: H 0201 | E25: DS14 | G25: 4 | K25: 0 | N25: =M25-L25 -> 0 | Q25: =P25-O25 -> 0 | T25: =S25-R25 -> 0 | W25: =V25-U25 -> 0 | Z25: =Y25-X25 -> 0 | AD25: =AA25+AC25-AB25 -> 0
C26: 82115-0EA60 | D26: H 0201 | E26: DS15 | G26: 4 | K26: 0 | N26: =M26-L26 -> 0 | Q26: =P26-O26 -> 0 | T26: =S26-R26 -> 0 | W26: =V26-U26 -> 0 | Z26: =Y26-X26 -> 0 | AD26: =AA26+AC26-AB26 -> 0
C27: 82115-0EA70 | D27: H 0201 | E27: DS16 | G27: 4 | K27: 0 | N27: =M27-L27 -> 0 | Q27: =P27-O27 -> 0 | T27: =S27-R27 -> 0 | W27: =V27-U27 -> 0 | Z27: =Y27-X27 -> 0 | AD27: =AA27+AC27-AB27 -> 0
C28: 82115-0EG40 | D28: H 0201 | E28: DS17 | G28: 4 | K28: 0 | N28: =M28-L28 -> 0 | Q28: =P28-O28 -> 0 | T28: =S28-R28 -> 0 | W28: =V28-U28 -> 0 | Z28: =Y28-X28 -> 0 | AD28: =AA28+AC28-AB28 -> 0
C29: 82115-0E470 F | D29: G 0001 | E29: DOI4 | G29: 4 | K29: 0 | N29: =M29-L29 -> 0 | Q29: =P29-O29 -> 0 | T29: =S29-R29 -> 0 | W29: =V29-U29 -> 0 | Z29: =Y29-X29 -> 0 | AD29: =AA29+AC29-AB29 -> 0
C30: 82115-0E480 K | D30: K 0301 | E30: DVB1 | G30: 4 | H30: =VLOOKUP(C30,#REF!,18,0) -> #REF! | I30: 96 | J30: 1392 | K30: 1680 | L30: =I30+K30-J30 -> 384 | M30: =VLOOKUP($C30,#REF!,57,0) -> #REF! | N30: =M30-L30+208 -> #REF! | O30: =L30+N30-M30 -> #REF! | P30: =VLOOKUP($C30,#REF!,58,0) -> #REF! | Q30: =P30-O30+200 -> #REF! | R30: =O30+Q30-P30 -> #REF! | S30: =VLOOKUP($C30,#REF!,59,0) -> #REF! | T30: =S30-R30+200 -> #REF! | U30: =R30+T30-S30 -> #REF! | V30: =VLOOKUP($C30,#REF!,60,0) -> #REF! | W30: =V30-U30+200 -> #REF! | X30: =U30+W30-V30 -> #REF! | Y30: =VLOOKUP($C30,#REF!,61,0) -> #REF! | Z30: =Y30-X30+200 -> #REF! | AA30: =X30+Z30-Y30 -> #REF! | AB30: =VLOOKUP($C30,#REF!,62,0) -> #REF! | AC30: =AB30-AA30 -> #REF! | AD30: =AA30+AC30-AB30 -> #REF! | AE30: 821150E480
C31: 82115-0E490 J | D31: J 1101 | E31: DVB2 | G31: 4 | H31: =VLOOKUP(C31,#REF!,18,0) -> #REF! | I31: 0 | J31: 0 | K31: 0 | L31: =I31+K31-J31 -> 0 | M31: =VLOOKUP($C31,#REF!,57,0) -> #REF! | N31: =M31-L31 -> #REF! | O31: =L31+N31-M31 -> #REF! | P31: =VLOOKUP($C31,#REF!,58,0) -> #REF! | Q31: =P31-O31 -> #REF! | R31: =O31+Q31-P31 -> #REF! | S31: =VLOOKUP($C31,#REF!,59,0) -> #REF! | T31: =S31-R31 -> #REF! | U31: =R31+T31-S31 -> #REF! | V31: =VLOOKUP($C31,#REF!,60,0) -> #REF! | W31: =V31-U31 -> #REF! | X31: =U31+W31-V31 -> #REF! | Y31: =VLOOKUP($C31,#REF!,61,0) -> #REF! | Z31: =Y31-X31 -> #REF! | AA31: =X31+Z31-Y31 -> #REF! | AB31: =VLOOKUP($C31,#REF!,62,0) -> #REF! | AC31: =AB31-AA31 -> #REF! | AD31: =AA31+AC31-AB31 -> #REF! | AE31: 82115-0E490 H
C32: 82115-0EA10 J | D32: J 1101 | E32: DVB3 | G32: 4 | H32: =VLOOKUP(C32,#REF!,18,0) -> #REF! | I32: 0 | J32: 0 | K32: 0 | L32: =I32+K32-J32 -> 0 | M32: =VLOOKUP($C32,#REF!,57,0) -> #REF! | N32: =M32-L32 -> #REF! | O32: =L32+N32-M32 -> #REF! | P32: =VLOOKUP($C32,#REF!,58,0) -> #REF! | Q32: =P32-O32 -> #REF! | R32: =O32+Q32-P32 -> #REF! | S32: =VLOOKUP($C32,#REF!,59,0) -> #REF! | T32: =S32-R32 -> #REF! | U32: =R32+T32-S32 -> #REF! | V32: =VLOOKUP($C32,#REF!,60,0) -> #REF! | W32: =V32-U32 -> #REF! | X32: =U32+W32-V32 -> #REF! | Y32: =VLOOKUP($C32,#REF!,61,0) -> #REF! | Z32: =Y32-X32 -> #REF! | AA32: =X32+Z32-Y32 -> #REF! | AB32: =VLOOKUP($C32,#REF!,62,0) -> #REF! | AC32: =AB32-AA32 -> #REF! | AD32: =AA32+AC32-AB32 -> #REF! | AE32: 82115-0EA10 H
C33: 82115-0E570 G | D33: G 1001 | E33: DOJ8 | G33: 4 | K33: 0 | N33: =M33-L33 -> 0 | Q33: =P33-O33 -> 0 | T33: =S33-R33 -> 0 | W33: =V33-U33 -> 0 | Z33: =Y33-X33 -> 0 | AD33: =AA33+AC33-AB33 -> 0
C34: 82115-0E580 G | D34: G 1001 | E34: DOJ9 | G34: 4 | K34: 0 | N34: =M34-L34 -> 0 | Q34: =P34-O34 -> 0 | T34: =S34-R34 -> 0 | W34: =V34-U34 -> 0 | Z34: =Y34-X34 -> 0 | AD34: =AA34+AC34-AB34 -> 0
C35: 82115-0E590 G | D35: G 1001 | E35: DOK1 | G35: 4 | K35: 0 | N35: =M35-L35 -> 0 | Q35: =P35-O35 -> 0 | T35: =S35-R35 -> 0 | W35: =V35-U35 -> 0 | Z35: =Y35-X35 -> 0 | AD35: =AA35+AC35-AB35 -> 0
C36: 82115-0E600 G | D36: G 1001 | E36: DOK2 | G36: 4 | K36: 0 | N36: =M36-L36 -> 0 | Q36: =P36-O36 -> 0 | T36: =S36-R36 -> 0 | W36: =V36-U36 -> 0 | Z36: =Y36-X36 -> 0 | AD36: =AA36+AC36-AB36 -> 0
C37: 82115-0E610 G | D37: G 1001 | E37: DOK3 | G37: 4 | K37: 0 | N37: =M37-L37 -> 0 | Q37: =P37-O37 -> 0 | T37: =S37-R37 -> 0 | W37: =V37-U37 -> 0 | Z37: =Y37-X37 -> 0 | AD37: =AA37+AC37-AB37 -> 0
C38: 82115-0E620 G | D38: G 1001 | E38: DOK4 | G38: 4 | K38: 0 | N38: =M38-L38 -> 0 | Q38: =P38-O38 -> 0 | T38: =S38-R38 -> 0 | W38: =V38-U38 -> 0 | Z38: =Y38-X38 -> 0 | AD38: =AA38+AC38-AB38 -> 0
C39: 82115-0EA40 G | D39: G 1001 | E39: DOK5 | G39: 4 | K39: 0 | N39: =M39-L39 -> 0 | Q39: =P39-O39 -> 0 | T39: =S39-R39 -> 0 | W39: =V39-U39 -> 0 | Z39: =Y39-X39 -> 0 | AD39: =AA39+AC39-AB39 -> 0
C40: 82115-0EA50 G | D40: G 1001 | E40: DOK6 | G40: 4 | K40: 0 | N40: =M40-L40 -> 0 | Q40: =P40-O40 -> 0 | T40: =S40-R40 -> 0 | W40: =V40-U40 -> 0 | Z40: =Y40-X40 -> 0 | AD40: =AA40+AC40-AB40 -> 0
C41: 82115-0EA60 G | D41: G 1001 | E41: DOK7 | G41: 4 | K41: 0 | N41: =M41-L41 -> 0 | Q41: =P41-O41 -> 0 | T41: =S41-R41 -> 0 | W41: =V41-U41 -> 0 | Z41: =Y41-X41 -> 0 | AD41: =AA41+AC41-AB41 -> 0
C42: 82115-0EA70 G | D42: G 1001 | E42: DOK8 | G42: 4 | K42: 0 | N42: =M42-L42 -> 0 | Q42: =P42-O42 -> 0 | T42: =S42-R42 -> 0 | W42: =V42-U42 -> 0 | Z42: =Y42-X42 -> 0 | AD42: =AA42+AC42-AB42 -> 0
C43: 82115-0EG40 G | D43: G 1001 | E43: DOK9 | G43: 4 | K43: 0 | N43: =M43-L43 -> 0 | Q43: =P43-O43 -> 0 | T43: =S43-R43 -> 0 | W43: =V43-U43 -> 0 | Z43: =Y43-X43 -> 0 | AD43: =AA43+AC43-AB43 -> 0
A44: LHD GAS | C44: 82115-0E440 H | D44: H 0001 | E44: DS68 | G44: 4 | H44: =VLOOKUP($C44,#REF!,18,0) -> #REF! | I44: 0 | J44: 0 | K44: 0 | L44: 0 | M44: 0 | N44: 0 | O44: 0 | P44: 0 | Q44: 0 | R44: 0 | S44: 0 | T44: =S44-R44 -> 0 | U44: 0 | V44: 0 | W44: =V44-U44 -> 0 | X44: 0 | Y44: 0 | Z44: 0 | AA44: 0 | AB44: 0 | AC44: 0 | AD44: =AA44+AC44-AB44 -> 0
C45: 82115-0E450 H | D45: H 0001 | E45: DS69 | G45: 4 | H45: =VLOOKUP($C45,#REF!,18,0) -> #REF! | I45: 0 | J45: 0 | K45: 0 | L45: 0 | M45: 0 | N45: 0 | O45: 0 | P45: 0 | Q45: 0 | R45: 0 | S45: 0 | T45: =S45-R45 -> 0 | U45: 0 | V45: 0 | W45: =V45-U45 -> 0 | X45: 0 | Y45: 0 | Z45: 0 | AA45: 0 | AB45: 0 | AC45: 0 | AD45: =AA45+AC45-AB45 -> 0
C46: 82115-0E460 H | D46: H 0001 | E46: DS70 | G46: 4 | H46: =VLOOKUP($C46,#REF!,18,0) -> #REF! | I46: 0 | J46: 0 | K46: 0 | L46: 0 | M46: 0 | N46: 0 | O46: 0 | P46: 0 | Q46: 0 | R46: 0 | S46: 0 | T46: =S46-R46 -> 0 | U46: 0 | V46: 0 | W46: =V46-U46 -> 0 | X46: 0 | Y46: 0 | Z46: 0 | AA46: 0 | AB46: 0 | AC46: 0 | AD46: =AA46+AC46-AB46 -> 0
C47: 82115-0EA00 H | D47: H 0001 | E47: DS71 | G47: 4 | H47: =VLOOKUP($C47,#REF!,18,0) -> #REF! | I47: 0 | J47: 0 | K47: 0 | L47: 0 | M47: 0 | N47: 0 | O47: 0 | P47: 0 | Q47: 0 | R47: 0 | S47: 0 | T47: =S47-R47 -> 0 | U47: 0 | V47: 0 | W47: =V47-U47 -> 0 | X47: 0 | Y47: 0 | Z47: 0 | AA47: 0 | AB47: 0 | AC47: 0 | AD47: =AA47+AC47-AB47 -> 0
C48: 82115-0E500 | D48: J 0001 | E48: DRX2 | G48: 4 | I48: 0 | J48: 0 | K48: 0 | L48: 0 | M48: 0 | N48: 0 | O48: 0 | P48: 0 | Q48: 0 | R48: 0 | S48: 0 | T48: =S48-R48 -> 0 | U48: 0 | V48: 0 | W48: =V48-U48 -> 0 | X48: 0 | Y48: 0 | Z48: 0 | AA48: 0 | AB48: 0 | AC48: 0 | AD48: =AA48+AC48-AB48 -> 0
C49: 82115-0E510 | D49: H 0001 | E49: DR54 | G49: 4 | H49: =VLOOKUP($C49,#REF!,18,0) -> #REF! | I49: 0 | J49: 0 | K49: 0 | L49: 0 | M49: 0 | N49: 0 | O49: 0 | P49: 0 | Q49: 0 | R49: 0 | S49: 0 | T49: =S49-R49 -> 0 | U49: 0 | V49: 0 | W49: =V49-U49 -> 0 | X49: 0 | Y49: 0 | Z49: 0 | AA49: 0 | AB49: 0 | AC49: 0 | AD49: =AA49+AC49-AB49 -> 0
C50: 82115-0E510 J | D50: J 0001 | E50: DRX3 | G50: 4 | I50: 0 | J50: 0 | K50: 0 | L50: 0 | M50: 0 | N50: 0 | O50: 0 | P50: 0 | Q50: 0 | R50: 0 | S50: 0 | T50: =S50-R50 -> 0 | U50: 0 | V50: 0 | W50: =V50-U50 -> 0 | X50: 0 | Y50: 0 | Z50: 0 | AA50: 0 | AB50: 0 | AC50: 0 | AD50: =AA50+AC50-AB50 -> 0
C51: 82115-0E530 | D51: H 0001 | E51: DR56 | G51: 4 | H51: =VLOOKUP($C51,#REF!,18,0) -> #REF! | I51: 0 | J51: 0 | K51: 0 | L51: 0 | M51: 0 | N51: 0 | O51: 0 | P51: 0 | Q51: 0 | R51: 0 | S51: 0 | T51: =S51-R51 -> 0 | U51: 0 | V51: 0 | W51: =V51-U51 -> 0 | X51: 0 | Y51: 0 | Z51: 0 | AA51: 0 | AB51: 0 | AC51: 0 | AD51: =AA51+AC51-AB51 -> 0
C52: 82115-0E530 J | D52: J 0001 | E52: DRX5 | G52: 4 | I52: 0 | J52: 0 | K52: 0 | L52: 0 | M52: 0 | N52: 0 | O52: 0 | P52: 0 | Q52: 0 | R52: 0 | S52: 0 | T52: =S52-R52 -> 0 | U52: 0 | V52: 0 | W52: =V52-U52 -> 0 | X52: 0 | Y52: 0 | Z52: 0 | AA52: 0 | AB52: 0 | AC52: 0 | AD52: =AA52+AC52-AB52 -> 0
C53: 82115-0E440. | D53: K 0001 | E53: DVC5 | G53: 4 | H53: =VLOOKUP(C53,#REF!,18,0) -> #REF! | I53: 0 | J53: 0 | K53: 0 | L53: =I53+K53-J53 -> 0 | M53: =VLOOKUP($C53,#REF!,57,0) -> #REF! | N53: =M53-L53 -> #REF! | O53: =L53+N53-M53 -> #REF! | P53: =VLOOKUP($C53,#REF!,58,0) -> #REF! | Q53: =P53-O53 -> #REF! | R53: =O53+Q53-P53 -> #REF! | S53: =VLOOKUP($C53,#REF!,59,0) -> #REF! | T53: =S53-R53 -> #REF! | U53: =R53+T53-S53 -> #REF! | V53: =VLOOKUP($C53,#REF!,60,0) -> #REF! | W53: =V53-U53 -> #REF! | X53: =U53+W53-V53 -> #REF! | Y53: =VLOOKUP($C53,#REF!,61,0) -> #REF! | Z53: =Y53-X53 -> #REF! | AA53: =X53+Z53-Y53 -> #REF! | AB53: =VLOOKUP($C53,#REF!,62,0) -> #REF! | AC53: =AB53-AA53 -> #REF! | AD53: =AA53+AC53-AB53 -> #REF!
C54: 82115-0E450. | D54: K 0001 | E54: DVC6 | G54: 4 | H54: =VLOOKUP(C54,#REF!,18,0) -> #REF! | I54: 0 | J54: 0 | K54: 0 | L54: =I54+K54-J54 -> 0 | M54: =VLOOKUP($C54,#REF!,57,0) -> #REF! | N54: =M54-L54 -> #REF! | O54: =L54+N54-M54 -> #REF! | P54: =VLOOKUP($C54,#REF!,58,0) -> #REF! | Q54: =P54-O54 -> #REF! | R54: =O54+Q54-P54 -> #REF! | S54: =VLOOKUP($C54,#REF!,59,0) -> #REF! | T54: =S54-R54 -> #REF! | U54: =R54+T54-S54 -> #REF! | V54: =VLOOKUP($C54,#REF!,60,0) -> #REF! | W54: =V54-U54 -> #REF! | X54: =U54+W54-V54 -> #REF! | Y54: =VLOOKUP($C54,#REF!,61,0) -> #REF! | Z54: =Y54-X54 -> #REF! | AA54: =X54+Z54-Y54 -> #REF! | AB54: =VLOOKUP($C54,#REF!,62,0) -> #REF! | AC54: =AB54-AA54 -> #REF! | AD54: =AA54+AC54-AB54 -> #REF!
C55: 82115-0E460. | D55: K 0001 | E55: DVC7 | G55: 4 | H55: =VLOOKUP(C55,#REF!,18,0) -> #REF! | I55: 0 | J55: 0 | K55: 0 | L55: =I55+K55-J55 -> 0 | M55: =VLOOKUP($C55,#REF!,57,0) -> #REF! | N55: =M55-L55 -> #REF! | O55: =L55+N55-M55 -> #REF! | P55: =VLOOKUP($C55,#REF!,58,0) -> #REF! | Q55: =P55-O55 -> #REF! | R55: =O55+Q55-P55 -> #REF! | S55: =VLOOKUP($C55,#REF!,59,0) -> #REF! | T55: =S55-R55 -> #REF! | U55: =R55+T55-S55 -> #REF! | V55: =VLOOKUP($C55,#REF!,60,0) -> #REF! | W55: =V55-U55 -> #REF! | X55: =U55+W55-V55 -> #REF! | Y55: =VLOOKUP($C55,#REF!,61,0) -> #REF! | Z55: =Y55-X55 -> #REF! | AA55: =X55+Z55-Y55 -> #REF! | AB55: =VLOOKUP($C55,#REF!,62,0) -> #REF! | AC55: =AB55-AA55 -> #REF! | AD55: =AA55+AC55-AB55 -> #REF!
C56: 82115-0EA00. | D56: K 0001 | E56: DVC8 | G56: 4 | H56: =VLOOKUP(C56,#REF!,18,0) -> #REF! | I56: 0 | J56: 0 | K56: 0 | L56: =I56+K56-J56 -> 0 | M56: =VLOOKUP($C56,#REF!,57,0) -> #REF! | N56: =M56-L56 -> #REF! | O56: =L56+N56-M56 -> #REF! | P56: =VLOOKUP($C56,#REF!,58,0) -> #REF! | Q56: =P56-O56 -> #REF! | R56: =O56+Q56-P56 -> #REF! | S56: =VLOOKUP($C56,#REF!,59,0) -> #REF! | T56: =S56-R56 -> #REF! | U56: =R56+T56-S56 -> #REF! | V56: =VLOOKUP($C56,#REF!,60,0) -> #REF! | W56: =V56-U56 -> #REF! | X56: =U56+W56-V56 -> #REF! | Y56: =VLOOKUP($C56,#REF!,61,0) -> #REF! | Z56: =Y56-X56 -> #REF! | AA56: =X56+Z56-Y56 -> #REF! | AB56: =VLOOKUP($C56,#REF!,62,0) -> #REF! | AC56: =AB56-AA56 -> #REF! | AD56: =AA56+AC56-AB56 -> #REF!
C57: 82115-0E440 L | D57: L 0001 | E57: DZ66 | G57: 4 | H57: =+H61 -> #REF! | I57: 220 | J57: 2392 | K57: 2368 | L57: =I57+K57-J57 -> 196 | M57: =VLOOKUP($C57,#REF!,57,0)+68 -> #REF! | N57: =M57-L57 -> #REF! | O57: =L57+N57-M57 -> #REF! | P57: =VLOOKUP($C57,#REF!,58,0) -> #REF! | Q57: =P57-O57 -> #REF! | R57: =O57+Q57-P57 -> #REF! | S57: =VLOOKUP($C57,#REF!,59,0) -> #REF! | T57: =S57-R57 -> #REF! | U57: =R57+T57-S57 -> #REF! | V57: =VLOOKUP($C57,#REF!,60,0) -> #REF! | W57: =V57-U57 -> #REF! | X57: =U57+W57-V57 -> #REF! | Y57: =VLOOKUP($C57,#REF!,61,0) -> #REF! | Z57: =Y57-X57 -> #REF! | AA57: =X57+Z57-Y57 -> #REF! | AB57: =VLOOKUP($C57,#REF!,62,0) -> #REF! | AC57: =AB57-AA57 -> #REF! | AD57: =AA57+AC57-AB57 -> #REF! | AE57: 82115-0E440 H
C58: 82115-0E450 L | D58: L 0001 | E58: DZ67 | G58: 4 | H58: =+H62 -> #REF! | I58: 48 | J58: 924 | K58: 1052 | L58: =I58+K58-J58 -> 176 | M58: =VLOOKUP($C58,#REF!,57,0)+104 -> #REF! | N58: =M58-L58 -> #REF! | O58: =L58+N58-M58 -> #REF! | P58: =VLOOKUP($C58,#REF!,58,0) -> #REF! | Q58: =P58-O58 -> #REF! | R58: =O58+Q58-P58 -> #REF! | S58: =VLOOKUP($C58,#REF!,59,0) -> #REF! | T58: =S58-R58 -> #REF! | U58: =R58+T58-S58 -> #REF! | V58: =VLOOKUP($C58,#REF!,60,0) -> #REF! | W58: =V58-U58 -> #REF! | X58: =U58+W58-V58 -> #REF! | Y58: =VLOOKUP($C58,#REF!,61,0) -> #REF! | Z58: =Y58-X58 -> #REF! | AA58: =X58+Z58-Y58 -> #REF! | AB58: =VLOOKUP($C58,#REF!,62,0) -> #REF! | AC58: =AB58-AA58 -> #REF! | AD58: =AA58+AC58-AB58 -> #REF! | AE58: 82115-0E450 H
C59: 82115-0E460 L | D59: L 0001 | E59: DZ68 | G59: 4 | H59: =+H63 -> #REF! | I59: 260 | J59: 1148 | K59: 1240 | L59: =I59+K59-J59 -> 352 | M59: =VLOOKUP($C59,#REF!,57,0) -> #REF! | N59: =M59-L59 -> #REF! | O59: =L59+N59-M59 -> #REF! | P59: =VLOOKUP($C59,#REF!,58,0) -> #REF! | Q59: =P59-O59 -> #REF! | R59: =O59+Q59-P59 -> #REF! | S59: =VLOOKUP($C59,#REF!,59,0) -> #REF! | T59: =S59-R59 -> #REF! | U59: =R59+T59-S59 -> #REF! | V59: =VLOOKUP($C59,#REF!,60,0) -> #REF! | W59: =V59-U59 -> #REF! | X59: =U59+W59-V59 -> #REF! | Y59: =VLOOKUP($C59,#REF!,61,0) -> #REF! | Z59: =Y59-X59 -> #REF! | AA59: =X59+Z59-Y59 -> #REF! | AB59: =VLOOKUP($C59,#REF!,62,0) -> #REF! | AC59: =AB59-AA59 -> #REF! | AD59: =AA59+AC59-AB59 -> #REF! | AE59: 82115-0E460 H
C60: 82115-0EA00 L | D60: L 0001 | E60: DZ69 | G60: 4 | H60: =+H64 -> #REF! | I60: 216 | J60: 1176 | K60: 1440 | L60: =I60+K60-J60 -> 480 | M60: =VLOOKUP($C60,#REF!,57,0) -> #REF! | N60: =M60-L60 -> #REF! | O60: =L60+N60-M60 -> #REF! | P60: =VLOOKUP($C60,#REF!,58,0) -> #REF! | Q60: =P60-O60 -> #REF! | R60: =O60+Q60-P60 -> #REF! | S60: =VLOOKUP($C60,#REF!,59,0) -> #REF! | T60: =S60-R60 -> #REF! | U60: =R60+T60-S60 -> #REF! | V60: =VLOOKUP($C60,#REF!,60,0) -> #REF! | W60: =V60-U60 -> #REF! | X60: =U60+W60-V60 -> #REF! | Y60: =VLOOKUP($C60,#REF!,61,0) -> #REF! | Z60: =Y60-X60 -> #REF! | AA60: =X60+Z60-Y60 -> #REF! | AB60: =VLOOKUP($C60,#REF!,62,0) -> #REF! | AC60: =AB60-AA60 -> #REF! | AD60: =AA60+AC60-AB60 -> #REF! | AE60: 82115-0EA00 H
C61: 82115-0E440 M | D61: M 0001 | E61: DYB9 | G61: 4 | H61: =VLOOKUP(C61,#REF!,18,0) -> #REF! | I61: 0 | J61: 0 | K61: 0 | L61: =I61+K61-J61 -> 0 | M61: =VLOOKUP($C61,#REF!,57,0)-68 -> #REF! | N61: =M61-L61+32+16+268 -> #REF! | O61: =L61+N61-M61 -> #REF! | P61: =VLOOKUP($C61,#REF!,58,0) -> #REF! | Q61: =P61-O61+100+100 -> #REF! | R61: =O61+Q61-P61 -> #REF! | S61: =VLOOKUP($C61,#REF!,59,0) -> #REF! | T61: =S61-R61+112 -> #REF! | U61: =R61+T61-S61 -> #REF! | V61: =VLOOKUP($C61,#REF!,60,0) -> #REF! | W61: =V61-U61+320 -> #REF! | X61: =U61+W61-V61 -> #REF! | Y61: =VLOOKUP($C61,#REF!,61,0) -> #REF! | Z61: =Y61-X61+180 -> #REF! | AA61: =X61+Z61-Y61 -> #REF! | AB61: =VLOOKUP($C61,#REF!,62,0) -> #REF! | AC61: =AB61-AA61 -> #REF! | AD61: =AA61+AC61-AB61 -> #REF!
C62: 82115-0E450 M | D62: M 0001 | E62: DYC1 | G62: 4 | H62: =VLOOKUP(C62,#REF!,18,0) -> #REF! | I62: 0 | J62: 0 | K62: 0 | L62: =I62+K62-J62 -> 0 | M62: =VLOOKUP($C62,#REF!,57,0)-104 -> #REF! | N62: =M62-L62+128 -> #REF! | O62: =L62+N62-M62 -> #REF! | P62: =VLOOKUP($C62,#REF!,58,0) -> #REF! | Q62: =P62-O62 -> #REF! | R62: =O62+Q62-P62 -> #REF! | S62: =VLOOKUP($C62,#REF!,59,0) -> #REF! | T62: =S62-R62 -> #REF! | U62: =R62+T62-S62 -> #REF! | V62: =VLOOKUP($C62,#REF!,60,0) -> #REF! | W62: =V62-U62 -> #REF! | X62: =U62+W62-V62 -> #REF! | Y62: =VLOOKUP($C62,#REF!,61,0) -> #REF! | Z62: =Y62-X62 -> #REF! | AA62: =X62+Z62-Y62 -> #REF! | AB62: =VLOOKUP($C62,#REF!,62,0) -> #REF! | AC62: =AB62-AA62 -> #REF! | AD62: =AA62+AC62-AB62 -> #REF!
C63: 82115-0E460 M | D63: M 0001 | E63: DYC2 | G63: 4 | H63: =VLOOKUP(C63,#REF!,18,0) -> #REF! | I63: 0 | J63: 0 | K63: 0 | L63: =I63+K63-J63 -> 0 | M63: =VLOOKUP($C63,#REF!,57,0) -> #REF! | N63: =M63-L63+444 -> #REF! | O63: =L63+N63-M63 -> #REF! | P63: =VLOOKUP($C63,#REF!,58,0) -> #REF! | Q63: =P63-O63+100 -> #REF! | R63: =O63+Q63-P63 -> #REF! | S63: =VLOOKUP($C63,#REF!,59,0) -> #REF! | T63: =S63-R63+312-224 -> #REF! | U63: =R63+T63-S63 -> #REF! | V63: =VLOOKUP($C63,#REF!,60,0) -> #REF! | W63: =V63-U63+300 -> #REF! | X63: =U63+W63-V63 -> #REF! | Y63: =VLOOKUP($C63,#REF!,61,0) -> #REF! | Z63: =Y63-X63 -> #REF! | AA63: =X63+Z63-Y63 -> #REF! | AB63: =VLOOKUP($C63,#REF!,62,0) -> #REF! | AC63: =AB63-AA63 -> #REF! | AD63: =AA63+AC63-AB63 -> #REF!
C64: 82115-0EA00 M | D64: M 0001 | E64: DYC3 | G64: 4 | H64: =VLOOKUP(C64,#REF!,18,0) -> #REF! | I64: 0 | J64: 0 | K64: 0 | L64: =I64+K64-J64 -> 0 | M64: =VLOOKUP($C64,#REF!,57,0) -> #REF! | N64: =M64-L64+40+16+232 -> #REF! | O64: =L64+N64-M64 -> #REF! | P64: =VLOOKUP($C64,#REF!,58,0) -> #REF! | Q64: =P64-O64+252 -> #REF! | R64: =O64+Q64-P64 -> #REF! | S64: =VLOOKUP($C64,#REF!,59,0) -> #REF! | T64: =S64-R64+112 -> #REF! | U64: =R64+T64-S64 -> #REF! | V64: =VLOOKUP($C64,#REF!,60,0) -> #REF! | W64: =V64-U64+300 -> #REF! | X64: =U64+W64-V64 -> #REF! | Y64: =VLOOKUP($C64,#REF!,61,0) -> #REF! | Z64: =Y64-X64 -> #REF! | AA64: =X64+Z64-Y64 -> #REF! | AB64: =VLOOKUP($C64,#REF!,62,0) -> #REF! | AC64: =AB64-AA64 -> #REF! | AD64: =AA64+AC64-AB64 -> #REF!
B65: 564D | C65: 82115-0E501 | D65: A 0401 | E65: DV25 | G65: 4 | H65: =+H82 -> #REF! | I65: 0 | J65: 0 | K65: 0 | L65: =I65+K65-J65 -> 0 | M65: =VLOOKUP($C65,#REF!,57,0) -> #REF! | N65: =M65-L65 -> #REF! | O65: =L65+N65-M65 -> #REF! | P65: =VLOOKUP($C65,#REF!,58,0) -> #REF! | Q65: =P65-O65 -> #REF! | R65: =O65+Q65-P65 -> #REF! | S65: =VLOOKUP($C65,#REF!,59,0) -> #REF! | T65: =S65-R65 -> #REF! | U65: =R65+T65-S65 -> #REF! | V65: =VLOOKUP($C65,#REF!,60,0) -> #REF! | W65: =V65-U65 -> #REF! | X65: =U65+W65-V65 -> #REF! | Y65: =VLOOKUP($C65,#REF!,61,0) -> #REF! | Z65: =Y65-X65 -> #REF! | AA65: =X65+Z65-Y65 -> #REF! | AB65: =VLOOKUP($C65,#REF!,62,0) -> #REF! | AC65: =AB65-AA65 -> #REF! | AD65: =AA65+AC65-AB65 -> #REF!
C66: 82115-0E511 | D66: A 0401 | E66: DV26 | G66: 4 | H66: =+H83 -> #REF!
C67: 82115-0E521 | D67: A 0401 | E67: DV27 | G67: 4 | H67: =+H84 -> #REF!
C68: 82115-0E531 | D68: A 0501 | E68: DV28 | G68: 4 | H68: =+H85 -> #REF!
C69: 82115-0E541 | D69: A 0401 | E69: DV29 | G69: 4 | H69: =+H86 -> #REF! | I69: 0 | J69: 0 | K69: 0 | L69: =I69+K69-J69 -> 0 | M69: =VLOOKUP($C69,#REF!,57,0) -> #REF! | N69: =M69-L69 -> #REF! | O69: =L69+N69-M69 -> #REF! | P69: =VLOOKUP($C69,#REF!,58,0) -> #REF! | Q69: =P69-O69 -> #REF! | R69: =O69+Q69-P69 -> #REF! | S69: =VLOOKUP($C69,#REF!,59,0) -> #REF! | T69: =S69-R69 -> #REF! | U69: =R69+T69-S69 -> #REF! | V69: =VLOOKUP($C69,#REF!,60,0) -> #REF! | W69: =V69-U69 -> #REF! | X69: =U69+W69-V69 -> #REF! | Y69: =VLOOKUP($C69,#REF!,61,0) -> #REF! | Z69: =Y69-X69 -> #REF! | AA69: =X69+Z69-Y69 -> #REF! | AB69: =VLOOKUP($C69,#REF!,62,0) -> #REF! | AC69: =AB69-AA69 -> #REF! | AD69: =AA69+AC69-AB69 -> #REF!
C70: 82115-0E551 | D70: A 0401 | E70: DV30 | G70: 4 | H70: =+H87 -> #REF! | I70: 0 | J70: 0 | K70: 0 | L70: =I70+K70-J70 -> 0 | M70: =VLOOKUP($C70,#REF!,57,0) -> #REF! | N70: =M70-L70 -> #REF! | O70: =L70+N70-M70 -> #REF! | P70: =VLOOKUP($C70,#REF!,58,0) -> #REF! | Q70: =P70-O70 -> #REF! | R70: =O70+Q70-P70 -> #REF! | S70: =VLOOKUP($C70,#REF!,59,0) -> #REF! | T70: =S70-R70 -> #REF! | U70: =R70+T70-S70 -> #REF! | V70: =VLOOKUP($C70,#REF!,60,0) -> #REF! | W70: =V70-U70 -> #REF! | X70: =U70+W70-V70 -> #REF! | Y70: =VLOOKUP($C70,#REF!,61,0) -> #REF! | Z70: =Y70-X70 -> #REF! | AA70: =X70+Z70-Y70 -> #REF! | AB70: =VLOOKUP($C70,#REF!,62,0) -> #REF! | AC70: =AB70-AA70 -> #REF! | AD70: =AA70+AC70-AB70 -> #REF!
C71: 82115-0E561 | D71: A 0501 | E71: DV31 | G71: 4 | H71: =+H88 -> #REF!
C72: 82115-0EA21 | D72: A 0501 | E72: DV32 | G72: 4 | H72: =+H89 -> #REF! | I72: 0 | J72: 0 | K72: 0 | L72: =I72+K72-J72 -> 0 | M72: =VLOOKUP($C72,#REF!,57,0) -> #REF! | N72: =M72-L72 -> #REF! | O72: =L72+N72-M72 -> #REF! | P72: =VLOOKUP($C72,#REF!,58,0) -> #REF! | Q72: =P72-O72 -> #REF! | R72: =O72+Q72-P72 -> #REF! | S72: =VLOOKUP($C72,#REF!,59,0) -> #REF! | T72: =S72-R72 -> #REF! | U72: =R72+T72-S72 -> #REF! | V72: =VLOOKUP($C72,#REF!,60,0) -> #REF! | W72: =V72-U72 -> #REF! | X72: =U72+W72-V72 -> #REF! | Y72: =VLOOKUP($C72,#REF!,61,0) -> #REF! | Z72: =Y72-X72 -> #REF! | AA72: =X72+Z72-Y72 -> #REF! | AB72: =VLOOKUP($C72,#REF!,62,0) -> #REF! | AC72: =AB72-AA72 -> #REF! | AD72: =AA72+AC72-AB72 -> #REF!
C73: 82115-0EA31 | D73: A 0501 | E73: DV33 | G73: 4 | H73: =+H90 -> #REF! | I73: 0 | J73: 0 | K73: 0 | L73: =I73+K73-J73 -> 0 | M73: =VLOOKUP($C73,#REF!,57,0) -> #REF! | N73: =M73-L73 -> #REF! | O73: =L73+N73-M73 -> #REF! | P73: =VLOOKUP($C73,#REF!,58,0) -> #REF! | Q73: =P73-O73 -> #REF! | R73: =O73+Q73-P73 -> #REF! | S73: =VLOOKUP($C73,#REF!,59,0) -> #REF! | T73: =S73-R73 -> #REF! | U73: =R73+T73-S73 -> #REF! | V73: =VLOOKUP($C73,#REF!,60,0) -> #REF! | W73: =V73-U73 -> #REF! | X73: =U73+W73-V73 -> #REF! | Y73: =VLOOKUP($C73,#REF!,61,0) -> #REF! | Z73: =Y73-X73 -> #REF! | AA73: =X73+Z73-Y73 -> #REF! | AB73: =VLOOKUP($C73,#REF!,62,0) -> #REF! | AC73: =AB73-AA73 -> #REF! | AD73: =AA73+AC73-AB73 -> #REF!
C74: 82115-0E310 B | D74: B 1001 | E74: DV34 | G74: 4 | H74: =VLOOKUP(C74,#REF!,18,0) -> #REF! | I74: 0 | J74: 0 | K74: 0 | L74: =I74+K74-J74 -> 0 | M74: =VLOOKUP($C74,#REF!,57,0) -> #REF! | N74: =M74-L74 -> #REF! | O74: =L74+N74-M74 -> #REF! | P74: =VLOOKUP($C74,#REF!,58,0) -> #REF! | Q74: =P74-O74 -> #REF! | R74: =O74+Q74-P74 -> #REF! | S74: =VLOOKUP($C74,#REF!,59,0) -> #REF! | T74: =S74-R74 -> #REF! | U74: =R74+T74-S74 -> #REF! | V74: =VLOOKUP($C74,#REF!,60,0) -> #REF! | W74: =V74-U74 -> #REF! | X74: =U74+W74-V74 -> #REF! | Y74: =VLOOKUP($C74,#REF!,61,0) -> #REF! | Z74: =Y74-X74 -> #REF! | AA74: =X74+Z74-Y74 -> #REF! | AB74: =VLOOKUP($C74,#REF!,62,0) -> #REF! | AC74: =AB74-AA74 -> #REF! | AD74: =AA74+AC74-AB74 -> #REF! | AE74: 82115-0E310
C75: 82115-0EZ30 | D75: A 0501 | E75: DV35 | G75: 4 | H75: =+H91 -> #REF! | I75: 0 | J75: 0 | K75: 0 | L75: =I75+K75-J75 -> 0 | M75: =VLOOKUP($C75,#REF!,57,0) -> #REF! | N75: =M75-L75 -> #REF! | O75: =L75+N75-M75 -> #REF! | P75: =VLOOKUP($C75,#REF!,58,0) -> #REF! | Q75: =P75-O75 -> #REF! | R75: =O75+Q75-P75 -> #REF! | S75: =VLOOKUP($C75,#REF!,59,0) -> #REF! | T75: =S75-R75 -> #REF! | U75: =R75+T75-S75 -> #REF! | V75: =VLOOKUP($C75,#REF!,60,0) -> #REF! | W75: =V75-U75 -> #REF! | X75: =U75+W75-V75 -> #REF! | Y75: =VLOOKUP($C75,#REF!,61,0) -> #REF! | Z75: =Y75-X75 -> #REF! | AA75: =X75+Z75-Y75 -> #REF! | AB75: =VLOOKUP($C75,#REF!,62,0) -> #REF! | AC75: =AB75-AA75 -> #REF! | AD75: =AA75+AC75-AB75 -> #REF!
C76: 82115-0EZ40 | D76: A 0501 | E76: DV36 | G76: 4 | H76: =+H92 -> #REF!
C77: 82115-0EZ50 | D77: A 0501 | E77: DV37 | G77: 4 | H77: =+H93 -> #REF!
C78: 82115-0EZ60 | D78: A 0501 | E78: DV38 | G78: 4 | H78: =+H94 -> #REF!
C79: 82115-0EZ70 | D79: A 0501 | E79: DV39 | G79: 4 | H79: =+H95 -> #REF! | I79: 0 | J79: 0 | K79: 0 | L79: =I79+K79-J79 -> 0 | M79: =VLOOKUP($C79,#REF!,57,0) -> #REF! | N79: =M79-L79 -> #REF! | O79: =L79+N79-M79 -> #REF! | P79: =VLOOKUP($C79,#REF!,58,0) -> #REF! | Q79: =P79-O79 -> #REF! | R79: =O79+Q79-P79 -> #REF! | S79: =VLOOKUP($C79,#REF!,59,0) -> #REF! | T79: =S79-R79 -> #REF! | U79: =R79+T79-S79 -> #REF! | V79: =VLOOKUP($C79,#REF!,60,0) -> #REF! | W79: =V79-U79 -> #REF! | X79: =U79+W79-V79 -> #REF! | Y79: =VLOOKUP($C79,#REF!,61,0) -> #REF! | Z79: =Y79-X79 -> #REF! | AA79: =X79+Z79-Y79 -> #REF! | AB79: =VLOOKUP($C79,#REF!,62,0) -> #REF! | AC79: =AB79-AA79 -> #REF! | AD79: =AA79+AC79-AB79 -> #REF!
C80: 82115-0EZ80 | D80: A 0501 | E80: DV40 | G80: 4 | H80: =+H96 -> #REF! | I80: 0 | J80: 0 | K80: 0 | L80: =I80+K80-J80 -> 0 | M80: =VLOOKUP($C80,#REF!,57,0) -> #REF! | N80: =M80-L80 -> #REF! | O80: =L80+N80-M80 -> #REF! | P80: =VLOOKUP($C80,#REF!,58,0) -> #REF! | Q80: =P80-O80 -> #REF! | R80: =O80+Q80-P80 -> #REF! | S80: =VLOOKUP($C80,#REF!,59,0) -> #REF! | T80: =S80-R80 -> #REF! | U80: =R80+T80-S80 -> #REF! | V80: =VLOOKUP($C80,#REF!,60,0) -> #REF! | W80: =V80-U80 -> #REF! | X80: =U80+W80-V80 -> #REF! | Y80: =VLOOKUP($C80,#REF!,61,0) -> #REF! | Z80: =Y80-X80 -> #REF! | AA80: =X80+Z80-Y80 -> #REF! | AB80: =VLOOKUP($C80,#REF!,62,0) -> #REF! | AC80: =AB80-AA80 -> #REF! | AD80: =AA80+AC80-AB80 -> #REF!
C81: 82115-0EZ90 | D81: A 0501 | E81: DV41 | G81: 4 | H81: =+H97 -> #REF!
C82: 82115-0E501 B | D82: B 1001 | E82: DW83 | G82: 4 | H82: =VLOOKUP(C82,#REF!,18,0) -> #REF! | I82: 0 | J82: 0 | K82: 0 | L82: =I82+K82-J82 -> 0 | M82: =VLOOKUP($C82,#REF!,57,0) -> #REF! | N82: =M82-L82 -> #REF! | O82: =L82+N82-M82 -> #REF! | P82: =VLOOKUP($C82,#REF!,58,0) -> #REF! | Q82: =P82-O82 -> #REF! | R82: =O82+Q82-P82 -> #REF! | S82: =VLOOKUP($C82,#REF!,59,0) -> #REF! | T82: =S82-R82 -> #REF! | U82: =R82+T82-S82 -> #REF! | V82: =VLOOKUP($C82,#REF!,60,0) -> #REF! | W82: =V82-U82 -> #REF! | X82: =U82+W82-V82 -> #REF! | Y82: =VLOOKUP($C82,#REF!,61,0) -> #REF! | Z82: =Y82-X82 -> #REF! | AA82: =X82+Z82-Y82 -> #REF! | AB82: =VLOOKUP($C82,#REF!,62,0) -> #REF! | AC82: =AB82-AA82 -> #REF! | AD82: =AA82+AC82-AB82 -> #REF!
C83: 82115-0E511 B | D83: B 1001 | E83: DW84 | G83: 4 | H83: =VLOOKUP(C83,#REF!,18,0) -> #REF! | I83: 0 | J83: 128 | K83: 128 | L83: =I83+K83-J83 -> 0 | M83: =VLOOKUP($C83,#REF!,57,0) -> #REF! | N83: =M83-L83+4 -> #REF! | O83: =L83+N83-M83 -> #REF! | P83: =VLOOKUP($C83,#REF!,58,0) -> #REF! | Q83: =P83-O83 -> #REF! | R83: =O83+Q83-P83 -> #REF! | S83: =VLOOKUP($C83,#REF!,59,0) -> #REF! | T83: =S83-R83 -> #REF! | U83: =R83+T83-S83 -> #REF! | V83: =VLOOKUP($C83,#REF!,60,0) -> #REF! | W83: =V83-U83 -> #REF! | X83: =U83+W83-V83 -> #REF! | Y83: =VLOOKUP($C83,#REF!,61,0) -> #REF! | Z83: =Y83-X83 -> #REF! | AA83: =X83+Z83-Y83 -> #REF! | AB83: =VLOOKUP($C83,#REF!,62,0) -> #REF! | AC83: =AB83-AA83 -> #REF! | AD83: =AA83+AC83-AB83 -> #REF!
C84: 82115-0E521 B | D84: B 1001 | E84: DW85 | G84: 4 | H84: =VLOOKUP(C84,#REF!,18,0) -> #REF! | I84: 0 | J84: 232 | K84: 232 | L84: =I84+K84-J84 -> 0 | M84: =VLOOKUP($C84,#REF!,57,0) -> #REF! | N84: =M84-L84+24+16 -> #REF! | O84: =L84+N84-M84 -> #REF! | P84: =VLOOKUP($C84,#REF!,58,0) -> #REF! | Q84: =P84-O84 -> #REF! | R84: =O84+Q84-P84 -> #REF! | S84: =VLOOKUP($C84,#REF!,59,0) -> #REF! | T84: =S84-R84 -> #REF! | U84: =R84+T84-S84 -> #REF! | V84: =VLOOKUP($C84,#REF!,60,0) -> #REF! | W84: =V84-U84 -> #REF! | X84: =U84+W84-V84 -> #REF! | Y84: =VLOOKUP($C84,#REF!,61,0) -> #REF! | Z84: =Y84-X84 -> #REF! | AA84: =X84+Z84-Y84 -> #REF! | AB84: =VLOOKUP($C84,#REF!,62,0) -> #REF! | AC84: =AB84-AA84 -> #REF! | AD84: =AA84+AC84-AB84 -> #REF!
C85: 82115-0E531 B | D85: B 1001 | E85: DW86 | G85: 4 | H85: =VLOOKUP(C85,#REF!,18,0) -> #REF! | I85: 640 | J85: 3484 | K85: 3284 | L85: =I85+K85-J85 -> 440 | M85: =VLOOKUP($C85,#REF!,57,0) -> #REF! | N85: =M85-L85+40-4+376 -> #REF! | O85: =L85+N85-M85 -> #REF! | P85: =VLOOKUP($C85,#REF!,58,0) -> #REF! | Q85: =P85-O85+944-160 -> #REF! | R85: =O85+Q85-P85 -> #REF! | S85: =VLOOKUP($C85,#REF!,59,0) -> #REF! | T85: =S85-R85+556 -> #REF! | U85: =R85+T85-S85 -> #REF! | V85: =VLOOKUP($C85,#REF!,60,0) -> #REF! | W85: =V85-U85+588 -> #REF! | X85: =U85+W85-V85 -> #REF! | Y85: =VLOOKUP($C85,#REF!,61,0) -> #REF! | Z85: =Y85-X85+300 -> #REF! | AA85: =X85+Z85-Y85 -> #REF! | AB85: =VLOOKUP($C85,#REF!,62,0) -> #REF! | AC85: =AB85-AA85 -> #REF! | AD85: =AA85+AC85-AB85 -> #REF!
C86: 82115-0E541 B | D86: B 1001 | E86: DW87 | G86: 4 | H86: =VLOOKUP(C86,#REF!,18,0) -> #REF! | I86: 0 | J86: 0 | K86: 0 | L86: =I86+K86-J86 -> 0 | M86: =VLOOKUP($C86,#REF!,57,0) -> #REF! | N86: =M86-L86 -> #REF! | O86: =L86+N86-M86 -> #REF! | P86: =VLOOKUP($C86,#REF!,58,0) -> #REF! | Q86: =P86-O86 -> #REF! | R86: =O86+Q86-P86 -> #REF! | S86: =VLOOKUP($C86,#REF!,59,0) -> #REF! | T86: =S86-R86 -> #REF! | U86: =R86+T86-S86 -> #REF! | V86: =VLOOKUP($C86,#REF!,60,0) -> #REF! | W86: =V86-U86 -> #REF! | X86: =U86+W86-V86 -> #REF! | Y86: =VLOOKUP($C86,#REF!,61,0) -> #REF! | Z86: =Y86-X86 -> #REF! | AA86: =X86+Z86-Y86 -> #REF! | AB86: =VLOOKUP($C86,#REF!,62,0) -> #REF! | AC86: =AB86-AA86 -> #REF! | AD86: =AA86+AC86-AB86 -> #REF!
C87: 82115-0E551 B | D87: B 1001 | E87: DW88 | G87: 4 | H87: =VLOOKUP(C87,#REF!,18,0) -> #REF! | I87: 0 | J87: 0 | K87: 0 | L87: =I87+K87-J87 -> 0 | M87: =VLOOKUP($C87,#REF!,57,0) -> #REF! | N87: =M87-L87 -> #REF! | O87: =L87+N87-M87 -> #REF! | P87: =VLOOKUP($C87,#REF!,58,0) -> #REF! | Q87: =P87-O87 -> #REF! | R87: =O87+Q87-P87 -> #REF! | S87: =VLOOKUP($C87,#REF!,59,0) -> #REF! | T87: =S87-R87 -> #REF! | U87: =R87+T87-S87 -> #REF! | V87: =VLOOKUP($C87,#REF!,60,0) -> #REF! | W87: =V87-U87 -> #REF! | X87: =U87+W87-V87 -> #REF! | Y87: =VLOOKUP($C87,#REF!,61,0) -> #REF! | Z87: =Y87-X87 -> #REF! | AA87: =X87+Z87-Y87 -> #REF! | AB87: =VLOOKUP($C87,#REF!,62,0) -> #REF! | AC87: =AB87-AA87 -> #REF! | AD87: =AA87+AC87-AB87 -> #REF!
C88: 82115-0E561 B | D88: B 1001 | E88: DW89 | G88: 4 | H88: =VLOOKUP(C88,#REF!,18,0) -> #REF! | I88: 208 | J88: 1056 | K88: 1024 | L88: =I88+K88-J88 -> 176 | M88: =VLOOKUP($C88,#REF!,57,0) -> #REF! | N88: =M88-L88+144 -> #REF! | O88: =L88+N88-M88 -> #REF! | P88: =VLOOKUP($C88,#REF!,58,0) -> #REF! | Q88: =P88-O88+160 -> #REF! | R88: =O88+Q88-P88 -> #REF! | S88: =VLOOKUP($C88,#REF!,59,0) -> #REF! | T88: =S88-R88 -> #REF! | U88: =R88+T88-S88 -> #REF! | V88: =VLOOKUP($C88,#REF!,60,0) -> #REF! | W88: =V88-U88 -> #REF! | X88: =U88+W88-V88 -> #REF! | Y88: =VLOOKUP($C88,#REF!,61,0) -> #REF! | Z88: =Y88-X88 -> #REF! | AA88: =X88+Z88-Y88 -> #REF! | AB88: =VLOOKUP($C88,#REF!,62,0) -> #REF! | AC88: =AB88-AA88 -> #REF! | AD88: =AA88+AC88-AB88 -> #REF!
C89: 82115-0EA21 B | D89: B 1001 | E89: DW90 | G89: 4 | H89: =VLOOKUP(C89,#REF!,18,0) -> #REF! | I89: 0 | J89: 0 | K89: 0 | L89: =I89+K89-J89 -> 0 | M89: =VLOOKUP($C89,#REF!,57,0) -> #REF! | N89: =M89-L89 -> #REF! | O89: =L89+N89-M89 -> #REF! | P89: =VLOOKUP($C89,#REF!,58,0) -> #REF! | Q89: =P89-O89 -> #REF! | R89: =O89+Q89-P89 -> #REF! | S89: =VLOOKUP($C89,#REF!,59,0) -> #REF! | T89: =S89-R89 -> #REF! | U89: =R89+T89-S89 -> #REF! | V89: =VLOOKUP($C89,#REF!,60,0) -> #REF! | W89: =V89-U89 -> #REF! | X89: =U89+W89-V89 -> #REF! | Y89: =VLOOKUP($C89,#REF!,61,0) -> #REF! | Z89: =Y89-X89 -> #REF! | AA89: =X89+Z89-Y89 -> #REF! | AB89: =VLOOKUP($C89,#REF!,62,0) -> #REF! | AC89: =AB89-AA89 -> #REF! | AD89: =AA89+AC89-AB89 -> #REF!
C90: 82115-0EA31 B | D90: B 1001 | E90: DW91 | G90: 4 | H90: =VLOOKUP(C90,#REF!,18,0) -> #REF! | I90: 0 | J90: 0 | K90: 0 | L90: =I90+K90-J90 -> 0 | M90: =VLOOKUP($C90,#REF!,57,0) -> #REF! | N90: =M90-L90 -> #REF! | O90: =L90+N90-M90 -> #REF! | P90: =VLOOKUP($C90,#REF!,58,0) -> #REF! | Q90: =P90-O90 -> #REF! | R90: =O90+Q90-P90 -> #REF! | S90: =VLOOKUP($C90,#REF!,59,0) -> #REF! | T90: =S90-R90 -> #REF! | U90: =R90+T90-S90 -> #REF! | V90: =VLOOKUP($C90,#REF!,60,0) -> #REF! | W90: =V90-U90 -> #REF! | X90: =U90+W90-V90 -> #REF! | Y90: =VLOOKUP($C90,#REF!,61,0) -> #REF! | Z90: =Y90-X90 -> #REF! | AA90: =X90+Z90-Y90 -> #REF! | AB90: =VLOOKUP($C90,#REF!,62,0) -> #REF! | AC90: =AB90-AA90 -> #REF! | AD90: =AA90+AC90-AB90 -> #REF!
C91: 82115-0EZ30 B | D91: B 1001 | E91: DW93 | G91: 4 | H91: =VLOOKUP(C91,#REF!,18,0) -> #REF! | I91: 0 | J91: 0 | K91: 0 | L91: =I91+K91-J91 -> 0 | M91: =VLOOKUP($C91,#REF!,57,0) -> #REF! | N91: =M91-L91 -> #REF! | O91: =L91+N91-M91 -> #REF! | P91: =VLOOKUP($C91,#REF!,58,0) -> #REF! | Q91: =P91-O91 -> #REF! | R91: =O91+Q91-P91 -> #REF! | S91: =VLOOKUP($C91,#REF!,59,0) -> #REF! | T91: =S91-R91 -> #REF! | U91: =R91+T91-S91 -> #REF! | V91: =VLOOKUP($C91,#REF!,60,0) -> #REF! | W91: =V91-U91 -> #REF! | X91: =U91+W91-V91 -> #REF! | Y91: =VLOOKUP($C91,#REF!,61,0) -> #REF! | Z91: =Y91-X91 -> #REF! | AA91: =X91+Z91-Y91 -> #REF! | AB91: =VLOOKUP($C91,#REF!,62,0) -> #REF! | AC91: =AB91-AA91 -> #REF! | AD91: =AA91+AC91-AB91 -> #REF!
C92: 82115-0EZ40 B | D92: B 1001 | E92: DW94 | G92: 4 | H92: =VLOOKUP(C92,#REF!,18,0) -> #REF! | I92: 0 | J92: 0 | K92: 0 | L92: =I92+K92-J92 -> 0 | M92: =VLOOKUP($C92,#REF!,57,0) -> #REF! | N92: =M92-L92 -> #REF! | O92: =L92+N92-M92 -> #REF! | P92: =VLOOKUP($C92,#REF!,58,0) -> #REF! | Q92: =P92-O92 -> #REF! | R92: =O92+Q92-P92 -> #REF! | S92: =VLOOKUP($C92,#REF!,59,0) -> #REF! | T92: =S92-R92 -> #REF! | U92: =R92+T92-S92 -> #REF! | V92: =VLOOKUP($C92,#REF!,60,0) -> #REF! | W92: =V92-U92 -> #REF! | X92: =U92+W92-V92 -> #REF! | Y92: =VLOOKUP($C92,#REF!,61,0) -> #REF! | Z92: =Y92-X92 -> #REF! | AA92: =X92+Z92-Y92 -> #REF! | AB92: =VLOOKUP($C92,#REF!,62,0) -> #REF! | AC92: =AB92-AA92 -> #REF! | AD92: =AA92+AC92-AB92 -> #REF!
C93: 82115-0EZ50 B | D93: B 1001 | E93: DW95 | G93: 4 | H93: =VLOOKUP(C93,#REF!,18,0) -> #REF! | I93: 0 | J93: 0 | K93: 0 | L93: =I93+K93-J93 -> 0 | M93: =VLOOKUP($C93,#REF!,57,0) -> #REF! | N93: =M93-L93 -> #REF! | O93: =L93+N93-M93 -> #REF! | P93: =VLOOKUP($C93,#REF!,58,0) -> #REF! | Q93: =P93-O93 -> #REF! | R93: =O93+Q93-P93 -> #REF! | S93: =VLOOKUP($C93,#REF!,59,0) -> #REF! | T93: =S93-R93 -> #REF! | U93: =R93+T93-S93 -> #REF! | V93: =VLOOKUP($C93,#REF!,60,0) -> #REF! | W93: =V93-U93 -> #REF! | X93: =U93+W93-V93 -> #REF! | Y93: =VLOOKUP($C93,#REF!,61,0) -> #REF! | Z93: =Y93-X93 -> #REF! | AA93: =X93+Z93-Y93 -> #REF! | AB93: =VLOOKUP($C93,#REF!,62,0) -> #REF! | AC93: =AB93-AA93 -> #REF! | AD93: =AA93+AC93-AB93 -> #REF!
C94: 82115-0EZ60 B | D94: B 1001 | E94: DW96 | G94: 4 | H94: =VLOOKUP(C94,#REF!,18,0) -> #REF! | I94: 0 | J94: 0 | K94: 0 | L94: =I94+K94-J94 -> 0 | M94: =VLOOKUP($C94,#REF!,57,0) -> #REF! | N94: =M94-L94 -> #REF! | O94: =L94+N94-M94 -> #REF! | P94: =VLOOKUP($C94,#REF!,58,0) -> #REF! | Q94: =P94-O94 -> #REF! | R94: =O94+Q94-P94 -> #REF! | S94: =VLOOKUP($C94,#REF!,59,0) -> #REF! | T94: =S94-R94 -> #REF! | U94: =R94+T94-S94 -> #REF! | V94: =VLOOKUP($C94,#REF!,60,0) -> #REF! | W94: =V94-U94 -> #REF! | X94: =U94+W94-V94 -> #REF! | Y94: =VLOOKUP($C94,#REF!,61,0) -> #REF! | Z94: =Y94-X94 -> #REF! | AA94: =X94+Z94-Y94 -> #REF! | AB94: =VLOOKUP($C94,#REF!,62,0) -> #REF! | AC94: =AB94-AA94 -> #REF! | AD94: =AA94+AC94-AB94 -> #REF!
C95: 82115-0EZ70 B | D95: B 1001 | E95: DW97 | G95: 4 | H95: =VLOOKUP(C95,#REF!,18,0) -> #REF! | I95: 0 | J95: 0 | K95: 0 | L95: =I95+K95-J95 -> 0 | M95: =VLOOKUP($C95,#REF!,57,0) -> #REF! | N95: =M95-L95 -> #REF! | O95: =L95+N95-M95 -> #REF! | P95: =VLOOKUP($C95,#REF!,58,0) -> #REF! | Q95: =P95-O95 -> #REF! | R95: =O95+Q95-P95 -> #REF! | S95: =VLOOKUP($C95,#REF!,59,0) -> #REF! | T95: =S95-R95 -> #REF! | U95: =R95+T95-S95 -> #REF! | V95: =VLOOKUP($C95,#REF!,60,0) -> #REF! | W95: =V95-U95 -> #REF! | X95: =U95+W95-V95 -> #REF! | Y95: =VLOOKUP($C95,#REF!,61,0) -> #REF! | Z95: =Y95-X95 -> #REF! | AA95: =X95+Z95-Y95 -> #REF! | AB95: =VLOOKUP($C95,#REF!,62,0) -> #REF! | AC95: =AB95-AA95 -> #REF! | AD95: =AA95+AC95-AB95 -> #REF!
C96: 82115-0EZ80 B | D96: B 1001 | E96: DW98 | G96: 4 | H96: =VLOOKUP(C96,#REF!,18,0) -> #REF! | I96: 0 | J96: 0 | K96: 0 | L96: =I96+K96-J96 -> 0 | M96: =VLOOKUP($C96,#REF!,57,0) -> #REF! | N96: =M96-L96 -> #REF! | O96: =L96+N96-M96 -> #REF! | P96: =VLOOKUP($C96,#REF!,58,0) -> #REF! | Q96: =P96-O96 -> #REF! | R96: =O96+Q96-P96 -> #REF! | S96: =VLOOKUP($C96,#REF!,59,0) -> #REF! | T96: =S96-R96 -> #REF! | U96: =R96+T96-S96 -> #REF! | V96: =VLOOKUP($C96,#REF!,60,0) -> #REF! | W96: =V96-U96 -> #REF! | X96: =U96+W96-V96 -> #REF! | Y96: =VLOOKUP($C96,#REF!,61,0) -> #REF! | Z96: =Y96-X96 -> #REF! | AA96: =X96+Z96-Y96 -> #REF! | AB96: =VLOOKUP($C96,#REF!,62,0) -> #REF! | AC96: =AB96-AA96 -> #REF! | AD96: =AA96+AC96-AB96 -> #REF!
C97: 82115-0EZ90 B | D97: B 1001 | E97: DW99 | G97: 4 | H97: =VLOOKUP(C97,#REF!,18,0) -> #REF! | I97: 0 | J97: 0 | K97: 0 | L97: =I97+K97-J97 -> 0 | M97: =VLOOKUP($C97,#REF!,57,0) -> #REF! | N97: =M97-L97 -> #REF! | O97: =L97+N97-M97 -> #REF! | P97: =VLOOKUP($C97,#REF!,58,0) -> #REF! | Q97: =P97-O97 -> #REF! | R97: =O97+Q97-P97 -> #REF! | S97: =VLOOKUP($C97,#REF!,59,0) -> #REF! | T97: =S97-R97 -> #REF! | U97: =R97+T97-S97 -> #REF! | V97: =VLOOKUP($C97,#REF!,60,0) -> #REF! | W97: =V97-U97 -> #REF! | X97: =U97+W97-V97 -> #REF! | Y97: =VLOOKUP($C97,#REF!,61,0) -> #REF! | Z97: =Y97-X97 -> #REF! | AA97: =X97+Z97-Y97 -> #REF! | AB97: =VLOOKUP($C97,#REF!,62,0) -> #REF! | AC97: =AB97-AA97 -> #REF! | AD97: =AA97+AC97-AB97 -> #REF!
B98: TOTAL ALL 200D | I98: =SUM(I16:I17,I18:I20,I30:I32,I44:I47,I53:I56,I57:I60,I61:I64) -> 1176 | J98: =SUM(J16:J17,J18:J20,J30:J32,J44:J47,J53:J56,J57:J60,J61:J64) -> 10208 | K98: =SUM(K16:K17,K18:K20,K30:K32,K44:K47,K53:K56,K57:K60,K61:K64) -> 10956 | L98: =SUM(L16:L17,L18:L20,L30:L32,L44:L47,L53:L56,L57:L60,L61:L64) -> 1924 | M98: =SUM(M16:M17,M18:M20,M30:M32,M44:M47,M53:M56,M57:M60,M61:M64) -> #REF! | N98: =SUM(N16:N17,N18:N20,N30:N32,N44:N47,N53:N56,N57:N60,N61:N64) -> #REF! | O98: =SUM(O16:O17,O18:O20,O30:O32,O44:O47,O53:O56,O57:O60,O61:O64) -> #REF! | P98: =SUM(P16:P17,P18:P20,P30:P32,P44:P47,P53:P56,P57:P60,P61:P64) -> #REF! | ... AD98: =SUM(AD16:AD17,AD18:AD20,AD30:AD32,AD44:AD47,AD53:AD56,AD57:AD60,AD61:AD64) -> #REF!
B99: TOTAL ALL 220D | I99: 0 | J99: 0 | K99: 0 | L99: 0 | M99: 0 | N99: 0 | O99: 0 | P99: 0 | Q99: 0 | R99: 0 | S99: 0 | T99: 0 | U99: 0 | V99: 0 | W99: 0 | X99: 0 | Y99: 0 | Z99: 0 | AA99: 0 | AB99: 0 | AC99: 0 | AD99: 0
B100: TOTAL ALL 564D | I100: =SUM(I65:I97) -> 848 | J100: =SUM(J65:J97) -> 4900 | K100: =SUM(K65:K97) -> 4668 | L100: =SUM(L65:L97) -> 616 | M100: =SUM(M65:M97) -> #REF! | N100: =SUM(N65:N97) -> #REF! | O100: =SUM(O65:O97) -> #REF! | P100: =SUM(P65:P97) -> #REF! | ... AD100: =SUM(AD65:AD97) -> #REF!
B101: TOTAL ALL WITHOUT A/B | I101: =SUM(I14:I97) -> 2024 | J101: =SUM(J14:J97) -> 15108 | K101: =SUM(K14:K97) -> 15624 | L101: =SUM(L14:L97) -> 2540 | M101: =SUM(M14:M97) -> #REF! | N101: =SUM(N14:N97) -> #REF! | O101: =SUM(O14:O97) -> #REF! | P101: =SUM(P14:P97) -> #REF! | ... AD101: =SUM(AD14:AD97) -> #REF!
B102: Month | I102: =I11 -> FEB | L102: =L11 -> MAR | O102: =O11 -> APR | R102: =R11 -> MAY | U102: =U11 -> JUN | X102: =X11 -> JUL | AA102: =AA11 -> AUG
B103: Working Daws Normal | I103: =+#REF! -> #REF! | L103: =+#REF! -> #REF! | O103: =+#REF! -> #REF! | R103: =+#REF! -> #REF! | U103: =+#REF! -> #REF! | X103: =+#REF! -> #REF! | AA103: =+#REF! -> #REF!
...

Sheet down rate
B1: SIX MONTH PRODUCTION PLAN ( QTY )
L2: TOYOTA PRIUS (433W ) | AB2: PREPARED
B3: S/R NO : 14-DEC-'10(PRD_52023_32G7_201101_3) | M3: Periode : DEC PROD 2010 (ACTUAL)
B4: FAX NO : EMAIL
B5: DATE :14-DEC-10 | AB5: EMU
BD6: AS 400
Z7: NSO
I9: TEMPRORARY UMH | AG9: Cutting Qty
B10: Print Date : | C10: =NOW() -> 46195.105
A11: TYPE | C11: HARNESS No. | D11: LEVEL | E11: ASSY CODE | F11: CCT. | G11: Std Pack | H11: UMH | J11: =GUM!I11 -> FEB | M11: =GUM!L11 -> MAR | P11: =GUM!O11 -> APR | S11: =GUM!R11 -> MAY | V11: =GUM!U11 -> JUN | Y11: =GUM!X11 -> JUL | AB11: =GUM!I11 -> FEB | AE11: BAL | AG11: =J11 -> FEB | AJ11: =M11 -> MAR | AM11: =P11 -> APR | AP11: =S11 -> MAY | AS11: =V11 -> JUN | AV11: =Y11 -> JUL | AY11: =AB11 -> FEB
H12: Jan~Jun | I12: Jul~Dec | J12: =VLOOKUP(J11,#REF!,9,0) -> #REF! | M12: =VLOOKUP(M11,#REF!,9,0) -> #REF! | P12: =VLOOKUP(P11,#REF!,9,0) -> #REF! | S12: =VLOOKUP(S11,#REF!,9,0) -> #REF! | V12: =VLOOKUP(V11,#REF!,9,0) -> #REF! | Y12: =VLOOKUP(Y11,#REF!,9,0) -> #REF! | AB12: =VLOOKUP(AB11,#REF!,9,0) -> #REF! | AG12: =J12 -> #REF! | AJ12: =M12 -> #REF! | AM12: =P12 -> #REF! | AP12: =S12 -> #REF! | AS12: =V12 -> #REF! | AV12: =Y12 -> #REF! | AY12: =AB12 -> #REF! | BC12: =M11 -> MAR | BD12: =P11 -> APR | BE12: =S11 -> MAY | BF12: =V11 -> JUN | BG12: =Y11 -> JUL | BH12: =AB11 -> FEB
H13: 2010 | I13: 2010 | J13: BAL | K13: DEL | L13: PROD | M13: BAL | N13: DEL | O13: PROD | P13: BAL | Q13: DEL | R13: PROD | S13: BAL | T13: DEL | U13: PROD | V13: BAL | W13: DEL | X13: PROD | Y13: BAL | Z13: DEL | AA13: PROD | AB13: BAL | AC13: DEL | AD13: PROD | AG13: =J13 -> BAL | AH13: =K13 -> DEL | AI13: =L13 -> PROD | AJ13: =M13 -> BAL | AK13: =N13 -> DEL | AL13: =O13 -> PROD | AM13: =P13 -> BAL | AN13: =Q13 -> DEL | ... BA13: =AD13 -> PROD | BC13: 5 | BD13: 4 | BE13: 4 | BF13: 5 | BG13: 4 | BH13: 4
A14: RHD | B14: DOM | C14: 82111-47330 H | D14: =VLOOKUP(C14,#REF!,2,0) -> #REF! | E14: =VLOOKUP(C14,#REF!,4,0) -> #REF! | F14: 304 | G14: 6 | H14: =VLOOKUP(C14,#REF!,3,0) -> #REF! | I14: =VLOOKUP(C14,#REF!,7,0) -> #REF! | J14: #REF! | K14: #REF! | L14: #REF! | M14: #REF! | N14: #REF! | O14: #REF! | P14: #REF! | Q14: #REF! | R14: #REF! | S14: #REF! | T14: #REF! | U14: #REF! | V14: #REF! | W14: #REF! | X14: #REF! | Y14: #REF! | Z14: #REF! | AA14: #REF! | AB14: #REF! | AC14: #REF! | AD14: #REF! | AE14: #REF! | AF14: 1 | AG14: =J14*$F14 -> #REF! | AH14: =K14*$F14 -> #REF! | AI14: =L14*$F14 -> #REF! | AJ14: =M14*$F14 -> #REF! | AK14: =K14*$F14 -> #REF! | AL14: =O14*$F14 -> #REF! | AM14: =P14*$F14 -> #REF! | AN14: =N14*$F14 -> #REF! | AO14: =R14*$F14 -> #REF! | AP14: =S14*$F14 -> #REF! | AQ14: =Q14*$F14 -> #REF! | AR14: =U14*$F14 -> #REF! | AS14: =V14*$F14 -> #REF! | AT14: =T14*$F14 -> #REF! | AU14: =X14*$F14 -> #REF! | AV14: =Y14*$F14 -> #REF! | AW14: =W14*$F14 -> #REF! | AX14: =AA14*$F14 -> #REF! | AY14: =AB14*$F14 -> #REF! | AZ14: =Z14*$F14 -> #REF! | BA14: =AD14*$F14 -> #REF! | BB14: 82111-47330 | BC14: =ROUNDUP(O14/$BC$13,0) -> #REF! | BD14: =ROUNDUP(R14/$BD$13,0) -> #REF! | BE14: =ROUNDUP(U14/$BE$13,0) -> #REF! | BF14: =ROUNDUP(X14/$BF$13,0) -> #REF! | BG14: =ROUNDUP(AA14/$BG$13,0) -> #REF! | BH14: =ROUNDUP(AD14/$BH$13,0) -> #REF! | BI14: 1
C15: 82111-47340 H | D15: =VLOOKUP(C15,#REF!,2,0) -> #REF! | E15: =VLOOKUP(C15,#REF!,4,0) -> #REF! | F15: 323 | G15: 6 | H15: =VLOOKUP(C15,#REF!,3,0) -> #REF! | I15: =VLOOKUP(C15,#REF!,7,0) -> #REF! | J15: #REF! | K15: #REF! | L15: #REF! | M15: #REF! | N15: #REF! | O15: #REF! | P15: #REF! | Q15: #REF! | R15: #REF! | S15: #REF! | T15: #REF! | U15: #REF! | V15: #REF! | W15: #REF! | X15: #REF! | Y15: #REF! | Z15: #REF! | AA15: #REF! | AB15: #REF! | AC15: #REF! | AD15: #REF! | AE15: #REF! | AF15: =AF14+1 -> 2 | AG15: =J15*$F15 -> #REF! | AH15: =K15*$F15 -> #REF! | AI15: =L15*$F15 -> #REF! | AJ15: =M15*$F15 -> #REF! | AK15: =K15*$F15 -> #REF! | AL15: =O15*$F15 -> #REF! | AM15: =P15*$F15 -> #REF! | AN15: =N15*$F15 -> #REF! | AO15: =R15*$F15 -> #REF! | AP15: =S15*$F15 -> #REF! | AQ15: =Q15*$F15 -> #REF! | AR15: =U15*$F15 -> #REF! | AS15: =V15*$F15 -> #REF! | AT15: =T15*$F15 -> #REF! | AU15: =X15*$F15 -> #REF! | AV15: =Y15*$F15 -> #REF! | AW15: =W15*$F15 -> #REF! | AX15: =AA15*$F15 -> #REF! | AY15: =AB15*$F15 -> #REF! | AZ15: =Z15*$F15 -> #REF! | BA15: =AD15*$F15 -> #REF! | BB15: 82111-47340 | BC15: =ROUNDUP(O15/$BC$13,0) -> #REF! | BD15: =ROUNDUP(R15/$BD$13,0) -> #REF! | BE15: =ROUNDUP(U15/$BE$13,0) -> #REF! | BF15: =ROUNDUP(X15/$BF$13,0) -> #REF! | BG15: =ROUNDUP(AA15/$BG$13,0) -> #REF! | BH15: =ROUNDUP(AD15/$BH$13,0) -> #REF! | BI15: =BI14+1 -> 2
C16: 82111-47350 A | D16: =VLOOKUP(C16,#REF!,2,0) -> #REF! | E16: =VLOOKUP(C16,#REF!,4,0) -> #REF! | G16: 6 | H16: =VLOOKUP(C16,#REF!,3,0) -> #REF! | I16: =VLOOKUP(C16,#REF!,7,0) -> #REF! | J16: #REF! | K16: #REF! | L16: #REF! | M16: #REF! | N16: #REF! | O16: #REF! | P16: #REF! | Q16: #REF! | R16: #REF! | S16: #REF! | T16: #REF! | U16: #REF! | V16: #REF! | W16: #REF! | X16: #REF! | Y16: #REF! | Z16: #REF! | AA16: #REF! | AB16: #REF! | AC16: #REF! | AD16: #REF! | AE16: #REF! | AF16: =AF15+1 -> 3 | AG16: =J16*$F16 -> #REF! | AH16: =K16*$F16 -> #REF! | AI16: =L16*$F16 -> #REF! | AJ16: =M16*$F16 -> #REF! | AK16: =K16*$F16 -> #REF! | AL16: =O16*$F16 -> #REF! | AM16: =P16*$F16 -> #REF! | AN16: =N16*$F16 -> #REF! | AO16: =R16*$F16 -> #REF! | AP16: =S16*$F16 -> #REF! | AQ16: =Q16*$F16 -> #REF! | AR16: =U16*$F16 -> #REF! | AS16: =V16*$F16 -> #REF! | AT16: =T16*$F16 -> #REF! | AU16: =X16*$F16 -> #REF! | AV16: =Y16*$F16 -> #REF! | AW16: =W16*$F16 -> #REF! | AX16: =AA16*$F16 -> #REF! | AY16: =AB16*$F16 -> #REF! | AZ16: =Z16*$F16 -> #REF! | BA16: =AD16*$F16 -> #REF! | BB16: 82111-47350 | BC16: =ROUNDUP(O16/$BC$13,0) -> #REF! | BD16: =ROUNDUP(R16/$BD$13,0) -> #REF! | BE16: =ROUNDUP(U16/$BE$13,0) -> #REF! | BF16: =ROUNDUP(X16/$BF$13,0) -> #REF! | BG16: =ROUNDUP(AA16/$BG$13,0) -> #REF! | BH16: =ROUNDUP(AD16/$BH$13,0) -> #REF! | BI16: =BI15+1 -> 3
B17: EC | C17: 82111-47450 H | D17: =VLOOKUP(C17,#REF!,2,0) -> #REF! | E17: =VLOOKUP(C17,#REF!,4,0) -> #REF! | F17: 332 | G17: 6 | H17: =VLOOKUP(C17,#REF!,3,0) -> #REF! | I17: =VLOOKUP(C17,#REF!,7,0) -> #REF! | J17: #REF! | K17: #REF! | L17: #REF! | M17: #REF! | N17: #REF! | O17: #REF! | P17: #REF! | Q17: #REF! | R17: #REF! | S17: #REF! | T17: #REF! | U17: #REF! | V17: #REF! | W17: #REF! | X17: #REF! | Y17: #REF! | Z17: #REF! | AA17: #REF! | AB17: #REF! | AC17: #REF! | AD17: #REF! | AE17: #REF! | AF17: =AF16+1 -> 4 | AG17: =J17*$F17 -> #REF! | AH17: =K17*$F17 -> #REF! | AI17: =L17*$F17 -> #REF! | AJ17: =M17*$F17 -> #REF! | AK17: =K17*$F17 -> #REF! | AL17: =O17*$F17 -> #REF! | AM17: =P17*$F17 -> #REF! | AN17: =N17*$F17 -> #REF! | AO17: =R17*$F17 -> #REF! | AP17: =S17*$F17 -> #REF! | AQ17: =Q17*$F17 -> #REF! | AR17: =U17*$F17 -> #REF! | AS17: =V17*$F17 -> #REF! | AT17: =T17*$F17 -> #REF! | AU17: =X17*$F17 -> #REF! | AV17: =Y17*$F17 -> #REF! | AW17: =W17*$F17 -> #REF! | AX17: =AA17*$F17 -> #REF! | AY17: =AB17*$F17 -> #REF! | AZ17: =Z17*$F17 -> #REF! | BA17: =AD17*$F17 -> #REF! | BB17: 82111-47450 | BC17: =ROUNDUP(O17/$BC$13,0) -> #REF! | BD17: =ROUNDUP(R17/$BD$13,0) -> #REF! | BE17: =ROUNDUP(U17/$BE$13,0) -> #REF! | BF17: =ROUNDUP(X17/$BF$13,0) -> #REF! | BG17: =ROUNDUP(AA17/$BG$13,0) -> #REF! | BH17: =ROUNDUP(AD17/$BH$13,0) -> #REF! | BI17: =BI16+1 -> 4
C18: 82111-47460 H | D18: =VLOOKUP(C18,#REF!,2,0) -> #REF! | E18: =VLOOKUP(C18,#REF!,4,0) -> #REF! | F18: 351 | G18: 6 | H18: =VLOOKUP(C18,#REF!,3,0) -> #REF! | I18: =VLOOKUP(C18,#REF!,7,0) -> #REF! | J18: #REF! | K18: #REF! | L18: #REF! | M18: #REF! | N18: #REF! | O18: #REF! | P18: #REF! | Q18: #REF! | R18: #REF! | S18: #REF! | T18: #REF! | U18: #REF! | V18: #REF! | W18: #REF! | X18: #REF! | Y18: #REF! | Z18: #REF! | AA18: #REF! | AB18: #REF! | AC18: #REF! | AD18: #REF! | AE18: #REF! | AF18: =AF17+1 -> 5 | AG18: =J18*$F18 -> #REF! | AH18: =K18*$F18 -> #REF! | AI18: =L18*$F18 -> #REF! | AJ18: =M18*$F18 -> #REF! | AK18: =K18*$F18 -> #REF! | AL18: =O18*$F18 -> #REF! | AM18: =P18*$F18 -> #REF! | AN18: =N18*$F18 -> #REF! | AO18: =R18*$F18 -> #REF! | AP18: =S18*$F18 -> #REF! | AQ18: =Q18*$F18 -> #REF! | AR18: =U18*$F18 -> #REF! | AS18: =V18*$F18 -> #REF! | AT18: =T18*$F18 -> #REF! | AU18: =X18*$F18 -> #REF! | AV18: =Y18*$F18 -> #REF! | AW18: =W18*$F18 -> #REF! | AX18: =AA18*$F18 -> #REF! | AY18: =AB18*$F18 -> #REF! | AZ18: =Z18*$F18 -> #REF! | BA18: =AD18*$F18 -> #REF! | BB18: 82111-47460 | BC18: =ROUNDUP(O18/$BC$13,0) -> #REF! | BD18: =ROUNDUP(R18/$BD$13,0) -> #REF! | BE18: =ROUNDUP(U18/$BE$13,0) -> #REF! | BF18: =ROUNDUP(X18/$BF$13,0) -> #REF! | BG18: =ROUNDUP(AA18/$BG$13,0) -> #REF! | BH18: =ROUNDUP(AD18/$BH$13,0) -> #REF! | BI18: =BI17+1 -> 5
C19: 82111-47480 B | D19: =VLOOKUP(C19,#REF!,2,0) -> #REF! | E19: =VLOOKUP(C19,#REF!,4,0) -> #REF! | F19: 301 | G19: 6 | H19: =VLOOKUP(C19,#REF!,3,0) -> #REF! | I19: =VLOOKUP(C19,#REF!,7,0) -> #REF! | J19: #REF! | K19: #REF! | L19: #REF! | M19: #REF! | N19: #REF! | O19: #REF! | P19: #REF! | Q19: #REF! | R19: #REF! | S19: #REF! | T19: #REF! | U19: #REF! | V19: #REF! | W19: #REF! | X19: #REF! | Y19: #REF! | Z19: #REF! | AA19: #REF! | AB19: #REF! | AC19: #REF! | AD19: #REF! | AE19: #REF! | AF19: =AF18+1 -> 6 | AG19: =J19*$F19 -> #REF! | AH19: =K19*$F19 -> #REF! | AI19: =L19*$F19 -> #REF! | AJ19: =M19*$F19 -> #REF! | AK19: =K19*$F19 -> #REF! | AL19: =O19*$F19 -> #REF! | AM19: =P19*$F19 -> #REF! | AN19: =N19*$F19 -> #REF! | AO19: =R19*$F19 -> #REF! | AP19: =S19*$F19 -> #REF! | AQ19: =Q19*$F19 -> #REF! | AR19: =U19*$F19 -> #REF! | AS19: =V19*$F19 -> #REF! | AT19: =T19*$F19 -> #REF! | AU19: =X19*$F19 -> #REF! | AV19: =Y19*$F19 -> #REF! | AW19: =W19*$F19 -> #REF! | AX19: =AA19*$F19 -> #REF! | AY19: =AB19*$F19 -> #REF! | AZ19: =Z19*$F19 -> #REF! | BA19: =AD19*$F19 -> #REF! | BB19: 82111-47460 | BC19: =ROUNDUP(O19/$BC$13,0) -> #REF! | BD19: =ROUNDUP(R19/$BD$13,0) -> #REF! | BE19: =ROUNDUP(U19/$BE$13,0) -> #REF! | BF19: =ROUNDUP(X19/$BF$13,0) -> #REF! | BG19: =ROUNDUP(AA19/$BG$13,0) -> #REF! | BH19: =ROUNDUP(AD19/$BH$13,0) -> #REF! | BI19: =BI18+1 -> 6
B20: EC | C20: 82111-47461 | D20: =VLOOKUP(C20,#REF!,2,0) -> #REF! | E20: =VLOOKUP(C20,#REF!,4,0) -> #REF! | F20: 332 | G20: 6 | H20: =VLOOKUP(C20,#REF!,3,0) -> #REF! | I20: =VLOOKUP(C20,#REF!,7,0) -> #REF! | J20: #REF! | K20: #REF! | L20: #REF! | M20: #REF! | N20: #REF! | O20: #REF! | P20: #REF! | Q20: #REF! | R20: #REF! | S20: #REF! | T20: #REF! | U20: #REF! | V20: #REF! | W20: #REF! | X20: #REF! | Y20: #REF! | Z20: #REF! | AA20: #REF! | AB20: #REF! | AC20: #REF! | AD20: #REF! | AE20: #REF! | AF20: =AF19+1 -> 7 | AG20: =J20*$F20 -> #REF! | AH20: =K20*$F20 -> #REF! | AI20: =L20*$F20 -> #REF! | AJ20: =M20*$F20 -> #REF! | AK20: =K20*$F20 -> #REF! | AL20: =O20*$F20 -> #REF! | AM20: =P20*$F20 -> #REF! | AN20: =N20*$F20 -> #REF! | AO20: =R20*$F20 -> #REF! | AP20: =S20*$F20 -> #REF! | AQ20: =Q20*$F20 -> #REF! | AR20: =U20*$F20 -> #REF! | AS20: =V20*$F20 -> #REF! | AT20: =T20*$F20 -> #REF! | AU20: =X20*$F20 -> #REF! | AV20: =Y20*$F20 -> #REF! | AW20: =W20*$F20 -> #REF! | AX20: =AA20*$F20 -> #REF! | AY20: =AB20*$F20 -> #REF! | AZ20: =Z20*$F20 -> #REF! | BA20: =AD20*$F20 -> #REF! | BB20: 82111-47450 | BC20: =ROUNDUP(O20/$BC$13,0) -> #REF! | BD20: =ROUNDUP(R20/$BD$13,0) -> #REF! | BE20: =ROUNDUP(U20/$BE$13,0) -> #REF! | BF20: =ROUNDUP(X20/$BF$13,0) -> #REF! | BG20: =ROUNDUP(AA20/$BG$13,0) -> #REF! | BH20: =ROUNDUP(AD20/$BH$13,0) -> #REF! | BI20: =BI19+1 -> 7
C21: 82111-47462 | D21: =VLOOKUP(C21,#REF!,2,0) -> #REF! | E21: =VLOOKUP(C21,#REF!,4,0) -> #REF! | F21: 332 | G21: 6 | H21: =VLOOKUP(C21,#REF!,3,0) -> #REF! | I21: =VLOOKUP(C21,#REF!,7,0) -> #REF! | J21: #REF! | K21: #REF! | L21: #REF! | M21: #REF! | N21: #REF! | O21: #REF! | P21: #REF! | Q21: #REF! | R21: #REF! | S21: #REF! | T21: #REF! | U21: #REF! | V21: #REF! | W21: #REF! | X21: #REF! | Y21: #REF! | Z21: #REF! | AA21: #REF! | AB21: #REF! | AC21: #REF! | AD21: #REF! | AE21: #REF! | AF21: =AF20+1 -> 8 | AG21: =J21*$F21 -> #REF! | AH21: =K21*$F21 -> #REF! | AI21: =L21*$F21 -> #REF! | AJ21: =M21*$F21 -> #REF! | AK21: =K21*$F21 -> #REF! | AL21: =O21*$F21 -> #REF! | AM21: =P21*$F21 -> #REF! | AN21: =N21*$F21 -> #REF! | AO21: =R21*$F21 -> #REF! | AP21: =S21*$F21 -> #REF! | AQ21: =Q21*$F21 -> #REF! | AR21: =U21*$F21 -> #REF! | AS21: =V21*$F21 -> #REF! | AT21: =T21*$F21 -> #REF! | AU21: =X21*$F21 -> #REF! | AV21: =Y21*$F21 -> #REF! | AW21: =W21*$F21 -> #REF! | AX21: =AA21*$F21 -> #REF! | AY21: =AB21*$F21 -> #REF! | AZ21: =Z21*$F21 -> #REF! | BA21: =AD21*$F21 -> #REF! | BB21: 82111-47450 | BC21: =ROUNDUP(O21/$BC$13,0) -> #REF! | BD21: =ROUNDUP(R21/$BD$13,0) -> #REF! | BE21: =ROUNDUP(U21/$BE$13,0) -> #REF! | BF21: =ROUNDUP(X21/$BF$13,0) -> #REF! | BG21: =ROUNDUP(AA21/$BG$13,0) -> #REF! | BH21: =ROUNDUP(AD21/$BH$13,0) -> #REF! | BI21: =BI20+1 -> 8
C22: 82111-47341 | D22: =VLOOKUP(C22,#REF!,2,0) -> #REF! | E22: =VLOOKUP(C22,#REF!,4,0) -> #REF! | F22: 351 | G22: 6 | H22: =VLOOKUP(C22,#REF!,3,0) -> #REF! | I22: =VLOOKUP(C22,#REF!,7,0) -> #REF! | J22: #REF! | K22: #REF! | L22: #REF! | M22: #REF! | N22: #REF! | O22: #REF! | P22: #REF! | Q22: #REF! | R22: #REF! | S22: #REF! | T22: #REF! | U22: #REF! | V22: #REF! | W22: #REF! | X22: #REF! | Y22: #REF! | Z22: #REF! | AA22: #REF! | AB22: #REF! | AC22: #REF! | AD22: #REF! | AE22: #REF! | AF22: =AF21+1 -> 9 | AG22: =J22*$F22 -> #REF! | AH22: =K22*$F22 -> #REF! | AI22: =L22*$F22 -> #REF! | AJ22: =M22*$F22 -> #REF! | AK22: =K22*$F22 -> #REF! | AL22: =O22*$F22 -> #REF! | AM22: =P22*$F22 -> #REF! | AN22: =N22*$F22 -> #REF! | AO22: =R22*$F22 -> #REF! | AP22: =S22*$F22 -> #REF! | AQ22: =Q22*$F22 -> #REF! | AR22: =U22*$F22 -> #REF! | AS22: =V22*$F22 -> #REF! | AT22: =T22*$F22 -> #REF! | AU22: =X22*$F22 -> #REF! | AV22: =Y22*$F22 -> #REF! | AW22: =W22*$F22 -> #REF! | AX22: =AA22*$F22 -> #REF! | AY22: =AB22*$F22 -> #REF! | AZ22: =Z22*$F22 -> #REF! | BA22: =AD22*$F22 -> #REF! | BB22: 82111-47460 | BC22: =ROUNDUP(O22/$BC$13,0) -> #REF! | BD22: =ROUNDUP(R22/$BD$13,0) -> #REF! | BE22: =ROUNDUP(U22/$BE$13,0) -> #REF! | BF22: =ROUNDUP(X22/$BF$13,0) -> #REF! | BG22: =ROUNDUP(AA22/$BG$13,0) -> #REF! | BH22: =ROUNDUP(AD22/$BH$13,0) -> #REF! | BI22: =BI20+1 -> 8
C23: 82111-47342 | D23: =VLOOKUP(C23,#REF!,2,0) -> #REF! | E23: =VLOOKUP(C23,#REF!,4,0) -> #REF! | F23: 351 | G23: 6 | H23: =H22 -> #REF! | I23: =I22 -> #REF! | J23: =(GUM!I14-(GUM!I14*0.2)) -> 0 | K23: =(GUM!J14-(GUM!J14*0.2)) -> 0 | L23: =(GUM!K14-(GUM!K14*0.2)) -> 0 | M23: =(GUM!L14-(GUM!L14*0.2)) -> 0 | N23: =(GUM!M14-(GUM!M14*0.2)) -> 0 | O23: =(GUM!N14-(GUM!N14*0.2)) -> 0 | P23: =(GUM!O14-(GUM!O14*0.2)) -> 0 | Q23: =(GUM!P14-(GUM!P14*0.2)) -> 0 | ... AE23: =(GUM!AD14-(GUM!AD14*0.2)) -> 0 | AF23: =AF22+1 -> 10 | AG23: =J23*$F23 -> 0 | AH23: =K23*$F23 -> 0 | AI23: =L23*$F23 -> 0 | AJ23: =M23*$F23 -> 0 | AK23: =K23*$F23 -> 0 | AL23: =O23*$F23 -> 0 | AM23: =P23*$F23 -> 0 | AN23: =N23*$F23 -> 0 | AO23: =R23*$F23 -> 0 | AP23: =S23*$F23 -> 0 | AQ23: =Q23*$F23 -> 0 | AR23: =U23*$F23 -> 0 | AS23: =V23*$F23 -> 0 | AT23: =T23*$F23 -> 0 | AU23: =X23*$F23 -> 0 | AV23: =Y23*$F23 -> 0 | AW23: =W23*$F23 -> 0 | AX23: =AA23*$F23 -> 0 | AY23: =AB23*$F23 -> 0 | AZ23: =Z23*$F23 -> 0 | BA23: =AD23*$F23 -> 0 | BB23: 82111-47460 | BC23: =ROUNDUP(O23/$BC$13,0) -> 0 | BD23: =ROUNDUP(R23/$BD$13,0) -> 0 | BE23: =ROUNDUP(U23/$BE$13,0) -> 0 | BF23: =ROUNDUP(X23/$BF$13,0) -> 0 | BG23: =ROUNDUP(AA23/$BG$13,0) -> 0 | BH23: =ROUNDUP(AD23/$BH$13,0) -> 0 | BI23: =BI21+1 -> 9
C24: 82111-47451 | D24: =VLOOKUP(C24,#REF!,2,0) -> #REF! | E24: =VLOOKUP(C24,#REF!,4,0) -> #REF! | F24: 301 | G24: 6 | H24: =VLOOKUP(C24,#REF!,3,0) -> #REF! | I24: =VLOOKUP(C24,#REF!,7,0) -> #REF! | J24: #REF! | K24: #REF! | L24: #REF! | M24: #REF! | N24: #REF! | O24: #REF! | P24: #REF! | Q24: #REF! | R24: #REF! | S24: #REF! | T24: #REF! | U24: #REF! | V24: #REF! | W24: #REF! | X24: #REF! | Y24: #REF! | Z24: #REF! | AA24: #REF! | AB24: #REF! | AC24: #REF! | AD24: #REF! | AE24: #REF! | AF24: =AF23+1 -> 11 | AG24: =J24*$F24 -> #REF! | AH24: =K24*$F24 -> #REF! | AI24: =L24*$F24 -> #REF! | AJ24: =M24*$F24 -> #REF! | AK24: =K24*$F24 -> #REF! | AL24: =O24*$F24 -> #REF! | AM24: =P24*$F24 -> #REF! | AN24: =N24*$F24 -> #REF! | AO24: =R24*$F24 -> #REF! | AP24: =S24*$F24 -> #REF! | AQ24: =Q24*$F24 -> #REF! | AR24: =U24*$F24 -> #REF! | AS24: =V24*$F24 -> #REF! | AT24: =T24*$F24 -> #REF! | AU24: =X24*$F24 -> #REF! | AV24: =Y24*$F24 -> #REF! | AW24: =W24*$F24 -> #REF! | AX24: =AA24*$F24 -> #REF! | AY24: =AB24*$F24 -> #REF! | AZ24: =Z24*$F24 -> #REF! | BA24: =AD24*$F24 -> #REF! | BB24: 82111-47460 | BC24: =ROUNDUP(O24/$BC$13,0) -> #REF! | BD24: =ROUNDUP(R24/$BD$13,0) -> #REF! | BE24: =ROUNDUP(U24/$BE$13,0) -> #REF! | BF24: =ROUNDUP(X24/$BF$13,0) -> #REF! | BG24: =ROUNDUP(AA24/$BG$13,0) -> #REF! | BH24: =ROUNDUP(AD24/$BH$13,0) -> #REF! | BI24: =BI22+1 -> 9
C25: 82111-47360 J | D25: 0 | E25: =VLOOKUP(C25,#REF!,4,0) -> #REF! | F25: 309 | G25: 6 | H25: =VLOOKUP(C25,#REF!,3,0) -> #REF! | I25: =VLOOKUP(C25,#REF!,7,0) -> #REF! | J25: #REF! | K25: #REF! | L25: #REF! | M25: #REF! | N25: #REF! | O25: #REF! | P25: #REF! | Q25: #REF! | R25: #REF! | S25: #REF! | T25: #REF! | U25: #REF! | V25: #REF! | W25: #REF! | X25: #REF! | Y25: #REF! | Z25: #REF! | AA25: #REF! | AB25: #REF! | AC25: #REF! | AD25: #REF! | AE25: #REF! | AF25: =AF24+1 -> 12 | AG25: =J25*$F25 -> #REF! | AH25: =K25*$F25 -> #REF! | AI25: =L25*$F25 -> #REF! | AJ25: =M25*$F25 -> #REF! | AK25: =K25*$F25 -> #REF! | AL25: =O25*$F25 -> #REF! | AM25: =P25*$F25 -> #REF! | AN25: =N25*$F25 -> #REF! | AO25: =R25*$F25 -> #REF! | AP25: =S25*$F25 -> #REF! | AQ25: =Q25*$F25 -> #REF! | AR25: =U25*$F25 -> #REF! | AS25: =V25*$F25 -> #REF! | AT25: =T25*$F25 -> #REF! | AU25: =X25*$F25 -> #REF! | AV25: =Y25*$F25 -> #REF! | AW25: =W25*$F25 -> #REF! | AX25: =AA25*$F25 -> #REF! | AY25: =AB25*$F25 -> #REF! | AZ25: =Z25*$F25 -> #REF! | BA25: =AD25*$F25 -> #REF! | BB25: 82111-47360 | BC25: =ROUNDUP(O25/$BC$13,0) -> #REF! | BD25: =ROUNDUP(R25/$BD$13,0) -> #REF! | BE25: =ROUNDUP(U25/$BE$13,0) -> #REF! | BF25: =ROUNDUP(X25/$BF$13,0) -> #REF! | BG25: =ROUNDUP(AA25/$BG$13,0) -> #REF! | BH25: =ROUNDUP(AD25/$BH$13,0) -> #REF! | BI25: =BI24+1 -> 10
C26: 82111-47452 | D26: =VLOOKUP(C26,#REF!,2,0) -> #REF! | E26: =VLOOKUP(C26,#REF!,4,0) -> #REF! | F26: 301 | G26: 6 | H26: =VLOOKUP(C26,#REF!,3,0) -> #REF! | I26: =VLOOKUP(C26,#REF!,7,0) -> #REF! | J26: =(GUM!I18-(GUM!I18*0.2)) -> 0 | K26: =(GUM!J18-(GUM!J18*0.2)) -> 0 | L26: =(GUM!K18-(GUM!K18*0.2)) -> 0 | M26: =(GUM!L18-(GUM!L18*0.2)) -> 0 | N26: =(GUM!M18-(GUM!M18*0.2)) -> 0 | O26: =(GUM!N18-(GUM!N18*0.2)) -> 0 | P26: =(GUM!O18-(GUM!O18*0.2)) -> 0 | Q26: =(GUM!P18-(GUM!P18*0.2)) -> 0 | ... AE26: =(GUM!AD18-(GUM!AD18*0.2)) -> 0 | AF26: =AF25+1 -> 13 | AG26: =J26*$F26 -> 0 | AH26: =K26*$F26 -> 0 | AI26: =L26*$F26 -> 0 | AJ26: =M26*$F26 -> 0 | AK26: =K26*$F26 -> 0 | AL26: =O26*$F26 -> 0 | AM26: =P26*$F26 -> 0 | AN26: =N26*$F26 -> 0 | AO26: =R26*$F26 -> 0 | AP26: =S26*$F26 -> 0 | AQ26: =Q26*$F26 -> 0 | AR26: =U26*$F26 -> 0 | AS26: =V26*$F26 -> 0 | AT26: =T26*$F26 -> 0 | AU26: =X26*$F26 -> 0 | AV26: =Y26*$F26 -> 0 | AW26: =W26*$F26 -> 0 | AX26: =AA26*$F26 -> 0 | AY26: =AB26*$F26 -> 0 | AZ26: =Z26*$F26 -> 0 | BA26: =AD26*$F26 -> 0 | BB26: 82111-47460 | BC26: =ROUNDUP(O26/$BC$13,0) -> 0 | BD26: =ROUNDUP(R26/$BD$13,0) -> 0 | BE26: =ROUNDUP(U26/$BE$13,0) -> 0 | BF26: =ROUNDUP(X26/$BF$13,0) -> 0 | BG26: =ROUNDUP(AA26/$BG$13,0) -> 0 | BH26: =ROUNDUP(AD26/$BH$13,0) -> 0 | BI26: =BI24+1 -> 10
A27: LHD | B27: USA | C27: 82111-47370 J | D27: =VLOOKUP(C27,#REF!,2,0) -> #REF! | E27: =VLOOKUP(C27,#REF!,4,0) -> #REF! | F27: 315 | G27: 6 | H27: =VLOOKUP(C27,#REF!,3,0) -> #REF! | I27: =VLOOKUP(C27,#REF!,7,0) -> #REF! | J27: =(GUM!I44-(GUM!I44*0.2)) -> 0 | K27: =(GUM!J44-(GUM!J44*0.2)) -> 0 | L27: =(GUM!K44-(GUM!K44*0.2)) -> 0 | M27: =(GUM!L44-(GUM!L44*0.2)) -> 0 | N27: =(GUM!M44-(GUM!M44*0.2)) -> 0 | O27: =(GUM!N44-(GUM!N44*0.2)) -> 0 | P27: =(GUM!O44-(GUM!O44*0.2)) -> 0 | Q27: =(GUM!P44-(GUM!P44*0.2)) -> 0 | ... AE27: =(GUM!AD44-(GUM!AD44*0.2)) -> 0 | AF27: =AF26+1 -> 14 | AG27: =J27*$F27 -> 0 | AH27: =K27*$F27 -> 0 | AI27: =L27*$F27 -> 0 | AJ27: =M27*$F27 -> 0 | AK27: =K27*$F27 -> 0 | AL27: =O27*$F27 -> 0 | AM27: =P27*$F27 -> 0 | AN27: =N27*$F27 -> 0 | AO27: =R27*$F27 -> 0 | AP27: =S27*$F27 -> 0 | AQ27: =Q27*$F27 -> 0 | AR27: =U27*$F27 -> 0 | AS27: =V27*$F27 -> 0 | AT27: =T27*$F27 -> 0 | AU27: =X27*$F27 -> 0 | AV27: =Y27*$F27 -> 0 | AW27: =W27*$F27 -> 0 | AX27: =AA27*$F27 -> 0 | AY27: =AB27*$F27 -> 0 | AZ27: =Z27*$F27 -> 0 | BA27: =AD27*$F27 -> 0 | BB27: 82111-47370 | BC27: =ROUNDUP(O27/$BC$13,0) -> 0 | BD27: =ROUNDUP(R27/$BD$13,0) -> 0 | BE27: =ROUNDUP(U27/$BE$13,0) -> 0 | BF27: =ROUNDUP(X27/$BF$13,0) -> 0 | BG27: =ROUNDUP(AA27/$BG$13,0) -> 0 | BH27: =ROUNDUP(AD27/$BH$13,0) -> 0 | BI27: =BI25+1 -> 11
C28: 82111-47380 H | D28: =VLOOKUP(C28,#REF!,2,0) -> #REF! | E28: =VLOOKUP(C28,#REF!,4,0) -> #REF! | F28: 347 | G28: 6 | H28: =VLOOKUP(C28,#REF!,3,0) -> #REF! | I28: =VLOOKUP(C28,#REF!,7,0) -> #REF! | J28: =(GUM!I49-(GUM!I49*0.2)) -> 0 | K28: =(GUM!J49-(GUM!J49*0.2)) -> 0 | L28: =(GUM!K49-(GUM!K49*0.2)) -> 0 | M28: =(GUM!L49-(GUM!L49*0.2)) -> 0 | N28: =(GUM!M49-(GUM!M49*0.2)) -> 0 | O28: =(GUM!N49-(GUM!N49*0.2)) -> 0 | P28: =(GUM!O49-(GUM!O49*0.2)) -> 0 | Q28: =(GUM!P49-(GUM!P49*0.2)) -> 0 | ... AE28: =(GUM!AD49-(GUM!AD49*0.2)) -> 0 | AF28: =AF27+1 -> 15 | AG28: =J28*$F28 -> 0 | AH28: =K28*$F28 -> 0 | AI28: =L28*$F28 -> 0 | AJ28: =M28*$F28 -> 0 | AK28: =K28*$F28 -> 0 | AL28: =O28*$F28 -> 0 | AM28: =P28*$F28 -> 0 | AN28: =N28*$F28 -> 0 | AO28: =R28*$F28 -> 0 | AP28: =S28*$F28 -> 0 | AQ28: =Q28*$F28 -> 0 | AR28: =U28*$F28 -> 0 | AS28: =V28*$F28 -> 0 | AT28: =T28*$F28 -> 0 | AU28: =X28*$F28 -> 0 | AV28: =Y28*$F28 -> 0 | AW28: =W28*$F28 -> 0 | AX28: =AA28*$F28 -> 0 | AY28: =AB28*$F28 -> 0 | AZ28: =Z28*$F28 -> 0 | BA28: =AD28*$F28 -> 0 | BB28: 82111-47380 | BC28: =ROUNDUP(O28/$BC$13,0) -> 0 | BD28: =ROUNDUP(R28/$BD$13,0) -> 0 | BE28: =ROUNDUP(U28/$BE$13,0) -> 0 | BF28: =ROUNDUP(X28/$BF$13,0) -> 0 | BG28: =ROUNDUP(AA28/$BG$13,0) -> 0 | BH28: =ROUNDUP(AD28/$BH$13,0) -> 0 | BI28: =BI27+1 -> 12
B29: CANADA | C29: 82111-47390 J | D29: =VLOOKUP(C29,#REF!,2,0) -> #REF! | E29: =VLOOKUP(C29,#REF!,4,0) -> #REF! | F29: 321 | G29: 6 | H29: =VLOOKUP(C29,#REF!,3,0) -> #REF! | I29: =VLOOKUP(C29,#REF!,7,0) -> #REF! | J29: #REF! | K29: #REF! | L29: #REF! | M29: #REF! | N29: #REF! | O29: #REF! | P29: #REF! | Q29: #REF! | R29: #REF! | S29: #REF! | T29: #REF! | U29: #REF! | V29: #REF! | W29: #REF! | X29: #REF! | Y29: #REF! | Z29: #REF! | AA29: #REF! | AB29: #REF! | AC29: #REF! | AD29: #REF! | AE29: #REF! | AF29: =AF28+1 -> 16 | AG29: =J29*$F29 -> #REF! | AH29: =K29*$F29 -> #REF! | AI29: =L29*$F29 -> #REF! | AJ29: =M29*$F29 -> #REF! | AK29: =K29*$F29 -> #REF! | AL29: =O29*$F29 -> #REF! | AM29: =P29*$F29 -> #REF! | AN29: =N29*$F29 -> #REF! | AO29: =R29*$F29 -> #REF! | AP29: =S29*$F29 -> #REF! | AQ29: =Q29*$F29 -> #REF! | AR29: =U29*$F29 -> #REF! | AS29: =V29*$F29 -> #REF! | AT29: =T29*$F29 -> #REF! | AU29: =X29*$F29 -> #REF! | AV29: =Y29*$F29 -> #REF! | AW29: =W29*$F29 -> #REF! | AX29: =AA29*$F29 -> #REF! | AY29: =AB29*$F29 -> #REF! | AZ29: =Z29*$F29 -> #REF! | BA29: =AD29*$F29 -> #REF! | BB29: 82111-47390 | BC29: =ROUNDUP(O29/$BC$13,0) -> #REF! | BD29: =ROUNDUP(R29/$BD$13,0) -> #REF! | BE29: =ROUNDUP(U29/$BE$13,0) -> #REF! | BF29: =ROUNDUP(X29/$BF$13,0) -> #REF! | BG29: =ROUNDUP(AA29/$BG$13,0) -> #REF! | BH29: =ROUNDUP(AD29/$BH$13,0) -> #REF! | BI29: =BI28+1 -> 13
C30: 82111-47400 J | D30: =VLOOKUP(C30,#REF!,2,0) -> #REF! | E30: =VLOOKUP(C30,#REF!,4,0) -> #REF! | F30: 347 | G30: 6 | H30: =VLOOKUP(C30,#REF!,3,0) -> #REF! | I30: =VLOOKUP(C30,#REF!,7,0) -> #REF! | J30: #REF! | K30: #REF! | L30: #REF! | M30: #REF! | N30: #REF! | O30: #REF! | P30: #REF! | Q30: #REF! | R30: #REF! | S30: #REF! | T30: #REF! | U30: #REF! | V30: #REF! | W30: #REF! | X30: #REF! | Y30: #REF! | Z30: #REF! | AA30: #REF! | AB30: #REF! | AC30: #REF! | AD30: #REF! | AE30: #REF! | AF30: =AF29+1 -> 17 | AG30: =J30*$F30 -> #REF! | AH30: =K30*$F30 -> #REF! | AI30: =L30*$F30 -> #REF! | AJ30: =M30*$F30 -> #REF! | AK30: =K30*$F30 -> #REF! | AL30: =O30*$F30 -> #REF! | AM30: =P30*$F30 -> #REF! | AN30: =N30*$F30 -> #REF! | AO30: =R30*$F30 -> #REF! | AP30: =S30*$F30 -> #REF! | AQ30: =Q30*$F30 -> #REF! | AR30: =U30*$F30 -> #REF! | AS30: =V30*$F30 -> #REF! | AT30: =T30*$F30 -> #REF! | AU30: =X30*$F30 -> #REF! | AV30: =Y30*$F30 -> #REF! | AW30: =W30*$F30 -> #REF! | AX30: =AA30*$F30 -> #REF! | AY30: =AB30*$F30 -> #REF! | AZ30: =Z30*$F30 -> #REF! | BA30: =AD30*$F30 -> #REF! | BB30: 82111-47400 | BC30: =ROUNDUP(O30/$BC$13,0) -> #REF! | BD30: =ROUNDUP(R30/$BD$13,0) -> #REF! | BE30: =ROUNDUP(U30/$BE$13,0) -> #REF! | BF30: =ROUNDUP(X30/$BF$13,0) -> #REF! | BG30: =ROUNDUP(AA30/$BG$13,0) -> #REF! | BH30: =ROUNDUP(AD30/$BH$13,0) -> #REF! | BI30: =BI29+1 -> 14
B31: EC | C31: 82111-47410 J | D31: 0 | E31: =VLOOKUP(C31,#REF!,4,0) -> #REF! | F31: 313 | G31: 6 | H31: =VLOOKUP(C31,#REF!,3,0) -> #REF! | I31: =VLOOKUP(C31,#REF!,7,0) -> #REF! | J31: #REF! | K31: #REF! | L31: #REF! | M31: #REF! | N31: #REF! | O31: #REF! | P31: #REF! | Q31: #REF! | R31: #REF! | S31: #REF! | T31: #REF! | U31: #REF! | V31: #REF! | W31: #REF! | X31: #REF! | Y31: #REF! | Z31: #REF! | AA31: #REF! | AB31: #REF! | AC31: #REF! | AD31: #REF! | AE31: #REF! | AF31: =AF30+1 -> 18 | AG31: =J31*$F31 -> #REF! | AH31: =K31*$F31 -> #REF! | AI31: =L31*$F31 -> #REF! | AJ31: =M31*$F31 -> #REF! | AK31: =K31*$F31 -> #REF! | AL31: =O31*$F31 -> #REF! | AM31: =P31*$F31 -> #REF! | AN31: =N31*$F31 -> #REF! | AO31: =R31*$F31 -> #REF! | AP31: =S31*$F31 -> #REF! | AQ31: =Q31*$F31 -> #REF! | AR31: =U31*$F31 -> #REF! | AS31: =V31*$F31 -> #REF! | AT31: =T31*$F31 -> #REF! | AU31: =X31*$F31 -> #REF! | AV31: =Y31*$F31 -> #REF! | AW31: =W31*$F31 -> #REF! | AX31: =AA31*$F31 -> #REF! | AY31: =AB31*$F31 -> #REF! | AZ31: =Z31*$F31 -> #REF! | BA31: =AD31*$F31 -> #REF! | BB31: 82111-47410 | BC31: =ROUNDUP(O31/$BC$13,0) -> #REF! | BD31: =ROUNDUP(R31/$BD$13,0) -> #REF! | BE31: =ROUNDUP(U31/$BE$13,0) -> #REF! | BF31: =ROUNDUP(X31/$BF$13,0) -> #REF! | BG31: =ROUNDUP(AA31/$BG$13,0) -> #REF! | BH31: =ROUNDUP(AD31/$BH$13,0) -> #REF! | BI31: =BI30+1 -> 15
C32: 82111-47420 J | D32: =VLOOKUP(C32,#REF!,2,0) -> #REF! | E32: =VLOOKUP(C32,#REF!,4,0) -> #REF! | F32: 337 | G32: 6 | H32: =VLOOKUP(C32,#REF!,3,0) -> #REF! | I32: =VLOOKUP(C32,#REF!,7,0) -> #REF! | J32: #REF! | K32: #REF! | L32: #REF! | M32: #REF! | N32: #REF! | O32: #REF! | P32: #REF! | Q32: #REF! | R32: #REF! | S32: #REF! | T32: #REF! | U32: #REF! | V32: #REF! | W32: #REF! | X32: #REF! | Y32: #REF! | Z32: #REF! | AA32: #REF! | AB32: #REF! | AC32: #REF! | AD32: #REF! | AE32: #REF! | AF32: =AF31+1 -> 19 | AG32: =J32*$F32 -> #REF! | AH32: =K32*$F32 -> #REF! | AI32: =L32*$F32 -> #REF! | AJ32: =M32*$F32 -> #REF! | AK32: =K32*$F32 -> #REF! | AL32: =O32*$F32 -> #REF! | AM32: =P32*$F32 -> #REF! | AN32: =N32*$F32 -> #REF! | AO32: =R32*$F32 -> #REF! | AP32: =S32*$F32 -> #REF! | AQ32: =Q32*$F32 -> #REF! | AR32: =U32*$F32 -> #REF! | AS32: =V32*$F32 -> #REF! | AT32: =T32*$F32 -> #REF! | AU32: =X32*$F32 -> #REF! | AV32: =Y32*$F32 -> #REF! | AW32: =W32*$F32 -> #REF! | AX32: =AA32*$F32 -> #REF! | AY32: =AB32*$F32 -> #REF! | AZ32: =Z32*$F32 -> #REF! | BA32: =AD32*$F32 -> #REF! | BB32: 82111-47420 | BC32: =ROUNDUP(O32/$BC$13,0) -> #REF! | BD32: =ROUNDUP(R32/$BD$13,0) -> #REF! | BE32: =ROUNDUP(U32/$BE$13,0) -> #REF! | BF32: =ROUNDUP(X32/$BF$13,0) -> #REF! | BG32: =ROUNDUP(AA32/$BG$13,0) -> #REF! | BH32: =ROUNDUP(AD32/$BH$13,0) -> #REF! | BI32: =BI31+1 -> 16
C33: 82111-47430 J | D33: =VLOOKUP(C33,#REF!,2,0) -> #REF! | E33: =VLOOKUP(C33,#REF!,4,0) -> #REF! | F33: 313 | G33: 6 | H33: =VLOOKUP(C33,#REF!,3,0) -> #REF! | I33: =VLOOKUP(C33,#REF!,7,0) -> #REF! | J33: #REF! | K33: #REF! | L33: #REF! | M33: #REF! | N33: #REF! | O33: #REF! | P33: #REF! | Q33: #REF! | R33: #REF! | S33: #REF! | T33: #REF! | U33: #REF! | V33: #REF! | W33: #REF! | X33: #REF! | Y33: #REF! | Z33: #REF! | AA33: #REF! | AB33: #REF! | AC33: #REF! | AD33: #REF! | AE33: #REF! | AF33: =AF32+1 -> 20 | AG33: =J33*$F33 -> #REF! | AH33: =K33*$F33 -> #REF! | AI33: =L33*$F33 -> #REF! | AJ33: =M33*$F33 -> #REF! | AK33: =K33*$F33 -> #REF! | AL33: =O33*$F33 -> #REF! | AM33: =P33*$F33 -> #REF! | AN33: =N33*$F33 -> #REF! | AO33: =R33*$F33 -> #REF! | AP33: =S33*$F33 -> #REF! | AQ33: =Q33*$F33 -> #REF! | AR33: =U33*$F33 -> #REF! | AS33: =V33*$F33 -> #REF! | AT33: =T33*$F33 -> #REF! | AU33: =X33*$F33 -> #REF! | AV33: =Y33*$F33 -> #REF! | AW33: =W33*$F33 -> #REF! | AX33: =AA33*$F33 -> #REF! | AY33: =AB33*$F33 -> #REF! | AZ33: =Z33*$F33 -> #REF! | BA33: =AD33*$F33 -> #REF! | BB33: 82111-47430 | BC33: =ROUNDUP(O33/$BC$13,0) -> #REF! | BD33: =ROUNDUP(R33/$BD$13,0) -> #REF! | BE33: =ROUNDUP(U33/$BE$13,0) -> #REF! | BF33: =ROUNDUP(X33/$BF$13,0) -> #REF! | BG33: =ROUNDUP(AA33/$BG$13,0) -> #REF! | BH33: =ROUNDUP(AD33/$BH$13,0) -> #REF! | BI33: =BI32+1 -> 17
C34: 82111-47440 J | D34: =VLOOKUP(C34,#REF!,2,0) -> #REF! | E34: =VLOOKUP(C34,#REF!,4,0) -> #REF! | F34: 337 | G34: 6 | H34: =VLOOKUP(C34,#REF!,3,0) -> #REF! | I34: =VLOOKUP(C34,#REF!,7,0) -> #REF! | J34: #REF! | K34: #REF! | L34: #REF! | M34: #REF! | N34: #REF! | O34: #REF! | P34: #REF! | Q34: #REF! | R34: #REF! | S34: #REF! | T34: #REF! | U34: #REF! | V34: #REF! | W34: #REF! | X34: #REF! | Y34: #REF! | Z34: #REF! | AA34: #REF! | AB34: #REF! | AC34: #REF! | AD34: #REF! | AE34: #REF! | AF34: =AF33+1 -> 21 | AG34: =J34*$F34 -> #REF! | AH34: =K34*$F34 -> #REF! | AI34: =L34*$F34 -> #REF! | AJ34: =M34*$F34 -> #REF! | AK34: =K34*$F34 -> #REF! | AL34: =O34*$F34 -> #REF! | AM34: =P34*$F34 -> #REF! | AN34: =N34*$F34 -> #REF! | AO34: =R34*$F34 -> #REF! | AP34: =S34*$F34 -> #REF! | AQ34: =Q34*$F34 -> #REF! | AR34: =U34*$F34 -> #REF! | AS34: =V34*$F34 -> #REF! | AT34: =T34*$F34 -> #REF! | AU34: =X34*$F34 -> #REF! | AV34: =Y34*$F34 -> #REF! | AW34: =W34*$F34 -> #REF! | AX34: =AA34*$F34 -> #REF! | AY34: =AB34*$F34 -> #REF! | AZ34: =Z34*$F34 -> #REF! | BA34: =AD34*$F34 -> #REF! | BB34: 82111-47440 | BC34: =ROUNDUP(O34/$BC$13,0) -> #REF! | BD34: =ROUNDUP(R34/$BD$13,0) -> #REF! | BE34: =ROUNDUP(U34/$BE$13,0) -> #REF! | BF34: =ROUNDUP(X34/$BF$13,0) -> #REF! | BG34: =ROUNDUP(AA34/$BG$13,0) -> #REF! | BH34: =ROUNDUP(AD34/$BH$13,0) -> #REF! | BI34: =BI33+1 -> 18
B35: USA | C35: 82111-47371 | D35: =VLOOKUP(C35,#REF!,2,0) -> #REF! | E35: =VLOOKUP(C35,#REF!,4,0) -> #REF! | F35: 321 | G35: 6 | H35: =VLOOKUP(C35,#REF!,3,0) -> #REF! | I35: =VLOOKUP(C35,#REF!,7,0) -> #REF! | J35: #REF! | K35: #REF! | L35: #REF! | M35: #REF! | N35: #REF! | O35: #REF! | P35: #REF! | Q35: #REF! | R35: #REF! | S35: #REF! | T35: #REF! | U35: #REF! | V35: #REF! | W35: #REF! | X35: #REF! | Y35: #REF! | Z35: #REF! | AA35: #REF! | AB35: #REF! | AC35: #REF! | AD35: #REF! | AE35: #REF! | AF35: =AF34+1 -> 22 | AG35: =J35*$F35 -> #REF! | AH35: =K35*$F35 -> #REF! | AI35: =L35*$F35 -> #REF! | AJ35: =M35*$F35 -> #REF! | AK35: =K35*$F35 -> #REF! | AL35: =O35*$F35 -> #REF! | AM35: =P35*$F35 -> #REF! | AN35: =N35*$F35 -> #REF! | AO35: =R35*$F35 -> #REF! | AP35: =S35*$F35 -> #REF! | AQ35: =Q35*$F35 -> #REF! | AR35: =U35*$F35 -> #REF! | AS35: =V35*$F35 -> #REF! | AT35: =T35*$F35 -> #REF! | AU35: =X35*$F35 -> #REF! | AV35: =Y35*$F35 -> #REF! | AW35: =W35*$F35 -> #REF! | AX35: =AA35*$F35 -> #REF! | AY35: =AB35*$F35 -> #REF! | AZ35: =Z35*$F35 -> #REF! | BA35: =AD35*$F35 -> #REF! | BB35: 82111-47390 | BC35: =ROUNDUP(O35/$BC$13,0) -> #REF! | BD35: =ROUNDUP(R35/$BD$13,0) -> #REF! | BE35: =ROUNDUP(U35/$BE$13,0) -> #REF! | BF35: =ROUNDUP(X35/$BF$13,0) -> #REF! | BG35: =ROUNDUP(AA35/$BG$13,0) -> #REF! | BH35: =ROUNDUP(AD35/$BH$13,0) -> #REF! | BI35: =BI34+1 -> 19
C36: 82111-47372 | D36: =VLOOKUP(C36,#REF!,2,0) -> #REF! | E36: =VLOOKUP(C36,#REF!,4,0) -> #REF! | F36: 321 | G36: 6 | H36: =VLOOKUP(C36,#REF!,3,0) -> #REF! | I36: =VLOOKUP(C36,#REF!,7,0) -> #REF! | J36: #REF! | K36: #REF! | L36: #REF! | M36: #REF! | N36: #REF! | O36: #REF! | P36: #REF! | Q36: #REF! | R36: #REF! | S36: #REF! | T36: #REF! | U36: #REF! | V36: #REF! | W36: #REF! | X36: #REF! | Y36: #REF! | Z36: #REF! | AA36: #REF! | AB36: #REF! | AC36: #REF! | AD36: #REF! | AE36: #REF! | AF36: =AF35+1 -> 23 | AG36: =J36*$F36 -> #REF! | AH36: =K36*$F36 -> #REF! | AI36: =L36*$F36 -> #REF! | AJ36: =M36*$F36 -> #REF! | AK36: =K36*$F36 -> #REF! | AL36: =O36*$F36 -> #REF! | AM36: =P36*$F36 -> #REF! | AN36: =N36*$F36 -> #REF! | AO36: =R36*$F36 -> #REF! | AP36: =S36*$F36 -> #REF! | AQ36: =Q36*$F36 -> #REF! | AR36: =U36*$F36 -> #REF! | AS36: =V36*$F36 -> #REF! | AT36: =T36*$F36 -> #REF! | AU36: =X36*$F36 -> #REF! | AV36: =Y36*$F36 -> #REF! | AW36: =W36*$F36 -> #REF! | AX36: =AA36*$F36 -> #REF! | AY36: =AB36*$F36 -> #REF! | AZ36: =Z36*$F36 -> #REF! | BA36: =AD36*$F36 -> #REF! | BB36: 82111-47390 | BC36: =ROUNDUP(O36/$BC$13,0) -> #REF! | BD36: =ROUNDUP(R36/$BD$13,0) -> #REF! | BE36: =ROUNDUP(U36/$BE$13,0) -> #REF! | BF36: =ROUNDUP(X36/$BF$13,0) -> #REF! | BG36: =ROUNDUP(AA36/$BG$13,0) -> #REF! | BH36: =ROUNDUP(AD36/$BH$13,0) -> #REF! | BI36: =BI35+1 -> 20
B37: CANADA | C37: 82111-47391 | D37: =VLOOKUP(C37,#REF!,2,0) -> #REF! | E37: =VLOOKUP(C37,#REF!,4,0) -> #REF! | F37: 347 | G37: 6 | H37: =VLOOKUP(C37,#REF!,3,0) -> #REF! | I37: =VLOOKUP(C37,#REF!,7,0) -> #REF! | J37: #REF! | K37: #REF! | L37: #REF! | M37: #REF! | N37: #REF! | O37: #REF! | P37: #REF! | Q37: #REF! | R37: #REF! | S37: #REF! | T37: #REF! | U37: #REF! | V37: #REF! | W37: #REF! | X37: #REF! | Y37: #REF! | Z37: #REF! | AA37: #REF! | AB37: #REF! | AC37: #REF! | AD37: #REF! | AE37: #REF! | AF37: =AF36+1 -> 24 | AG37: =J37*$F37 -> #REF! | AH37: =K37*$F37 -> #REF! | AI37: =L37*$F37 -> #REF! | AJ37: =M37*$F37 -> #REF! | AK37: =K37*$F37 -> #REF! | AL37: =O37*$F37 -> #REF! | AM37: =P37*$F37 -> #REF! | AN37: =N37*$F37 -> #REF! | AO37: =R37*$F37 -> #REF! | AP37: =S37*$F37 -> #REF! | AQ37: =Q37*$F37 -> #REF! | AR37: =U37*$F37 -> #REF! | AS37: =V37*$F37 -> #REF! | AT37: =T37*$F37 -> #REF! | AU37: =X37*$F37 -> #REF! | AV37: =Y37*$F37 -> #REF! | AW37: =W37*$F37 -> #REF! | AX37: =AA37*$F37 -> #REF! | AY37: =AB37*$F37 -> #REF! | AZ37: =Z37*$F37 -> #REF! | BA37: =AD37*$F37 -> #REF! | BB37: 82111-47400 | BC37: =ROUNDUP(O37/$BC$13,0) -> #REF! | BD37: =ROUNDUP(R37/$BD$13,0) -> #REF! | BE37: =ROUNDUP(U37/$BE$13,0) -> #REF! | BF37: =ROUNDUP(X37/$BF$13,0) -> #REF! | BG37: =ROUNDUP(AA37/$BG$13,0) -> #REF! | BH37: =ROUNDUP(AD37/$BH$13,0) -> #REF! | BI37: =BI35+1 -> 20
C38: 82111-47392 | D38: =VLOOKUP(C38,#REF!,2,0) -> #REF! | E38: =VLOOKUP(C38,#REF!,4,0) -> #REF! | F38: 347 | G38: 6 | H38: =VLOOKUP(C38,#REF!,3,0) -> #REF! | I38: =VLOOKUP(C38,#REF!,7,0) -> #REF! | J38: #REF! | K38: #REF! | L38: #REF! | M38: #REF! | N38: #REF! | O38: #REF! | P38: #REF! | Q38: #REF! | R38: #REF! | S38: #REF! | T38: #REF! | U38: #REF! | V38: #REF! | W38: #REF! | X38: #REF! | Y38: #REF! | Z38: #REF! | AA38: #REF! | AB38: #REF! | AC38: #REF! | AD38: #REF! | AE38: #REF! | AF38: =AF37+1 -> 25 | AG38: =J38*$F38 -> #REF! | AH38: =K38*$F38 -> #REF! | AI38: =L38*$F38 -> #REF! | AJ38: =M38*$F38 -> #REF! | AK38: =K38*$F38 -> #REF! | AL38: =O38*$F38 -> #REF! | AM38: =P38*$F38 -> #REF! | AN38: =N38*$F38 -> #REF! | AO38: =R38*$F38 -> #REF! | AP38: =S38*$F38 -> #REF! | AQ38: =Q38*$F38 -> #REF! | AR38: =U38*$F38 -> #REF! | AS38: =V38*$F38 -> #REF! | AT38: =T38*$F38 -> #REF! | AU38: =X38*$F38 -> #REF! | AV38: =Y38*$F38 -> #REF! | AW38: =W38*$F38 -> #REF! | AX38: =AA38*$F38 -> #REF! | AY38: =AB38*$F38 -> #REF! | AZ38: =Z38*$F38 -> #REF! | BA38: =AD38*$F38 -> #REF! | BB38: 82111-47400 | BC38: =ROUNDUP(O38/$BC$13,0) -> #REF! | BD38: =ROUNDUP(R38/$BD$13,0) -> #REF! | BE38: =ROUNDUP(U38/$BE$13,0) -> #REF! | BF38: =ROUNDUP(X38/$BF$13,0) -> #REF! | BG38: =ROUNDUP(AA38/$BG$13,0) -> #REF! | BH38: =ROUNDUP(AD38/$BH$13,0) -> #REF! | BI38: =BI36+1 -> 21
C39: 82111-47401 | D39: =VLOOKUP(C39,#REF!,2,0) -> #REF! | E39: =VLOOKUP(C39,#REF!,4,0) -> #REF! | F39: 313 | G39: 6 | H39: =VLOOKUP(C39,#REF!,3,0) -> #REF! | I39: =VLOOKUP(C39,#REF!,7,0) -> #REF! | J39: #REF! | K39: #REF! | L39: #REF! | M39: #REF! | N39: #REF! | O39: #REF! | P39: #REF! | Q39: #REF! | R39: #REF! | S39: #REF! | T39: #REF! | U39: #REF! | V39: #REF! | W39: #REF! | X39: #REF! | Y39: #REF! | Z39: #REF! | AA39: #REF! | AB39: #REF! | AC39: #REF! | AD39: #REF! | AE39: #REF! | AF39: =AF38+1 -> 26 | AG39: =J39*$F39 -> #REF! | AH39: =K39*$F39 -> #REF! | AI39: =L39*$F39 -> #REF! | AJ39: =M39*$F39 -> #REF! | AK39: =K39*$F39 -> #REF! | AL39: =O39*$F39 -> #REF! | AM39: =P39*$F39 -> #REF! | AN39: =N39*$F39 -> #REF! | AO39: =R39*$F39 -> #REF! | AP39: =S39*$F39 -> #REF! | AQ39: =Q39*$F39 -> #REF! | AR39: =U39*$F39 -> #REF! | AS39: =V39*$F39 -> #REF! | AT39: =T39*$F39 -> #REF! | AU39: =X39*$F39 -> #REF! | AV39: =Y39*$F39 -> #REF! | AW39: =W39*$F39 -> #REF! | AX39: =AA39*$F39 -> #REF! | AY39: =AB39*$F39 -> #REF! | AZ39: =Z39*$F39 -> #REF! | BA39: =AD39*$F39 -> #REF! | BB39: 82111-47410 | BC39: =ROUNDUP(O39/$BC$13,0) -> #REF! | BD39: =ROUNDUP(R39/$BD$13,0) -> #REF! | BE39: =ROUNDUP(U39/$BE$13,0) -> #REF! | BF39: =ROUNDUP(X39/$BF$13,0) -> #REF! | BG39: =ROUNDUP(AA39/$BG$13,0) -> #REF! | BH39: =ROUNDUP(AD39/$BH$13,0) -> #REF! | BI39: =BI37+1 -> 21
C40: 82111-47402 | D40: =VLOOKUP(C40,#REF!,2,0) -> #REF! | E40: =VLOOKUP(C40,#REF!,4,0) -> #REF! | F40: 313 | G40: 6 | H40: =H39 -> #REF! | I40: =I39 -> #REF! | J40: #REF! | K40: #REF! | L40: #REF! | M40: #REF! | N40: #REF! | O40: #REF! | P40: #REF! | Q40: #REF! | R40: #REF! | S40: #REF! | T40: #REF! | U40: #REF! | V40: #REF! | W40: #REF! | X40: #REF! | Y40: #REF! | Z40: #REF! | AA40: #REF! | AB40: #REF! | AC40: #REF! | AD40: #REF! | AE40: #REF! | AF40: =AF39+1 -> 27 | AG40: =J40*$F40 -> #REF! | AH40: =K40*$F40 -> #REF! | AI40: =L40*$F40 -> #REF! | AJ40: =M40*$F40 -> #REF! | AK40: =K40*$F40 -> #REF! | AL40: =O40*$F40 -> #REF! | AM40: =P40*$F40 -> #REF! | AN40: =N40*$F40 -> #REF! | AO40: =R40*$F40 -> #REF! | AP40: =S40*$F40 -> #REF! | AQ40: =Q40*$F40 -> #REF! | AR40: =U40*$F40 -> #REF! | AS40: =V40*$F40 -> #REF! | AT40: =T40*$F40 -> #REF! | AU40: =X40*$F40 -> #REF! | AV40: =Y40*$F40 -> #REF! | AW40: =W40*$F40 -> #REF! | AX40: =AA40*$F40 -> #REF! | AY40: =AB40*$F40 -> #REF! | AZ40: =Z40*$F40 -> #REF! | BA40: =AD40*$F40 -> #REF! | BB40: 82111-47410 | BC40: =ROUNDUP(O40/$BC$13,0) -> #REF! | BD40: =ROUNDUP(R40/$BD$13,0) -> #REF! | BE40: =ROUNDUP(U40/$BE$13,0) -> #REF! | BF40: =ROUNDUP(X40/$BF$13,0) -> #REF! | BG40: =ROUNDUP(AA40/$BG$13,0) -> #REF! | BH40: =ROUNDUP(AD40/$BH$13,0) -> #REF! | BI40: =BI38+1 -> 22
B41: EC | C41: 82111-47411 | D41: =VLOOKUP(C41,#REF!,2,0) -> #REF! | E41: =VLOOKUP(C41,#REF!,4,0) -> #REF! | F41: 337 | G41: 6 | H41: =VLOOKUP(C41,#REF!,3,0) -> #REF! | I41: =VLOOKUP(C41,#REF!,7,0) -> #REF! | J41: #REF! | K41: #REF! | L41: #REF! | M41: #REF! | N41: #REF! | O41: #REF! | P41: #REF! | Q41: #REF! | R41: #REF! | S41: #REF! | T41: #REF! | U41: #REF! | V41: #REF! | W41: #REF! | X41: #REF! | Y41: #REF! | Z41: #REF! | AA41: #REF! | AB41: #REF! | AC41: #REF! | AD41: #REF! | AE41: #REF! | AF41: =AF40+1 -> 28 | AG41: =J41*$F41 -> #REF! | AH41: =K41*$F41 -> #REF! | AI41: =L41*$F41 -> #REF! | AJ41: =M41*$F41 -> #REF! | AK41: =K41*$F41 -> #REF! | AL41: =O41*$F41 -> #REF! | AM41: =P41*$F41 -> #REF! | AN41: =N41*$F41 -> #REF! | AO41: =R41*$F41 -> #REF! | AP41: =S41*$F41 -> #REF! | AQ41: =Q41*$F41 -> #REF! | AR41: =U41*$F41 -> #REF! | AS41: =V41*$F41 -> #REF! | AT41: =T41*$F41 -> #REF! | AU41: =X41*$F41 -> #REF! | AV41: =Y41*$F41 -> #REF! | AW41: =W41*$F41 -> #REF! | AX41: =AA41*$F41 -> #REF! | AY41: =AB41*$F41 -> #REF! | AZ41: =Z41*$F41 -> #REF! | BA41: =AD41*$F41 -> #REF! | BB41: 82111-47420 | BC41: =ROUNDUP(O41/$BC$13,0) -> #REF! | BD41: =ROUNDUP(R41/$BD$13,0) -> #REF! | BE41: =ROUNDUP(U41/$BE$13,0) -> #REF! | BF41: =ROUNDUP(X41/$BF$13,0) -> #REF! | BG41: =ROUNDUP(AA41/$BG$13,0) -> #REF! | BH41: =ROUNDUP(AD41/$BH$13,0) -> #REF! | BI41: =BI39+1 -> 22
C42: 82111-47412 | D42: =VLOOKUP(C42,#REF!,2,0) -> #REF! | E42: =VLOOKUP(C42,#REF!,4,0) -> #REF! | F42: 337 | G42: 6 | H42: =VLOOKUP(C42,#REF!,3,0) -> #REF! | I42: =VLOOKUP(C42,#REF!,7,0) -> #REF! | J42: #REF! | K42: #REF! | L42: #REF! | M42: #REF! | N42: #REF! | O42: #REF! | P42: #REF! | Q42: #REF! | R42: #REF! | S42: #REF! | T42: #REF! | U42: #REF! | V42: #REF! | W42: #REF! | X42: #REF! | Y42: #REF! | Z42: #REF! | AA42: #REF! | AB42: #REF! | AC42: #REF! | AD42: #REF! | AE42: #REF! | AF42: =AF41+1 -> 29 | AG42: =J42*$F42 -> #REF! | AH42: =K42*$F42 -> #REF! | AI42: =L42*$F42 -> #REF! | AJ42: =M42*$F42 -> #REF! | AK42: =K42*$F42 -> #REF! | AL42: =O42*$F42 -> #REF! | AM42: =P42*$F42 -> #REF! | AN42: =N42*$F42 -> #REF! | AO42: =R42*$F42 -> #REF! | AP42: =S42*$F42 -> #REF! | AQ42: =Q42*$F42 -> #REF! | AR42: =U42*$F42 -> #REF! | AS42: =V42*$F42 -> #REF! | AT42: =T42*$F42 -> #REF! | AU42: =X42*$F42 -> #REF! | AV42: =Y42*$F42 -> #REF! | AW42: =W42*$F42 -> #REF! | AX42: =AA42*$F42 -> #REF! | AY42: =AB42*$F42 -> #REF! | AZ42: =Z42*$F42 -> #REF! | BA42: =AD42*$F42 -> #REF! | BB42: 82111-47420 | BC42: =ROUNDUP(O42/$BC$13,0) -> #REF! | BD42: =ROUNDUP(R42/$BD$13,0) -> #REF! | BE42: =ROUNDUP(U42/$BE$13,0) -> #REF! | BF42: =ROUNDUP(X42/$BF$13,0) -> #REF! | BG42: =ROUNDUP(AA42/$BG$13,0) -> #REF! | BH42: =ROUNDUP(AD42/$BH$13,0) -> #REF! | BI42: =BI40+1 -> 23
C43: 82111-47431 | D43: =VLOOKUP(C43,#REF!,2,0) -> #REF! | E43: =VLOOKUP(C43,#REF!,4,0) -> #REF! | F43: 313 | G43: 6 | H43: =VLOOKUP(C43,#REF!,3,0) -> #REF! | I43: =VLOOKUP(C43,#REF!,7,0) -> #REF! | J43: #REF! | K43: #REF! | L43: #REF! | M43: #REF! | N43: #REF! | O43: #REF! | P43: #REF! | Q43: #REF! | R43: #REF! | S43: #REF! | T43: #REF! | U43: #REF! | V43: #REF! | W43: #REF! | X43: #REF! | Y43: #REF! | Z43: #REF! | AA43: #REF! | AB43: #REF! | AC43: #REF! | AD43: #REF! | AE43: #REF! | AF43: =AF42+1 -> 30 | AG43: =J43*$F43 -> #REF! | AH43: =K43*$F43 -> #REF! | AI43: =L43*$F43 -> #REF! | AJ43: =M43*$F43 -> #REF! | AK43: =K43*$F43 -> #REF! | AL43: =O43*$F43 -> #REF! | AM43: =P43*$F43 -> #REF! | AN43: =N43*$F43 -> #REF! | AO43: =R43*$F43 -> #REF! | AP43: =S43*$F43 -> #REF! | AQ43: =Q43*$F43 -> #REF! | AR43: =U43*$F43 -> #REF! | AS43: =V43*$F43 -> #REF! | AT43: =T43*$F43 -> #REF! | AU43: =X43*$F43 -> #REF! | AV43: =Y43*$F43 -> #REF! | AW43: =W43*$F43 -> #REF! | AX43: =AA43*$F43 -> #REF! | AY43: =AB43*$F43 -> #REF! | AZ43: =Z43*$F43 -> #REF! | BA43: =AD43*$F43 -> #REF! | BB43: 82111-47430 | BC43: =ROUNDUP(O43/$BC$13,0) -> #REF! | BD43: =ROUNDUP(R43/$BD$13,0) -> #REF! | BE43: =ROUNDUP(U43/$BE$13,0) -> #REF! | BF43: =ROUNDUP(X43/$BF$13,0) -> #REF! | BG43: =ROUNDUP(AA43/$BG$13,0) -> #REF! | BH43: =ROUNDUP(AD43/$BH$13,0) -> #REF! | BI43: =BI41+1 -> 23
C44: 82111-47432 | D44: =VLOOKUP(C44,#REF!,2,0) -> #REF! | E44: =VLOOKUP(C44,#REF!,4,0) -> #REF! | F44: 313 | G44: 6 | H44: =VLOOKUP(C44,#REF!,3,0) -> #REF! | I44: =VLOOKUP(C44,#REF!,7,0) -> #REF! | J44: #REF! | K44: #REF! | L44: #REF! | M44: #REF! | N44: #REF! | O44: #REF! | P44: #REF! | Q44: #REF! | R44: #REF! | S44: #REF! | T44: #REF! | U44: #REF! | V44: #REF! | W44: #REF! | X44: #REF! | Y44: #REF! | Z44: #REF! | AA44: #REF! | AB44: #REF! | AC44: #REF! | AD44: #REF! | AE44: #REF! | AF44: =AF43+1 -> 31 | AG44: =J44*$F44 -> #REF! | AH44: =K44*$F44 -> #REF! | AI44: =L44*$F44 -> #REF! | AJ44: =M44*$F44 -> #REF! | AK44: =K44*$F44 -> #REF! | AL44: =O44*$F44 -> #REF! | AM44: =P44*$F44 -> #REF! | AN44: =N44*$F44 -> #REF! | AO44: =R44*$F44 -> #REF! | AP44: =S44*$F44 -> #REF! | AQ44: =Q44*$F44 -> #REF! | AR44: =U44*$F44 -> #REF! | AS44: =V44*$F44 -> #REF! | AT44: =T44*$F44 -> #REF! | AU44: =X44*$F44 -> #REF! | AV44: =Y44*$F44 -> #REF! | AW44: =W44*$F44 -> #REF! | AX44: =AA44*$F44 -> #REF! | AY44: =AB44*$F44 -> #REF! | AZ44: =Z44*$F44 -> #REF! | BA44: =AD44*$F44 -> #REF! | BB44: 82111-47430 | BC44: =ROUNDUP(O44/$BC$13,0) -> #REF! | BD44: =ROUNDUP(R44/$BD$13,0) -> #REF! | BE44: =ROUNDUP(U44/$BE$13,0) -> #REF! | BF44: =ROUNDUP(X44/$BF$13,0) -> #REF! | BG44: =ROUNDUP(AA44/$BG$13,0) -> #REF! | BH44: =ROUNDUP(AD44/$BH$13,0) -> #REF! | BI44: =BI42+1 -> 24
C45: 82111-47441 | D45: =VLOOKUP(C45,#REF!,2,0) -> #REF! | E45: =VLOOKUP(C45,#REF!,4,0) -> #REF! | F45: 337 | G45: 6 | H45: =VLOOKUP(C45,#REF!,3,0) -> #REF! | I45: =VLOOKUP(C45,#REF!,7,0) -> #REF! | J45: #REF! | K45: #REF! | L45: #REF! | M45: #REF! | N45: #REF! | O45: #REF! | P45: #REF! | Q45: #REF! | R45: #REF! | S45: #REF! | T45: #REF! | U45: #REF! | V45: #REF! | W45: #REF! | X45: #REF! | Y45: #REF! | Z45: #REF! | AA45: #REF! | AB45: #REF! | AC45: #REF! | AD45: #REF! | AE45: #REF! | AF45: =AF44+1 -> 32 | AG45: =J45*$F45 -> #REF! | AH45: =K45*$F45 -> #REF! | AI45: =L45*$F45 -> #REF! | AJ45: =M45*$F45 -> #REF! | AK45: =K45*$F45 -> #REF! | AL45: =O45*$F45 -> #REF! | AM45: =P45*$F45 -> #REF! | AN45: =N45*$F45 -> #REF! | AO45: =R45*$F45 -> #REF! | AP45: =S45*$F45 -> #REF! | AQ45: =Q45*$F45 -> #REF! | AR45: =U45*$F45 -> #REF! | AS45: =V45*$F45 -> #REF! | AT45: =T45*$F45 -> #REF! | AU45: =X45*$F45 -> #REF! | AV45: =Y45*$F45 -> #REF! | AW45: =W45*$F45 -> #REF! | AX45: =AA45*$F45 -> #REF! | AY45: =AB45*$F45 -> #REF! | AZ45: =Z45*$F45 -> #REF! | BA45: =AD45*$F45 -> #REF! | BB45: 82111-47440 | BC45: =ROUNDUP(O45/$BC$13,0) -> #REF! | BD45: =ROUNDUP(R45/$BD$13,0) -> #REF! | BE45: =ROUNDUP(U45/$BE$13,0) -> #REF! | BF45: =ROUNDUP(X45/$BF$13,0) -> #REF! | BG45: =ROUNDUP(AA45/$BG$13,0) -> #REF! | BH45: =ROUNDUP(AD45/$BH$13,0) -> #REF! | BI45: =BI43+1 -> 24
C46: 82111-47442 | D46: =VLOOKUP(C46,#REF!,2,0) -> #REF! | E46: =VLOOKUP(C46,#REF!,4,0) -> #REF! | F46: 337 | G46: 6 | H46: =VLOOKUP(C46,#REF!,3,0) -> #REF! | I46: =VLOOKUP(C46,#REF!,7,0) -> #REF! | J46: #REF! | K46: #REF! | L46: #REF! | M46: #REF! | N46: #REF! | O46: #REF! | P46: #REF! | Q46: #REF! | R46: #REF! | S46: #REF! | T46: #REF! | U46: #REF! | V46: #REF! | W46: #REF! | X46: #REF! | Y46: #REF! | Z46: #REF! | AA46: #REF! | AB46: #REF! | AC46: #REF! | AD46: #REF! | AE46: #REF! | AF46: =AF45+1 -> 33 | AG46: =J46*$F46 -> #REF! | AH46: =K46*$F46 -> #REF! | AI46: =L46*$F46 -> #REF! | AJ46: =M46*$F46 -> #REF! | AK46: =K46*$F46 -> #REF! | AL46: =O46*$F46 -> #REF! | AM46: =P46*$F46 -> #REF! | AN46: =N46*$F46 -> #REF! | AO46: =R46*$F46 -> #REF! | AP46: =S46*$F46 -> #REF! | AQ46: =Q46*$F46 -> #REF! | AR46: =U46*$F46 -> #REF! | AS46: =V46*$F46 -> #REF! | AT46: =T46*$F46 -> #REF! | AU46: =X46*$F46 -> #REF! | AV46: =Y46*$F46 -> #REF! | AW46: =W46*$F46 -> #REF! | AX46: =AA46*$F46 -> #REF! | AY46: =AB46*$F46 -> #REF! | AZ46: =Z46*$F46 -> #REF! | BA46: =AD46*$F46 -> #REF! | BB46: 82111-47440 | BC46: =ROUNDUP(O46/$BC$13,0) -> #REF! | BD46: =ROUNDUP(R46/$BD$13,0) -> #REF! | BE46: =ROUNDUP(U46/$BE$13,0) -> #REF! | BF46: =ROUNDUP(X46/$BF$13,0) -> #REF! | BG46: =ROUNDUP(AA46/$BG$13,0) -> #REF! | BH46: =ROUNDUP(AD46/$BH$13,0) -> #REF! | BI46: =BI44+1 -> 25
B47: A/B 433W | C47: AB111-47330-1 D | D47: 0001 | E47: 8251 | F47: 2 | J47: =+J14+J15+J16+J17+J18+J19 -> #REF! | K47: =+K14+K15+K16+K17+K18+K19 -> #REF! | L47: =+L14+L15+L16+L17+L18+L19 -> #REF! | M47: =+M14+M15+M16+M17+M18+M19 -> #REF! | N47: =+N14+N15+N16+N17+N18+N19 -> #REF! | O47: =+O14+O15+O16+O17+O18+O19 -> #REF! | P47: =+P14+P15+P16+P17+P18+P19 -> #REF! | Q47: =+Q14+Q15+Q16+Q17+Q18+Q19 -> #REF! | ... AE47: =+AE14+AE15+AE16+AE17+AE18+AE19 -> #REF! | AF47: =AF46+1 -> 34 | BB47: AB111-47330-1 | BC47: =ROUNDUP(O47/$BC$13,0) -> #REF! | BD47: =ROUNDUP(R47/$BD$13,0) -> #REF! | BE47: =ROUNDUP(U47/$BE$13,0) -> #REF! | BF47: =ROUNDUP(X47/$BF$13,0) -> #REF! | BG47: =ROUNDUP(AA47/$BG$13,0) -> #REF! | BH47: =ROUNDUP(AD47/$BH$13,0) -> #REF!
C48: AB111-47330-2 D | D48: 0001 | E48: 8252 | F48: 2 | J48: =+J47 -> #REF! | K48: =+K47 -> #REF! | L48: =+L47 -> #REF! | M48: =+M47 -> #REF! | N48: =+N47 -> #REF! | O48: =+O47 -> #REF! | P48: =+P47 -> #REF! | Q48: =+Q47 -> #REF! | ... AE48: =+AE47 -> #REF! | AF48: =AF47+1 -> 35 | BB48: AB111-47330-2 | BC48: =ROUNDUP(O48/$BC$13,0) -> #REF! | BD48: =ROUNDUP(R48/$BD$13,0) -> #REF! | BE48: =ROUNDUP(U48/$BE$13,0) -> #REF! | BF48: =ROUNDUP(X48/$BF$13,0) -> #REF! | BG48: =ROUNDUP(AA48/$BG$13,0) -> #REF! | BH48: =ROUNDUP(AD48/$BH$13,0) -> #REF!
C49: AB111-47360-1 G | D49: 1011 | E49: 9392 | F49: 2 | J49: =SUM(J27:J34) -> #REF! | K49: =SUM(K27:K34) -> #REF! | L49: =SUM(L27:L34) -> #REF! | M49: =SUM(M27:M34) -> #REF! | N49: =SUM(N27:N34) -> #REF! | O49: =SUM(O27:O34) -> #REF! | P49: =SUM(P27:P34) -> #REF! | Q49: =SUM(Q27:Q34) -> #REF! | ... AE49: =SUM(AE27:AE34) -> #REF! | AF49: =AF48+1 -> 36 | BB49: AB111-47360-1 | BC49: =ROUNDUP(O49/$BC$13,0) -> #REF! | BD49: =ROUNDUP(R49/$BD$13,0) -> #REF! | BE49: =ROUNDUP(U49/$BE$13,0) -> #REF! | BF49: =ROUNDUP(X49/$BF$13,0) -> #REF! | BG49: =ROUNDUP(AA49/$BG$13,0) -> #REF! | BH49: =ROUNDUP(AD49/$BH$13,0) -> #REF!
C50: AB111-47360-2 G | D50: 1011 | E50: 9393 | F50: 2 | J50: =+J49 -> #REF! | K50: =+K49 -> #REF! | L50: =+L49 -> #REF! | M50: =+M49 -> #REF! | N50: =+N49 -> #REF! | O50: =+O49 -> #REF! | P50: =+P49 -> #REF! | Q50: =+Q49 -> #REF! | ... AE50: =+AE49 -> #REF! | AF50: =AF49+1 -> 37 | BB50: AB111-47360-2 | BC50: =ROUNDUP(O50/$BC$13,0) -> #REF! | BD50: =ROUNDUP(R50/$BD$13,0) -> #REF! | BE50: =ROUNDUP(U50/$BE$13,0) -> #REF! | BF50: =ROUNDUP(X50/$BF$13,0) -> #REF! | BG50: =ROUNDUP(AA50/$BG$13,0) -> #REF! | BH50: =ROUNDUP(AD50/$BH$13,0) -> #REF!
B51: A/B 377A | C51: AB111-47330-1 D | D51: 0022 | E51: 8251 | F51: 2 | J51: =J20+J22+J24+J21+J23+J26 -> #REF! | K51: =K20+K22+K24+K21+K23+K26 -> #REF! | L51: =L20+L22+L24+L21+L23+L26 -> #REF! | M51: =M20+M22+M24+M21+M23+M26 -> #REF! | N51: =N20+N22+N24+N21+N23+N26 -> #REF! | O51: =O20+O22+O24+O21+O23+O26 -> #REF! | P51: =P20+P22+P24+P21+P23+P26 -> #REF! | Q51: =Q20+Q22+Q24+Q21+Q23+Q26 -> #REF! | ... AE51: =AE20+AE22+AE24+AE21+AE23+AE26 -> #REF! | AF51: =AF50+1 -> 38 | BB51: AB111-47330-1 | BC51: =ROUNDUP(O51/$BC$13,0) -> #REF! | BD51: =ROUNDUP(R51/$BD$13,0) -> #REF! | BE51: =ROUNDUP(U51/$BE$13,0) -> #REF! | BF51: =ROUNDUP(X51/$BF$13,0) -> #REF! | BG51: =ROUNDUP(AA51/$BG$13,0) -> #REF! | BH51: =ROUNDUP(AD51/$BH$13,0) -> #REF!
C52: AB111-47330-2 D | D52: 0011 | E52: 8252 | F52: 2 | J52: =+J51 -> #REF! | K52: =+K51 -> #REF! | L52: =+L51 -> #REF! | M52: =+M51 -> #REF! | N52: =+N51 -> #REF! | O52: =+O51 -> #REF! | P52: =+P51 -> #REF! | Q52: =+Q51 -> #REF! | ... AE52: =+AE51 -> #REF! | AF52: =AF51+1 -> 39 | BB52: AB111-47330-2 | BC52: =ROUNDUP(O52/$BC$13,0) -> #REF! | BD52: =ROUNDUP(R52/$BD$13,0) -> #REF! | BE52: =ROUNDUP(U52/$BE$13,0) -> #REF! | BF52: =ROUNDUP(X52/$BF$13,0) -> #REF! | BG52: =ROUNDUP(AA52/$BG$13,0) -> #REF! | BH52: =ROUNDUP(AD52/$BH$13,0) -> #REF!
C53: AB111-47360-1 G | D53: 1022 | E53: 9392 | F53: 2 | J53: =SUM(J35:J46) -> #REF! | K53: =SUM(K35:K46) -> #REF! | L53: =SUM(L35:L46) -> #REF! | M53: =SUM(M35:M46) -> #REF! | N53: =SUM(N35:N46) -> #REF! | O53: =SUM(O35:O46) -> #REF! | P53: =SUM(P35:P46) -> #REF! | Q53: =SUM(Q35:Q46) -> #REF! | ... AE53: =SUM(AE35:AE46) -> #REF! | AF53: =AF52+1 -> 40 | BB53: AB111-47360-1 | BC53: =ROUNDUP(O53/$BC$13,0) -> #REF! | BD53: =ROUNDUP(R53/$BD$13,0) -> #REF! | BE53: =ROUNDUP(U53/$BE$13,0) -> #REF! | BF53: =ROUNDUP(X53/$BF$13,0) -> #REF! | BG53: =ROUNDUP(AA53/$BG$13,0) -> #REF! | BH53: =ROUNDUP(AD53/$BH$13,0) -> #REF!
C54: AB111-47360-2 G | D54: 1022 | E54: 9393 | F54: 2 | J54: =+J53 -> #REF! | K54: =+K53 -> #REF! | L54: =+L53 -> #REF! | M54: =+M53 -> #REF! | N54: =+N53 -> #REF! | O54: =+O53 -> #REF! | P54: =+P53 -> #REF! | Q54: =+Q53 -> #REF! | ... AE54: =+AE53 -> #REF! | AF54: =AF53+1 -> 41 | BB54: AB111-47360-2 | BC54: =ROUNDUP(O54/$BC$13,0) -> #REF! | BD54: =ROUNDUP(R54/$BD$13,0) -> #REF! | BE54: =ROUNDUP(U54/$BE$13,0) -> #REF! | BF54: =ROUNDUP(X54/$BF$13,0) -> #REF! | BG54: =ROUNDUP(AA54/$BG$13,0) -> #REF! | BH54: =ROUNDUP(AD54/$BH$13,0) -> #REF!
B55: TOTAL ALL WITHOUT A/B | J55: =SUM(J21:J46) -> #REF! | K55: =SUM(K21:K46) -> #REF! | L55: =SUM(L21:L46) -> #REF! | M55: =SUM(M21:M46) -> #REF! | N55: =SUM(N21:N46) -> #REF! | O55: =SUM(O21:O46) -> #REF! | P55: =SUM(P21:P46) -> #REF! | Q55: =SUM(Q21:Q46) -> #REF! | ... AD55: =SUM(AD21:AD46) -> #REF! | AE55: =SUM(AE14:AE34) -> #REF! | AG55: =SUM(AG25:AG28) -> #REF! | AH55: =SUM(AH25:AH28) -> #REF! | AI55: =SUM(AI25:AI28) -> #REF! | AJ55: =SUM(AJ25:AJ28) -> #REF! | AK55: =SUM(AK25:AK28) -> #REF! | AL55: =SUM(AL25:AL28) -> #REF! | AM55: =SUM(AM25:AM28) -> #REF! | AN55: =SUM(AN25:AN28) -> #REF! | ... BA55: =SUM(BA25:BA28) -> #REF! | BB55: TOTAL WITHOUT A/B | BC55: =ROUNDUP(O55/$BC$13,0) -> #REF! | BD55: =ROUNDUP(R55/$BD$13,0) -> #REF! | BE55: =ROUNDUP(U55/$BE$13,0) -> #REF! | BF55: =ROUNDUP(X55/$BF$13,0) -> #REF! | BG55: =ROUNDUP(AA55/$BG$13,0) -> #REF! | BH55: =ROUNDUP(AD55/$BH$13,0) -> #REF!
B56: Month | J56: =J11 -> FEB | M56: =M11 -> MAR | P56: =P11 -> APR | S56: =S11 -> MAY | V56: =V11 -> JUN | Y56: =Y11 -> JUL | AB56: =AB11 -> FEB | BC56: =SUM(BC14:BC54) -> #REF! | BD56: =SUM(BD14:BD54) -> #REF! | BE56: =SUM(BE14:BE54) -> #REF! | BF56: =SUM(BF14:BF54) -> #REF! | BG56: =SUM(BG14:BG54) -> #REF! | BH56: =SUM(BH14:BH54) -> #REF!
B57: Working Days Normal | J57: =VLOOKUP(J56,#REF!,2,0) -> #REF! | M57: =VLOOKUP(M56,#REF!,2,0) -> #REF! | P57: =VLOOKUP(P56,#REF!,2,0) -> #REF! | S57: =VLOOKUP(S56,#REF!,2,0) -> #REF! | V57: =VLOOKUP(V56,#REF!,2,0) -> #REF! | Y57: =VLOOKUP(Y56,#REF!,2,0) -> #REF! | AB57: =VLOOKUP(AB56,#REF!,2,0) -> #REF!
B58: Overtime | J58: =VLOOKUP(J56,#REF!,3,0) -> #REF! | M58: =VLOOKUP(M56,#REF!,3,0) -> #REF! | P58: =VLOOKUP(P56,#REF!,3,0) -> #REF! | S58: =VLOOKUP(S56,#REF!,3,0) -> #REF! | V58: =VLOOKUP(V56,#REF!,3,0) -> #REF! | Y58: =VLOOKUP(Y56,#REF!,3,0) -> #REF! | AB58: =VLOOKUP(AB56,#REF!,3,0) -> #REF!
B60: Note : | N60: =(N55-#REF!)/N55 -> #REF! | Q60: =(Q55-#REF!)/Q55 -> #REF! | T60: =(T55-#REF!)/T55 -> #REF! | W60: =(W55-#REF!)/W55 -> #REF! | Z60: =(Z55-#REF!)/Z55 -> #REF! | AC60: =(AC55-#REF!)/AC55 -> #REF!
B64: SIX MONTH PRODUCTION PLAN ( UMH )
M65: =L2 -> TOYOTA PRIUS (433W )
B66: =B3 -> S/R NO : 14-DEC-'10(PRD_52023_32G7_201101_3) | M66: =M3 -> Periode : DEC PROD 2010 (ACTUAL)
B67: =B4 -> FAX NO : EMAIL
B68: =B5 -> DATE :14-DEC-10
Z70: NSO
B73: Print Date : | C73: =NOW() -> 46195.105
B74: TYPE | C74: HARNESS No. | D74: LEVEL | E74: ASSY CODE | F74: CCT. | G74: Std Pack | H74: UMH | J74: =J11 -> FEB | M74: =M11 -> MAR | P74: =P11 -> APR | S74: =S11 -> MAY | V74: =V11 -> JUN | Y74: =Y11 -> JUL | AB74: =AB11 -> FEB | AE74: BAL | AG74: =J74 -> FEB | AJ74: =M74 -> MAR | AM74: =P74 -> APR | AP74: =S74 -> MAY | AS74: =V74 -> JUN | AV74: =Y74 -> JUL | AY74: =AB74 -> FEB
H75: Jan~Jun | I75: Jul~Dec | J75: =J12 -> #REF! | M75: =M12 -> #REF! | P75: =P12 -> #REF! | S75: =S12 -> #REF! | V75: =V12 -> #REF! | Y75: =Y12 -> #REF! | AB75: =AB12 -> #REF! | AG75: =J75 -> #REF! | AJ75: =M75 -> #REF! | AM75: =P75 -> #REF! | AP75: =S75 -> #REF! | AS75: =V75 -> #REF! | AV75: =Y75 -> #REF! | AY75: =AB75 -> #REF! | BC75: =M74 -> MAR | BD75: =P74 -> APR | BE75: =S74 -> MAY | BF75: =V74 -> JUN | BG75: =Y74 -> JUL | BH75: =AB74 -> FEB
H76: 2009 | I76: 2009 | J76: BAL | K76: DEL | L76: PROD | M76: BAL | N76: DEL | O76: PROD | P76: BAL | Q76: DEL | R76: PROD | S76: BAL | T76: DEL | U76: PROD | V76: BAL | W76: DEL | X76: PROD | Y76: BAL | Z76: DEL | AA76: PROD | AB76: BAL | AC76: DEL | AD76: PROD | AG76: =J76 -> BAL | AH76: =K76 -> DEL | AI76: =L76 -> PROD | AJ76: =M76 -> BAL | AK76: =N76 -> DEL | AL76: =O76 -> PROD | AM76: =P76 -> BAL | AN76: =Q76 -> DEL | ... BA76: =AD76 -> PROD | BC76: #REF! | BD76: #REF! | BE76: #REF! | BF76: #REF! | BG76: 4 | BH76: #REF!
A77: RHD | B77: DOM | C77: =C14 -> 82111-47330 H | D77: =D14 -> #REF! | E77: =+E14 -> #REF! | F77: =+F14 -> 304 | G77: =+G14 -> 6 | H77: =+H14 -> #REF! | I77: =I14 -> #REF! | J77: =$H14*J14 -> #REF! | K77: =$H14*K14 -> #REF! | L77: =$H14*L14 -> #REF! | M77: =$I14*M14 -> #REF! | N77: =$I14*N14 -> #REF! | O77: =$I14*O14 -> #REF! | P77: =$I14*P14 -> #REF! | Q77: =$I14*Q14 -> #REF! | R77: =$I14*R14 -> #REF! | S77: =$I14*S14 -> #REF! | T77: =$I14*T14 -> #REF! | ... AD77: =$I14*AD14 -> #REF! | AE77: =$H14*AE14 -> #REF! | AG77: =J77*$F77 -> #REF! | AH77: =K77*$F77 -> #REF! | AI77: =L77*$F77 -> #REF! | AJ77: =M77*$F77 -> #REF! | AK77: =K77*$F77 -> #REF! | AL77: =O77*$F77 -> #REF! | AM77: =P77*$F77 -> #REF! | AN77: =N77*$F77 -> #REF! | AO77: =R77*$F77 -> #REF! | AP77: =S77*$F77 -> #REF! | AQ77: =Q77*$F77 -> #REF! | AR77: =U77*$F77 -> #REF! | AS77: =V77*$F77 -> #REF! | AT77: =T77*$F77 -> #REF! | AU77: =X77*$F77 -> #REF! | AV77: =Y77*$F77 -> #REF! | AW77: =W77*$F77 -> #REF! | AX77: =AA77*$F77 -> #REF! | AY77: =AB77*$F77 -> #REF! | AZ77: =Z77*$F77 -> #REF! | BA77: =AD77*$F77 -> #REF! | BC77: =ROUNDUP(O77/$BC$13,0) -> #REF! | BD77: =ROUNDUP(R77/$BD$13,0) -> #REF! | BE77: =ROUNDUP(U77/$BE$13,0) -> #REF! | BF77: =ROUNDUP(X77/$BF$13,0) -> #REF! | BG77: =ROUNDUP(AA77/$BG$13,0) -> #REF! | BH77: =ROUNDUP(AD77/$BH$13,0) -> #REF!
C78: =C15 -> 82111-47340 H | D78: =D15 -> #REF! | E78: =+E15 -> #REF! | F78: =+F15 -> 323 | G78: =+G15 -> 6 | H78: =+H15 -> #REF! | I78: =I15 -> #REF! | J78: =$H15*J15 -> #REF! | K78: =$H15*K15 -> #REF! | L78: =$H15*L15 -> #REF! | M78: =$I15*M15 -> #REF! | N78: =$I15*N15 -> #REF! | O78: =$I15*O15 -> #REF! | P78: =$I15*P15 -> #REF! | Q78: =$I15*Q15 -> #REF! | R78: =$I15*R15 -> #REF! | S78: =$I15*S15 -> #REF! | T78: =$I15*T15 -> #REF! | ... AD78: =$I15*AD15 -> #REF! | AE78: =$H15*AE15 -> #REF! | AG78: =J78*$F78 -> #REF! | AH78: =K78*$F78 -> #REF! | AI78: =L78*$F78 -> #REF! | AJ78: =M78*$F78 -> #REF! | AK78: =K78*$F78 -> #REF! | AL78: =O78*$F78 -> #REF! | AM78: =P78*$F78 -> #REF! | AN78: =N78*$F78 -> #REF! | AO78: =R78*$F78 -> #REF! | AP78: =S78*$F78 -> #REF! | AQ78: =Q78*$F78 -> #REF! | AR78: =U78*$F78 -> #REF! | AS78: =V78*$F78 -> #REF! | AT78: =T78*$F78 -> #REF! | AU78: =X78*$F78 -> #REF! | AV78: =Y78*$F78 -> #REF! | AW78: =W78*$F78 -> #REF! | AX78: =AA78*$F78 -> #REF! | AY78: =AB78*$F78 -> #REF! | AZ78: =Z78*$F78 -> #REF! | BA78: =AD78*$F78 -> #REF! | BC78: =ROUNDUP(O78/$BC$13,0) -> #REF! | BD78: =ROUNDUP(R78/$BD$13,0) -> #REF! | BE78: =ROUNDUP(U78/$BE$13,0) -> #REF! | BF78: =ROUNDUP(X78/$BF$13,0) -> #REF! | BG78: =ROUNDUP(AA78/$BG$13,0) -> #REF! | BH78: =ROUNDUP(AD78/$BH$13,0) -> #REF!
C79: =C16 -> 82111-47350 A | D79: =D16 -> #REF! | E79: =+E16 -> #REF! | F79: =+F16 | G79: =+G16 -> 6 | H79: =+H16 -> #REF! | I79: =I16 -> #REF! | J79: =$H16*J16 -> #REF! | K79: =$H16*K16 -> #REF! | L79: =$H16*L16 -> #REF! | M79: =$I16*M16 -> #REF! | N79: =$I16*N16 -> #REF! | O79: =$I16*O16 -> #REF! | P79: =$I16*P16 -> #REF! | Q79: =$I16*Q16 -> #REF! | R79: =$I16*R16 -> #REF! | S79: =$I16*S16 -> #REF! | T79: =$I16*T16 -> #REF! | ... AD79: =$I16*AD16 -> #REF! | AE79: =$H16*AE16 -> #REF! | AG79: =J79*$F79 -> #REF! | AH79: =K79*$F79 -> #REF! | AI79: =L79*$F79 -> #REF! | AJ79: =M79*$F79 -> #REF! | AK79: =K79*$F79 -> #REF! | AL79: =O79*$F79 -> #REF! | AM79: =P79*$F79 -> #REF! | AN79: =N79*$F79 -> #REF! | AO79: =R79*$F79 -> #REF! | AP79: =S79*$F79 -> #REF! | AQ79: =Q79*$F79 -> #REF! | AR79: =U79*$F79 -> #REF! | AS79: =V79*$F79 -> #REF! | AT79: =T79*$F79 -> #REF! | AU79: =X79*$F79 -> #REF! | AV79: =Y79*$F79 -> #REF! | AW79: =W79*$F79 -> #REF! | AX79: =AA79*$F79 -> #REF! | AY79: =AB79*$F79 -> #REF! | AZ79: =Z79*$F79 -> #REF! | BA79: =AD79*$F79 -> #REF! | BC79: =ROUNDUP(O79/$BC$13,0) -> #REF! | BD79: =ROUNDUP(R79/$BD$13,0) -> #REF! | BE79: =ROUNDUP(U79/$BE$13,0) -> #REF! | BF79: =ROUNDUP(X79/$BF$13,0) -> #REF! | BG79: =ROUNDUP(AA79/$BG$13,0) -> #REF! | BH79: =ROUNDUP(AD79/$BH$13,0) -> #REF!
B80: EC | C80: =C17 -> 82111-47450 H | D80: =D17 -> #REF! | E80: =+E17 -> #REF! | F80: =+F17 -> 332 | G80: =+G17 -> 6 | H80: =+H17 -> #REF! | I80: =I17 -> #REF! | J80: =$H17*J17 -> #REF! | K80: =$H17*K17 -> #REF! | L80: =$H17*L17 -> #REF! | M80: =$I17*M17 -> #REF! | N80: =$I17*N17 -> #REF! | O80: =$I17*O17 -> #REF! | P80: =$I17*P17 -> #REF! | Q80: =$I17*Q17 -> #REF! | R80: =$I17*R17 -> #REF! | S80: =$I17*S17 -> #REF! | T80: =$I17*T17 -> #REF! | ... AD80: =$I17*AD17 -> #REF! | AE80: =$H17*AE17 -> #REF! | AG80: =J80*$F80 -> #REF! | AH80: =K80*$F80 -> #REF! | AI80: =L80*$F80 -> #REF! | AJ80: =M80*$F80 -> #REF! | AK80: =K80*$F80 -> #REF! | AL80: =O80*$F80 -> #REF! | AM80: =P80*$F80 -> #REF! | AN80: =N80*$F80 -> #REF! | AO80: =R80*$F80 -> #REF! | AP80: =S80*$F80 -> #REF! | AQ80: =Q80*$F80 -> #REF! | AR80: =U80*$F80 -> #REF! | AS80: =V80*$F80 -> #REF! | AT80: =T80*$F80 -> #REF! | AU80: =X80*$F80 -> #REF! | AV80: =Y80*$F80 -> #REF! | AW80: =W80*$F80 -> #REF! | AX80: =AA80*$F80 -> #REF! | AY80: =AB80*$F80 -> #REF! | AZ80: =Z80*$F80 -> #REF! | BA80: =AD80*$F80 -> #REF! | BC80: =ROUNDUP(O80/$BC$13,0) -> #REF! | BD80: =ROUNDUP(R80/$BD$13,0) -> #REF! | BE80: =ROUNDUP(U80/$BE$13,0) -> #REF! | BF80: =ROUNDUP(X80/$BF$13,0) -> #REF! | BG80: =ROUNDUP(AA80/$BG$13,0) -> #REF! | BH80: =ROUNDUP(AD80/$BH$13,0) -> #REF!
C81: =C18 -> 82111-47460 H | D81: =D18 -> #REF! | E81: =+E18 -> #REF! | F81: =+F18 -> 351 | G81: =+G18 -> 6 | H81: =+H18 -> #REF! | I81: =I18 -> #REF! | J81: =$H18*J18 -> #REF! | K81: =$H18*K18 -> #REF! | L81: =$H18*L18 -> #REF! | M81: =$I18*M18 -> #REF! | N81: =$I18*N18 -> #REF! | O81: =$I18*O18 -> #REF! | P81: =$I18*P18 -> #REF! | Q81: =$I18*Q18 -> #REF! | R81: =$I18*R18 -> #REF! | S81: =$I18*S18 -> #REF! | T81: =$I18*T18 -> #REF! | ... AD81: =$I18*AD18 -> #REF! | AE81: =$H18*AE18 -> #REF! | AG81: =J81*$F81 -> #REF! | AH81: =K81*$F81 -> #REF! | AI81: =L81*$F81 -> #REF! | AJ81: =M81*$F81 -> #REF! | AK81: =K81*$F81 -> #REF! | AL81: =O81*$F81 -> #REF! | AM81: =P81*$F81 -> #REF! | AN81: =N81*$F81 -> #REF! | AO81: =R81*$F81 -> #REF! | AP81: =S81*$F81 -> #REF! | AQ81: =Q81*$F81 -> #REF! | AR81: =U81*$F81 -> #REF! | AS81: =V81*$F81 -> #REF! | AT81: =T81*$F81 -> #REF! | AU81: =X81*$F81 -> #REF! | AV81: =Y81*$F81 -> #REF! | AW81: =W81*$F81 -> #REF! | AX81: =AA81*$F81 -> #REF! | AY81: =AB81*$F81 -> #REF! | AZ81: =Z81*$F81 -> #REF! | BA81: =AD81*$F81 -> #REF! | BC81: =ROUNDUP(O81/$BC$13,0) -> #REF! | BD81: =ROUNDUP(R81/$BD$13,0) -> #REF! | BE81: =ROUNDUP(U81/$BE$13,0) -> #REF! | BF81: =ROUNDUP(X81/$BF$13,0) -> #REF! | BG81: =ROUNDUP(AA81/$BG$13,0) -> #REF! | BH81: =ROUNDUP(AD81/$BH$13,0) -> #REF!
C82: =C19 -> 82111-47480 B | D82: =D19 -> #REF! | E82: =+E19 -> #REF! | F82: =+F19 -> 301 | G82: =+G19 -> 6 | H82: =+H19 -> #REF! | I82: =I19 -> #REF! | J82: =$H19*J19 -> #REF! | K82: =$H19*K19 -> #REF! | L82: =$H19*L19 -> #REF! | M82: =$I19*M19 -> #REF! | N82: =$I19*N19 -> #REF! | O82: =$I19*O19 -> #REF! | P82: =$I19*P19 -> #REF! | Q82: =$I19*Q19 -> #REF! | R82: =$I19*R19 -> #REF! | S82: =$I19*S19 -> #REF! | T82: =$I19*T19 -> #REF! | ... AD82: =$I19*AD19 -> #REF! | AE82: =$H19*AE19 -> #REF! | AG82: =J82*$F82 -> #REF! | AH82: =K82*$F82 -> #REF! | AI82: =L82*$F82 -> #REF! | AJ82: =M82*$F82 -> #REF! | AK82: =K82*$F82 -> #REF! | AL82: =O82*$F82 -> #REF! | AM82: =P82*$F82 -> #REF! | AN82: =N82*$F82 -> #REF! | AO82: =R82*$F82 -> #REF! | AP82: =S82*$F82 -> #REF! | AQ82: =Q82*$F82 -> #REF! | AR82: =U82*$F82 -> #REF! | AS82: =V82*$F82 -> #REF! | AT82: =T82*$F82 -> #REF! | AU82: =X82*$F82 -> #REF! | AV82: =Y82*$F82 -> #REF! | AW82: =W82*$F82 -> #REF! | AX82: =AA82*$F82 -> #REF! | AY82: =AB82*$F82 -> #REF! | AZ82: =Z82*$F82 -> #REF! | BA82: =AD82*$F82 -> #REF! | BC82: =ROUNDUP(O82/$BC$13,0) -> #REF! | BD82: =ROUNDUP(R82/$BD$13,0) -> #REF! | BE82: =ROUNDUP(U82/$BE$13,0) -> #REF! | BF82: =ROUNDUP(X82/$BF$13,0) -> #REF! | BG82: =ROUNDUP(AA82/$BG$13,0) -> #REF! | BH82: =ROUNDUP(AD82/$BH$13,0) -> #REF!
B83: EC | C83: =C20 -> 82111-47461 | D83: =D20 -> #REF! | E83: =+E20 -> #REF! | F83: =+F20 -> 332 | G83: =+G20 -> 6 | H83: =+H20 -> #REF! | I83: =I20 -> #REF! | J83: =$H20*J20 -> #REF! | K83: =$H20*K20 -> #REF! | L83: =$H20*L20 -> #REF! | M83: =$I20*M20 -> #REF! | N83: =$I20*N20 -> #REF! | O83: =$I20*O20 -> #REF! | P83: =$I20*P20 -> #REF! | Q83: =$I20*Q20 -> #REF! | R83: =$I20*R20 -> #REF! | S83: =$I20*S20 -> #REF! | T83: =$I20*T20 -> #REF! | ... AD83: =$I20*AD20 -> #REF! | AE83: =$H20*AE20 -> #REF! | AG83: =J83*$F83 -> #REF! | AH83: =K83*$F83 -> #REF! | AI83: =L83*$F83 -> #REF! | AJ83: =M83*$F83 -> #REF! | AK83: =K83*$F83 -> #REF! | AL83: =O83*$F83 -> #REF! | AM83: =P83*$F83 -> #REF! | AN83: =N83*$F83 -> #REF! | AO83: =R83*$F83 -> #REF! | AP83: =S83*$F83 -> #REF! | AQ83: =Q83*$F83 -> #REF! | AR83: =U83*$F83 -> #REF! | AS83: =V83*$F83 -> #REF! | AT83: =T83*$F83 -> #REF! | AU83: =X83*$F83 -> #REF! | AV83: =Y83*$F83 -> #REF! | AW83: =W83*$F83 -> #REF! | AX83: =AA83*$F83 -> #REF! | AY83: =AB83*$F83 -> #REF! | AZ83: =Z83*$F83 -> #REF! | BA83: =AD83*$F83 -> #REF! | BC83: =ROUNDUP(O83/$BC$13,0) -> #REF! | BD83: =ROUNDUP(R83/$BD$13,0) -> #REF! | BE83: =ROUNDUP(U83/$BE$13,0) -> #REF! | BF83: =ROUNDUP(X83/$BF$13,0) -> #REF! | BG83: =ROUNDUP(AA83/$BG$13,0) -> #REF! | BH83: =ROUNDUP(AD83/$BH$13,0) -> #REF!
C84: =C21 -> 82111-47462 | D84: =D21 -> #REF! | E84: =+E21 -> #REF! | F84: =+F21 -> 332 | G84: =+G21 -> 6 | H84: =+H21 -> #REF! | I84: =I21 -> #REF! | J84: =$H21*J21 -> #REF! | K84: =$H21*K21 -> #REF! | L84: =$H21*L21 -> #REF! | M84: =$I21*M21 -> #REF! | N84: =$I21*N21 -> #REF! | O84: =$I21*O21 -> #REF! | P84: =$I21*P21 -> #REF! | Q84: =$I21*Q21 -> #REF! | R84: =$I21*R21 -> #REF! | S84: =$I21*S21 -> #REF! | T84: =$I21*T21 -> #REF! | ... AD84: =$I21*AD21 -> #REF! | AE84: =$H21*AE21 -> #REF! | AG84: =J84*$F84 -> #REF! | AH84: =K84*$F84 -> #REF! | AI84: =L84*$F84 -> #REF! | AJ84: =M84*$F84 -> #REF! | AK84: =K84*$F84 -> #REF! | AL84: =O84*$F84 -> #REF! | AM84: =P84*$F84 -> #REF! | AN84: =N84*$F84 -> #REF! | AO84: =R84*$F84 -> #REF! | AP84: =S84*$F84 -> #REF! | AQ84: =Q84*$F84 -> #REF! | AR84: =U84*$F84 -> #REF! | AS84: =V84*$F84 -> #REF! | AT84: =T84*$F84 -> #REF! | AU84: =X84*$F84 -> #REF! | AV84: =Y84*$F84 -> #REF! | AW84: =W84*$F84 -> #REF! | AX84: =AA84*$F84 -> #REF! | AY84: =AB84*$F84 -> #REF! | AZ84: =Z84*$F84 -> #REF! | BA84: =AD84*$F84 -> #REF! | BC84: =ROUNDUP(O84/$BC$13,0) -> #REF! | BD84: =ROUNDUP(R84/$BD$13,0) -> #REF! | BE84: =ROUNDUP(U84/$BE$13,0) -> #REF! | BF84: =ROUNDUP(X84/$BF$13,0) -> #REF! | BG84: =ROUNDUP(AA84/$BG$13,0) -> #REF! | BH84: =ROUNDUP(AD84/$BH$13,0) -> #REF!
C85: =C22 -> 82111-47341 | D85: =D22 -> #REF! | E85: =+E22 -> #REF! | F85: =+F22 -> 351 | G85: =+G22 -> 6 | H85: =+H22 -> #REF! | I85: =I22 -> #REF! | J85: =$H22*J22 -> #REF! | K85: =$H22*K22 -> #REF! | L85: =$H22*L22 -> #REF! | M85: =$I22*M22 -> #REF! | N85: =$I22*N22 -> #REF! | O85: =$I22*O22 -> #REF! | P85: =$I22*P22 -> #REF! | Q85: =$I22*Q22 -> #REF! | R85: =$I22*R22 -> #REF! | S85: =$I22*S22 -> #REF! | T85: =$I22*T22 -> #REF! | ... AD85: =$I22*AD22 -> #REF! | AE85: =$H22*AE22 -> #REF! | AG85: =J85*$F85 -> #REF! | AH85: =K85*$F85 -> #REF! | AI85: =L85*$F85 -> #REF! | AJ85: =M85*$F85 -> #REF! | AK85: =K85*$F85 -> #REF! | AL85: =O85*$F85 -> #REF! | AM85: =P85*$F85 -> #REF! | AN85: =N85*$F85 -> #REF! | AO85: =R85*$F85 -> #REF! | AP85: =S85*$F85 -> #REF! | AQ85: =Q85*$F85 -> #REF! | AR85: =U85*$F85 -> #REF! | AS85: =V85*$F85 -> #REF! | AT85: =T85*$F85 -> #REF! | AU85: =X85*$F85 -> #REF! | AV85: =Y85*$F85 -> #REF! | AW85: =W85*$F85 -> #REF! | AX85: =AA85*$F85 -> #REF! | AY85: =AB85*$F85 -> #REF! | AZ85: =Z85*$F85 -> #REF! | BA85: =AD85*$F85 -> #REF! | BC85: =ROUNDUP(O85/$BC$13,0) -> #REF! | BD85: =ROUNDUP(R85/$BD$13,0) -> #REF! | BE85: =ROUNDUP(U85/$BE$13,0) -> #REF! | BF85: =ROUNDUP(X85/$BF$13,0) -> #REF! | BG85: =ROUNDUP(AA85/$BG$13,0) -> #REF! | BH85: =ROUNDUP(AD85/$BH$13,0) -> #REF!
C86: =C23 -> 82111-47342 | D86: =D23 -> #REF! | E86: =+E23 -> #REF! | F86: =+F23 -> 351 | G86: =+G23 -> 6 | H86: =+H23 -> #REF! | I86: =I23 -> #REF! | J86: =$H23*J23 -> #REF! | K86: =$H23*K23 -> #REF! | L86: =$H23*L23 -> #REF! | M86: =$I23*M23 -> #REF! | N86: =$I23*N23 -> #REF! | O86: =$I23*O23 -> #REF! | P86: =$I23*P23 -> #REF! | Q86: =$I23*Q23 -> #REF! | R86: =$I23*R23 -> #REF! | S86: =$I23*S23 -> #REF! | T86: =$I23*T23 -> #REF! | ... AD86: =$I23*AD23 -> #REF! | AE86: =$H23*AE23 -> #REF! | AG86: =J86*$F86 -> #REF! | AH86: =K86*$F86 -> #REF! | AI86: =L86*$F86 -> #REF! | AJ86: =M86*$F86 -> #REF! | AK86: =K86*$F86 -> #REF! | AL86: =O86*$F86 -> #REF! | AM86: =P86*$F86 -> #REF! | AN86: =N86*$F86 -> #REF! | AO86: =R86*$F86 -> #REF! | AP86: =S86*$F86 -> #REF! | AQ86: =Q86*$F86 -> #REF! | AR86: =U86*$F86 -> #REF! | AS86: =V86*$F86 -> #REF! | AT86: =T86*$F86 -> #REF! | AU86: =X86*$F86 -> #REF! | AV86: =Y86*$F86 -> #REF! | AW86: =W86*$F86 -> #REF! | AX86: =AA86*$F86 -> #REF! | AY86: =AB86*$F86 -> #REF! | AZ86: =Z86*$F86 -> #REF! | BA86: =AD86*$F86 -> #REF! | BC86: =ROUNDUP(O86/$BC$13,0) -> #REF! | BD86: =ROUNDUP(R86/$BD$13,0) -> #REF! | BE86: =ROUNDUP(U86/$BE$13,0) -> #REF! | BF86: =ROUNDUP(X86/$BF$13,0) -> #REF! | BG86: =ROUNDUP(AA86/$BG$13,0) -> #REF! | BH86: =ROUNDUP(AD86/$BH$13,0) -> #REF!
C87: =C24 -> 82111-47451 | D87: =D24 -> #REF! | E87: =+E24 -> #REF! | F87: =+F24 -> 301 | G87: =+G24 -> 6 | H87: =+H24 -> #REF! | I87: =I24 -> #REF! | J87: =$H24*J24 -> #REF! | K87: =$H24*K24 -> #REF! | L87: =$H24*L24 -> #REF! | M87: =$I24*M24 -> #REF! | N87: =$I24*N24 -> #REF! | O87: =$I24*O24 -> #REF! | P87: =$I24*P24 -> #REF! | Q87: =$I24*Q24 -> #REF! | R87: =$I24*R24 -> #REF! | S87: =$I24*S24 -> #REF! | T87: =$I24*T24 -> #REF! | ... AD87: =$I24*AD24 -> #REF! | AE87: =$H24*AE24 -> #REF! | AG87: =J87*$F87 -> #REF! | AH87: =K87*$F87 -> #REF! | AI87: =L87*$F87 -> #REF! | AJ87: =M87*$F87 -> #REF! | AK87: =K87*$F87 -> #REF! | AL87: =O87*$F87 -> #REF! | AM87: =P87*$F87 -> #REF! | AN87: =N87*$F87 -> #REF! | AO87: =R87*$F87 -> #REF! | AP87: =S87*$F87 -> #REF! | AQ87: =Q87*$F87 -> #REF! | AR87: =U87*$F87 -> #REF! | AS87: =V87*$F87 -> #REF! | AT87: =T87*$F87 -> #REF! | AU87: =X87*$F87 -> #REF! | AV87: =Y87*$F87 -> #REF! | AW87: =W87*$F87 -> #REF! | AX87: =AA87*$F87 -> #REF! | AY87: =AB87*$F87 -> #REF! | AZ87: =Z87*$F87 -> #REF! | BA87: =AD87*$F87 -> #REF! | BC87: =ROUNDUP(O87/$BC$13,0) -> #REF! | BD87: =ROUNDUP(R87/$BD$13,0) -> #REF! | BE87: =ROUNDUP(U87/$BE$13,0) -> #REF! | BF87: =ROUNDUP(X87/$BF$13,0) -> #REF! | BG87: =ROUNDUP(AA87/$BG$13,0) -> #REF! | BH87: =ROUNDUP(AD87/$BH$13,0) -> #REF!
C88: =C25 -> 82111-47360 J | D88: =D25 -> 0 | E88: =+E25 -> #REF! | F88: =+F25 -> 309 | G88: =+G25 -> 6 | H88: =+H25 -> #REF! | I88: =I25 -> #REF! | J88: =$H25*J25 -> #REF! | K88: =$H25*K25 -> #REF! | L88: =$H25*L25 -> #REF! | M88: =$I25*M25 -> #REF! | N88: =$I25*N25 -> #REF! | O88: =$I25*O25 -> #REF! | P88: =$I25*P25 -> #REF! | Q88: =$I25*Q25 -> #REF! | R88: =$I25*R25 -> #REF! | S88: =$I25*S25 -> #REF! | T88: =$I25*T25 -> #REF! | ... AD88: =$I25*AD25 -> #REF! | AE88: =$H25*AE25 -> #REF! | AG88: =J88*$F88 -> #REF! | AH88: =K88*$F88 -> #REF! | AI88: =L88*$F88 -> #REF! | AJ88: =M88*$F88 -> #REF! | AK88: =K88*$F88 -> #REF! | AL88: =O88*$F88 -> #REF! | AM88: =P88*$F88 -> #REF! | AN88: =N88*$F88 -> #REF! | AO88: =R88*$F88 -> #REF! | AP88: =S88*$F88 -> #REF! | AQ88: =Q88*$F88 -> #REF! | AR88: =U88*$F88 -> #REF! | AS88: =V88*$F88 -> #REF! | AT88: =T88*$F88 -> #REF! | AU88: =X88*$F88 -> #REF! | AV88: =Y88*$F88 -> #REF! | AW88: =W88*$F88 -> #REF! | AX88: =AA88*$F88 -> #REF! | AY88: =AB88*$F88 -> #REF! | AZ88: =Z88*$F88 -> #REF! | BA88: =AD88*$F88 -> #REF! | BC88: =ROUNDUP(O88/$BC$13,0) -> #REF! | BD88: =ROUNDUP(R88/$BD$13,0) -> #REF! | BE88: =ROUNDUP(U88/$BE$13,0) -> #REF! | BF88: =ROUNDUP(X88/$BF$13,0) -> #REF! | BG88: =ROUNDUP(AA88/$BG$13,0) -> #REF! | BH88: =ROUNDUP(AD88/$BH$13,0) -> #REF!
A89: LHD | B89: USA | C89: =C25 -> 82111-47360 J | D89: =D25 -> 0 | E89: =+E25 -> #REF! | F89: =+F25 -> 309 | G89: =+G25 -> 6 | H89: =+H25 -> #REF! | I89: =I25 -> #REF! | J89: =$H25*J25 -> #REF! | K89: =$H25*K25 -> #REF! | L89: =$H25*L25 -> #REF! | M89: =$I25*M25 -> #REF! | N89: =$I25*N25 -> #REF! | O89: =$I25*O25 -> #REF! | P89: =$I25*P25 -> #REF! | Q89: =$I25*Q25 -> #REF! | R89: =$I25*R25 -> #REF! | S89: =$I25*S25 -> #REF! | T89: =$I25*T25 -> #REF! | ... AD89: =$I25*AD25 -> #REF! | AE89: =$H25*AE25 -> #REF! | AG89: =J89*$F89 -> #REF! | AH89: =K89*$F89 -> #REF! | AI89: =L89*$F89 -> #REF! | AJ89: =M89*$F89 -> #REF! | AK89: =K89*$F89 -> #REF! | AL89: =O89*$F89 -> #REF! | AM89: =P89*$F89 -> #REF! | AN89: =N89*$F89 -> #REF! | AO89: =R89*$F89 -> #REF! | AP89: =S89*$F89 -> #REF! | AQ89: =Q89*$F89 -> #REF! | AR89: =U89*$F89 -> #REF! | AS89: =V89*$F89 -> #REF! | AT89: =T89*$F89 -> #REF! | AU89: =X89*$F89 -> #REF! | AV89: =Y89*$F89 -> #REF! | AW89: =W89*$F89 -> #REF! | AX89: =AA89*$F89 -> #REF! | AY89: =AB89*$F89 -> #REF! | AZ89: =Z89*$F89 -> #REF! | BA89: =AD89*$F89 -> #REF! | BC89: =ROUNDUP(O89/$BC$13,0) -> #REF! | BD89: =ROUNDUP(R89/$BD$13,0) -> #REF! | BE89: =ROUNDUP(U89/$BE$13,0) -> #REF! | BF89: =ROUNDUP(X89/$BF$13,0) -> #REF! | BG89: =ROUNDUP(AA89/$BG$13,0) -> #REF! | BH89: =ROUNDUP(AD89/$BH$13,0) -> #REF!
C90: =C27 -> 82111-47370 J | D90: =D27 -> #REF! | E90: =+E27 -> #REF! | F90: =+F27 -> 315 | G90: =+G27 -> 6 | H90: =+H27 -> #REF! | I90: =I27 -> #REF! | J90: =$H27*J27 -> #REF! | K90: =$H27*K27 -> #REF! | L90: =$H27*L27 -> #REF! | M90: =$I27*M27 -> #REF! | N90: =$I27*N27 -> #REF! | O90: =$I27*O27 -> #REF! | P90: =$I27*P27 -> #REF! | Q90: =$I27*Q27 -> #REF! | R90: =$I27*R27 -> #REF! | S90: =$I27*S27 -> #REF! | T90: =$I27*T27 -> #REF! | ... AD90: =$I27*AD27 -> #REF! | AE90: =$H27*AE27 -> #REF! | AG90: =J90*$F90 -> #REF! | AH90: =K90*$F90 -> #REF! | AI90: =L90*$F90 -> #REF! | AJ90: =M90*$F90 -> #REF! | AK90: =K90*$F90 -> #REF! | AL90: =O90*$F90 -> #REF! | AM90: =P90*$F90 -> #REF! | AN90: =N90*$F90 -> #REF! | AO90: =R90*$F90 -> #REF! | AP90: =S90*$F90 -> #REF! | AQ90: =Q90*$F90 -> #REF! | AR90: =U90*$F90 -> #REF! | AS90: =V90*$F90 -> #REF! | AT90: =T90*$F90 -> #REF! | AU90: =X90*$F90 -> #REF! | AV90: =Y90*$F90 -> #REF! | AW90: =W90*$F90 -> #REF! | AX90: =AA90*$F90 -> #REF! | AY90: =AB90*$F90 -> #REF! | AZ90: =Z90*$F90 -> #REF! | BA90: =AD90*$F90 -> #REF! | BC90: =ROUNDUP(O90/$BC$13,0) -> #REF! | BD90: =ROUNDUP(R90/$BD$13,0) -> #REF! | BE90: =ROUNDUP(U90/$BE$13,0) -> #REF! | BF90: =ROUNDUP(X90/$BF$13,0) -> #REF! | BG90: =ROUNDUP(AA90/$BG$13,0) -> #REF! | BH90: =ROUNDUP(AD90/$BH$13,0) -> #REF!
C91: =C28 -> 82111-47380 H | D91: =D28 -> #REF! | E91: =+E28 -> #REF! | F91: =+F28 -> 347 | G91: =+G28 -> 6 | H91: =+H28 -> #REF! | I91: =I28 -> #REF! | J91: =$H28*J28 -> #REF! | K91: =$H28*K28 -> #REF! | L91: =$H28*L28 -> #REF! | M91: =$I28*M28 -> #REF! | N91: =$I28*N28 -> #REF! | O91: =$I28*O28 -> #REF! | P91: =$I28*P28 -> #REF! | Q91: =$I28*Q28 -> #REF! | R91: =$I28*R28 -> #REF! | S91: =$I28*S28 -> #REF! | T91: =$I28*T28 -> #REF! | ... AD91: =$I28*AD28 -> #REF! | AE91: =$H28*AE28 -> #REF! | AG91: =J91*$F91 -> #REF! | AH91: =K91*$F91 -> #REF! | AI91: =L91*$F91 -> #REF! | AJ91: =M91*$F91 -> #REF! | AK91: =K91*$F91 -> #REF! | AL91: =O91*$F91 -> #REF! | AM91: =P91*$F91 -> #REF! | AN91: =N91*$F91 -> #REF! | AO91: =R91*$F91 -> #REF! | AP91: =S91*$F91 -> #REF! | AQ91: =Q91*$F91 -> #REF! | AR91: =U91*$F91 -> #REF! | AS91: =V91*$F91 -> #REF! | AT91: =T91*$F91 -> #REF! | AU91: =X91*$F91 -> #REF! | AV91: =Y91*$F91 -> #REF! | AW91: =W91*$F91 -> #REF! | AX91: =AA91*$F91 -> #REF! | AY91: =AB91*$F91 -> #REF! | AZ91: =Z91*$F91 -> #REF! | BA91: =AD91*$F91 -> #REF! | BC91: =ROUNDUP(O91/$BC$13,0) -> #REF! | BD91: =ROUNDUP(R91/$BD$13,0) -> #REF! | BE91: =ROUNDUP(U91/$BE$13,0) -> #REF! | BF91: =ROUNDUP(X91/$BF$13,0) -> #REF! | BG91: =ROUNDUP(AA91/$BG$13,0) -> #REF! | BH91: =ROUNDUP(AD91/$BH$13,0) -> #REF!
B92: CANADA | C92: =C29 -> 82111-47390 J | D92: =D29 -> #REF! | E92: =+E29 -> #REF! | F92: =+F29 -> 321 | G92: =+G29 -> 6 | H92: =+H29 -> #REF! | I92: =I29 -> #REF! | J92: =$H29*J29 -> #REF! | K92: =$H29*K29 -> #REF! | L92: =$H29*L29 -> #REF! | M92: =$I29*M29 -> #REF! | N92: =$I29*N29 -> #REF! | O92: =$I29*O29 -> #REF! | P92: =$I29*P29 -> #REF! | Q92: =$I29*Q29 -> #REF! | R92: =$I29*R29 -> #REF! | S92: =$I29*S29 -> #REF! | T92: =$I29*T29 -> #REF! | ... AD92: =$I29*AD29 -> #REF! | AE92: =$H29*AE29 -> #REF! | AG92: =J92*$F92 -> #REF! | AH92: =K92*$F92 -> #REF! | AI92: =L92*$F92 -> #REF! | AJ92: =M92*$F92 -> #REF! | AK92: =K92*$F92 -> #REF! | AL92: =O92*$F92 -> #REF! | AM92: =P92*$F92 -> #REF! | AN92: =N92*$F92 -> #REF! | AO92: =R92*$F92 -> #REF! | AP92: =S92*$F92 -> #REF! | AQ92: =Q92*$F92 -> #REF! | AR92: =U92*$F92 -> #REF! | AS92: =V92*$F92 -> #REF! | AT92: =T92*$F92 -> #REF! | AU92: =X92*$F92 -> #REF! | AV92: =Y92*$F92 -> #REF! | AW92: =W92*$F92 -> #REF! | AX92: =AA92*$F92 -> #REF! | AY92: =AB92*$F92 -> #REF! | AZ92: =Z92*$F92 -> #REF! | BA92: =AD92*$F92 -> #REF! | BC92: =ROUNDUP(O92/$BC$13,0) -> #REF! | BD92: =ROUNDUP(R92/$BD$13,0) -> #REF! | BE92: =ROUNDUP(U92/$BE$13,0) -> #REF! | BF92: =ROUNDUP(X92/$BF$13,0) -> #REF! | BG92: =ROUNDUP(AA92/$BG$13,0) -> #REF! | BH92: =ROUNDUP(AD92/$BH$13,0) -> #REF!
C93: =C30 -> 82111-47400 J | D93: =D30 -> #REF! | E93: =+E30 -> #REF! | F93: =+F30 -> 347 | G93: =+G30 -> 6 | H93: =+H30 -> #REF! | I93: =I30 -> #REF! | J93: =$H30*J30 -> #REF! | K93: =$H30*K30 -> #REF! | L93: =$H30*L30 -> #REF! | M93: =$I30*M30 -> #REF! | N93: =$I30*N30 -> #REF! | O93: =$I30*O30 -> #REF! | P93: =$I30*P30 -> #REF! | Q93: =$I30*Q30 -> #REF! | R93: =$I30*R30 -> #REF! | S93: =$I30*S30 -> #REF! | T93: =$I30*T30 -> #REF! | ... AD93: =$I30*AD30 -> #REF! | AE93: =$H30*AE30 -> #REF! | AG93: =J93*$F93 -> #REF! | AH93: =K93*$F93 -> #REF! | AI93: =L93*$F93 -> #REF! | AJ93: =M93*$F93 -> #REF! | AK93: =K93*$F93 -> #REF! | AL93: =O93*$F93 -> #REF! | AM93: =P93*$F93 -> #REF! | AN93: =N93*$F93 -> #REF! | AO93: =R93*$F93 -> #REF! | AP93: =S93*$F93 -> #REF! | AQ93: =Q93*$F93 -> #REF! | AR93: =U93*$F93 -> #REF! | AS93: =V93*$F93 -> #REF! | AT93: =T93*$F93 -> #REF! | AU93: =X93*$F93 -> #REF! | AV93: =Y93*$F93 -> #REF! | AW93: =W93*$F93 -> #REF! | AX93: =AA93*$F93 -> #REF! | AY93: =AB93*$F93 -> #REF! | AZ93: =Z93*$F93 -> #REF! | BA93: =AD93*$F93 -> #REF! | BC93: =ROUNDUP(O93/$BC$13,0) -> #REF! | BD93: =ROUNDUP(R93/$BD$13,0) -> #REF! | BE93: =ROUNDUP(U93/$BE$13,0) -> #REF! | BF93: =ROUNDUP(X93/$BF$13,0) -> #REF! | BG93: =ROUNDUP(AA93/$BG$13,0) -> #REF! | BH93: =ROUNDUP(AD93/$BH$13,0) -> #REF!
B94: EC-LHD | C94: =C31 -> 82111-47410 J | D94: =D31 -> 0 | E94: =+E31 -> #REF! | F94: =+F31 -> 313 | G94: =+G31 -> 6 | H94: =+H31 -> #REF! | I94: =I31 -> #REF! | J94: =$H31*J31 -> #REF! | K94: =$H31*K31 -> #REF! | L94: =$H31*L31 -> #REF! | M94: =$I31*M31 -> #REF! | N94: =$I31*N31 -> #REF! | O94: =$I31*O31 -> #REF! | P94: =$I31*P31 -> #REF! | Q94: =$I31*Q31 -> #REF! | R94: =$I31*R31 -> #REF! | S94: =$I31*S31 -> #REF! | T94: =$I31*T31 -> #REF! | ... AD94: =$I31*AD31 -> #REF! | AE94: =$H31*AE31 -> #REF! | AG94: =J94*$F94 -> #REF! | AH94: =K94*$F94 -> #REF! | AI94: =L94*$F94 -> #REF! | AJ94: =M94*$F94 -> #REF! | AK94: =K94*$F94 -> #REF! | AL94: =O94*$F94 -> #REF! | AM94: =P94*$F94 -> #REF! | AN94: =N94*$F94 -> #REF! | AO94: =R94*$F94 -> #REF! | AP94: =S94*$F94 -> #REF! | AQ94: =Q94*$F94 -> #REF! | AR94: =U94*$F94 -> #REF! | AS94: =V94*$F94 -> #REF! | AT94: =T94*$F94 -> #REF! | AU94: =X94*$F94 -> #REF! | AV94: =Y94*$F94 -> #REF! | AW94: =W94*$F94 -> #REF! | AX94: =AA94*$F94 -> #REF! | AY94: =AB94*$F94 -> #REF! | AZ94: =Z94*$F94 -> #REF! | BA94: =AD94*$F94 -> #REF! | BC94: =ROUNDUP(O94/$BC$13,0) -> #REF! | BD94: =ROUNDUP(R94/$BD$13,0) -> #REF! | BE94: =ROUNDUP(U94/$BE$13,0) -> #REF! | BF94: =ROUNDUP(X94/$BF$13,0) -> #REF! | BG94: =ROUNDUP(AA94/$BG$13,0) -> #REF! | BH94: =ROUNDUP(AD94/$BH$13,0) -> #REF!
C95: =C32 -> 82111-47420 J | D95: =D32 -> #REF! | E95: =+E32 -> #REF! | F95: =+F32 -> 337 | G95: =+G32 -> 6 | H95: =+H32 -> #REF! | I95: =I32 -> #REF! | J95: =$H32*J32 -> #REF! | K95: =$H32*K32 -> #REF! | L95: =$H32*L32 -> #REF! | M95: =$I32*M32 -> #REF! | N95: =$I32*N32 -> #REF! | O95: =$I32*O32 -> #REF! | P95: =$I32*P32 -> #REF! | Q95: =$I32*Q32 -> #REF! | R95: =$I32*R32 -> #REF! | S95: =$I32*S32 -> #REF! | T95: =$I32*T32 -> #REF! | ... AD95: =$I32*AD32 -> #REF! | AE95: =$H32*AE32 -> #REF! | AG95: =J95*$F95 -> #REF! | AH95: =K95*$F95 -> #REF! | AI95: =L95*$F95 -> #REF! | AJ95: =M95*$F95 -> #REF! | AK95: =K95*$F95 -> #REF! | AL95: =O95*$F95 -> #REF! | AM95: =P95*$F95 -> #REF! | AN95: =N95*$F95 -> #REF! | AO95: =R95*$F95 -> #REF! | AP95: =S95*$F95 -> #REF! | AQ95: =Q95*$F95 -> #REF! | AR95: =U95*$F95 -> #REF! | AS95: =V95*$F95 -> #REF! | AT95: =T95*$F95 -> #REF! | AU95: =X95*$F95 -> #REF! | AV95: =Y95*$F95 -> #REF! | AW95: =W95*$F95 -> #REF! | AX95: =AA95*$F95 -> #REF! | AY95: =AB95*$F95 -> #REF! | AZ95: =Z95*$F95 -> #REF! | BA95: =AD95*$F95 -> #REF! | BC95: =ROUNDUP(O95/$BC$13,0) -> #REF! | BD95: =ROUNDUP(R95/$BD$13,0) -> #REF! | BE95: =ROUNDUP(U95/$BE$13,0) -> #REF! | BF95: =ROUNDUP(X95/$BF$13,0) -> #REF! | BG95: =ROUNDUP(AA95/$BG$13,0) -> #REF! | BH95: =ROUNDUP(AD95/$BH$13,0) -> #REF!
C96: =C33 -> 82111-47430 J | D96: =D33 -> #REF! | E96: =+E33 -> #REF! | F96: =+F33 -> 313 | G96: =+G33 -> 6 | H96: =+H33 -> #REF! | I96: =I33 -> #REF! | J96: =$H33*J33 -> #REF! | K96: =$H33*K33 -> #REF! | L96: =$H33*L33 -> #REF! | M96: =$I33*M33 -> #REF! | N96: =$I33*N33 -> #REF! | O96: =$I33*O33 -> #REF! | P96: =$I33*P33 -> #REF! | Q96: =$I33*Q33 -> #REF! | R96: =$I33*R33 -> #REF! | S96: =$I33*S33 -> #REF! | T96: =$I33*T33 -> #REF! | ... AD96: =$I33*AD33 -> #REF! | AE96: =$H33*AE33 -> #REF! | AG96: =J96*$F96 -> #REF! | AH96: =K96*$F96 -> #REF! | AI96: =L96*$F96 -> #REF! | AJ96: =M96*$F96 -> #REF! | AK96: =K96*$F96 -> #REF! | AL96: =O96*$F96 -> #REF! | AM96: =P96*$F96 -> #REF! | AN96: =N96*$F96 -> #REF! | AO96: =R96*$F96 -> #REF! | AP96: =S96*$F96 -> #REF! | AQ96: =Q96*$F96 -> #REF! | AR96: =U96*$F96 -> #REF! | AS96: =V96*$F96 -> #REF! | AT96: =T96*$F96 -> #REF! | AU96: =X96*$F96 -> #REF! | AV96: =Y96*$F96 -> #REF! | AW96: =W96*$F96 -> #REF! | AX96: =AA96*$F96 -> #REF! | AY96: =AB96*$F96 -> #REF! | AZ96: =Z96*$F96 -> #REF! | BA96: =AD96*$F96 -> #REF! | BC96: =ROUNDUP(O96/$BC$13,0) -> #REF! | BD96: =ROUNDUP(R96/$BD$13,0) -> #REF! | BE96: =ROUNDUP(U96/$BE$13,0) -> #REF! | BF96: =ROUNDUP(X96/$BF$13,0) -> #REF! | BG96: =ROUNDUP(AA96/$BG$13,0) -> #REF! | BH96: =ROUNDUP(AD96/$BH$13,0) -> #REF!
C97: =C34 -> 82111-47440 J | D97: =D34 -> #REF! | E97: =+E34 -> #REF! | F97: =+F34 -> 337 | G97: =+G34 -> 6 | H97: =+H34 -> #REF! | I97: =I34 -> #REF! | J97: =$H34*J34 -> #REF! | K97: =$H34*K34 -> #REF! | L97: =$H34*L34 -> #REF! | M97: =$I34*M34 -> #REF! | N97: =$I34*N34 -> #REF! | O97: =$I34*O34 -> #REF! | P97: =$I34*P34 -> #REF! | Q97: =$I34*Q34 -> #REF! | R97: =$I34*R34 -> #REF! | S97: =$I34*S34 -> #REF! | T97: =$I34*T34 -> #REF! | ... AD97: =$I34*AD34 -> #REF! | AE97: =$H34*AE34 -> #REF! | AG97: =J97*$F97 -> #REF! | AH97: =K97*$F97 -> #REF! | AI97: =L97*$F97 -> #REF! | AJ97: =M97*$F97 -> #REF! | AK97: =K97*$F97 -> #REF! | AL97: =O97*$F97 -> #REF! | AM97: =P97*$F97 -> #REF! | AN97: =N97*$F97 -> #REF! | AO97: =R97*$F97 -> #REF! | AP97: =S97*$F97 -> #REF! | AQ97: =Q97*$F97 -> #REF! | AR97: =U97*$F97 -> #REF! | AS97: =V97*$F97 -> #REF! | AT97: =T97*$F97 -> #REF! | AU97: =X97*$F97 -> #REF! | AV97: =Y97*$F97 -> #REF! | AW97: =W97*$F97 -> #REF! | AX97: =AA97*$F97 -> #REF! | AY97: =AB97*$F97 -> #REF! | AZ97: =Z97*$F97 -> #REF! | BA97: =AD97*$F97 -> #REF! | BC97: =ROUNDUP(O97/$BC$13,0) -> #REF! | BD97: =ROUNDUP(R97/$BD$13,0) -> #REF! | BE97: =ROUNDUP(U97/$BE$13,0) -> #REF! | BF97: =ROUNDUP(X97/$BF$13,0) -> #REF! | BG97: =ROUNDUP(AA97/$BG$13,0) -> #REF! | BH97: =ROUNDUP(AD97/$BH$13,0) -> #REF!
C98: =C35 -> 82111-47371 | D98: =D35 -> #REF! | E98: =+E35 -> #REF! | F98: =+F35 -> 321 | G98: =+G35 -> 6 | H98: =+H35 -> #REF! | I98: =I35 -> #REF! | J98: =$H35*J35 -> #REF! | K98: =$H35*K35 -> #REF! | L98: =$H35*L35 -> #REF! | M98: =$I35*M35 -> #REF! | N98: =$I35*N35 -> #REF! | O98: =$I35*O35 -> #REF! | P98: =$I35*P35 -> #REF! | Q98: =$I35*Q35 -> #REF! | R98: =$I35*R35 -> #REF! | S98: =$I35*S35 -> #REF! | T98: =$I35*T35 -> #REF! | ... AD98: =$I35*AD35 -> #REF! | AE98: =$H35*AE35 -> #REF! | AG98: =J98*$F98 -> #REF! | AH98: =K98*$F98 -> #REF! | AI98: =L98*$F98 -> #REF! | AJ98: =M98*$F98 -> #REF! | AK98: =K98*$F98 -> #REF! | AL98: =O98*$F98 -> #REF! | AM98: =P98*$F98 -> #REF! | AN98: =N98*$F98 -> #REF! | AO98: =R98*$F98 -> #REF! | AP98: =S98*$F98 -> #REF! | AQ98: =Q98*$F98 -> #REF! | AR98: =U98*$F98 -> #REF! | AS98: =V98*$F98 -> #REF! | AT98: =T98*$F98 -> #REF! | AU98: =X98*$F98 -> #REF! | AV98: =Y98*$F98 -> #REF! | AW98: =W98*$F98 -> #REF! | AX98: =AA98*$F98 -> #REF! | AY98: =AB98*$F98 -> #REF! | AZ98: =Z98*$F98 -> #REF! | BA98: =AD98*$F98 -> #REF! | BC98: =ROUNDUP(O98/$BC$13,0) -> #REF! | BD98: =ROUNDUP(R98/$BD$13,0) -> #REF! | BE98: =ROUNDUP(U98/$BE$13,0) -> #REF! | BF98: =ROUNDUP(X98/$BF$13,0) -> #REF! | BG98: =ROUNDUP(AA98/$BG$13,0) -> #REF! | BH98: =ROUNDUP(AD98/$BH$13,0) -> #REF!
C99: =C36 -> 82111-47372 | D99: =D36 -> #REF! | E99: =+E36 -> #REF! | F99: =+F36 -> 321 | G99: =+G36 -> 6 | H99: =+H36 -> #REF! | I99: =I36 -> #REF! | J99: =$H36*J36 -> #REF! | K99: =$H36*K36 -> #REF! | L99: =$H36*L36 -> #REF! | M99: =$I36*M36 -> #REF! | N99: =$I36*N36 -> #REF! | O99: =$I36*O36 -> #REF! | P99: =$I36*P36 -> #REF! | Q99: =$I36*Q36 -> #REF! | R99: =$I36*R36 -> #REF! | S99: =$I36*S36 -> #REF! | T99: =$I36*T36 -> #REF! | ... AD99: =$I36*AD36 -> #REF! | AE99: =$H36*AE36 -> #REF! | AG99: =J99*$F99 -> #REF! | AH99: =K99*$F99 -> #REF! | AI99: =L99*$F99 -> #REF! | AJ99: =M99*$F99 -> #REF! | AK99: =K99*$F99 -> #REF! | AL99: =O99*$F99 -> #REF! | AM99: =P99*$F99 -> #REF! | AN99: =N99*$F99 -> #REF! | AO99: =R99*$F99 -> #REF! | AP99: =S99*$F99 -> #REF! | AQ99: =Q99*$F99 -> #REF! | AR99: =U99*$F99 -> #REF! | AS99: =V99*$F99 -> #REF! | AT99: =T99*$F99 -> #REF! | AU99: =X99*$F99 -> #REF! | AV99: =Y99*$F99 -> #REF! | AW99: =W99*$F99 -> #REF! | AX99: =AA99*$F99 -> #REF! | AY99: =AB99*$F99 -> #REF! | AZ99: =Z99*$F99 -> #REF! | BA99: =AD99*$F99 -> #REF! | BC99: =ROUNDUP(O99/$BC$13,0) -> #REF! | BD99: =ROUNDUP(R99/$BD$13,0) -> #REF! | BE99: =ROUNDUP(U99/$BE$13,0) -> #REF! | BF99: =ROUNDUP(X99/$BF$13,0) -> #REF! | BG99: =ROUNDUP(AA99/$BG$13,0) -> #REF! | BH99: =ROUNDUP(AD99/$BH$13,0) -> #REF!
C100: =C37 -> 82111-47391 | D100: =D37 -> #REF! | E100: =+E37 -> #REF! | F100: =+F37 -> 347 | G100: =+G37 -> 6 | H100: =+H37 -> #REF! | I100: =I37 -> #REF! | J100: =$H37*J37 -> #REF! | K100: =$H37*K37 -> #REF! | L100: =$H37*L37 -> #REF! | M100: =$I37*M37 -> #REF! | N100: =$I37*N37 -> #REF! | O100: =$I37*O37 -> #REF! | P100: =$I37*P37 -> #REF! | Q100: =$I37*Q37 -> #REF! | R100: =$I37*R37 -> #REF! | S100: =$I37*S37 -> #REF! | T100: =$I37*T37 -> #REF! | ... AD100: =$I37*AD37 -> #REF! | AE100: =$H37*AE37 -> #REF! | AG100: =J100*$F100 -> #REF! | AH100: =K100*$F100 -> #REF! | AI100: =L100*$F100 -> #REF! | AJ100: =M100*$F100 -> #REF! | AK100: =K100*$F100 -> #REF! | AL100: =O100*$F100 -> #REF! | AM100: =P100*$F100 -> #REF! | AN100: =N100*$F100 -> #REF! | AO100: =R100*$F100 -> #REF! | AP100: =S100*$F100 -> #REF! | AQ100: =Q100*$F100 -> #REF! | AR100: =U100*$F100 -> #REF! | AS100: =V100*$F100 -> #REF! | AT100: =T100*$F100 -> #REF! | AU100: =X100*$F100 -> #REF! | AV100: =Y100*$F100 -> #REF! | AW100: =W100*$F100 -> #REF! | AX100: =AA100*$F100 -> #REF! | AY100: =AB100*$F100 -> #REF! | AZ100: =Z100*$F100 -> #REF! | BA100: =AD100*$F100 -> #REF! | BC100: =ROUNDUP(O100/$BC$13,0) -> #REF! | BD100: =ROUNDUP(R100/$BD$13,0) -> #REF! | BE100: =ROUNDUP(U100/$BE$13,0) -> #REF! | BF100: =ROUNDUP(X100/$BF$13,0) -> #REF! | BG100: =ROUNDUP(AA100/$BG$13,0) -> #REF! | BH100: =ROUNDUP(AD100/$BH$13,0) -> #REF!
C101: =C38 -> 82111-47392 | D101: =D38 -> #REF! | E101: =+E38 -> #REF! | F101: =+F38 -> 347 | G101: =+G38 -> 6 | H101: =+H38 -> #REF! | I101: =I38 -> #REF! | J101: =$H38*J38 -> #REF! | K101: =$H38*K38 -> #REF! | L101: =$H38*L38 -> #REF! | M101: =$I38*M38 -> #REF! | N101: =$I38*N38 -> #REF! | O101: =$I38*O38 -> #REF! | P101: =$I38*P38 -> #REF! | Q101: =$I38*Q38 -> #REF! | R101: =$I38*R38 -> #REF! | S101: =$I38*S38 -> #REF! | T101: =$I38*T38 -> #REF! | ... AD101: =$I38*AD38 -> #REF! | AE101: =$H38*AE38 -> #REF! | AG101: =J101*$F101 -> #REF! | AH101: =K101*$F101 -> #REF! | AI101: =L101*$F101 -> #REF! | AJ101: =M101*$F101 -> #REF! | AK101: =K101*$F101 -> #REF! | AL101: =O101*$F101 -> #REF! | AM101: =P101*$F101 -> #REF! | AN101: =N101*$F101 -> #REF! | AO101: =R101*$F101 -> #REF! | AP101: =S101*$F101 -> #REF! | AQ101: =Q101*$F101 -> #REF! | AR101: =U101*$F101 -> #REF! | AS101: =V101*$F101 -> #REF! | AT101: =T101*$F101 -> #REF! | AU101: =X101*$F101 -> #REF! | AV101: =Y101*$F101 -> #REF! | AW101: =W101*$F101 -> #REF! | AX101: =AA101*$F101 -> #REF! | AY101: =AB101*$F101 -> #REF! | AZ101: =Z101*$F101 -> #REF! | BA101: =AD101*$F101 -> #REF! | BC101: =ROUNDUP(O101/$BC$13,0) -> #REF! | BD101: =ROUNDUP(R101/$BD$13,0) -> #REF! | BE101: =ROUNDUP(U101/$BE$13,0) -> #REF! | BF101: =ROUNDUP(X101/$BF$13,0) -> #REF! | BG101: =ROUNDUP(AA101/$BG$13,0) -> #REF! | BH101: =ROUNDUP(AD101/$BH$13,0) -> #REF!
C102: =C39 -> 82111-47401 | D102: =D39 -> #REF! | E102: =+E39 -> #REF! | F102: =+F39 -> 313 | G102: =+G39 -> 6 | H102: =+H39 -> #REF! | I102: =I39 -> #REF! | J102: =$H39*J39 -> #REF! | K102: =$H39*K39 -> #REF! | L102: =$H39*L39 -> #REF! | M102: =$I39*M39 -> #REF! | N102: =$I39*N39 -> #REF! | O102: =$I39*O39 -> #REF! | P102: =$I39*P39 -> #REF! | Q102: =$I39*Q39 -> #REF! | R102: =$I39*R39 -> #REF! | S102: =$I39*S39 -> #REF! | T102: =$I39*T39 -> #REF! | ... AD102: =$I39*AD39 -> #REF! | AE102: =$H39*AE39 -> #REF! | AG102: =J102*$F102 -> #REF! | AH102: =K102*$F102 -> #REF! | AI102: =L102*$F102 -> #REF! | AJ102: =M102*$F102 -> #REF! | AK102: =K102*$F102 -> #REF! | AL102: =O102*$F102 -> #REF! | AM102: =P102*$F102 -> #REF! | AN102: =N102*$F102 -> #REF! | AO102: =R102*$F102 -> #REF! | AP102: =S102*$F102 -> #REF! | AQ102: =Q102*$F102 -> #REF! | AR102: =U102*$F102 -> #REF! | AS102: =V102*$F102 -> #REF! | AT102: =T102*$F102 -> #REF! | AU102: =X102*$F102 -> #REF! | AV102: =Y102*$F102 -> #REF! | AW102: =W102*$F102 -> #REF! | AX102: =AA102*$F102 -> #REF! | AY102: =AB102*$F102 -> #REF! | AZ102: =Z102*$F102 -> #REF! | BA102: =AD102*$F102 -> #REF! | BC102: =ROUNDUP(O102/$BC$13,0) -> #REF! | BD102: =ROUNDUP(R102/$BD$13,0) -> #REF! | BE102: =ROUNDUP(U102/$BE$13,0) -> #REF! | BF102: =ROUNDUP(X102/$BF$13,0) -> #REF! | BG102: =ROUNDUP(AA102/$BG$13,0) -> #REF! | BH102: =ROUNDUP(AD102/$BH$13,0) -> #REF!
C103: =C40 -> 82111-47402 | D103: =D40 -> #REF! | E103: =+E40 -> #REF! | F103: =+F40 -> 313 | G103: =+G40 -> 6 | H103: =+H40 -> #REF! | I103: =I40 -> #REF! | J103: =$H40*J40 -> #REF! | K103: =$H40*K40 -> #REF! | L103: =$H40*L40 -> #REF! | M103: =$I40*M40 -> #REF! | N103: =$I40*N40 -> #REF! | O103: =$I40*O40 -> #REF! | P103: =$I40*P40 -> #REF! | Q103: =$I40*Q40 -> #REF! | R103: =$I40*R40 -> #REF! | S103: =$I40*S40 -> #REF! | T103: =$I40*T40 -> #REF! | ... AD103: =$I40*AD40 -> #REF! | AE103: =$H40*AE40 -> #REF! | AG103: =J103*$F103 -> #REF! | AH103: =K103*$F103 -> #REF! | AI103: =L103*$F103 -> #REF! | AJ103: =M103*$F103 -> #REF! | AK103: =K103*$F103 -> #REF! | AL103: =O103*$F103 -> #REF! | AM103: =P103*$F103 -> #REF! | AN103: =N103*$F103 -> #REF! | AO103: =R103*$F103 -> #REF! | AP103: =S103*$F103 -> #REF! | AQ103: =Q103*$F103 -> #REF! | AR103: =U103*$F103 -> #REF! | AS103: =V103*$F103 -> #REF! | AT103: =T103*$F103 -> #REF! | AU103: =X103*$F103 -> #REF! | AV103: =Y103*$F103 -> #REF! | AW103: =W103*$F103 -> #REF! | AX103: =AA103*$F103 -> #REF! | AY103: =AB103*$F103 -> #REF! | AZ103: =Z103*$F103 -> #REF! | BA103: =AD103*$F103 -> #REF! | BC103: =ROUNDUP(O103/$BC$13,0) -> #REF! | BD103: =ROUNDUP(R103/$BD$13,0) -> #REF! | BE103: =ROUNDUP(U103/$BE$13,0) -> #REF! | BF103: =ROUNDUP(X103/$BF$13,0) -> #REF! | BG103: =ROUNDUP(AA103/$BG$13,0) -> #REF! | BH103: =ROUNDUP(AD103/$BH$13,0) -> #REF!
C104: =C41 -> 82111-47411 | D104: =D41 -> #REF! | E104: =+E41 -> #REF! | F104: =+F41 -> 337 | G104: =+G41 -> 6 | H104: =+H41 -> #REF! | I104: =I41 -> #REF! | J104: =$H41*J41 -> #REF! | K104: =$H41*K41 -> #REF! | L104: =$H41*L41 -> #REF! | M104: =$I41*M41 -> #REF! | N104: =$I41*N41 -> #REF! | O104: =$I41*O41 -> #REF! | P104: =$I41*P41 -> #REF! | Q104: =$I41*Q41 -> #REF! | R104: =$I41*R41 -> #REF! | S104: =$I41*S41 -> #REF! | T104: =$I41*T41 -> #REF! | ... AD104: =$I41*AD41 -> #REF! | AE104: =$H41*AE41 -> #REF! | AG104: =J104*$F104 -> #REF! | AH104: =K104*$F104 -> #REF! | AI104: =L104*$F104 -> #REF! | AJ104: =M104*$F104 -> #REF! | AK104: =K104*$F104 -> #REF! | AL104: =O104*$F104 -> #REF! | AM104: =P104*$F104 -> #REF! | AN104: =N104*$F104 -> #REF! | AO104: =R104*$F104 -> #REF! | AP104: =S104*$F104 -> #REF! | AQ104: =Q104*$F104 -> #REF! | AR104: =U104*$F104 -> #REF! | AS104: =V104*$F104 -> #REF! | AT104: =T104*$F104 -> #REF! | AU104: =X104*$F104 -> #REF! | AV104: =Y104*$F104 -> #REF! | AW104: =W104*$F104 -> #REF! | AX104: =AA104*$F104 -> #REF! | AY104: =AB104*$F104 -> #REF! | AZ104: =Z104*$F104 -> #REF! | BA104: =AD104*$F104 -> #REF! | BC104: =ROUNDUP(O104/$BC$13,0) -> #REF! | BD104: =ROUNDUP(R104/$BD$13,0) -> #REF! | BE104: =ROUNDUP(U104/$BE$13,0) -> #REF! | BF104: =ROUNDUP(X104/$BF$13,0) -> #REF! | BG104: =ROUNDUP(AA104/$BG$13,0) -> #REF! | BH104: =ROUNDUP(AD104/$BH$13,0) -> #REF!
C105: =C42 -> 82111-47412 | D105: =D42 -> #REF! | E105: =+E42 -> #REF! | F105: =+F42 -> 337 | G105: =+G42 -> 6 | H105: =+H42 -> #REF! | I105: =I42 -> #REF! | J105: =$H42*J42 -> #REF! | K105: =$H42*K42 -> #REF! | L105: =$H42*L42 -> #REF! | M105: =$I42*M42 -> #REF! | N105: =$I42*N42 -> #REF! | O105: =$I42*O42 -> #REF! | P105: =$I42*P42 -> #REF! | Q105: =$I42*Q42 -> #REF! | R105: =$I42*R42 -> #REF! | S105: =$I42*S42 -> #REF! | T105: =$I42*T42 -> #REF! | ... AD105: =$I42*AD42 -> #REF! | AE105: =$H42*AE42 -> #REF! | AG105: =J105*$F105 -> #REF! | AH105: =K105*$F105 -> #REF! | AI105: =L105*$F105 -> #REF! | AJ105: =M105*$F105 -> #REF! | AK105: =K105*$F105 -> #REF! | AL105: =O105*$F105 -> #REF! | AM105: =P105*$F105 -> #REF! | AN105: =N105*$F105 -> #REF! | AO105: =R105*$F105 -> #REF! | AP105: =S105*$F105 -> #REF! | AQ105: =Q105*$F105 -> #REF! | AR105: =U105*$F105 -> #REF! | AS105: =V105*$F105 -> #REF! | AT105: =T105*$F105 -> #REF! | AU105: =X105*$F105 -> #REF! | AV105: =Y105*$F105 -> #REF! | AW105: =W105*$F105 -> #REF! | AX105: =AA105*$F105 -> #REF! | AY105: =AB105*$F105 -> #REF! | AZ105: =Z105*$F105 -> #REF! | BA105: =AD105*$F105 -> #REF! | BC105: =ROUNDUP(O105/$BC$13,0) -> #REF! | BD105: =ROUNDUP(R105/$BD$13,0) -> #REF! | BE105: =ROUNDUP(U105/$BE$13,0) -> #REF! | BF105: =ROUNDUP(X105/$BF$13,0) -> #REF! | BG105: =ROUNDUP(AA105/$BG$13,0) -> #REF! | BH105: =ROUNDUP(AD105/$BH$13,0) -> #REF!
C106: =C43 -> 82111-47431 | D106: =D43 -> #REF! | E106: =+E43 -> #REF! | F106: =+F43 -> 313 | G106: =+G43 -> 6 | H106: =+H43 -> #REF! | I106: =I43 -> #REF! | J106: =$H43*J43 -> #REF! | K106: =$H43*K43 -> #REF! | L106: =$H43*L43 -> #REF! | M106: =$I43*M43 -> #REF! | N106: =$I43*N43 -> #REF! | O106: =$I43*O43 -> #REF! | P106: =$I43*P43 -> #REF! | Q106: =$I43*Q43 -> #REF! | R106: =$I43*R43 -> #REF! | S106: =$I43*S43 -> #REF! | T106: =$I43*T43 -> #REF! | ... AD106: =$I43*AD43 -> #REF! | AE106: =$H43*AE43 -> #REF! | AG106: =J106*$F106 -> #REF! | AH106: =K106*$F106 -> #REF! | AI106: =L106*$F106 -> #REF! | AJ106: =M106*$F106 -> #REF! | AK106: =K106*$F106 -> #REF! | AL106: =O106*$F106 -> #REF! | AM106: =P106*$F106 -> #REF! | AN106: =N106*$F106 -> #REF! | AO106: =R106*$F106 -> #REF! | AP106: =S106*$F106 -> #REF! | AQ106: =Q106*$F106 -> #REF! | AR106: =U106*$F106 -> #REF! | AS106: =V106*$F106 -> #REF! | AT106: =T106*$F106 -> #REF! | AU106: =X106*$F106 -> #REF! | AV106: =Y106*$F106 -> #REF! | AW106: =W106*$F106 -> #REF! | AX106: =AA106*$F106 -> #REF! | AY106: =AB106*$F106 -> #REF! | AZ106: =Z106*$F106 -> #REF! | BA106: =AD106*$F106 -> #REF! | BC106: =ROUNDUP(O106/$BC$13,0) -> #REF! | BD106: =ROUNDUP(R106/$BD$13,0) -> #REF! | BE106: =ROUNDUP(U106/$BE$13,0) -> #REF! | BF106: =ROUNDUP(X106/$BF$13,0) -> #REF! | BG106: =ROUNDUP(AA106/$BG$13,0) -> #REF! | BH106: =ROUNDUP(AD106/$BH$13,0) -> #REF!
... C110: =C47 -> AB111-47330-1 D | D110: =D47 -> 0001 | E110: =+E47 -> 8251 | F110: =+F47 -> 2 | G110: =+G47 | H110: =+H47 | I110: =I47 | J110: =$H47*J47 -> #REF! | K110: =$H47*K47 -> #REF! | L110: =$H47*L47 -> #REF! | M110: =$I47*M47 -> #REF! | N110: =$I47*N47 -> #REF! | O110: =$I47*O47 -> #REF! | P110: =$I47*P47 -> #REF! | Q110: =$I47*Q47 -> #REF! | R110: =$I47*R47 -> #REF! | S110: =$I47*S47 -> #REF! | T110: =$I47*T47 -> #REF! | ... AD110: =$I47*AD47 -> #REF! | AE110: =$H47*AE47 -> #REF! | AG110: =J110*$F110 -> #REF! | AH110: =K110*$F110 -> #REF! | AI110: =L110*$F110 -> #REF! | AJ110: =M110*$F110 -> #REF! | AK110: =K110*$F110 -> #REF! | AL110: =O110*$F110 -> #REF! | AM110: =P110*$F110 -> #REF! | AN110: =N110*$F110 -> #REF! | AO110: =R110*$F110 -> #REF! | AP110: =S110*$F110 -> #REF! | AQ110: =Q110*$F110 -> #REF! | AR110: =U110*$F110 -> #REF! | AS110: =V110*$F110 -> #REF! | AT110: =T110*$F110 -> #REF! | AU110: =X110*$F110 -> #REF! | AV110: =Y110*$F110 -> #REF! | AW110: =W110*$F110 -> #REF! | AX110: =AA110*$F110 -> #REF! | AY110: =AB110*$F110 -> #REF! | AZ110: =Z110*$F110 -> #REF! | BA110: =AD110*$F110 -> #REF! | BC110: =ROUNDUP(O110/$BC$13,0) -> #REF! | BD110: =ROUNDUP(R110/$BD$13,0) -> #REF! | BE110: =ROUNDUP(U110/$BE$13,0) -> #REF! | BF110: =ROUNDUP(X110/$BF$13,0) -> #REF! | BG110: =ROUNDUP(AA110/$BG$13,0) -> #REF! | BH110: =ROUNDUP(AD110/$BH$13,0) -> #REF!
B111: TOTAL ALL WITHOUT A/B | J111: =SUM(J77:J110) -> #REF! | K111: =SUM(K77:K110) -> #REF! | L111: =SUM(L77:L110) -> #REF! | M111: =SUM(M77:M110) -> #REF! | N111: =SUM(N77:N110) -> #REF! | O111: =SUM(O77:O110) -> #REF! | P111: =SUM(P77:P110) -> #REF! | Q111: =SUM(Q77:Q110) -> #REF! | ... AD111: =SUM(AD77:AD110) -> #REF! | AE111: =SUM(AE77:AE97) -> #REF! | AG111: =SUM(AG80:AG82) -> #REF! | AH111: =SUM(AH80:AH82) -> #REF! | AI111: =SUM(AI80:AI82) -> #REF! | AJ111: =SUM(AJ80:AJ82) -> #REF! | AK111: =SUM(AK80:AK82) -> #REF! | AL111: =SUM(AL80:AL82) -> #REF! | AM111: =SUM(AM80:AM82) -> #REF! | AN111: =SUM(AN80:AN82) -> #REF! | ... BA111: =SUM(BA80:BA82) -> #REF! | BB111: TOTAL WITHOUT A/B | BC111: =ROUNDUP(O111/$BC$13,0) -> #REF! | BD111: =ROUNDUP(R111/$BD$13,0) -> #REF! | BE111: =ROUNDUP(U111/$BE$13,0) -> #REF! | BF111: =ROUNDUP(X111/$BF$13,0) -> #REF! | BG111: =ROUNDUP(AA111/$BG$13,0) -> #REF! | BH111: =ROUNDUP(AD111/$BH$13,0) -> #REF!
...

Sheet (AS-400 Jembatan)
D3: 4 | M3: =VLOOKUP(M$5,WEEK!A2:D13,4,0) -> 5 | V3: =VLOOKUP(V$5,WEEK!A2:D13,4,0) -> 4 | AE3: =VLOOKUP(AE$5,WEEK!A2:D13,4,0) -> 4 | AN3: =VLOOKUP(AN$5,WEEK!$A$2:$D$13,4,0) -> 5 | AW3: =VLOOKUP(AW$5,WEEK!$A$2:$D$13,4,0) -> 4
A4: Printed : | B4: =NOW() -> 46195.105 | D4: T | M4: W | V4: Z | AE4: AC | AN4: AC | AW4: AC
A5: TYPE | B5: HARNESS No. | C5: LEVEL | D5: =+GUM!L11 -> MAR | M5: =+GUM!O11 -> APR | V5: =+GUM!R11 -> MAY | AE5: =+GUM!U11 -> JUN | AN5: =+GUM!X11 -> JUL | AW5: =+GUM!AA11 -> AUG
D7: 1 | E7: 2 | F7: 3 | G7: 4 | H7: 5 | I7: SR | J7: SPP | K7: BAL | L7: VALUE | M7: 1 | N7: 2 | O7: 3 | P7: 4 | Q7: 5 | R7: SR | S7: SPP | T7: BAL | U7: VALUE | V7: 1 | W7: 2 | X7: 3 | Y7: 4 | Z7: 5 | AA7: SR | AB7: SPP | AC7: BAL | AD7: VALUE | AE7: 1 | AF7: 2 | AG7: 3 | AH7: 4 | AI7: 5 | AJ7: SR | AK7: SPP | AL7: BAL | AM7: VALUE | AN7: 1 | AO7: 2 | AP7: 3 | AQ7: 4 | AR7: 5 | AS7: SR | AT7: SPP | AU7: BAL | AV7: VALUE | AW7: 1 | AX7: 2 | AY7: 3 | AZ7: 4 | BA7: 5 | BB7: SR | BC7: SPP | BD7: BAL | BE7: VALUE
A8: =GUM!A14 -> LHD HEV | B8: =+GUM!C14 -> 82115-0E470 | C8: =GUM!D14 -> H 0001 | D8: 0 | E8: 0 | F8: 0 | G8: 0 | H8: 0 | I8: =SUM(D8:H8) -> 0 | J8: 0 | K8: 0 | R8: =SUM(M8:M8) -> 0 | S8: =+VLOOKUP($B8,GUM!C14:AD46,15,0) -> 0 | T8: =ROUNDUP((S8-R8)/$M$3,0) -> 0 | AA8: =SUM(V8:V8) -> 0 | AB8: =+VLOOKUP($B8,GUM!C14:AC46,18,0) -> 0 | AC8: =ROUNDUP((AB8-AA8)/$V$3,0) -> 0 | AJ8: =SUM(AE8:AE8) -> 0 | AK8: =+VLOOKUP($B8,GUM!C14:AD46,21,0) -> 0 | AL8: =ROUNDUP((AK8-AJ8)/$AE$3,) -> #VALUE! | AS8: =SUM(AN8:AN8) -> 0 | AT8: =+VLOOKUP($B8,GUM!C14:AD46,24,0) -> 0 | AU8: =ROUNDUP((AT8-AS8)/$AE$3,) -> #VALUE! | AW8: =+AN8 | AX8: =+AO8 | AY8: =+AP8 | AZ8: =+AQ8 | BA8: =+AR8 | BB8: =SUM(AW8:AW8) -> 0 | BC8: =+VLOOKUP($B8,GUM!C14:AD46,27,0) -> 0 | BD8: =ROUNDUP((BC8-BB8)/$AE$3,) -> #VALUE!
B9: =+GUM!C15 -> 82115-0E480 G | C9: =GUM!D15 -> G 0101 | D9: =+VLOOKUP($B9,#REF!,3,0) -> #REF! | E9: =+VLOOKUP($B9,#REF!,4,0) -> #REF! | F9: =+VLOOKUP($B9,#REF!,5,0) -> #REF! | G9: =+VLOOKUP($B9,#REF!,6,0) -> #REF! | I9: =SUM(D9:H9) -> #REF! | J9: =+VLOOKUP($B9,GUM!C14:AD69,12,0) -> 0 | K9: =ROUNDUP((J9-I9)/$D$3,0) -> #REF! | R9: =SUM(M9:M9) -> 0 | S9: =+VLOOKUP($B9,GUM!C15:AD47,15,0) -> 0 | T9: =ROUNDUP((S9-R9)/$M$3,0) -> 0 | AA9: =SUM(V9:V9) -> 0 | AB9: =+VLOOKUP($B9,GUM!C15:AC47,18,0) -> 0 | AC9: =ROUNDUP((AB9-AA9)/$V$3,0) -> 0 | AJ9: =SUM(AE9:AE9) -> 0 | AK9: =+VLOOKUP($B9,GUM!C15:AD47,21,0) -> 0 | AL9: =ROUNDUP((AK9-AJ9)/$AE$3,) -> #VALUE! | AS9: =SUM(AN9:AN9) -> 0 | AT9: =+VLOOKUP($B9,GUM!C15:AD47,24,0) -> 0 | AU9: =ROUNDUP((AT9-AS9)/$AE$3,) -> #VALUE! | BB9: =SUM(AW9:AW9) -> 0 | BC9: =+VLOOKUP($B9,GUM!C15:AD47,27,0) -> 0 | BD9: =ROUNDUP((BC9-BB9)/$AE$3,) -> #VALUE!
B10: =+GUM!C16 -> 82115-0E490 H | C10: =GUM!D16 -> H 0001 | D10: =+VLOOKUP($B10,#REF!,3,0) -> #REF! | E10: =+VLOOKUP($B10,#REF!,4,0) -> #REF! | F10: =+VLOOKUP($B10,#REF!,5,0) -> #REF! | G10: =+VLOOKUP($B10,#REF!,6,0) -> #REF! | I10: =SUM(D10:H10) -> #REF! | J10: =+VLOOKUP($B10,GUM!C15:AD98,12,0) -> 0 | K10: =ROUNDUP((J10-I10)/$D$3,0) -> #REF! | M10: 0 | N10: 0 | O10: 0 | P10: 0 | R10: =SUM(M10:M10) -> 0 | S10: =+VLOOKUP($B10,GUM!C16:AD48,15,0) -> 0 | T10: =ROUNDUP((S10-R10)/$M$3,0) -> 0 | V10: 0 | W10: 0 | X10: 0 | Y10: 0 | AA10: =SUM(V10:V10) -> 0 | AB10: =+VLOOKUP($B10,GUM!C16:AC48,18,0) -> 0 | AC10: =ROUNDUP((AB10-AA10)/$V$3,0) -> 0 | AE10: 0 | AF10: 0 | AG10: 0 | AH10: 0 | AJ10: =SUM(AE10:AE10) -> 0 | AK10: =+VLOOKUP($B10,GUM!C16:AD48,21,0) -> 0 | AL10: =ROUNDUP((AK10-AJ10)/$AE$3,) -> #VALUE! | AN10: 0 | AO10: 0 | AP10: 0 | AQ10: 0 | AS10: =SUM(AN10:AN10) -> 0 | AT10: =+VLOOKUP($B10,GUM!C16:AD48,24,0) -> 0 | AU10: =ROUNDUP((AT10-AS10)/$AE$3,) -> #VALUE! | AW10: 0 | AX10: 0 | AY10: 0 | AZ10: 0 | BB10: =SUM(AW10:AW10) -> 0 | BC10: =+VLOOKUP($B10,GUM!C16:AD48,27,0) -> 0 | BD10: =ROUNDUP((BC10-BB10)/$AE$3,) -> #VALUE!
B11: =+GUM!C17 -> 82115-0EA10 H | C11: =GUM!D17 -> H 0001 | D11: =+VLOOKUP($B11,#REF!,3,0) -> #REF! | E11: =+VLOOKUP($B11,#REF!,4,0) -> #REF! | F11: =+VLOOKUP($B11,#REF!,5,0) -> #REF! | G11: =+VLOOKUP($B11,#REF!,6,0) -> #REF! | I11: =SUM(D11:H11) -> #REF! | J11: =+VLOOKUP($B11,GUM!C16:AD99,12,0) -> 0 | K11: =ROUNDUP((J11-I11)/$D$3,0) -> #REF! | M11: 0 | N11: 0 | O11: 0 | P11: 0 | R11: =SUM(M11:M11) -> 0 | S11: =+VLOOKUP($B11,GUM!C17:AD49,15,0) -> 0 | T11: =ROUNDUP((S11-R11)/$M$3,0) -> 0 | V11: 0 | W11: 0 | X11: 0 | Y11: 0 | AA11: =SUM(V11:V11) -> 0 | AB11: =+VLOOKUP($B11,GUM!C17:AC49,18,0) -> 0 | AC11: =ROUNDUP((AB11-AA11)/$V$3,0) -> 0 | AE11: 0 | AF11: 0 | AG11: 0 | AH11: 0 | AJ11: =SUM(AE11:AE11) -> 0 | AK11: =+VLOOKUP($B11,GUM!C17:AD49,21,0) -> 0 | AL11: =ROUNDUP((AK11-AJ11)/$AE$3,) -> #VALUE! | AN11: 0 | AO11: 0 | AP11: 0 | AQ11: 0 | AS11: =SUM(AN11:AN11) -> 0 | AT11: =+VLOOKUP($B11,GUM!C17:AD49,24,0) -> 0 | AU11: =ROUNDUP((AT11-AS11)/$AE$3,) -> #VALUE! | AW11: 0 | AX11: 0 | AY11: 0 | AZ11: 0 | BB11: =SUM(AW11:AW11) -> 0 | BC11: =+VLOOKUP($B11,GUM!C17:AD49,27,0) -> 0 | BD11: =ROUNDUP((BC11-BB11)/$AE$3,) -> #VALUE!
B12: =+GUM!C18 -> 82115-0E480 | C12: =GUM!D18 -> J 0101 | D12: =+VLOOKUP($B12,#REF!,3,0) -> #REF! | E12: =+VLOOKUP($B12,#REF!,4,0) -> #REF! | F12: =+VLOOKUP($B12,#REF!,5,0) -> #REF! | G12: =+VLOOKUP($B12,#REF!,6,0) -> #REF! | I12: =SUM(D12:H12) -> #REF! | J12: =+VLOOKUP($B12,GUM!C15:AD98,12,0) -> 0 | K12: =ROUNDUP((J12-I12)/$D$3,0) -> #REF! | M12: 0 | N12: 0 | O12: 0 | P12: 0 | R12: =SUM(M12:M12) -> 0 | S12: =+VLOOKUP($B12,GUM!C18:AD50,15,0) -> 0 | T12: =ROUNDUP((S12-R12)/$M$3,0) -> 0 | V12: 0 | W12: 0 | X12: 0 | Y12: 0 | AA12: =SUM(V12:V12) -> 0 | AB12: =+VLOOKUP($B12,GUM!C18:AC50,18,0) -> 0 | AC12: =ROUNDUP((AB12-AA12)/$V$3,0) -> 0 | AE12: 0 | AF12: 0 | AG12: 0 | AH12: 0 | AJ12: =SUM(AE12:AE12) -> 0 | AK12: =+VLOOKUP($B12,GUM!C18:AD50,21,0) -> 0 | AL12: =ROUNDUP((AK12-AJ12)/$AE$3,) -> #VALUE! | AN12: 0 | AO12: 0 | AP12: 0 | AQ12: 0 | AS12: =SUM(AN12:AN12) -> 0 | AT12: =+VLOOKUP($B12,GUM!C18:AD50,24,0) -> 0 | AU12: =ROUNDUP((AT12-AS12)/$AE$3,) -> #VALUE! | AW12: 0 | AX12: 0 | AY12: 0 | AZ12: 0 | BB12: =SUM(AW12:AW12) -> 0 | BC12: =+VLOOKUP($B12,GUM!C18:AD50,27,0) -> 0 | BD12: =ROUNDUP((BC12-BB12)/$AE$3,) -> #VALUE!
B13: =+GUM!C19 -> 82115-0E490 K | C13: =GUM!D19 -> K 0001 | M13: =VLOOKUP($B13,#REF!,12,0) -> #REF! | N13: =VLOOKUP($B13,#REF!,13,0) -> #REF! | O13: =VLOOKUP($B13,#REF!,14,0) -> #REF! | P13: =VLOOKUP($B13,#REF!,15,0) -> #REF! | Q13: =VLOOKUP($B13,#REF!,16,0) -> #REF! | R13: =SUM(M13:M13) -> #REF! | S13: =+VLOOKUP($B13,GUM!C19:AD51,15,0) -> #REF! | T13: =ROUNDUP((S13-R13)/$M$3,0) -> #REF! | V13: =VLOOKUP($B13,#REF!,17,0) -> #REF! | W13: =VLOOKUP($B13,#REF!,18,0) -> #REF! | X13: =VLOOKUP($B13,#REF!,19,0) -> #REF! | Y13: =VLOOKUP($B13,#REF!,20,0) -> #REF! | AA13: =SUM(V13:V13) -> #REF! | AB13: =+VLOOKUP($B13,GUM!C19:AC51,18,0) -> #REF! | AC13: =ROUNDUP((AB13-AA13)/$V$3,0) -> #REF! | AE13: =VLOOKUP($B13,#REF!,21,0) -> #REF! | AF13: =VLOOKUP($B13,#REF!,22,0) -> #REF! | AG13: =VLOOKUP($B13,#REF!,23,0) -> #REF! | AH13: =VLOOKUP($B13,#REF!,24,0) -> #REF! | AJ13: =SUM(AE13:AE13) -> #REF! | AK13: =+VLOOKUP($B13,GUM!C19:AD51,21,0) -> #REF! | AL13: =ROUNDUP((AK13-AJ13)/$AE$3,) -> #REF! | AN13: =VLOOKUP($B13,#REF!,25,0) -> #REF! | AO13: =VLOOKUP($B13,#REF!,26,0) -> #REF! | AP13: =VLOOKUP($B13,#REF!,27,0) -> #REF! | AQ13: =VLOOKUP($B13,#REF!,28,0) -> #REF! | AR13: =VLOOKUP($B13,#REF!,29,0) -> #REF! | AS13: =SUM(AN13:AN13) -> #REF! | AT13: =+VLOOKUP($B13,GUM!C19:AD51,24,0) -> #REF! | AU13: =ROUNDUP((AT13-AS13)/$AE$3,) -> #REF! | AW13: =VLOOKUP($B13,#REF!,30,0) -> #REF! | AX13: =VLOOKUP($B13,#REF!,31,0) -> #REF! | AY13: =VLOOKUP($B13,#REF!,32,0) -> #REF! | AZ13: =VLOOKUP($B13,#REF!,33,0) -> #REF! | BB13: =SUM(AW13:AW13) -> #REF! | BC13: =+VLOOKUP($B13,GUM!C19:AD51,27,0) -> #REF! | BD13: =ROUNDUP((BC13-BB13)/$AE$3,) -> #REF!
B14: =+GUM!C20 -> 82115-0EA10 K | C14: =GUM!D20 -> K 0001 | M14: =VLOOKUP($B14,#REF!,12,0) -> #REF! | N14: =VLOOKUP($B14,#REF!,13,0) -> #REF! | O14: =VLOOKUP($B14,#REF!,14,0) -> #REF! | P14: =VLOOKUP($B14,#REF!,15,0) -> #REF! | Q14: =VLOOKUP($B14,#REF!,16,0) -> #REF! | R14: =SUM(M14:Q14) -> #REF! | S14: =+VLOOKUP($B14,GUM!C20:AD52,15,0) -> #REF! | T14: =ROUNDUP((S14-R14)/$M$3,0) -> #REF! | V14: =VLOOKUP($B14,#REF!,17,0) -> #REF! | W14: =VLOOKUP($B14,#REF!,18,0) -> #REF! | X14: =VLOOKUP($B14,#REF!,19,0) -> #REF! | Y14: =VLOOKUP($B14,#REF!,20,0) -> #REF! | AA14: =SUM(V14:Z14) -> #REF! | AB14: =+VLOOKUP($B14,GUM!C20:AC52,18,0) -> #REF! | AC14: =ROUNDUP((AB14-AA14)/$V$3,0) -> #REF! | AE14: =VLOOKUP($B14,#REF!,21,0) -> #REF! | AF14: =VLOOKUP($B14,#REF!,22,0) -> #REF! | AG14: =VLOOKUP($B14,#REF!,23,0) -> #REF! | AH14: =VLOOKUP($B14,#REF!,24,0) -> #REF! | AJ14: =SUM(AE14:AI14) -> #REF! | AK14: =+VLOOKUP($B14,GUM!C20:AD52,21,0) -> #REF! | AL14: =ROUNDUP((AK14-AJ14)/$AE$3,) -> #REF! | AN14: =VLOOKUP($B14,#REF!,25,0) -> #REF! | AO14: =VLOOKUP($B14,#REF!,26,0) -> #REF! | AP14: =VLOOKUP($B14,#REF!,27,0) -> #REF! | AQ14: =VLOOKUP($B14,#REF!,28,0) -> #REF! | AR14: =VLOOKUP($B14,#REF!,29,0) -> #REF! | AS14: =SUM(AN14:AR14) -> #REF! | AT14: =+VLOOKUP($B14,GUM!C20:AD52,24,0) -> #REF! | AU14: =ROUNDUP((AT14-AS14)/$AE$3,) -> #REF! | AW14: =VLOOKUP($B14,#REF!,30,0) -> #REF! | AX14: =VLOOKUP($B14,#REF!,31,0) -> #REF! | AY14: =VLOOKUP($B14,#REF!,32,0) -> #REF! | AZ14: =VLOOKUP($B14,#REF!,33,0) -> #REF! | BB14: =SUM(AW14:BA14) -> #REF! | BC14: =+VLOOKUP($B14,GUM!C20:AD52,27,0) -> #REF! | BD14: =ROUNDUP((BC14-BB14)/$AE$3,) -> #REF!
B15: =+GUM!C21 -> 82115-0E600 | C15: =GUM!D21 -> H 0201 | D15: =+VLOOKUP($B15,#REF!,3,0) -> #REF! | E15: =+VLOOKUP($B15,#REF!,4,0) -> #REF! | F15: =+VLOOKUP($B15,#REF!,5,0) -> #REF! | G15: =+VLOOKUP($B15,#REF!,6,0) -> #REF! | I15: =SUM(D15:H15) -> #REF! | J15: =+VLOOKUP($B15,GUM!C20:AD102,12,0) -> 0 | K15: =ROUNDUP((J15-I15)/$D$3,0) -> #REF!
B16: =+GUM!C22 -> 82115-0E610 | C16: =GUM!D22 -> H 0201 | D16: =+VLOOKUP($B16,#REF!,3,0) -> #REF! | E16: =+VLOOKUP($B16,#REF!,4,0) -> #REF! | F16: =+VLOOKUP($B16,#REF!,5,0) -> #REF! | G16: =+VLOOKUP($B16,#REF!,6,0) -> #REF! | I16: =SUM(D16:H16) -> #REF! | J16: =+VLOOKUP($B16,GUM!C21:AD105,12,0) -> 0 | K16: =ROUNDUP((J16-I16)/$D$3,0) -> #REF!
B17: =+GUM!C23 -> 82115-0E620 | C17: =GUM!D23 -> H 0201 | D17: =+VLOOKUP($B17,#REF!,3,0) -> #REF! | E17: =+VLOOKUP($B17,#REF!,4,0) -> #REF! | F17: =+VLOOKUP($B17,#REF!,5,0) -> #REF! | G17: =+VLOOKUP($B17,#REF!,6,0) -> #REF! | I17: =SUM(D17:H17) -> #REF! | J17: =+VLOOKUP($B17,GUM!C22:AD106,12,0) -> 0 | K17: =ROUNDUP((J17-I17)/$D$3,0) -> #REF!
B18: =+GUM!C24 -> 82115-0EA40 | C18: =GUM!D24 -> H 0201 | D18: =+VLOOKUP($B18,#REF!,3,0) -> #REF! | E18: =+VLOOKUP($B18,#REF!,4,0) -> #REF! | F18: =+VLOOKUP($B18,#REF!,5,0) -> #REF! | G18: =+VLOOKUP($B18,#REF!,6,0) -> #REF! | I18: =SUM(D18:H18) -> #REF! | J18: =+VLOOKUP($B18,GUM!C21:AD105,12,0) -> 0 | K18: =ROUNDUP((J18-I18)/$D$3,0) -> #REF!
B19: =+GUM!C25 -> 82115-0EA50 | C19: =GUM!D25 -> H 0201
B20: =+GUM!C26 -> 82115-0EA60 | C20: =GUM!D26 -> H 0201
B21: =+GUM!C27 -> 82115-0EA70 | C21: =GUM!D27 -> H 0201
B22: =+GUM!C28 -> 82115-0EG40 | C22: =GUM!D28 -> H 0201
B23: =+GUM!C29 -> 82115-0E470 F | C23: =GUM!D29 -> G 0001 | D23: 0 | E23: 0 | F23: 0 | G23: 0 | H23: 0 | I23: =SUM(D23:H23) -> 0 | J23: 0 | K23: 0
B24: =+GUM!C30 -> 82115-0E480 K | C24: =GUM!D30 -> K 0301 | D24: =+VLOOKUP($B24,#REF!,3,0) -> #REF! | E24: =+VLOOKUP($B24,#REF!,4,0) -> #REF! | F24: =+VLOOKUP($B24,#REF!,5,0) -> #REF! | G24: =+VLOOKUP($B24,#REF!,6,0) -> #REF! | I24: =SUM(D24:H24) -> #REF! | J24: =+VLOOKUP($B24,GUM!C29:AD114,12,0) -> #REF! | K24: =ROUNDUP((J24-I24)/$D$3,0) -> #REF! | M24: =VLOOKUP($B24,#REF!,12,0) -> #REF! | N24: =VLOOKUP($B24,#REF!,13,0) -> #REF! | O24: =VLOOKUP($B24,#REF!,14,0) -> #REF! | P24: =VLOOKUP($B24,#REF!,15,0) -> #REF! | Q24: =VLOOKUP($B24,#REF!,16,0) -> #REF! | R24: =SUM(M24:Q24) -> #REF! | S24: =+VLOOKUP($B24,GUM!C30:AD62,15,0) -> #REF! | T24: =ROUNDUP((S24-R24)/$M$3,0) -> #REF! | V24: =VLOOKUP($B24,#REF!,17,0) -> #REF! | W24: =VLOOKUP($B24,#REF!,18,0) -> #REF! | X24: =VLOOKUP($B24,#REF!,19,0) -> #REF! | Y24: =VLOOKUP($B24,#REF!,20,0) -> #REF! | AA24: =SUM(V24:Z24) -> #REF! | AB24: =+VLOOKUP($B24,GUM!C30:AC62,18,0) -> #REF! | AC24: =ROUNDUP((AB24-AA24)/$V$3,0) -> #REF! | AE24: =VLOOKUP($B24,#REF!,21,0) -> #REF! | AF24: =VLOOKUP($B24,#REF!,22,0) -> #REF! | AG24: =VLOOKUP($B24,#REF!,23,0) -> #REF! | AH24: =VLOOKUP($B24,#REF!,24,0) -> #REF! | AJ24: =SUM(AE24:AI24) -> #REF! | AK24: =+VLOOKUP($B24,GUM!C30:AD62,21,0) -> #REF! | AL24: =ROUNDUP((AK24-AJ24)/$AE$3,) -> #REF! | AN24: =VLOOKUP($B24,#REF!,25,0) -> #REF! | AO24: =VLOOKUP($B24,#REF!,26,0) -> #REF! | AP24: =VLOOKUP($B24,#REF!,27,0) -> #REF! | AQ24: =VLOOKUP($B24,#REF!,28,0) -> #REF! | AR24: =VLOOKUP($B24,#REF!,29,0) -> #REF! | AS24: =SUM(AN24:AR24) -> #REF! | AT24: =+VLOOKUP($B24,GUM!C30:AD62,24,0) -> #REF! | AU24: =ROUNDUP((AT24-AS24)/$AE$3,) -> #REF! | AW24: =VLOOKUP($B24,#REF!,30,0) -> #REF! | AX24: =VLOOKUP($B24,#REF!,31,0) -> #REF! | AY24: =VLOOKUP($B24,#REF!,32,0) -> #REF! | AZ24: =VLOOKUP($B24,#REF!,33,0) -> #REF! | BB24: =SUM(AW24:BA24) -> #REF! | BC24: =+VLOOKUP($B24,GUM!C30:AD62,27,0) -> #REF! | BD24: =ROUNDUP((BC24-BB24)/$AE$3,) -> #REF! | BF24: 82115-0E480
B25: =+GUM!C31 -> 82115-0E490 J | C25: =GUM!D31 -> J 1101 | D25: =+VLOOKUP($B25,#REF!,3,0) -> #REF! | E25: =+VLOOKUP($B25,#REF!,4,0) -> #REF! | F25: =+VLOOKUP($B25,#REF!,5,0) -> #REF! | G25: =+VLOOKUP($B25,#REF!,6,0) -> #REF! | I25: =SUM(D25:H25) -> #REF! | J25: =+VLOOKUP($B25,GUM!C30:AD115,12,0) -> #REF! | K25: =ROUNDUP((J25-I25)/$D$3,0) -> #REF! | M25: =VLOOKUP($B25,#REF!,12,0) -> #REF! | N25: =VLOOKUP($B25,#REF!,13,0) -> #REF! | O25: =VLOOKUP($B25,#REF!,14,0) -> #REF! | P25: =VLOOKUP($B25,#REF!,15,0) -> #REF! | Q25: =VLOOKUP($B25,#REF!,16,0) -> #REF! | R25: =SUM(M25:Q25) -> #REF! | S25: =+VLOOKUP($B25,GUM!C31:AD63,15,0) -> #REF! | T25: =ROUNDUP((S25-R25)/$M$3,0) -> #REF! | V25: =VLOOKUP($B25,#REF!,17,0) -> #REF! | W25: =VLOOKUP($B25,#REF!,18,0) -> #REF! | X25: =VLOOKUP($B25,#REF!,19,0) -> #REF! | Y25: =VLOOKUP($B25,#REF!,20,0) -> #REF! | AA25: =SUM(V25:Z25) -> #REF! | AB25: =+VLOOKUP($B25,GUM!C31:AC63,18,0) -> #REF! | AC25: =ROUNDUP((AB25-AA25)/$V$3,0) -> #REF! | AE25: =VLOOKUP($B25,#REF!,21,0) -> #REF! | AF25: =VLOOKUP($B25,#REF!,22,0) -> #REF! | AG25: =VLOOKUP($B25,#REF!,23,0) -> #REF! | AH25: =VLOOKUP($B25,#REF!,24,0) -> #REF! | AJ25: =SUM(AE25:AI25) -> #REF! | AK25: =+VLOOKUP($B25,GUM!C31:AD63,21,0) -> #REF! | AL25: =ROUNDUP((AK25-AJ25)/$AE$3,) -> #REF! | AN25: =VLOOKUP($B25,#REF!,25,0) -> #REF! | AO25: =VLOOKUP($B25,#REF!,26,0) -> #REF! | AP25: =VLOOKUP($B25,#REF!,27,0) -> #REF! | AQ25: =VLOOKUP($B25,#REF!,28,0) -> #REF! | AR25: =VLOOKUP($B25,#REF!,29,0) -> #REF! | AS25: =SUM(AN25:AR25) -> #REF! | AT25: =+VLOOKUP($B25,GUM!C31:AD63,24,0) -> #REF! | AU25: =ROUNDUP((AT25-AS25)/$AE$3,) -> #REF! | AW25: =VLOOKUP($B25,#REF!,30,0) -> #REF! | AX25: =VLOOKUP($B25,#REF!,31,0) -> #REF! | AY25: =VLOOKUP($B25,#REF!,32,0) -> #REF! | AZ25: =VLOOKUP($B25,#REF!,33,0) -> #REF! | BB25: =SUM(AW25:BA25) -> #REF! | BC25: =+VLOOKUP($B25,GUM!C31:AD63,27,0) -> #REF! | BD25: =ROUNDUP((BC25-BB25)/$AE$3,) -> #REF! | BF25: 82115-0E490 H
B26: =+GUM!C32 -> 82115-0EA10 J | C26: =GUM!D32 -> J 1101 | D26: =+VLOOKUP($B26,#REF!,3,0) -> #REF! | E26: =+VLOOKUP($B26,#REF!,4,0) -> #REF! | F26: =+VLOOKUP($B26,#REF!,5,0) -> #REF! | G26: =+VLOOKUP($B26,#REF!,6,0) -> #REF! | I26: =SUM(D26:H26) -> #REF! | J26: =+VLOOKUP($B26,GUM!C31:AD116,12,0) -> #REF! | K26: =ROUNDUP((J26-I26)/$D$3,0) -> #REF! | M26: =VLOOKUP($B26,#REF!,12,0) -> #REF! | N26: =VLOOKUP($B26,#REF!,13,0) -> #REF! | O26: =VLOOKUP($B26,#REF!,14,0) -> #REF! | P26: =VLOOKUP($B26,#REF!,15,0) -> #REF! | Q26: =VLOOKUP($B26,#REF!,16,0) -> #REF! | R26: =SUM(M26:Q26) -> #REF! | S26: =+VLOOKUP($B26,GUM!C32:AD64,15,0) -> #REF! | T26: =ROUNDUP((S26-R26)/$M$3,0) -> #REF! | V26: =VLOOKUP($B26,#REF!,17,0) -> #REF! | W26: =VLOOKUP($B26,#REF!,18,0) -> #REF! | X26: =VLOOKUP($B26,#REF!,19,0) -> #REF! | Y26: =VLOOKUP($B26,#REF!,20,0) -> #REF! | AA26: =SUM(V26:Z26) -> #REF! | AB26: =+VLOOKUP($B26,GUM!C32:AC64,18,0) -> #REF! | AC26: =ROUNDUP((AB26-AA26)/$V$3,0) -> #REF! | AE26: =VLOOKUP($B26,#REF!,21,0) -> #REF! | AF26: =VLOOKUP($B26,#REF!,22,0) -> #REF! | AG26: =VLOOKUP($B26,#REF!,23,0) -> #REF! | AH26: =VLOOKUP($B26,#REF!,24,0) -> #REF! | AJ26: =SUM(AE26:AI26) -> #REF! | AK26: =+VLOOKUP($B26,GUM!C32:AD64,21,0) -> #REF! | AL26: =ROUNDUP((AK26-AJ26)/$AE$3,) -> #REF! | AN26: =VLOOKUP($B26,#REF!,25,0) -> #REF! | AO26: =VLOOKUP($B26,#REF!,26,0) -> #REF! | AP26: =VLOOKUP($B26,#REF!,27,0) -> #REF! | AQ26: =VLOOKUP($B26,#REF!,28,0) -> #REF! | AR26: =VLOOKUP($B26,#REF!,29,0) -> #REF! | AS26: =SUM(AN26:AR26) -> #REF! | AT26: =+VLOOKUP($B26,GUM!C32:AD64,24,0) -> #REF! | AU26: =ROUNDUP((AT26-AS26)/$AE$3,) -> #REF! | AW26: =VLOOKUP($B26,#REF!,30,0) -> #REF! | AX26: =VLOOKUP($B26,#REF!,31,0) -> #REF! | AY26: =VLOOKUP($B26,#REF!,32,0) -> #REF! | AZ26: =VLOOKUP($B26,#REF!,33,0) -> #REF! | BB26: =SUM(AW26:BA26) -> #REF! | BC26: =+VLOOKUP($B26,GUM!C32:AD64,27,0) -> #REF! | BD26: =ROUNDUP((BC26-BB26)/$AE$3,) -> #REF! | BF26: 82115-0EA10 H
B27: =+GUM!C33 -> 82115-0E570 G | C27: =GUM!D33 -> G 1001 | D27: =+VLOOKUP($B27,#REF!,3,0) -> #REF! | E27: =+VLOOKUP($B27,#REF!,4,0) -> #REF! | F27: =+VLOOKUP($B27,#REF!,5,0) -> #REF! | G27: =+VLOOKUP($B27,#REF!,6,0) -> #REF! | I27: =SUM(D27:H27) -> #REF! | J27: =+VLOOKUP($B27,GUM!C30:AD115,12,0) -> 0 | K27: =ROUNDUP((J27-I27)/$D$3,0) -> #REF! | BF27: 82115-0E570 G
B28: =+GUM!C34 -> 82115-0E580 G | C28: =GUM!D34 -> G 1001 | BF28: 82115-0E580 G
B29: =+GUM!C35 -> 82115-0E590 G | C29: =GUM!D35 -> G 1001 | BF29: 82115-0E590 G
B30: =+GUM!C36 -> 82115-0E600 G | C30: =GUM!D36 -> G 1001 | D30: =+VLOOKUP($B30,#REF!,3,0) -> #REF! | E30: =+VLOOKUP($B30,#REF!,4,0) -> #REF! | F30: =+VLOOKUP($B30,#REF!,5,0) -> #REF! | G30: =+VLOOKUP($B30,#REF!,6,0) -> #REF! | I30: =SUM(D30:H30) -> #REF! | J30: =+VLOOKUP($B30,GUM!C35:AD119,12,0) -> 0 | K30: =ROUNDUP((J30-I30)/$D$3,0) -> #REF! | BF30: 82115-0E600 G
B31: =+GUM!C37 -> 82115-0E610 G | C31: =GUM!D37 -> G 1001 | D31: =+VLOOKUP($B31,#REF!,3,0) -> #REF! | E31: =+VLOOKUP($B31,#REF!,4,0) -> #REF! | F31: =+VLOOKUP($B31,#REF!,5,0) -> #REF! | G31: =+VLOOKUP($B31,#REF!,6,0) -> #REF! | I31: =SUM(D31:H31) -> #REF! | J31: =+VLOOKUP($B31,GUM!C36:AD123,12,0) -> 0 | K31: =ROUNDUP((J31-I31)/$D$3,0) -> #REF! | BF31: 82115-0E610 G
B32: =+GUM!C38 -> 82115-0E620 G | C32: =GUM!D38 -> G 1001 | D32: =+VLOOKUP($B32,#REF!,3,0) -> #REF! | E32: =+VLOOKUP($B32,#REF!,4,0) -> #REF! | F32: =+VLOOKUP($B32,#REF!,5,0) -> #REF! | G32: =+VLOOKUP($B32,#REF!,6,0) -> #REF! | I32: =SUM(D32:H32) -> #REF! | J32: =+VLOOKUP($B32,GUM!C37:AD124,12,0) -> 0 | K32: =ROUNDUP((J32-I32)/$D$3,0) -> #REF! | BF32: 82115-0E620 G
B33: =+GUM!C39 -> 82115-0EA40 G | C33: =GUM!D39 -> G 1001 | D33: =+VLOOKUP($B33,#REF!,3,0) -> #REF! | E33: =+VLOOKUP($B33,#REF!,4,0) -> #REF! | F33: =+VLOOKUP($B33,#REF!,5,0) -> #REF! | G33: =+VLOOKUP($B33,#REF!,6,0) -> #REF! | I33: =SUM(D33:H33) -> #REF! | J33: =+VLOOKUP($B33,GUM!C36:AD123,12,0) -> 0 | K33: =ROUNDUP((J33-I33)/$D$3,0) -> #REF! | BF33: 82115-0EA40 G
B34: =+GUM!C40 -> 82115-0EA50 G | C34: =GUM!D40 -> G 1001 | BF34: 82115-0EA50 G
B35: =+GUM!C41 -> 82115-0EA60 G | C35: =GUM!D41 -> G 1001 | BF35: 82115-0EA60 G
B36: =+GUM!C42 -> 82115-0EA70 G | C36: =GUM!D42 -> G 1001 | BF36: 82115-0EA70 G
B37: =+GUM!C43 -> 82115-0EG40 G | C37: =GUM!D43 -> G 1001 | BF37: 82115-0EG40 G
A38: =GUM!A44 -> LHD GAS | B38: =+GUM!C44 -> 82115-0E440 H | C38: =GUM!D44 -> H 0001 | M38: 0 | N38: 0 | O38: 0 | P38: 0 | R38: =SUM(M38:Q38) -> 0 | S38: =+VLOOKUP($B38,GUM!C44:AD76,15,0) -> 0 | T38: =ROUNDUP((S38-R38)/$M$3,0) -> 0 | V38: 0 | W38: 0 | X38: 0 | Y38: 0 | AA38: =SUM(V38:Z38) -> 0 | AB38: =+VLOOKUP($B38,GUM!C44:AC76,18,0) -> 0 | AC38: =ROUNDUP((AB38-AA38)/$V$3,0) -> 0 | AE38: 0 | AF38: 0 | AG38: 0 | AH38: 0 | AJ38: =SUM(AE38:AI38) -> 0 | AK38: =+VLOOKUP($B38,GUM!C44:AD76,21,0) -> 0 | AL38: =ROUNDUP((AK38-AJ38)/$AE$3,) -> #VALUE! | AN38: 0 | AO38: 0 | AP38: 0 | AQ38: 0 | AS38: =SUM(AN38:AR38) -> 0 | AT38: =+VLOOKUP($B38,GUM!C44:AD76,24,0) -> 0 | AU38: =ROUNDUP((AT38-AS38)/$AE$3,) -> #VALUE! | AW38: 0 | AX38: 0 | AY38: 0 | AZ38: 0 | BB38: =SUM(AW38:BA38) -> 0 | BC38: =+VLOOKUP($B38,GUM!C44:AD76,27,0) -> 0 | BD38: =ROUNDUP((BC38-BB38)/$AE$3,) -> #VALUE! | BF38: 82115-0E440 H
B39: =+GUM!C45 -> 82115-0E450 H | C39: =GUM!D45 -> H 0001 | M39: 0 | N39: 0 | O39: 0 | P39: 0 | R39: =SUM(M39:Q39) -> 0 | S39: =+VLOOKUP($B39,GUM!C45:AD77,15,0) -> 0 | T39: =ROUNDUP((S39-R39)/$M$3,0) -> 0 | V39: 0 | W39: 0 | X39: 0 | Y39: 0 | AA39: =SUM(V39:Z39) -> 0 | AB39: =+VLOOKUP($B39,GUM!C45:AC77,18,0) -> 0 | AC39: =ROUNDUP((AB39-AA39)/$V$3,0) -> 0 | AE39: 0 | AF39: 0 | AG39: 0 | AH39: 0 | AJ39: =SUM(AE39:AI39) -> 0 | AK39: =+VLOOKUP($B39,GUM!C45:AD77,21,0) -> 0 | AL39: =ROUNDUP((AK39-AJ39)/$AE$3,) -> #VALUE! | AN39: 0 | AO39: 0 | AP39: 0 | AQ39: 0 | AS39: =SUM(AN39:AR39) -> 0 | AT39: =+VLOOKUP($B39,GUM!C45:AD77,24,0) -> 0 | AU39: =ROUNDUP((AT39-AS39)/$AE$3,) -> #VALUE! | AW39: 0 | AX39: 0 | AY39: 0 | AZ39: 0 | BB39: =SUM(AW39:BA39) -> 0 | BC39: =+VLOOKUP($B39,GUM!C45:AD77,27,0) -> 0 | BD39: =ROUNDUP((BC39-BB39)/$AE$3,) -> #VALUE! | BF39: 82115-0E450 H
B40: =+GUM!C46 -> 82115-0E460 H | C40: =GUM!D46 -> H 0001 | M40: 0 | N40: 0 | O40: 0 | P40: 0 | R40: =SUM(M40:Q40) -> 0 | S40: =+VLOOKUP($B40,GUM!C46:AD78,15,0) -> 0 | T40: =ROUNDUP((S40-R40)/$M$3,0) -> 0 | V40: 0 | W40: 0 | X40: 0 | Y40: 0 | AA40: =SUM(V40:Z40) -> 0 | AB40: =+VLOOKUP($B40,GUM!C46:AC78,18,0) -> 0 | AC40: =ROUNDUP((AB40-AA40)/$V$3,0) -> 0 | AE40: 0 | AF40: 0 | AG40: 0 | AH40: 0 | AJ40: =SUM(AE40:AI40) -> 0 | AK40: =+VLOOKUP($B40,GUM!C46:AD78,21,0) -> 0 | AL40: =ROUNDUP((AK40-AJ40)/$AE$3,) -> #VALUE! | AN40: 0 | AO40: 0 | AP40: 0 | AQ40: 0 | AS40: =SUM(AN40:AR40) -> 0 | AT40: =+VLOOKUP($B40,GUM!C46:AD78,24,0) -> 0 | AU40: =ROUNDUP((AT40-AS40)/$AE$3,) -> #VALUE! | AW40: 0 | AX40: 0 | AY40: 0 | AZ40: 0 | BB40: =SUM(AW40:BA40) -> 0 | BC40: =+VLOOKUP($B40,GUM!C46:AD78,27,0) -> 0 | BD40: =ROUNDUP((BC40-BB40)/$AE$3,) -> #VALUE! | BF40: 82115-0E460 H
B41: =+GUM!C47 -> 82115-0EA00 H | C41: =GUM!D47 -> H 0001 | M41: 0 | N41: 0 | O41: 0 | P41: 0 | R41: =SUM(M41:Q41) -> 0 | S41: =+VLOOKUP($B41,GUM!C47:AD79,15,0) -> 0 | T41: =ROUNDUP((S41-R41)/$M$3,0) -> 0 | V41: 0 | W41: 0 | X41: 0 | Y41: 0 | AA41: =SUM(V41:Z41) -> 0 | AB41: =+VLOOKUP($B41,GUM!C47:AC79,18,0) -> 0 | AC41: =ROUNDUP((AB41-AA41)/$V$3,0) -> 0 | AE41: 0 | AF41: 0 | AG41: 0 | AH41: 0 | AJ41: =SUM(AE41:AI41) -> 0 | AK41: =+VLOOKUP($B41,GUM!C47:AD79,21,0) -> 0 | AL41: =ROUNDUP((AK41-AJ41)/$AE$3,) -> #VALUE! | AN41: 0 | AO41: 0 | AP41: 0 | AQ41: 0 | AS41: =SUM(AN41:AR41) -> 0 | AT41: =+VLOOKUP($B41,GUM!C47:AD79,24,0) -> 0 | AU41: =ROUNDUP((AT41-AS41)/$AE$3,) -> #VALUE! | AW41: 0 | AX41: 0 | AY41: 0 | AZ41: 0 | BB41: =SUM(AW41:BA41) -> 0 | BC41: =+VLOOKUP($B41,GUM!C47:AD79,27,0) -> 0 | BD41: =ROUNDUP((BC41-BB41)/$AE$3,) -> #VALUE! | BF41: 82115-0EA00 H
B42: =+GUM!C48 -> 82115-0E500 | C42: =GUM!D48 -> J 0001 | R42: =SUM(M42:M42) -> 0 | S42: =+VLOOKUP($B42,GUM!C48:AD80,15,0) -> 0 | T42: =ROUNDUP((S42-R42)/$M$3,0) -> 0 | Z42: =+Q42 | AA42: =SUM(V42:V42) -> 0 | AB42: =+VLOOKUP($B42,GUM!C48:AC80,18,0) -> 0 | AC42: =ROUNDUP((AB42-AA42)/$V$3,0) -> 0 | AJ42: =SUM(AE42:AE42) -> 0 | AK42: =+VLOOKUP($B42,GUM!C48:AD80,21,0) -> 0 | AL42: =ROUNDUP((AK42-AJ42)/$AE$3,) -> #VALUE! | AO42: =+AF42 | AP42: =+AG42 | AQ42: =+AH42 | AS42: =SUM(AN42:AN42) -> 0 | AT42: =+VLOOKUP($B42,GUM!C48:AD80,24,0) -> 0 | AU42: =ROUNDUP((AT42-AS42)/$AE$3,) -> #VALUE! | AX42: 0 | AY42: 0 | AZ42: =+AQ42 | BB42: =SUM(AW42:AW42) -> 0 | BC42: =+VLOOKUP($B42,GUM!C48:AD80,27,0) -> 0 | BD42: =ROUNDUP((BC42-BB42)/$AE$3,) -> #VALUE!
B43: =+GUM!C49 -> 82115-0E510 | C43: =GUM!D49 -> H 0001 | R43: =SUM(M43:M43) -> 0 | S43: =+VLOOKUP($B43,GUM!C49:AD81,15,0) -> 0 | T43: =ROUNDUP((S43-R43)/$M$3,0) -> 0 | Z43: =+Q43 | AA43: =SUM(V43:V43) -> 0 | AB43: =+VLOOKUP($B43,GUM!C49:AC81,18,0) -> 0 | AC43: =ROUNDUP((AB43-AA43)/$V$3,0) -> 0 | AJ43: =SUM(AE43:AE43) -> 0 | AK43: =+VLOOKUP($B43,GUM!C49:AD81,21,0) -> 0 | AL43: =ROUNDUP((AK43-AJ43)/$AE$3,) -> #VALUE! | AO43: =+AF43 | AP43: =+AG43 | AQ43: =+AH43 | AS43: =SUM(AN43:AN43) -> 0 | AT43: =+VLOOKUP($B43,GUM!C49:AD81,24,0) -> 0 | AU43: =ROUNDUP((AT43-AS43)/$AE$3,) -> #VALUE! | AX43: 0 | AY43: 0 | AZ43: =+AQ43 | BB43: =SUM(AW43:AW43) -> 0 | BC43: =+VLOOKUP($B43,GUM!C49:AD81,27,0) -> 0 | BD43: =ROUNDUP((BC43-BB43)/$AE$3,) -> #VALUE!
B44: =+GUM!C50 -> 82115-0E510 J | C44: =GUM!D50 -> J 0001 | R44: =SUM(M44:M44) -> 0 | S44: =+VLOOKUP($B44,GUM!C50:AD82,15,0) -> 0 | T44: =ROUNDUP((S44-R44)/$M$3,0) -> 0 | Z44: =+Q44 | AA44: =SUM(V44:V44) -> 0 | AB44: =+VLOOKUP($B44,GUM!C50:AC82,18,0) -> 0 | AC44: =ROUNDUP((AB44-AA44)/$V$3,0) -> 0 | AJ44: =SUM(AE44:AE44) -> 0 | AK44: =+VLOOKUP($B44,GUM!C50:AD82,21,0) -> 0 | AL44: =ROUNDUP((AK44-AJ44)/$AE$3,) -> #VALUE! | AO44: =+AF44 | AP44: =+AG44 | AQ44: =+AH44 | AS44: =SUM(AN44:AN44) -> 0 | AT44: =+VLOOKUP($B44,GUM!C50:AD82,24,0) -> 0 | AU44: =ROUNDUP((AT44-AS44)/$AE$3,) -> #VALUE! | AX44: 0 | AY44: 0 | AZ44: =+AQ44 | BB44: =SUM(AW44:AW44) -> 0 | BC44: =+VLOOKUP($B44,GUM!C50:AD82,27,0) -> 0 | BD44: =ROUNDUP((BC44-BB44)/$AE$3,) -> #VALUE!
B45: =+GUM!C51 -> 82115-0E530 | C45: =GUM!D51 -> H 0001 | R45: =SUM(M45:M45) -> 0 | S45: =+VLOOKUP($B45,GUM!C51:AD83,15,0) -> 0 | T45: =ROUNDUP((S45-R45)/$M$3,0) -> 0 | Z45: =+Q45 | AA45: =SUM(V45:V45) -> 0 | AB45: =+VLOOKUP($B45,GUM!C51:AC83,18,0) -> 0 | AC45: =ROUNDUP((AB45-AA45)/$V$3,0) -> 0 | AJ45: =SUM(AE45:AE45) -> 0 | AK45: =+VLOOKUP($B45,GUM!C51:AD83,21,0) -> 0 | AL45: =ROUNDUP((AK45-AJ45)/$AE$3,) -> #VALUE! | AO45: =+AF45 | AP45: =+AG45 | AQ45: =+AH45 | AS45: =SUM(AN45:AN45) -> 0 | AT45: =+VLOOKUP($B45,GUM!C51:AD83,24,0) -> 0 | AU45: =ROUNDUP((AT45-AS45)/$AE$3,) -> #VALUE! | AX45: 0 | AY45: 0 | AZ45: =+AQ45 | BB45: =SUM(AW45:AW45) -> 0 | BC45: =+VLOOKUP($B45,GUM!C51:AD83,27,0) -> 0 | BD45: =ROUNDUP((BC45-BB45)/$AE$3,) -> #VALUE!
B46: =+GUM!C52 -> 82115-0E530 J | C46: =GUM!D52 -> J 0001 | R46: =SUM(M46:M46) -> 0 | S46: =+VLOOKUP($B46,GUM!C52:AD84,15,0) -> 0 | T46: =ROUNDUP((S46-R46)/$M$3,0) -> 0 | Z46: =+Q46 | AA46: =SUM(V46:V46) -> 0 | AB46: =+VLOOKUP($B46,GUM!C52:AC84,18,0) -> 0 | AC46: =ROUNDUP((AB46-AA46)/$V$3,0) -> 0 | AJ46: =SUM(AE46:AE46) -> 0 | AK46: =+VLOOKUP($B46,GUM!C52:AD84,21,0) -> 0 | AL46: =ROUNDUP((AK46-AJ46)/$AE$3,) -> #VALUE! | AO46: =+AF46 | AP46: =+AG46 | AQ46: =+AH46 | AS46: =SUM(AN46:AN46) -> 0 | AT46: =+VLOOKUP($B46,GUM!C52:AD84,24,0) -> 0 | AU46: =ROUNDUP((AT46-AS46)/$AE$3,) -> #VALUE! | AX46: 0 | AY46: 0 | AZ46: =+AQ46 | BB46: =SUM(AW46:AW46) -> 0 | BC46: =+VLOOKUP($B46,GUM!C52:AD84,27,0) -> 0 | BD46: =ROUNDUP((BC46-BB46)/$AE$3,) -> #VALUE!
B47: =+GUM!C53 -> 82115-0E440. | C47: =GUM!D53 -> K 0001 | M47: =VLOOKUP($B47,#REF!,12,0) -> #REF! | N47: =VLOOKUP($B47,#REF!,13,0) -> #REF! | O47: =VLOOKUP($B47,#REF!,14,0) -> #REF! | P47: =VLOOKUP($B47,#REF!,15,0) -> #REF! | Q47: =VLOOKUP($B47,#REF!,16,0) -> #REF! | R47: =SUM(M47:M47) -> #REF! | S47: =+VLOOKUP($B47,GUM!C53:AD85,15,0) -> #REF! | T47: =ROUNDUP((S47-R47)/$M$3,0) -> #REF! | V47: =VLOOKUP($B47,#REF!,17,0) -> #REF! | W47: =VLOOKUP($B47,#REF!,18,0) -> #REF! | X47: =VLOOKUP($B47,#REF!,19,0) -> #REF! | Y47: =VLOOKUP($B47,#REF!,20,0) -> #REF! | AA47: =SUM(V47:V47) -> #REF! | AB47: =+VLOOKUP($B47,GUM!C53:AC85,18,0) -> #REF! | AC47: =ROUNDUP((AB47-AA47)/$V$3,0) -> #REF! | AE47: =VLOOKUP($B47,#REF!,21,0) -> #REF! | AF47: =VLOOKUP($B47,#REF!,22,0) -> #REF! | AG47: =VLOOKUP($B47,#REF!,23,0) -> #REF! | AH47: =VLOOKUP($B47,#REF!,24,0) -> #REF! | AJ47: =SUM(AE47:AE47) -> #REF! | AK47: =+VLOOKUP($B47,GUM!C53:AD85,21,0) -> #REF! | AL47: =ROUNDUP((AK47-AJ47)/$AE$3,) -> #REF! | AN47: =VLOOKUP($B47,#REF!,25,0) -> #REF! | AO47: =VLOOKUP($B47,#REF!,26,0) -> #REF! | AP47: =VLOOKUP($B47,#REF!,27,0) -> #REF! | AQ47: =VLOOKUP($B47,#REF!,28,0) -> #REF! | AR47: =VLOOKUP($B47,#REF!,29,0) -> #REF! | AS47: =SUM(AN47:AN47) -> #REF! | AT47: =+VLOOKUP($B47,GUM!C53:AD85,24,0) -> #REF! | AU47: =ROUNDUP((AT47-AS47)/$AE$3,) -> #REF! | AW47: =VLOOKUP($B47,#REF!,30,0) -> #REF! | AX47: =VLOOKUP($B47,#REF!,31,0) -> #REF! | AY47: =VLOOKUP($B47,#REF!,32,0) -> #REF! | AZ47: =VLOOKUP($B47,#REF!,33,0) -> #REF! | BB47: =SUM(AW47:AW47) -> #REF! | BC47: =+VLOOKUP($B47,GUM!C53:AD85,27,0) -> #REF! | BD47: =ROUNDUP((BC47-BB47)/$AE$3,) -> #REF!
B48: =+GUM!C54 -> 82115-0E450. | C48: =GUM!D54 -> K 0001 | M48: =VLOOKUP($B48,#REF!,12,0) -> #REF! | N48: =VLOOKUP($B48,#REF!,13,0) -> #REF! | O48: =VLOOKUP($B48,#REF!,14,0) -> #REF! | P48: =VLOOKUP($B48,#REF!,15,0) -> #REF! | Q48: =VLOOKUP($B48,#REF!,16,0) -> #REF! | R48: =SUM(M48:M48) -> #REF! | S48: =+VLOOKUP($B48,GUM!C54:AD86,15,0) -> #REF! | T48: =ROUNDUP((S48-R48)/$M$3,0) -> #REF! | V48: =VLOOKUP($B48,#REF!,17,0) -> #REF! | W48: =VLOOKUP($B48,#REF!,18,0) -> #REF! | X48: =VLOOKUP($B48,#REF!,19,0) -> #REF! | Y48: =VLOOKUP($B48,#REF!,20,0) -> #REF! | AA48: =SUM(V48:V48) -> #REF! | AB48: =+VLOOKUP($B48,GUM!C54:AC86,18,0) -> #REF! | AC48: =ROUNDUP((AB48-AA48)/$V$3,0) -> #REF! | AE48: =VLOOKUP($B48,#REF!,21,0) -> #REF! | AF48: =VLOOKUP($B48,#REF!,22,0) -> #REF! | AG48: =VLOOKUP($B48,#REF!,23,0) -> #REF! | AH48: =VLOOKUP($B48,#REF!,24,0) -> #REF! | AJ48: =SUM(AE48:AE48) -> #REF! | AK48: =+VLOOKUP($B48,GUM!C54:AD86,21,0) -> #REF! | AL48: =ROUNDUP((AK48-AJ48)/$AE$3,) -> #REF! | AN48: =VLOOKUP($B48,#REF!,25,0) -> #REF! | AO48: =VLOOKUP($B48,#REF!,26,0) -> #REF! | AP48: =VLOOKUP($B48,#REF!,27,0) -> #REF! | AQ48: =VLOOKUP($B48,#REF!,28,0) -> #REF! | AR48: =VLOOKUP($B48,#REF!,29,0) -> #REF! | AS48: =SUM(AN48:AN48) -> #REF! | AT48: =+VLOOKUP($B48,GUM!C54:AD86,24,0) -> #REF! | AU48: =ROUNDUP((AT48-AS48)/$AE$3,) -> #REF! | AW48: =VLOOKUP($B48,#REF!,30,0) -> #REF! | AX48: =VLOOKUP($B48,#REF!,31,0) -> #REF! | AY48: =VLOOKUP($B48,#REF!,32,0) -> #REF! | AZ48: =VLOOKUP($B48,#REF!,33,0) -> #REF! | BB48: =SUM(AW48:AW48) -> #REF! | BC48: =+VLOOKUP($B48,GUM!C54:AD86,27,0) -> #REF! | BD48: =ROUNDUP((BC48-BB48)/$AE$3,) -> #REF!
B49: =+GUM!C55 -> 82115-0E460. | C49: =GUM!D55 -> K 0001 | M49: =VLOOKUP($B49,#REF!,12,0) -> #REF! | N49: =VLOOKUP($B49,#REF!,13,0) -> #REF! | O49: =VLOOKUP($B49,#REF!,14,0) -> #REF! | P49: =VLOOKUP($B49,#REF!,15,0) -> #REF! | Q49: =VLOOKUP($B49,#REF!,16,0) -> #REF! | R49: =SUM(M49:M49) -> #REF! | S49: =+VLOOKUP($B49,GUM!C55:AD87,15,0) -> #REF! | T49: =ROUNDUP((S49-R49)/$M$3,0) -> #REF! | V49: =VLOOKUP($B49,#REF!,17,0) -> #REF! | W49: =VLOOKUP($B49,#REF!,18,0) -> #REF! | X49: =VLOOKUP($B49,#REF!,19,0) -> #REF! | Y49: =VLOOKUP($B49,#REF!,20,0) -> #REF! | AA49: =SUM(V49:V49) -> #REF! | AB49: =+VLOOKUP($B49,GUM!C55:AC87,18,0) -> #REF! | AC49: =ROUNDUP((AB49-AA49)/$V$3,0) -> #REF! | AE49: =VLOOKUP($B49,#REF!,21,0) -> #REF! | AF49: =VLOOKUP($B49,#REF!,22,0) -> #REF! | AG49: =VLOOKUP($B49,#REF!,23,0) -> #REF! | AH49: =VLOOKUP($B49,#REF!,24,0) -> #REF! | AJ49: =SUM(AE49:AE49) -> #REF! | AK49: =+VLOOKUP($B49,GUM!C55:AD87,21,0) -> #REF! | AL49: =ROUNDUP((AK49-AJ49)/$AE$3,) -> #REF! | AN49: =VLOOKUP($B49,#REF!,25,0) -> #REF! | AO49: =VLOOKUP($B49,#REF!,26,0) -> #REF! | AP49: =VLOOKUP($B49,#REF!,27,0) -> #REF! | AQ49: =VLOOKUP($B49,#REF!,28,0) -> #REF! | AR49: =VLOOKUP($B49,#REF!,29,0) -> #REF! | AS49: =SUM(AN49:AN49) -> #REF! | AT49: =+VLOOKUP($B49,GUM!C55:AD87,24,0) -> #REF! | AU49: =ROUNDUP((AT49-AS49)/$AE$3,) -> #REF! | AW49: =VLOOKUP($B49,#REF!,30,0) -> #REF! | AX49: =VLOOKUP($B49,#REF!,31,0) -> #REF! | AY49: =VLOOKUP($B49,#REF!,32,0) -> #REF! | AZ49: =VLOOKUP($B49,#REF!,33,0) -> #REF! | BB49: =SUM(AW49:AW49) -> #REF! | BC49: =+VLOOKUP($B49,GUM!C55:AD87,27,0) -> #REF! | BD49: =ROUNDUP((BC49-BB49)/$AE$3,) -> #REF!
B50: =+GUM!C56 -> 82115-0EA00. | C50: =GUM!D56 -> K 0001 | M50: =VLOOKUP($B50,#REF!,12,0) -> #REF! | N50: =VLOOKUP($B50,#REF!,13,0) -> #REF! | O50: =VLOOKUP($B50,#REF!,14,0) -> #REF! | P50: =VLOOKUP($B50,#REF!,15,0) -> #REF! | Q50: =VLOOKUP($B50,#REF!,16,0) -> #REF! | R50: =SUM(M50:M50) -> #REF! | S50: =+VLOOKUP($B50,GUM!C56:AD88,15,0) -> #REF! | T50: =ROUNDUP((S50-R50)/$M$3,0) -> #REF! | V50: =VLOOKUP($B50,#REF!,17,0) -> #REF! | W50: =VLOOKUP($B50,#REF!,18,0) -> #REF! | X50: =VLOOKUP($B50,#REF!,19,0) -> #REF! | Y50: =VLOOKUP($B50,#REF!,20,0) -> #REF! | AA50: =SUM(V50:V50) -> #REF! | AB50: =+VLOOKUP($B50,GUM!C56:AC88,18,0) -> #REF! | AC50: =ROUNDUP((AB50-AA50)/$V$3,0) -> #REF! | AE50: =VLOOKUP($B50,#REF!,21,0) -> #REF! | AF50: =VLOOKUP($B50,#REF!,22,0) -> #REF! | AG50: =VLOOKUP($B50,#REF!,23,0) -> #REF! | AH50: =VLOOKUP($B50,#REF!,24,0) -> #REF! | AJ50: =SUM(AE50:AE50) -> #REF! | AK50: =+VLOOKUP($B50,GUM!C56:AD88,21,0) -> #REF! | AL50: =ROUNDUP((AK50-AJ50)/$AE$3,) -> #REF! | AN50: =VLOOKUP($B50,#REF!,25,0) -> #REF! | AO50: =VLOOKUP($B50,#REF!,26,0) -> #REF! | AP50: =VLOOKUP($B50,#REF!,27,0) -> #REF! | AQ50: =VLOOKUP($B50,#REF!,28,0) -> #REF! | AR50: =VLOOKUP($B50,#REF!,29,0) -> #REF! | AS50: =SUM(AN50:AN50) -> #REF! | AT50: =+VLOOKUP($B50,GUM!C56:AD88,24,0) -> #REF! | AU50: =ROUNDUP((AT50-AS50)/$AE$3,) -> #REF! | AW50: =VLOOKUP($B50,#REF!,30,0) -> #REF! | AX50: =VLOOKUP($B50,#REF!,31,0) -> #REF! | AY50: =VLOOKUP($B50,#REF!,32,0) -> #REF! | AZ50: =VLOOKUP($B50,#REF!,33,0) -> #REF! | BB50: =SUM(AW50:AW50) -> #REF! | BC50: =+VLOOKUP($B50,GUM!C56:AD88,27,0) -> #REF! | BD50: =ROUNDUP((BC50-BB50)/$AE$3,) -> #REF!
B51: =+GUM!C57 -> 82115-0E440 L | C51: =GUM!D57 -> L 0001 | M51: =VLOOKUP($B51,#REF!,12,0) -> #REF! | N51: =VLOOKUP($B51,#REF!,13,0) -> #REF! | O51: =VLOOKUP($B51,#REF!,14,0) -> #REF! | P51: =VLOOKUP($B51,#REF!,15,0) -> #REF! | Q51: =VLOOKUP($B51,#REF!,16,0) -> #REF! | R51: =SUM(M51:M51) -> #REF! | S51: =+VLOOKUP($B51,GUM!C57:AD89,15,0) -> #REF! | T51: =ROUNDUP((S51-R51)/$M$3,0) -> #REF! | V51: =VLOOKUP($B51,#REF!,17,0) -> #REF! | W51: =VLOOKUP($B51,#REF!,18,0) -> #REF! | X51: =VLOOKUP($B51,#REF!,19,0) -> #REF! | Y51: =VLOOKUP($B51,#REF!,20,0) -> #REF! | AA51: =SUM(V51:V51) -> #REF! | AB51: =+VLOOKUP($B51,GUM!C57:AC89,18,0) -> #REF! | AC51: =ROUNDUP((AB51-AA51)/$V$3,0) -> #REF! | AE51: =VLOOKUP($B51,#REF!,21,0) -> #REF! | AF51: =VLOOKUP($B51,#REF!,22,0) -> #REF! | AG51: =VLOOKUP($B51,#REF!,23,0) -> #REF! | AH51: =VLOOKUP($B51,#REF!,24,0) -> #REF! | AJ51: =SUM(AE51:AE51) -> #REF! | AK51: =+VLOOKUP($B51,GUM!C57:AD89,21,0) -> #REF! | AL51: =ROUNDUP((AK51-AJ51)/$AE$3,) -> #REF! | AN51: =VLOOKUP($B51,#REF!,25,0) -> #REF! | AO51: =VLOOKUP($B51,#REF!,26,0) -> #REF! | AP51: =VLOOKUP($B51,#REF!,27,0) -> #REF! | AQ51: =VLOOKUP($B51,#REF!,28,0) -> #REF! | AR51: =VLOOKUP($B51,#REF!,29,0) -> #REF! | AS51: =SUM(AN51:AN51) -> #REF! | AT51: =+VLOOKUP($B51,GUM!C57:AD89,24,0) -> #REF! | AU51: =ROUNDUP((AT51-AS51)/$AE$3,) -> #REF! | AW51: =VLOOKUP($B51,#REF!,30,0) -> #REF! | AX51: =VLOOKUP($B51,#REF!,31,0) -> #REF! | AY51: =VLOOKUP($B51,#REF!,32,0) -> #REF! | AZ51: =VLOOKUP($B51,#REF!,33,0) -> #REF! | BB51: =SUM(AW51:AW51) -> #REF! | BC51: =+VLOOKUP($B51,GUM!C57:AD89,27,0) -> #REF! | BD51: =ROUNDUP((BC51-BB51)/$AE$3,) -> #REF!
B52: =+GUM!C58 -> 82115-0E450 L | C52: =GUM!D58 -> L 0001 | M52: =VLOOKUP($B52,#REF!,12,0) -> #REF! | N52: =VLOOKUP($B52,#REF!,13,0) -> #REF! | O52: =VLOOKUP($B52,#REF!,14,0) -> #REF! | P52: =VLOOKUP($B52,#REF!,15,0) -> #REF! | Q52: =VLOOKUP($B52,#REF!,16,0) -> #REF! | R52: =SUM(M52:M52) -> #REF! | S52: =+VLOOKUP($B52,GUM!C58:AD90,15,0) -> #REF! | T52: =ROUNDUP((S52-R52)/$M$3,0) -> #REF! | V52: =VLOOKUP($B52,#REF!,17,0) -> #REF! | W52: =VLOOKUP($B52,#REF!,18,0) -> #REF! | X52: =VLOOKUP($B52,#REF!,19,0) -> #REF! | Y52: =VLOOKUP($B52,#REF!,20,0) -> #REF! | AA52: =SUM(V52:V52) -> #REF! | AB52: =+VLOOKUP($B52,GUM!C58:AC90,18,0) -> #REF! | AC52: =ROUNDUP((AB52-AA52)/$V$3,0) -> #REF! | AE52: =VLOOKUP($B52,#REF!,21,0) -> #REF! | AF52: =VLOOKUP($B52,#REF!,22,0) -> #REF! | AG52: =VLOOKUP($B52,#REF!,23,0) -> #REF! | AH52: =VLOOKUP($B52,#REF!,24,0) -> #REF! | AJ52: =SUM(AE52:AE52) -> #REF! | AK52: =+VLOOKUP($B52,GUM!C58:AD90,21,0) -> #REF! | AL52: =ROUNDUP((AK52-AJ52)/$AE$3,) -> #REF! | AN52: =VLOOKUP($B52,#REF!,25,0) -> #REF! | AO52: =VLOOKUP($B52,#REF!,26,0) -> #REF! | AP52: =VLOOKUP($B52,#REF!,27,0) -> #REF! | AQ52: =VLOOKUP($B52,#REF!,28,0) -> #REF! | AR52: =VLOOKUP($B52,#REF!,29,0) -> #REF! | AS52: =SUM(AN52:AN52) -> #REF! | AT52: =+VLOOKUP($B52,GUM!C58:AD90,24,0) -> #REF! | AU52: =ROUNDUP((AT52-AS52)/$AE$3,) -> #REF! | AW52: =VLOOKUP($B52,#REF!,30,0) -> #REF! | AX52: =VLOOKUP($B52,#REF!,31,0) -> #REF! | AY52: =VLOOKUP($B52,#REF!,32,0) -> #REF! | AZ52: =VLOOKUP($B52,#REF!,33,0) -> #REF! | BB52: =SUM(AW52:AW52) -> #REF! | BC52: =+VLOOKUP($B52,GUM!C58:AD90,27,0) -> #REF! | BD52: =ROUNDUP((BC52-BB52)/$AE$3,) -> #REF!
B53: =+GUM!C59 -> 82115-0E460 L | C53: =GUM!D59 -> L 0001 | M53: =VLOOKUP($B53,#REF!,12,0) -> #REF! | N53: =VLOOKUP($B53,#REF!,13,0) -> #REF! | O53: =VLOOKUP($B53,#REF!,14,0) -> #REF! | P53: =VLOOKUP($B53,#REF!,15,0) -> #REF! | Q53: =VLOOKUP($B53,#REF!,16,0) -> #REF! | R53: =SUM(M53:M53) -> #REF! | S53: =+VLOOKUP($B53,GUM!C59:AD91,15,0) -> #REF! | T53: =ROUNDUP((S53-R53)/$M$3,0) -> #REF! | V53: =VLOOKUP($B53,#REF!,17,0) -> #REF! | W53: =VLOOKUP($B53,#REF!,18,0) -> #REF! | X53: =VLOOKUP($B53,#REF!,19,0) -> #REF! | Y53: =VLOOKUP($B53,#REF!,20,0) -> #REF! | AA53: =SUM(V53:V53) -> #REF! | AB53: =+VLOOKUP($B53,GUM!C59:AC91,18,0) -> #REF! | AC53: =ROUNDUP((AB53-AA53)/$V$3,0) -> #REF! | AE53: =VLOOKUP($B53,#REF!,21,0) -> #REF! | AF53: =VLOOKUP($B53,#REF!,22,0) -> #REF! | AG53: =VLOOKUP($B53,#REF!,23,0) -> #REF! | AH53: =VLOOKUP($B53,#REF!,24,0) -> #REF! | AJ53: =SUM(AE53:AE53) -> #REF! | AK53: =+VLOOKUP($B53,GUM!C59:AD91,21,0) -> #REF! | AL53: =ROUNDUP((AK53-AJ53)/$AE$3,) -> #REF! | AN53: =VLOOKUP($B53,#REF!,25,0) -> #REF! | AO53: =VLOOKUP($B53,#REF!,26,0) -> #REF! | AP53: =VLOOKUP($B53,#REF!,27,0) -> #REF! | AQ53: =VLOOKUP($B53,#REF!,28,0) -> #REF! | AR53: =VLOOKUP($B53,#REF!,29,0) -> #REF! | AS53: =SUM(AN53:AN53) -> #REF! | AT53: =+VLOOKUP($B53,GUM!C59:AD91,24,0) -> #REF! | AU53: =ROUNDUP((AT53-AS53)/$AE$3,) -> #REF! | AW53: =VLOOKUP($B53,#REF!,30,0) -> #REF! | AX53: =VLOOKUP($B53,#REF!,31,0) -> #REF! | AY53: =VLOOKUP($B53,#REF!,32,0) -> #REF! | AZ53: =VLOOKUP($B53,#REF!,33,0) -> #REF! | BB53: =SUM(AW53:AW53) -> #REF! | BC53: =+VLOOKUP($B53,GUM!C59:AD91,27,0) -> #REF! | BD53: =ROUNDUP((BC53-BB53)/$AE$3,) -> #REF!
B54: =+GUM!C60 -> 82115-0EA00 L | C54: =GUM!D60 -> L 0001 | M54: =VLOOKUP($B54,#REF!,12,0) -> #REF! | N54: =VLOOKUP($B54,#REF!,13,0) -> #REF! | O54: =VLOOKUP($B54,#REF!,14,0) -> #REF! | P54: =VLOOKUP($B54,#REF!,15,0) -> #REF! | Q54: =VLOOKUP($B54,#REF!,16,0) -> #REF! | R54: =SUM(M54:M54) -> #REF! | S54: =+VLOOKUP($B54,GUM!C60:AD92,15,0) -> #REF! | T54: =ROUNDUP((S54-R54)/$M$3,0) -> #REF! | V54: =VLOOKUP($B54,#REF!,17,0) -> #REF! | W54: =VLOOKUP($B54,#REF!,18,0) -> #REF! | X54: =VLOOKUP($B54,#REF!,19,0) -> #REF! | Y54: =VLOOKUP($B54,#REF!,20,0) -> #REF! | AA54: =SUM(V54:V54) -> #REF! | AB54: =+VLOOKUP($B54,GUM!C60:AC92,18,0) -> #REF! | AC54: =ROUNDUP((AB54-AA54)/$V$3,0) -> #REF! | AE54: =VLOOKUP($B54,#REF!,21,0) -> #REF! | AF54: =VLOOKUP($B54,#REF!,22,0) -> #REF! | AG54: =VLOOKUP($B54,#REF!,23,0) -> #REF! | AH54: =VLOOKUP($B54,#REF!,24,0) -> #REF! | AJ54: =SUM(AE54:AE54) -> #REF! | AK54: =+VLOOKUP($B54,GUM!C60:AD92,21,0) -> #REF! | AL54: =ROUNDUP((AK54-AJ54)/$AE$3,) -> #REF! | AN54: =VLOOKUP($B54,#REF!,25,0) -> #REF! | AO54: =VLOOKUP($B54,#REF!,26,0) -> #REF! | AP54: =VLOOKUP($B54,#REF!,27,0) -> #REF! | AQ54: =VLOOKUP($B54,#REF!,28,0) -> #REF! | AR54: =VLOOKUP($B54,#REF!,29,0) -> #REF! | AS54: =SUM(AN54:AN54) -> #REF! | AT54: =+VLOOKUP($B54,GUM!C60:AD92,24,0) -> #REF! | AU54: =ROUNDUP((AT54-AS54)/$AE$3,) -> #REF! | AW54: =VLOOKUP($B54,#REF!,30,0) -> #REF! | AX54: =VLOOKUP($B54,#REF!,31,0) -> #REF! | AY54: =VLOOKUP($B54,#REF!,32,0) -> #REF! | AZ54: =VLOOKUP($B54,#REF!,33,0) -> #REF! | BB54: =SUM(AW54:AW54) -> #REF! | BC54: =+VLOOKUP($B54,GUM!C60:AD92,27,0) -> #REF! | BD54: =ROUNDUP((BC54-BB54)/$AE$3,) -> #REF!
B55: =+GUM!C61 -> 82115-0E440 M | C55: =GUM!D61 -> M 0001 | M55: =VLOOKUP($B55,#REF!,12,0) -> #REF! | N55: =VLOOKUP($B55,#REF!,13,0) -> #REF! | O55: =VLOOKUP($B55,#REF!,14,0) -> #REF! | P55: =VLOOKUP($B55,#REF!,15,0) -> #REF! | Q55: =VLOOKUP($B55,#REF!,16,0) -> #REF! | R55: =SUM(M55:M55) -> #REF! | S55: =+VLOOKUP($B55,GUM!C61:AD93,15,0) -> #REF! | T55: =ROUNDUP((S55-R55)/$M$3,0) -> #REF! | V55: =VLOOKUP($B55,#REF!,17,0) -> #REF! | W55: =VLOOKUP($B55,#REF!,18,0) -> #REF! | X55: =VLOOKUP($B55,#REF!,19,0) -> #REF! | Y55: =VLOOKUP($B55,#REF!,20,0) -> #REF! | AA55: =SUM(V55:V55) -> #REF! | AB55: =+VLOOKUP($B55,GUM!C61:AC93,18,0) -> #REF! | AC55: =ROUNDUP((AB55-AA55)/$V$3,0) -> #REF! | AE55: =VLOOKUP($B55,#REF!,21,0) -> #REF! | AF55: =VLOOKUP($B55,#REF!,22,0) -> #REF! | AG55: =VLOOKUP($B55,#REF!,23,0) -> #REF! | AH55: =VLOOKUP($B55,#REF!,24,0) -> #REF! | AJ55: =SUM(AE55:AE55) -> #REF! | AK55: =+VLOOKUP($B55,GUM!C61:AD93,21,0) -> #REF! | AL55: =ROUNDUP((AK55-AJ55)/$AE$3,) -> #REF! | AN55: =VLOOKUP($B55,#REF!,25,0) -> #REF! | AO55: =VLOOKUP($B55,#REF!,26,0) -> #REF! | AP55: =VLOOKUP($B55,#REF!,27,0) -> #REF! | AQ55: =VLOOKUP($B55,#REF!,28,0) -> #REF! | AR55: =VLOOKUP($B55,#REF!,29,0) -> #REF! | AS55: =SUM(AN55:AN55) -> #REF! | AT55: =+VLOOKUP($B55,GUM!C61:AD93,24,0) -> #REF! | AU55: =ROUNDUP((AT55-AS55)/$AE$3,) -> #REF! | AW55: =VLOOKUP($B55,#REF!,30,0) -> #REF! | AX55: =VLOOKUP($B55,#REF!,31,0) -> #REF! | AY55: =VLOOKUP($B55,#REF!,32,0) -> #REF! | AZ55: =VLOOKUP($B55,#REF!,33,0) -> #REF! | BB55: =SUM(AW55:AW55) -> #REF! | BC55: =+VLOOKUP($B55,GUM!C61:AD93,27,0) -> #REF! | BD55: =ROUNDUP((BC55-BB55)/$AE$3,) -> #REF!
B56: =+GUM!C62 -> 82115-0E450 M | C56: =GUM!D62 -> M 0001 | M56: =VLOOKUP($B56,#REF!,12,0) -> #REF! | N56: =VLOOKUP($B56,#REF!,13,0) -> #REF! | O56: =VLOOKUP($B56,#REF!,14,0) -> #REF! | P56: =VLOOKUP($B56,#REF!,15,0) -> #REF! | Q56: =VLOOKUP($B56,#REF!,16,0) -> #REF! | R56: =SUM(M56:M56) -> #REF! | S56: =+VLOOKUP($B56,GUM!C62:AD94,15,0) -> #REF! | T56: =ROUNDUP((S56-R56)/$M$3,0) -> #REF! | V56: =VLOOKUP($B56,#REF!,17,0) -> #REF! | W56: =VLOOKUP($B56,#REF!,18,0) -> #REF! | X56: =VLOOKUP($B56,#REF!,19,0) -> #REF! | Y56: =VLOOKUP($B56,#REF!,20,0) -> #REF! | AA56: =SUM(V56:V56) -> #REF! | AB56: =+VLOOKUP($B56,GUM!C62:AC94,18,0) -> #REF! | AC56: =ROUNDUP((AB56-AA56)/$V$3,0) -> #REF! | AE56: =VLOOKUP($B56,#REF!,21,0) -> #REF! | AF56: =VLOOKUP($B56,#REF!,22,0) -> #REF! | AG56: =VLOOKUP($B56,#REF!,23,0) -> #REF! | AH56: =VLOOKUP($B56,#REF!,24,0) -> #REF! | AJ56: =SUM(AE56:AE56) -> #REF! | AK56: =+VLOOKUP($B56,GUM!C62:AD94,21,0) -> #REF! | AL56: =ROUNDUP((AK56-AJ56)/$AE$3,) -> #REF! | AN56: =VLOOKUP($B56,#REF!,25,0) -> #REF! | AO56: =VLOOKUP($B56,#REF!,26,0) -> #REF! | AP56: =VLOOKUP($B56,#REF!,27,0) -> #REF! | AQ56: =VLOOKUP($B56,#REF!,28,0) -> #REF! | AR56: =VLOOKUP($B56,#REF!,29,0) -> #REF! | AS56: =SUM(AN56:AN56) -> #REF! | AT56: =+VLOOKUP($B56,GUM!C62:AD94,24,0) -> #REF! | AU56: =ROUNDUP((AT56-AS56)/$AE$3,) -> #REF! | AW56: =VLOOKUP($B56,#REF!,30,0) -> #REF! | AX56: =VLOOKUP($B56,#REF!,31,0) -> #REF! | AY56: =VLOOKUP($B56,#REF!,32,0) -> #REF! | AZ56: =VLOOKUP($B56,#REF!,33,0) -> #REF! | BB56: =SUM(AW56:AW56) -> #REF! | BC56: =+VLOOKUP($B56,GUM!C62:AD94,27,0) -> #REF! | BD56: =ROUNDUP((BC56-BB56)/$AE$3,) -> #REF!
B57: =+GUM!C63 -> 82115-0E460 M | C57: =GUM!D63 -> M 0001 | M57: =VLOOKUP($B57,#REF!,12,0) -> #REF! | N57: =VLOOKUP($B57,#REF!,13,0) -> #REF! | O57: =VLOOKUP($B57,#REF!,14,0) -> #REF! | P57: =VLOOKUP($B57,#REF!,15,0) -> #REF! | Q57: =VLOOKUP($B57,#REF!,16,0) -> #REF! | R57: =SUM(M57:M57) -> #REF! | S57: =+VLOOKUP($B57,GUM!C63:AD95,15,0) -> #REF! | T57: =ROUNDUP((S57-R57)/$M$3,0) -> #REF! | V57: =VLOOKUP($B57,#REF!,17,0) -> #REF! | W57: =VLOOKUP($B57,#REF!,18,0) -> #REF! | X57: =VLOOKUP($B57,#REF!,19,0) -> #REF! | Y57: =VLOOKUP($B57,#REF!,20,0) -> #REF! | AA57: =SUM(V57:V57) -> #REF! | AB57: =+VLOOKUP($B57,GUM!C63:AC95,18,0) -> #REF! | AC57: =ROUNDUP((AB57-AA57)/$V$3,0) -> #REF! | AE57: =VLOOKUP($B57,#REF!,21,0) -> #REF! | AF57: =VLOOKUP($B57,#REF!,22,0) -> #REF! | AG57: =VLOOKUP($B57,#REF!,23,0) -> #REF! | AH57: =VLOOKUP($B57,#REF!,24,0) -> #REF! | AJ57: =SUM(AE57:AE57) -> #REF! | AK57: =+VLOOKUP($B57,GUM!C63:AD95,21,0) -> #REF! | AL57: =ROUNDUP((AK57-AJ57)/$AE$3,) -> #REF! | AN57: =VLOOKUP($B57,#REF!,25,0) -> #REF! | AO57: =VLOOKUP($B57,#REF!,26,0) -> #REF! | AP57: =VLOOKUP($B57,#REF!,27,0) -> #REF! | AQ57: =VLOOKUP($B57,#REF!,28,0) -> #REF! | AR57: =VLOOKUP($B57,#REF!,29,0) -> #REF! | AS57: =SUM(AN57:AN57) -> #REF! | AT57: =+VLOOKUP($B57,GUM!C63:AD95,24,0) -> #REF! | AU57: =ROUNDUP((AT57-AS57)/$AE$3,) -> #REF! | AW57: =VLOOKUP($B57,#REF!,30,0) -> #REF! | AX57: =VLOOKUP($B57,#REF!,31,0) -> #REF! | AY57: =VLOOKUP($B57,#REF!,32,0) -> #REF! | AZ57: =VLOOKUP($B57,#REF!,33,0) -> #REF! | BB57: =SUM(AW57:AW57) -> #REF! | BC57: =+VLOOKUP($B57,GUM!C63:AD95,27,0) -> #REF! | BD57: =ROUNDUP((BC57-BB57)/$AE$3,) -> #REF!
B58: =+GUM!C64 -> 82115-0EA00 M | C58: =GUM!D64 -> M 0001 | M58: =VLOOKUP($B58,#REF!,12,0) -> #REF! | N58: =VLOOKUP($B58,#REF!,13,0) -> #REF! | O58: =VLOOKUP($B58,#REF!,14,0) -> #REF! | P58: =VLOOKUP($B58,#REF!,15,0) -> #REF! | Q58: =VLOOKUP($B58,#REF!,16,0) -> #REF! | R58: =SUM(M58:M58) -> #REF! | S58: =+VLOOKUP($B58,GUM!C64:AD96,15,0) -> #REF! | T58: =ROUNDUP((S58-R58)/$M$3,0) -> #REF! | V58: =VLOOKUP($B58,#REF!,17,0) -> #REF! | W58: =VLOOKUP($B58,#REF!,18,0) -> #REF! | X58: =VLOOKUP($B58,#REF!,19,0) -> #REF! | Y58: =VLOOKUP($B58,#REF!,20,0) -> #REF! | AA58: =SUM(V58:V58) -> #REF! | AB58: =+VLOOKUP($B58,GUM!C64:AC96,18,0) -> #REF! | AC58: =ROUNDUP((AB58-AA58)/$V$3,0) -> #REF! | AE58: =VLOOKUP($B58,#REF!,21,0) -> #REF! | AF58: =VLOOKUP($B58,#REF!,22,0) -> #REF! | AG58: =VLOOKUP($B58,#REF!,23,0) -> #REF! | AH58: =VLOOKUP($B58,#REF!,24,0) -> #REF! | AJ58: =SUM(AE58:AE58) -> #REF! | AK58: =+VLOOKUP($B58,GUM!C64:AD96,21,0) -> #REF! | AL58: =ROUNDUP((AK58-AJ58)/$AE$3,) -> #REF! | AN58: =VLOOKUP($B58,#REF!,25,0) -> #REF! | AO58: =VLOOKUP($B58,#REF!,26,0) -> #REF! | AP58: =VLOOKUP($B58,#REF!,27,0) -> #REF! | AQ58: =VLOOKUP($B58,#REF!,28,0) -> #REF! | AR58: =VLOOKUP($B58,#REF!,29,0) -> #REF! | AS58: =SUM(AN58:AN58) -> #REF! | AT58: =+VLOOKUP($B58,GUM!C64:AD96,24,0) -> #REF! | AU58: =ROUNDUP((AT58-AS58)/$AE$3,) -> #REF! | AW58: =VLOOKUP($B58,#REF!,30,0) -> #REF! | AX58: =VLOOKUP($B58,#REF!,31,0) -> #REF! | AY58: =VLOOKUP($B58,#REF!,32,0) -> #REF! | AZ58: =VLOOKUP($B58,#REF!,33,0) -> #REF! | BB58: =SUM(AW58:AW58) -> #REF! | BC58: =+VLOOKUP($B58,GUM!C64:AD96,27,0) -> #REF! | BD58: =ROUNDUP((BC58-BB58)/$AE$3,) -> #REF!
A59: LHD GAS | B59: =+GUM!C65 -> 82115-0E501 | C59: =GUM!D65 -> A 0401 | M59: =VLOOKUP($B59,#REF!,12,0) -> #REF! | N59: =VLOOKUP($B59,#REF!,13,0) -> #REF! | O59: =VLOOKUP($B59,#REF!,14,0) -> #REF! | P59: =VLOOKUP($B59,#REF!,15,0) -> #REF! | Q59: =VLOOKUP($B59,#REF!,16,0) -> #REF! | R59: =SUM(M59:M59) -> #REF! | S59: =+VLOOKUP($B59,GUM!C65:AD97,15,0) -> #REF! | T59: =ROUNDUP((S59-R59)/$M$3,0) -> #REF! | V59: =VLOOKUP($B59,#REF!,17,0) -> #REF! | W59: =VLOOKUP($B59,#REF!,18,0) -> #REF! | X59: =VLOOKUP($B59,#REF!,19,0) -> #REF! | Y59: =VLOOKUP($B59,#REF!,20,0) -> #REF! | AA59: =SUM(V59:V59) -> #REF! | AB59: =+VLOOKUP($B59,GUM!C65:AC97,18,0) -> #REF! | AC59: =ROUNDUP((AB59-AA59)/$V$3,0) -> #REF! | AE59: =VLOOKUP($B59,#REF!,21,0) -> #REF! | AF59: =VLOOKUP($B59,#REF!,22,0) -> #REF! | AG59: =VLOOKUP($B59,#REF!,23,0) -> #REF! | AH59: =VLOOKUP($B59,#REF!,24,0) -> #REF! | AJ59: =SUM(AE59:AE59) -> #REF! | AK59: =+VLOOKUP($B59,GUM!C65:AD97,21,0) -> #REF! | AL59: =ROUNDUP((AK59-AJ59)/$AE$3,) -> #REF! | AN59: =VLOOKUP($B59,#REF!,25,0) -> #REF! | AO59: =VLOOKUP($B59,#REF!,26,0) -> #REF! | AP59: =VLOOKUP($B59,#REF!,27,0) -> #REF! | AQ59: =VLOOKUP($B59,#REF!,28,0) -> #REF! | AR59: =VLOOKUP($B59,#REF!,29,0) -> #REF! | AS59: =SUM(AN59:AN59) -> #REF! | AT59: =+VLOOKUP($B59,GUM!C65:AD97,24,0) -> #REF! | AU59: =ROUNDUP((AT59-AS59)/$AE$3,) -> #REF! | AW59: =VLOOKUP($B59,#REF!,30,0) -> #REF! | AX59: =VLOOKUP($B59,#REF!,31,0) -> #REF! | AY59: =VLOOKUP($B59,#REF!,32,0) -> #REF! | AZ59: =VLOOKUP($B59,#REF!,33,0) -> #REF! | BB59: =SUM(AW59:AW59) -> #REF! | BC59: =+VLOOKUP($B59,GUM!C65:AD97,27,0) -> #REF! | BD59: =ROUNDUP((BC59-BB59)/$AE$3,) -> #REF!
B60: =+GUM!C66 -> 82115-0E511 | C60: =GUM!D66 -> A 0401 | M60: 0 | N60: 0 | O60: 0 | P60: 0 | R60: =SUM(M60:M60) -> 0 | S60: =+VLOOKUP($B60,GUM!C66:AD98,15,0) | T60: =ROUNDUP((S60-R60)/$M$3,0) -> 0 | V60: 0 | W60: 0 | X60: 0 | Y60: 0 | AA60: =SUM(V60:V60) -> 0 | AB60: =+VLOOKUP($B60,GUM!C66:AC98,18,0) | AC60: =ROUNDUP((AB60-AA60)/$V$3,0) -> 0 | AE60: 0 | AF60: 0 | AG60: 0 | AH60: 0 | AJ60: =SUM(AE60:AE60) -> 0 | AK60: =+VLOOKUP($B60,GUM!C66:AD98,21,0) | AL60: =ROUNDUP((AK60-AJ60)/$AE$3,) -> #VALUE! | AN60: 0 | AO60: 0 | AP60: 0 | AQ60: 0 | AS60: =SUM(AN60:AN60) -> 0 | AT60: =+VLOOKUP($B60,GUM!C66:AD98,24,0) | AU60: =ROUNDUP((AT60-AS60)/$AE$3,) -> #VALUE! | AW60: 0 | AX60: 0 | AY60: 0 | AZ60: 0 | BB60: =SUM(AW60:AW60) -> 0 | BC60: =+VLOOKUP($B60,GUM!C66:AD98,27,0) | BD60: =ROUNDUP((BC60-BB60)/$AE$3,) -> #VALUE!
B61: =+GUM!C67 -> 82115-0E521 | C61: =GUM!D67 -> A 0401 | M61: 0 | N61: 0 | O61: 0 | P61: 0 | R61: =SUM(M61:M61) -> 0 | S61: =+VLOOKUP($B61,GUM!C67:AD99,15,0) | T61: =ROUNDUP((S61-R61)/$M$3,0) -> 0 | V61: 0 | W61: 0 | X61: 0 | Y61: 0 | AA61: =SUM(V61:V61) -> 0 | AB61: =+VLOOKUP($B61,GUM!C67:AC99,18,0) | AC61: =ROUNDUP((AB61-AA61)/$V$3,0) -> 0 | AE61: 0 | AF61: 0 | AG61: 0 | AH61: 0 | AJ61: =SUM(AE61:AE61) -> 0 | AK61: =+VLOOKUP($B61,GUM!C67:AD99,21,0) | AL61: =ROUNDUP((AK61-AJ61)/$AE$3,) -> #VALUE! | AN61: 0 | AO61: 0 | AP61: 0 | AQ61: 0 | AS61: =SUM(AN61:AN61) -> 0 | AT61: =+VLOOKUP($B61,GUM!C67:AD99,24,0) | AU61: =ROUNDUP((AT61-AS61)/$AE$3,) -> #VALUE! | AW61: 0 | AX61: 0 | AY61: 0 | AZ61: 0 | BB61: =SUM(AW61:AW61) -> 0 | BC61: =+VLOOKUP($B61,GUM!C67:AD99,27,0) | BD61: =ROUNDUP((BC61-BB61)/$AE$3,) -> #VALUE!
B62: =+GUM!C68 -> 82115-0E531 | C62: =GUM!D68 -> A 0501 | M62: 0 | N62: 0 | O62: 0 | P62: 0 | R62: =SUM(M62:M62) -> 0 | S62: =+VLOOKUP($B62,GUM!C68:AD100,15,0) | T62: =ROUNDUP((S62-R62)/$M$3,0) -> 0 | V62: 0 | W62: 0 | X62: 0 | Y62: 0 | AA62: =SUM(V62:V62) -> 0 | AB62: =+VLOOKUP($B62,GUM!C68:AC100,18,0) | AC62: =ROUNDUP((AB62-AA62)/$V$3,0) -> 0 | AE62: 0 | AF62: 0 | AG62: 0 | AH62: 0 | AJ62: =SUM(AE62:AE62) -> 0 | AK62: =+VLOOKUP($B62,GUM!C68:AD100,21,0) | AL62: =ROUNDUP((AK62-AJ62)/$AE$3,) -> #VALUE! | AN62: 0 | AO62: 0 | AP62: 0 | AQ62: 0 | AS62: =SUM(AN62:AN62) -> 0 | AT62: =+VLOOKUP($B62,GUM!C68:AD100,24,0) | AU62: =ROUNDUP((AT62-AS62)/$AE$3,) -> #VALUE! | AW62: 0 | AX62: 0 | AY62: 0 | AZ62: 0 | BB62: =SUM(AW62:AW62) -> 0 | BC62: =+VLOOKUP($B62,GUM!C68:AD100,27,0) | BD62: =ROUNDUP((BC62-BB62)/$AE$3,) -> #VALUE!
B63: =+GUM!C69 -> 82115-0E541 | C63: =GUM!D69 -> A 0401 | M63: =VLOOKUP($B63,#REF!,12,0) -> #REF! | N63: =VLOOKUP($B63,#REF!,13,0) -> #REF! | O63: =VLOOKUP($B63,#REF!,14,0) -> #REF! | P63: =VLOOKUP($B63,#REF!,15,0) -> #REF! | Q63: =VLOOKUP($B63,#REF!,16,0) -> #REF! | R63: =SUM(M63:M63) -> #REF! | S63: =+VLOOKUP($B63,GUM!C69:AD101,15,0) -> #REF! | T63: =ROUNDUP((S63-R63)/$M$3,0) -> #REF! | V63: =VLOOKUP($B63,#REF!,17,0) -> #REF! | W63: =VLOOKUP($B63,#REF!,18,0) -> #REF! | X63: =VLOOKUP($B63,#REF!,19,0) -> #REF! | Y63: =VLOOKUP($B63,#REF!,20,0) -> #REF! | AA63: =SUM(V63:V63) -> #REF! | AB63: =+VLOOKUP($B63,GUM!C69:AC101,18,0) -> #REF! | AC63: =ROUNDUP((AB63-AA63)/$V$3,0) -> #REF! | AE63: =VLOOKUP($B63,#REF!,21,0) -> #REF! | AF63: =VLOOKUP($B63,#REF!,22,0) -> #REF! | AG63: =VLOOKUP($B63,#REF!,23,0) -> #REF! | AH63: =VLOOKUP($B63,#REF!,24,0) -> #REF! | AJ63: =SUM(AE63:AE63) -> #REF! | AK63: =+VLOOKUP($B63,GUM!C69:AD101,21,0) -> #REF! | AL63: =ROUNDUP((AK63-AJ63)/$AE$3,) -> #REF! | AN63: =VLOOKUP($B63,#REF!,25,0) -> #REF! | AO63: =VLOOKUP($B63,#REF!,26,0) -> #REF! | AP63: =VLOOKUP($B63,#REF!,27,0) -> #REF! | AQ63: =VLOOKUP($B63,#REF!,28,0) -> #REF! | AR63: =VLOOKUP($B63,#REF!,29,0) -> #REF! | AS63: =SUM(AN63:AN63) -> #REF! | AT63: =+VLOOKUP($B63,GUM!C69:AD101,24,0) -> #REF! | AU63: =ROUNDUP((AT63-AS63)/$AE$3,) -> #REF! | AW63: =VLOOKUP($B63,#REF!,30,0) -> #REF! | AX63: =VLOOKUP($B63,#REF!,31,0) -> #REF! | AY63: =VLOOKUP($B63,#REF!,32,0) -> #REF! | AZ63: =VLOOKUP($B63,#REF!,33,0) -> #REF! | BB63: =SUM(AW63:AW63) -> #REF! | BC63: =+VLOOKUP($B63,GUM!C69:AD101,27,0) -> #REF! | BD63: =ROUNDUP((BC63-BB63)/$AE$3,) -> #REF!
B64: =+GUM!C70 -> 82115-0E551 | C64: =GUM!D70 -> A 0401 | M64: =VLOOKUP($B64,#REF!,12,0) -> #REF! | N64: =VLOOKUP($B64,#REF!,13,0) -> #REF! | O64: =VLOOKUP($B64,#REF!,14,0) -> #REF! | P64: =VLOOKUP($B64,#REF!,15,0) -> #REF! | Q64: =VLOOKUP($B64,#REF!,16,0) -> #REF! | R64: =SUM(M64:M64) -> #REF! | S64: =+VLOOKUP($B64,GUM!C70:AD102,15,0) -> #REF! | T64: =ROUNDUP((S64-R64)/$M$3,0) -> #REF! | V64: =VLOOKUP($B64,#REF!,17,0) -> #REF! | W64: =VLOOKUP($B64,#REF!,18,0) -> #REF! | X64: =VLOOKUP($B64,#REF!,19,0) -> #REF! | Y64: =VLOOKUP($B64,#REF!,20,0) -> #REF! | AA64: =SUM(V64:V64) -> #REF! | AB64: =+VLOOKUP($B64,GUM!C70:AC102,18,0) -> #REF! | AC64: =ROUNDUP((AB64-AA64)/$V$3,0) -> #REF! | AE64: =VLOOKUP($B64,#REF!,21,0) -> #REF! | AF64: =VLOOKUP($B64,#REF!,22,0) -> #REF! | AG64: =VLOOKUP($B64,#REF!,23,0) -> #REF! | AH64: =VLOOKUP($B64,#REF!,24,0) -> #REF! | AJ64: =SUM(AE64:AE64) -> #REF! | AK64: =+VLOOKUP($B64,GUM!C70:AD102,21,0) -> #REF! | AL64: =ROUNDUP((AK64-AJ64)/$AE$3,) -> #REF! | AN64: =VLOOKUP($B64,#REF!,25,0) -> #REF! | AO64: =VLOOKUP($B64,#REF!,26,0) -> #REF! | AP64: =VLOOKUP($B64,#REF!,27,0) -> #REF! | AQ64: =VLOOKUP($B64,#REF!,28,0) -> #REF! | AR64: =VLOOKUP($B64,#REF!,29,0) -> #REF! | AS64: =SUM(AN64:AN64) -> #REF! | AT64: =+VLOOKUP($B64,GUM!C70:AD102,24,0) -> #REF! | AU64: =ROUNDUP((AT64-AS64)/$AE$3,) -> #REF! | AW64: =VLOOKUP($B64,#REF!,30,0) -> #REF! | AX64: =VLOOKUP($B64,#REF!,31,0) -> #REF! | AY64: =VLOOKUP($B64,#REF!,32,0) -> #REF! | AZ64: =VLOOKUP($B64,#REF!,33,0) -> #REF! | BB64: =SUM(AW64:AW64) -> #REF! | BC64: =+VLOOKUP($B64,GUM!C70:AD102,27,0) -> #REF! | BD64: =ROUNDUP((BC64-BB64)/$AE$3,) -> #REF!
B65: =+GUM!C71 -> 82115-0E561 | C65: =GUM!D71 -> A 0501 | M65: 0 | N65: 0 | O65: 0 | P65: 0 | R65: =SUM(M65:M65) -> 0 | S65: =+VLOOKUP($B65,GUM!C71:AD103,15,0) | T65: =ROUNDUP((S65-R65)/$M$3,0) -> 0 | V65: 0 | W65: 0 | X65: 0 | Y65: 0 | AA65: =SUM(V65:V65) -> 0 | AB65: =+VLOOKUP($B65,GUM!C71:AC103,18,0) | AC65: =ROUNDUP((AB65-AA65)/$V$3,0) -> 0 | AE65: 0 | AF65: 0 | AG65: 0 | AH65: 0 | AJ65: =SUM(AE65:AE65) -> 0 | AK65: =+VLOOKUP($B65,GUM!C71:AD103,21,0) | AL65: =ROUNDUP((AK65-AJ65)/$AE$3,) -> #VALUE! | AN65: 0 | AO65: 0 | AP65: 0 | AQ65: 0 | AS65: =SUM(AN65:AN65) -> 0 | AT65: =+VLOOKUP($B65,GUM!C71:AD103,24,0) | AU65: =ROUNDUP((AT65-AS65)/$AE$3,) -> #VALUE! | AW65: 0 | AX65: 0 | AY65: 0 | AZ65: 0 | BB65: =SUM(AW65:AW65) -> 0 | BC65: =+VLOOKUP($B65,GUM!C71:AD103,27,0) | BD65: =ROUNDUP((BC65-BB65)/$AE$3,) -> #VALUE!
B66: =+GUM!C72 -> 82115-0EA21 | C66: =GUM!D72 -> A 0501 | M66: =VLOOKUP($B66,#REF!,12,0) -> #REF! | N66: =VLOOKUP($B66,#REF!,13,0) -> #REF! | O66: =VLOOKUP($B66,#REF!,14,0) -> #REF! | P66: =VLOOKUP($B66,#REF!,15,0) -> #REF! | Q66: =VLOOKUP($B66,#REF!,16,0) -> #REF! | R66: =SUM(M66:M66) -> #REF! | S66: =+VLOOKUP($B66,GUM!C72:AD104,15,0) -> #REF! | T66: =ROUNDUP((S66-R66)/$M$3,0) -> #REF! | V66: =VLOOKUP($B66,#REF!,17,0) -> #REF! | W66: =VLOOKUP($B66,#REF!,18,0) -> #REF! | X66: =VLOOKUP($B66,#REF!,19,0) -> #REF! | Y66: =VLOOKUP($B66,#REF!,20,0) -> #REF! | AA66: =SUM(V66:V66) -> #REF! | AB66: =+VLOOKUP($B66,GUM!C72:AC104,18,0) -> #REF! | AC66: =ROUNDUP((AB66-AA66)/$V$3,0) -> #REF! | AE66: =VLOOKUP($B66,#REF!,21,0) -> #REF! | AF66: =VLOOKUP($B66,#REF!,22,0) -> #REF! | AG66: =VLOOKUP($B66,#REF!,23,0) -> #REF! | AH66: =VLOOKUP($B66,#REF!,24,0) -> #REF! | AJ66: =SUM(AE66:AE66) -> #REF! | AK66: =+VLOOKUP($B66,GUM!C72:AD104,21,0) -> #REF! | AL66: =ROUNDUP((AK66-AJ66)/$AE$3,) -> #REF! | AN66: =VLOOKUP($B66,#REF!,25,0) -> #REF! | AO66: =VLOOKUP($B66,#REF!,26,0) -> #REF! | AP66: =VLOOKUP($B66,#REF!,27,0) -> #REF! | AQ66: =VLOOKUP($B66,#REF!,28,0) -> #REF! | AR66: =VLOOKUP($B66,#REF!,29,0) -> #REF! | AS66: =SUM(AN66:AN66) -> #REF! | AT66: =+VLOOKUP($B66,GUM!C72:AD104,24,0) -> #REF! | AU66: =ROUNDUP((AT66-AS66)/$AE$3,) -> #REF! | AW66: =VLOOKUP($B66,#REF!,30,0) -> #REF! | AX66: =VLOOKUP($B66,#REF!,31,0) -> #REF! | AY66: =VLOOKUP($B66,#REF!,32,0) -> #REF! | AZ66: =VLOOKUP($B66,#REF!,33,0) -> #REF! | BB66: =SUM(AW66:AW66) -> #REF! | BC66: =+VLOOKUP($B66,GUM!C72:AD104,27,0) -> #REF! | BD66: =ROUNDUP((BC66-BB66)/$AE$3,) -> #REF!
B67: =+GUM!C73 -> 82115-0EA31 | C67: =GUM!D73 -> A 0501 | M67: =VLOOKUP($B67,#REF!,12,0) -> #REF! | N67: =VLOOKUP($B67,#REF!,13,0) -> #REF! | O67: =VLOOKUP($B67,#REF!,14,0) -> #REF! | P67: =VLOOKUP($B67,#REF!,15,0) -> #REF! | Q67: =VLOOKUP($B67,#REF!,16,0) -> #REF! | R67: =SUM(M67:M67) -> #REF! | S67: =+VLOOKUP($B67,GUM!C73:AD105,15,0) -> #REF! | T67: =ROUNDUP((S67-R67)/$M$3,0) -> #REF! | V67: =VLOOKUP($B67,#REF!,17,0) -> #REF! | W67: =VLOOKUP($B67,#REF!,18,0) -> #REF! | X67: =VLOOKUP($B67,#REF!,19,0) -> #REF! | Y67: =VLOOKUP($B67,#REF!,20,0) -> #REF! | AA67: =SUM(V67:V67) -> #REF! | AB67: =+VLOOKUP($B67,GUM!C73:AC105,18,0) -> #REF! | AC67: =ROUNDUP((AB67-AA67)/$V$3,0) -> #REF! | AE67: =VLOOKUP($B67,#REF!,21,0) -> #REF! | AF67: =VLOOKUP($B67,#REF!,22,0) -> #REF! | AG67: =VLOOKUP($B67,#REF!,23,0) -> #REF! | AH67: =VLOOKUP($B67,#REF!,24,0) -> #REF! | AJ67: =SUM(AE67:AE67) -> #REF! | AK67: =+VLOOKUP($B67,GUM!C73:AD105,21,0) -> #REF! | AL67: =ROUNDUP((AK67-AJ67)/$AE$3,) -> #REF! | AN67: =VLOOKUP($B67,#REF!,25,0) -> #REF! | AO67: =VLOOKUP($B67,#REF!,26,0) -> #REF! | AP67: =VLOOKUP($B67,#REF!,27,0) -> #REF! | AQ67: =VLOOKUP($B67,#REF!,28,0) -> #REF! | AR67: =VLOOKUP($B67,#REF!,29,0) -> #REF! | AS67: =SUM(AN67:AN67) -> #REF! | AT67: =+VLOOKUP($B67,GUM!C73:AD105,24,0) -> #REF! | AU67: =ROUNDUP((AT67-AS67)/$AE$3,) -> #REF! | AW67: =VLOOKUP($B67,#REF!,30,0) -> #REF! | AX67: =VLOOKUP($B67,#REF!,31,0) -> #REF! | AY67: =VLOOKUP($B67,#REF!,32,0) -> #REF! | AZ67: =VLOOKUP($B67,#REF!,33,0) -> #REF! | BB67: =SUM(AW67:AW67) -> #REF! | BC67: =+VLOOKUP($B67,GUM!C73:AD105,27,0) -> #REF! | BD67: =ROUNDUP((BC67-BB67)/$AE$3,) -> #REF!
